2018-01-01,ZCH07F7F,ST12000NM0007,12000138625024,0,82,143893952,92,0,100,6,100,0,76,35753561,99,1118,100,0,100,6,,,,,100.0,0.0,100.0,38655295497.0,,,60.0,40.0,,,100.0,1.0,99.0,2136.0,40,40,100,0,100,0,200,6,100.0,322.0,100.0,3990647488.0,100.0,2745582700.0
2018-01-02,ZCH07F7F,ST12000NM0007,12000138625024,0,77,44855136,92,0,100,6,100,0,76,38458883,99,1142,100,0,100,6,,,,,100.0,0.0,100.0,38655295497.0,,,60.0,40.0,,,100.0,1.0,99.0,2137.0,40,40,100,0,100,0,200,6,100.0,345.0,100.0,4187719648.0,100.0,2937753044.0
2018-01-03,ZCH07F7F,ST12000NM0007,12000138625024,0,77,50644784,92,0,100,6,100,0,76,41702564,99,1166,100,0,100,6,,,,,100.0,0.0,100.0,38655295497.0,,,60.0,40.0,,,100.0,1.0,99.0,2138.0,40,40,100,0,100,0,200,6,100.0,370.0,100.0,4462947592.0,100.0,3156596196.0
2018-01-04,ZCH07F7F,ST12000NM0007,12000138625024,0,79,82125632,92,0,100,6,100,0,76,43468396,99,1180,100,0,100,6,,,,,100.0,0.0,100.0,38655295497.0,,,59.0,41.0,,,100.0,1.0,99.0,2139.0,41,41,100,0,100,0,200,6,100.0,383.0,100.0,4610683920.0,100.0,3284481540.0
2018-01-05,ZCH07F7F,ST12000NM0007,12000138625024,0,80.0,99004832.0,92.0,0.0,100.0,6.0,100.0,0.0,77.0,46691247.0,99.0,1204.0,100.0,0.0,100.0,6.0,,,,,100.0,0.0,100.0,38655295497.0,,,59.0,41.0,,,100.0,1.0,99.0,2140.0,41.0,41.0,100.0,0.0,100.0,0.0,200.0,6.0,100.0,407.0,100.0,4869373192.0,100.0,3530953068.0
2018-01-06,ZCH07F7F,ST12000NM0007,12000138625024,0,81,125146304,92,0,100,6,100,0,77,49916129,99,1229,100,0,100,6,,,,,100.0,0.0,100.0,38655295497.0,,,59.0,41.0,,,100.0,1.0,99.0,2141.0,41,41,100,0,100,0,200,6,100.0,432.0,100.0,5142598392.0,100.0,3772150708.0
2018-01-07,ZCH07F7F,ST12000NM0007,12000138625024,0,75,29504296,92,0,100,6,100,0,77,52699915,99,1253,100,0,100,6,,,,,100.0,0.0,100.0,38655295497.0,,,59.0,41.0,,,100.0,1.0,99.0,2142.0,41,41,100,0,100,0,200,6,100.0,456.0,100.0,5346667432.0,100.0,3960721524.0
2018-01-08,ZCH07F7F,ST12000NM0007,12000138625024,0,82,172151136,92,0,100,6,100,0,77,55454784,99,1276,100,0,100,6,,,,,100.0,0.0,100.0,38655295497.0,,,59.0,41.0,,,100.0,1.0,99.0,2143.0,41,41,100,0,100,0,200,6,100.0,479.0,100.0,5535472160.0,100.0,4158704268.0
2018-01-09,ZCH07F7F,ST12000NM0007,12000138625024,0,82,149402128,92,0,100,6,100,0,78,58532328,99,1300,100,0,100,6,,,,,100.0,0.0,100.0,38655295497.0,,,59.0,41.0,,,100.0,1.0,99.0,2144.0,41,41,100,0,100,0,200,6,100.0,503.0,100.0,5784459592.0,100.0,4375249324.0
2018-01-10,ZCH07F7F,ST12000NM0007,12000138625024,0,81,115487344,92,0,100,6,100,0,78,61636161,99,1324,100,0,100,6,,,,,100.0,0.0,100.0,38655295497.0,,,59.0,41.0,,,100.0,1.0,99.0,2145.0,41,41,100,0,100,0,200,6,100.0,527.0,100.0,6033644248.0,100.0,4580431180.0
2018-01-11,ZCH07F7F,ST12000NM0007,12000138625024,0,80,109010024,92,0,100,6,100,0,78,66314430,99,1358,100,0,100,6,,,,,100.0,0.0,100.0,38655295497.0,,,59.0,41.0,,,100.0,1.0,99.0,2146.0,41,41,100,0,100,0,200,6,100.0,560.0,100.0,6430700192.0,100.0,4909320380.0
2018-01-12,ZCH07F7F,ST12000NM0007,12000138625024,0,82,149442720,92,0,100,6,100,0,78,69684171,99,1382,100,0,100,6,,,,,100.0,0.0,100.0,38655295497.0,,,59.0,41.0,,,100.0,1.0,99.0,2147.0,41,41,100,0,100,0,200,6,100.0,585.0,100.0,6715592248.0,100.0,5153142620.0
2018-01-13,ZCH07F7F,ST12000NM0007,12000138625024,0,83.0,199075216.0,92.0,0.0,100.0,6.0,100,0,79.0,73076845.0,99,1406,100.0,0.0,100,6,,,,,100.0,0.0,100.0,38655295497.0,,,58.0,42.0,,,100.0,1.0,99.0,2148.0,42.0,42.0,100.0,0.0,100.0,0.0,200,6,100.0,609.0,100.0,7011115152.0,100.0,5395533708.0
2018-01-14,ZCH07F7F,ST12000NM0007,12000138625024,0,84.0,226503072.0,92.0,0.0,100.0,6.0,100,0,79.0,76427461.0,99,1430,100.0,0.0,100,6,,,,,100.0,0.0,100.0,38655295497.0,,,58.0,42.0,,,100.0,1.0,99.0,2149.0,42.0,42.0,100.0,0.0,100.0,0.0,200,6,100.0,633.0,100.0,7302852736.0,100.0,5619505292.0
2018-01-15,ZCH07F7F,ST12000NM0007,12000138625024,0,74.0,25003592.0,92.0,0.0,100.0,6.0,100,0,79.0,79854858.0,99,1454,100.0,0.0,100,6,,,,,100.0,0.0,100.0,38655295497.0,,,57.0,43.0,,,100.0,1.0,99.0,2150.0,43.0,43.0,100.0,0.0,100.0,0.0,200,6,100.0,656.0,100.0,7597458656.0,100.0,5855822468.0
2018-01-16,ZCH07F7F,ST12000NM0007,12000138625024,0,78.0,70173864.0,92.0,0.0,100.0,6.0,100,0,79.0,83354494.0,99,1478,100.0,0.0,100,6,,,,,100.0,0.0,100.0,38655295497.0,,,58.0,42.0,,,100.0,1.0,99.0,2151.0,42.0,42.0,100.0,0.0,100.0,0.0,200,6,100.0,680.0,100.0,7858874784.0,100.0,6127858140.0
2018-01-17,ZCH07F7F,ST12000NM0007,12000138625024,0,79.0,75069320.0,92.0,0.0,100.0,6.0,100,0,79.0,86717777.0,99,1502,100.0,0.0,100,6,,,,,100.0,0.0,100.0,38655295497.0,,,65.0,35.0,,,100.0,1.0,99.0,2152.0,35.0,35.0,100.0,0.0,100.0,0.0,200,6,100.0,704.0,100.0,8123654848.0,100.0,6356255044.0
2018-01-18,ZCH07F7F,ST12000NM0007,12000138625024,0,80.0,101625544.0,92.0,0.0,100.0,6.0,100.0,0.0,79.0,88759481.0,99.0,1517.0,100.0,0.0,100.0,6.0,,,,,100.0,0.0,100.0,38655295497.0,,,65.0,35.0,,,100.0,1.0,99.0,2153.0,35.0,35.0,100.0,0.0,100.0,0.0,200.0,6.0,100.0,719.0,100.0,8264867824.0,100.0,6485738964.0
2018-01-19,ZCH07F7F,ST12000NM0007,12000138625024,0,80.0,90515936.0,92.0,0.0,100.0,6.0,100.0,0.0,80.0,90382522.0,99.0,1529.0,100.0,0.0,100.0,6.0,,,,,100.0,0.0,100.0,38655295497.0,,,66.0,34.0,,,100.0,1.0,99.0,2153.0,34.0,34.0,100.0,0.0,100.0,0.0,200.0,6.0,100.0,731.0,100.0,8387023304.0,100.0,6596614604.0
2018-01-20,ZCH07F7F,ST12000NM0007,12000138625024,0,75.0,30842048.0,92.0,0.0,100.0,6.0,100,0,80.0,95143478.0,99,1565,100.0,0.0,100,6,,,,,100.0,0.0,100.0,38655295497.0,,,63.0,37.0,,,100.0,1.0,99.0,2155.0,37.0,37.0,100.0,0.0,100.0,0.0,200,6,100.0,767.0,100.0,8748336184.0,100.0,6908050212.0
2018-01-21,ZCH07F7F,ST12000NM0007,12000138625024,0,84.0,238121144.0,92.0,0.0,100.0,6.0,100,0,80.0,98273286.0,99,1589,100.0,0.0,100,6,,,,,100.0,0.0,100.0,38655295497.0,,,64.0,36.0,,,100.0,1.0,99.0,2156.0,36.0,36.0,100.0,0.0,100.0,0.0,200,6,100.0,790.0,100.0,8981195592.0,100.0,7126610556.0
2018-01-22,ZCH07F7F,ST12000NM0007,12000138625024,0,83.0,181023328.0,92.0,0.0,100.0,6.0,100,0,80.0,101277763.0,99,1613,100.0,0.0,100,6,,,,,100.0,0.0,100.0,38655295497.0,,,64.0,36.0,,,100.0,1.0,99.0,2157.0,36.0,36.0,100.0,0.0,100.0,0.0,200,6,100.0,815.0,100.0,9182797440.0,100.0,7356192612.0
2018-01-23,ZCH07F7F,ST12000NM0007,12000138625024,0,81.0,124588384.0,92.0,0.0,100.0,6.0,100,0,80.0,104366085.0,99,1636,100.0,0.0,100,6,,,,,100.0,0.0,100.0,38655295497.0,,,59.0,41.0,,,100.0,1.0,99.0,2158.0,41.0,41.0,100.0,0.0,100.0,0.0,200,6,100.0,838.0,100.0,9395956096.0,100.0,7574880820.0
2018-01-24,ZCH07F7F,ST12000NM0007,12000138625024,0,83.0,215897448.0,92.0,0.0,100.0,6.0,100,0,80.0,108550782.0,99,1669,100.0,0.0,100,6,,,,,100.0,0.0,100.0,38655295497.0,,,59.0,41.0,,,100.0,1.0,99.0,2159.0,41.0,41.0,100.0,0.0,100.0,0.0,200,6,100.0,870.0,100.0,9653259832.0,100.0,7897167540.0
2018-01-25,ZCH07F7F,ST12000NM0007,12000138625024,0,73.0,21321200.0,92.0,0.0,100.0,6.0,100,0,80.0,110657305.0,99,1685,100.0,0.0,100,6,,,,,100.0,0.0,100.0,38655295497.0,,,58.0,42.0,,,100.0,1.0,99.0,2160.0,42.0,42.0,100.0,0.0,100.0,0.0,200,6,100.0,886.0,100.0,9804991856.0,100.0,8039140804.0
2018-01-26,ZCH07F7F,ST12000NM0007,12000138625024,0,84.0,238780792.0,92.0,0.0,100.0,6.0,100,0,81.0,113887545.0,99,1709,100.0,0.0,100,6,,,,,100.0,0.0,100.0,38655295497.0,,,58.0,42.0,,,100.0,1.0,99.0,2161.0,42.0,42.0,100.0,0.0,100.0,0.0,200,6,100.0,910.0,100.0,10036079880.0,100.0,8269653180.0
2018-01-27,ZCH07F7F,ST12000NM0007,12000138625024,0,83.0,223092648.0,92.0,0.0,100.0,6.0,100,0,81.0,117175927.0,99,1733,100.0,0.0,100,6,,,,,100.0,0.0,100.0,38655295497.0,,,59.0,41.0,,,100.0,1.0,99.0,2163.0,41.0,41.0,100.0,0.0,100.0,0.0,200,6,100.0,934.0,100.0,10274962056.0,100.0,8503364492.0
2018-01-28,ZCH07F7F,ST12000NM0007,12000138625024,0,83.0,193780304.0,92.0,0.0,100.0,6.0,100,0,81.0,120417470.0,98,1757,100.0,0.0,100,6,,,,,100.0,0.0,100.0,38655295497.0,,,58.0,42.0,,,100.0,1.0,99.0,2163.0,42.0,42.0,100.0,0.0,100.0,0.0,200,6,100.0,958.0,100.0,10496020080.0,100.0,8741276284.0
2018-01-29,ZCH07F7F,ST12000NM0007,12000138625024,0,81.0,120937200.0,92.0,0.0,100.0,6.0,100,0,81.0,123558922.0,98,1782,100.0,0.0,100,6,,,,,100.0,0.0,100.0,38655295497.0,,,57.0,43.0,,,100.0,1.0,99.0,2164.0,43.0,43.0,100.0,0.0,100.0,0.0,200,6,100.0,983.0,100.0,10707966120.0,100.0,8944768860.0
2018-01-30,ZCH07F7F,ST12000NM0007,12000138625024,0,83.0,208104136.0,92.0,0.0,100.0,6.0,100,0,81.0,127700352.0,98,1813,100.0,0.0,100,6,,,,,100.0,0.0,100.0,38655295497.0,,,58.0,42.0,,,100.0,1.0,99.0,2166.0,42.0,42.0,100.0,0.0,100.0,0.0,200,6,100.0,1013.0,100.0,10995123504.0,100.0,9233059852.0
2018-01-31,ZCH07F7F,ST12000NM0007,12000138625024,0,81.0,129080760.0,92.0,0.0,100.0,6.0,100.0,0.0,81.0,130774672.0,98.0,1838.0,100.0,0.0,100.0,6.0,,,,,100.0,0.0,100.0,38655295497.0,,,59.0,41.0,,,100.0,1.0,99.0,2167.0,41.0,41.0,100.0,0.0,100.0,0.0,200.0,6.0,100.0,1038.0,100.0,11169067560.0,100.0,9468373964.0
2018-02-01,ZCH07F7F,ST12000NM0007,12000138625024,0,81.0,128069216.0,92.0,0.0,100.0,6.0,100,0,81.0,134238264.0,98,1862,100.0,0.0,100,6,,,,,100.0,0.0,100.0,38655295497.0,,,58.0,42.0,,,100.0,1.0,99.0,2168.0,42.0,42.0,100.0,0.0,100.0,0.0,200,6,100.0,1062.0,100.0,11389471824.0,100.0,9735239732.0
2018-02-02,ZCH07F7F,ST12000NM0007,12000138625024,0,80.0,91210856.0,92.0,0.0,100.0,6.0,100,0,81.0,137524681.0,98,1886,100.0,0.0,100,6,,,,,100.0,0.0,100.0,38655295497.0,,,59.0,41.0,,,100.0,1.0,99.0,2169.0,41.0,41.0,100.0,0.0,100.0,0.0,200,6,100.0,1086.0,100.0,11631303288.0,100.0,9944831284.0
2018-02-03,ZCH07F7F,ST12000NM0007,12000138625024,0,80.0,92041152.0,92.0,0.0,100.0,6.0,100,0,81.0,140849465.0,98,1910,100.0,0.0,100,6,,,,,100.0,0.0,100.0,38655295497.0,,,58.0,42.0,,,100.0,1.0,99.0,2170.0,42.0,42.0,100.0,0.0,100.0,0.0,200,6,100.0,1110.0,100.0,11868467672.0,100.0,10196778916.0
2018-02-04,ZCH07F7F,ST12000NM0007,12000138625024,0,76.0,43945096.0,92.0,0.0,100.0,6.0,100,0,82.0,143731319.0,98,1930,100.0,0.0,100,6,,,,,100.0,0.0,100.0,38655295497.0,,,57.0,43.0,,,100.0,1.0,99.0,2171.0,43.0,43.0,100.0,0.0,100.0,0.0,200,6,100.0,1129.0,100.0,12098915608.0,100.0,10406516428.0
2018-02-05,ZCH07F7F,ST12000NM0007,12000138625024,0,80.0,95474744.0,92.0,0.0,100.0,6.0,100,0,82.0,147233296.0,98,1954,100.0,0.0,100,6,,,,,100.0,0.0,100.0,38655295497.0,,,57.0,43.0,,,100.0,1.0,99.0,2172.0,43.0,43.0,100.0,0.0,100.0,0.0,200,6,100.0,1154.0,100.0,12368069880.0,100.0,10677173228.0
2018-02-06,ZCH07F7F,ST12000NM0007,12000138625024,0,81.0,122264592.0,92.0,0.0,100.0,6.0,100,0,82.0,150635875.0,98,1978,100.0,0.0,100,6,,,,,100.0,0.0,100.0,38655295497.0,,,57.0,43.0,,,100.0,1.0,99.0,2173.0,43.0,43.0,100.0,0.0,100.0,0.0,200,6,100.0,1178.0,100.0,12620871528.0,100.0,10939442860.0
2018-02-07,ZCH07F7F,ST12000NM0007,12000138625024,0,82.0,159719184.0,92.0,0.0,100.0,6.0,100,0,82.0,154228408.0,98,2002,100.0,0.0,100,6,,,,,100.0,0.0,100.0,38655295497.0,,,57.0,43.0,,,100.0,1.0,99.0,2174.0,43.0,43.0,100.0,0.0,100.0,0.0,200,6,100.0,1201.0,100.0,12856381840.0,100.0,11229668564.0
2018-02-08,ZCH07F7F,ST12000NM0007,12000138625024,0,83.0,213184160.0,92.0,0.0,100.0,6.0,100,0,82.0,157911003.0,98,2028,100.0,0.0,100,6,,,,,100.0,0.0,100.0,38655295497.0,,,58.0,42.0,,,100.0,1.0,99.0,2175.0,42.0,42.0,100.0,0.0,100.0,0.0,200,6,100.0,1227.0,100.0,13107258216.0,100.0,11520539020.0
2018-02-09,ZCH07F7F,ST12000NM0007,12000138625024,0,74,24530632,92,0,100,6,100,0,82,161404577,98,2051,100,0,100,6,,,,,100.0,0.0,100.0,38655295497.0,,,56.0,44.0,,,100.0,1.0,99.0,2176.0,44,44,100,0,100,0,200,6,100.0,1250.0,100.0,13356621416.0,100.0,11814944700.0
2018-02-10,ZCH07F7F,ST12000NM0007,12000138625024,0,79.0,73268992.0,92.0,0.0,100.0,6.0,100.0,0.0,82.0,164974402.0,98.0,2075.0,100.0,0.0,100.0,6.0,,,,,100.0,0.0,100.0,38655295497.0,,,57.0,43.0,,,100.0,1.0,99.0,2177.0,43.0,43.0,100.0,0.0,100.0,0.0,200.0,6.0,100.0,1274.0,100.0,13618140464.0,100.0,12090445580.0
2018-02-11,ZCH07F7F,ST12000NM0007,12000138625024,0,81,139023032,92,0,100,6,100,0,82,168486148,98,2099,100,0,100,6,,,,,100.0,0.0,100.0,38655295497.0,,,56.0,44.0,,,100.0,1.0,99.0,2178.0,44,44,100,0,100,0,200,6,100.0,1298.0,100.0,13896517272.0,100.0,12366104364.0
2018-02-12,ZCH07F7F,ST12000NM0007,12000138625024,0,82,145657000,92,0,100,6,100,0,82,171748464,98,2122,100,0,100,6,,,,,100.0,0.0,100.0,38655295497.0,,,56.0,44.0,,,100.0,1.0,99.0,2179.0,44,44,100,0,100,0,200,6,100.0,1321.0,100.0,14151804400.0,100.0,12605732492.0
2018-02-13,ZCH07F7F,ST12000NM0007,12000138625024,0,83,211605376,92,0,100,6,100,0,82,175374877,98,2147,100,0,100,6,,,,,100.0,0.0,100.0,38655295497.0,,,58.0,42.0,,,100.0,1.0,99.0,2180.0,42,42,100,0,100,0,200,6,100.0,1346.0,100.0,14444518080.0,100.0,12867248564.0
2018-02-14,ZCH07F7F,ST12000NM0007,12000138625024,0,81,116622656,92,0,100,6,100,0,83,178320800,98,2170,100,0,100,6,,,,,100.0,0.0,100.0,38655295497.0,,,58.0,42.0,,,100.0,1.0,99.0,2181.0,42,42,100,0,100,0,200,6,100.0,1369.0,100.0,14644925976.0,100.0,13060139724.0
2018-02-15,ZCH07F7F,ST12000NM0007,12000138625024,0,82,152142512,92,0,100,6,100,0,83,181900736,98,2194,100,0,100,6,,,,,100.0,0.0,100.0,38655295497.0,,,58.0,42.0,,,100.0,1.0,99.0,2182.0,42,42,100,0,100,0,200,6,100.0,1393.0,100.0,14914335744.0,100.0,13314531452.0
2018-02-16,ZCH07F7F,ST12000NM0007,12000138625024,0,82,151237776,92,0,100,6,100,0,83,185310229,98,2219,100,0,100,6,,,,,100.0,0.0,100.0,38655295497.0,,,58.0,42.0,,,100.0,1.0,99.0,2183.0,42,42,100,0,100,0,200,6,100.0,1418.0,100.0,15088596304.0,100.0,13627647636.0
2018-02-17,ZCH07F7F,ST12000NM0007,12000138625024,0,81,139330312,92,0,100,6,100,0,83,188524104,98,2243,100,0,100,6,,,,,100.0,0.0,100.0,38655295497.0,,,59.0,41.0,,,100.0,1.0,99.0,2184.0,41,41,100,0,100,0,200,6,100.0,1441.0,100.0,15335726560.0,100.0,13856891356.0
2018-02-18,ZCH07F7F,ST12000NM0007,12000138625024,0,82,151300504,92,0,100,6,100,0,83,191915007,98,2267,100,0,100,6,,,,,100.0,0.0,100.0,38655295497.0,,,58.0,42.0,,,100.0,1.0,99.0,2185.0,42,42,100,0,100,0,200,6,100.0,1465.0,100.0,15578353560.0,100.0,14114515940.0
2018-02-19,ZCH07F7F,ST12000NM0007,12000138625024,0,83,203008480,92,0,100,6,100,0,83,195446319,98,2290,100,0,100,6,,,,,100.0,0.0,100.0,38655295497.0,,,58.0,42.0,,,100.0,1.0,99.0,2186.0,42,42,100,0,100,0,200,6,100.0,1489.0,100.0,15884155408.0,100.0,14348703580.0
2018-02-20,ZCH07F7F,ST12000NM0007,12000138625024,0,77,50180848,92,0,100,6,100,0,83,199310536,98,2315,100,0,100,6,,,,,100.0,0.0,100.0,38655295497.0,,,60.0,40.0,,,100.0,1.0,99.0,2187.0,40,40,100,0,100,0,200,6,100.0,1513.0,100.0,16189682544.0,100.0,14622771060.0
2018-02-21,ZCH07F7F,ST12000NM0007,12000138625024,0,76,41480104,92,0,100,6,100,0,83,202656735,98,2339,100,0,100,6,,,,,100.0,0.0,100.0,38655295497.0,,,59.0,41.0,,,100.0,1.0,99.0,2188.0,41,41,100,0,100,0,200,6,100.0,1538.0,100.0,16465198776.0,100.0,14826835724.0
2018-02-22,ZCH07F7F,ST12000NM0007,12000138625024,0,76,43279456,92,0,100,6,100,0,83,206060361,98,2363,100,0,100,6,,,,,100.0,0.0,100.0,38655295497.0,,,58.0,42.0,,,100.0,1.0,99.0,2189.0,42,42,100,0,100,0,200,6,100.0,1561.0,100.0,16697403024.0,100.0,15084712164.0
2018-02-23,ZCH07F7F,ST12000NM0007,12000138625024,0,77,51673152,92,0,100,6,100,0,83,209493770,98,2386,100,0,100,6,,,,,100.0,0.0,100.0,38655295497.0,,,58.0,42.0,,,100.0,1.0,99.0,2190.0,42,42,100,0,100,0,200,6,100.0,1584.0,100.0,16956360848.0,100.0,15322429476.0
2018-02-24,ZCH07F7F,ST12000NM0007,12000138625024,0,78,69641000,92,0,100,6,100,0,83,212985625,98,2410,100,0,100,6,,,,,100.0,0.0,100.0,38655295497.0,,,59.0,41.0,,,100.0,1.0,99.0,2191.0,41,41,100,0,100,0,200,6,100.0,1608.0,100.0,17188357064.0,100.0,15596682660.0
2018-02-25,ZCH07F7F,ST12000NM0007,12000138625024,0,80,105775792,92,0,100,6,100,0,83,216569919,98,2435,100,0,100,6,,,,,100.0,0.0,100.0,38655295497.0,,,59.0,41.0,,,100.0,1.0,99.0,2192.0,41,41,100,0,100,0,200,6,100.0,1632.0,100.0,17444155176.0,100.0,15865300796.0
2018-02-26,ZCH07F7F,ST12000NM0007,12000138625024,0,80,99091504,92,0,100,6,100,0,83,219862275,98,2458,100,0,100,6,,,,,100.0,0.0,100.0,38655295497.0,,,59.0,41.0,,,100.0,1.0,99.0,2193.0,41,41,100,0,100,0,200,6,100.0,1655.0,100.0,17693951296.0,100.0,16097101956.0
2018-02-27,ZCH07F7F,ST12000NM0007,12000138625024,0,82,153663440,92,0,100,6,100,0,83,223490303,98,2483,100,0,100,6,,,,,100.0,0.0,100.0,38655295497.0,,,62.0,38.0,,,100.0,1.0,99.0,2194.0,38,38,100,0,100,0,200,6,100.0,1681.0,100.0,17971473672.0,100.0,16362433132.0
2018-02-28,ZCH07F7F,ST12000NM0007,12000138625024,0,81,127098048,92,0,100,6,100,0,84,226788720,98,2507,100,0,100,6,,,,,100.0,0.0,100.0,38655295497.0,,,60.0,40.0,,,100.0,1.0,99.0,2195.0,40,40,100,0,100,0,200,6,100.0,1704.0,100.0,18199107752.0,100.0,16596514964.0
2018-03-01,ZCH07F7F,ST12000NM0007,12000138625024,0,81,126030592,92,0,100,6,100,0,84,230474551,98,2533,100,0,100,6,,,,,100.0,0.0,100.0,38655295497.0,,,60.0,40.0,,,100.0,1.0,99.0,2196.0,40,40,100,0,100,0,200,6,100.0,1731.0,100.0,18425628904.0,100.0,16857208020.0
2018-03-02,ZCH07F7F,ST12000NM0007,12000138625024,0,80,90362520,92,0,100,6,100,0,84,233861164,98,2556,100,0,100,6,,,,,100.0,0.0,100.0,38655295497.0,,,60.0,40.0,,,100.0,1.0,99.0,2197.0,40,40,100,0,100,0,200,6,100.0,1754.0,100.0,18595934112.0,100.0,17139516228.0
2018-03-03,ZCH07F7F,ST12000NM0007,12000138625024,0,75,31213392,92,0,100,6,100,0,84,237136476,98,2581,100,0,100,6,,,,,100.0,0.0,100.0,38655295497.0,,,61.0,39.0,,,100.0,1.0,99.0,2198.0,39,39,100,0,100,0,200,6,100.0,1778.0,100.0,18784910888.0,100.0,17379671852.0
2018-03-04,ZCH07F7F,ST12000NM0007,12000138625024,0,83,214759680,92,0,100,6,100,0,84,240422555,98,2605,100,0,100,6,,,,,100.0,0.0,100.0,38655295497.0,,,61.0,39.0,,,100.0,1.0,99.0,2199.0,39,39,100,0,100,0,200,6,100.0,1802.0,100.0,18960123856.0,100.0,17632145964.0
2018-03-05,ZCH07F7F,ST12000NM0007,12000138625024,0,82,172599240,92,0,100,6,100,0,84,243825813,97,2630,100,0,100,6,,,,,100.0,0.0,100.0,38655295497.0,,,61.0,39.0,,,100.0,1.0,99.0,2200.0,39,39,100,0,100,0,200,6,100.0,1827.0,100.0,19158631592.0,100.0,17879759316.0
2018-03-06,ZCH07F7F,ST12000NM0007,12000138625024,0,82,164507376,92,0,100,6,100,0,84,247395848,97,2655,100,0,100,6,,,,,100.0,0.0,100.0,38655295497.0,,,61.0,39.0,,,100.0,1.0,99.0,2201.0,39,39,100,0,100,0,200,6,100.0,1852.0,100.0,19370807728.0,100.0,18147772660.0
2018-03-07,ZCH07F7F,ST12000NM0007,12000138625024,0,81.0,119493136.0,92.0,0.0,100.0,6.0,100.0,0.0,84.0,250656366.0,97.0,2679.0,100.0,0.0,100.0,6.0,,,,,100.0,0.0,100.0,38655295497.0,,,61.0,39.0,,,100.0,1.0,99.0,2202.0,39.0,39.0,100.0,0.0,100.0,0.0,200.0,6.0,100.0,1876.0,100.0,19581713496.0,100.0,18380134260.0
2018-03-08,ZCH07F7F,ST12000NM0007,12000138625024,0,71,11834568,92,0,100,6,100,0,84,253570916,97,2701,100,0,100,6,,,,,100.0,0.0,100.0,38655295497.0,,,61.0,39.0,,,100.0,1.0,99.0,2203.0,39,39,100,0,100,0,200,6,100.0,1897.0,100.0,19745279776.0,100.0,18597190924.0
2018-03-09,ZCH07F7F,ST12000NM0007,12000138625024,0,82,164449728,92,0,100,6,100,0,84,256545795,97,2725,100,0,100,6,,,,,100.0,0.0,100.0,38655295497.0,,,60.0,40.0,,,100.0,1.0,99.0,2204.0,40,40,100,0,100,0,200,6,100.0,1921.0,100.0,19888478488.0,100.0,18850748020.0
2018-03-10,ZCH07F7F,ST12000NM0007,12000138625024,0,76,41728696,92,0,100,6,100,0,84,259474531,97,2749,100,0,100,6,,,,,100.0,0.0,100.0,38655295497.0,,,61.0,39.0,,,100.0,1.0,99.0,2205.0,39,39,100,0,100,0,200,6,100.0,1945.0,100.0,20042487760.0,100.0,19062299260.0
2018-03-11,ZCH07F7F,ST12000NM0007,12000138625024,0,69,7572520,92,0,100,6,100,0,84,262791405,97,2773,100,0,100,6,,,,,100.0,0.0,100.0,38655295497.0,,,61.0,39.0,,,100.0,1.0,99.0,2206.0,39,39,100,0,100,0,200,6,100.0,1969.0,100.0,20256778352.0,100.0,19302133916.0
2018-03-12,ZCH07F7F,ST12000NM0007,12000138625024,0,84,239204840,92,0,100,6,100,0,84,266379534,97,2797,100,0,100,6,,,,,100.0,0.0,100.0,38655295497.0,,,61.0,39.0,,,100.0,1.0,99.0,2207.0,39,39,100,0,100,0,200,6,100.0,1993.0,100.0,20454382096.0,100.0,19580303236.0
2018-03-13,ZCH07F7F,ST12000NM0007,12000138625024,0,82,156422024,92,0,100,6,100,0,84,269528708,97,2821,100,0,100,6,,,,,100.0,0.0,100.0,38655295497.0,,,60.0,40.0,,,100.0,1.0,99.0,2208.0,40,40,100,0,100,0,200,6,100.0,2017.0,100.0,20631661856.0,100.0,19808522444.0
2018-03-14,ZCH07F7F,ST12000NM0007,12000138625024,0,74,22568928,92,0,100,6,100,0,84,272455634,97,2845,100,0,100,6,,,,,100.0,0.0,100.0,38655295497.0,,,60.0,40.0,,,100.0,1.0,99.0,2209.0,40,40,100,0,100,0,200,6,100.0,2040.0,100.0,20782258816.0,100.0,20012354092.0
2018-03-15,ZCH07F7F,ST12000NM0007,12000138625024,0,82,167276968,92,0,100,6,100,0,84,275625740,97,2868,100,0,100,6,,,,,100.0,0.0,100.0,38655295497.0,,,61.0,39.0,,,100.0,1.0,99.0,2210.0,39,39,100,0,100,0,200,6,100.0,2064.0,100.0,20931596240.0,100.0,20251865372.0
2018-03-16,ZCH07F7F,ST12000NM0007,12000138625024,0,82.0,166899208.0,92.0,0.0,100.0,6.0,100.0,0.0,84.0,277815575.0,97.0,2885.0,100.0,0.0,100.0,6.0,,,,,100.0,0.0,100.0,38655295497.0,,,61.0,39.0,,,100.0,1.0,99.0,2210.0,39.0,39.0,100.0,0.0,100.0,0.0,200.0,6.0,100.0,2081.0,100.0,21044520944.0,100.0,20382703772.0
2018-03-17,ZCH07F7F,ST12000NM0007,12000138625024,0,65,3234136,92,0,100,6,100,0,85,282017887,97,2917,100,0,100,6,,,,,100.0,0.0,100.0,38655295497.0,,,60.0,40.0,,,100.0,1.0,99.0,2212.0,40,40,100,0,100,0,200,6,100.0,2112.0,100.0,21253377040.0,100.0,20742605140.0
2018-03-18,ZCH07F7F,ST12000NM0007,12000138625024,0,83,205707432,92,0,100,6,100,0,85,285182595,97,2941,100,0,100,6,,,,,100.0,0.0,100.0,38655295497.0,,,61.0,39.0,,,100.0,1.0,99.0,2213.0,39,39,100,0,100,0,200,6,100.0,2136.0,100.0,21449534696.0,100.0,20993061532.0
2018-03-19,ZCH07F7F,ST12000NM0007,12000138625024,0,82,172733256,92,0,100,6,100,0,85,288396199,97,2964,100,0,100,6,,,,,100.0,0.0,100.0,38655295497.0,,,61.0,39.0,,,100.0,1.0,99.0,2214.0,39,39,100,0,100,0,200,6,100.0,2159.0,100.0,21619879256.0,100.0,21278024444.0
2018-03-20,ZCH07F7F,ST12000NM0007,12000138625024,0,77,53432112,92,0,100,6,100,0,85,291381215,97,2988,100,0,100,6,,,,,100.0,0.0,100.0,38655295497.0,,,61.0,39.0,,,100.0,1.0,99.0,2215.0,39,39,100,0,100,0,200,6,100.0,2183.0,100.0,21764431152.0,100.0,21502452892.0
2018-03-21,ZCH07F7F,ST12000NM0007,12000138625024,0,82,143096512,92,0,100,6,100,0,85,294180797,97,3013,100,0,100,6,,,,,100.0,0.0,100.0,38655295497.0,,,61.0,39.0,,,100.0,1.0,99.0,2216.0,39,39,100,0,100,0,200,6,100.0,2208.0,100.0,21904208680.0,100.0,21696480812.0
2018-03-22,ZCH07F7F,ST12000NM0007,12000138625024,0,73,20415912,92,0,100,6,100,0,85,296975549,97,3037,100,0,100,6,,,,,100.0,0.0,100.0,38655295497.0,,,61.0,39.0,,,100.0,2.0,99.0,2217.0,39,39,100,0,100,0,200,6,100.0,2232.0,100.0,22042641504.0,100.0,21923649252.0
2018-03-23,ZCH07F7F,ST12000NM0007,12000138625024,0,81,131310464,92,0,100,6,100,0,85,299706963,97,3061,100,0,100,6,,,,,100.0,0.0,100.0,38655295497.0,,,61.0,39.0,,,100.0,2.0,99.0,2218.0,39,39,100,0,100,0,200,6,100.0,2255.0,100.0,22187738864.0,100.0,22133587188.0
2018-03-24,ZCH07F7F,ST12000NM0007,12000138625024,0,83,201963896,92,0,100,6,100,0,85,302232725,97,3084,100,0,100,6,,,,,100.0,0.0,100.0,38655295497.0,,,61.0,39.0,,,100.0,3.0,99.0,2219.0,39,39,100,0,100,0,200,6,100.0,2279.0,100.0,22310190184.0,100.0,22325930092.0
2018-03-25,ZCH07F7F,ST12000NM0007,12000138625024,0,77,52123584,92,0,100,6,100,0,85,304982472,97,3109,100,0,100,6,,,,,100.0,0.0,100.0,38655295497.0,,,61.0,39.0,,,100.0,3.0,99.0,2220.0,39,39,100,0,100,0,200,6,100.0,2303.0,100.0,22433511784.0,100.0,22541049668.0
2018-03-26,ZCH07F7F,ST12000NM0007,12000138625024,0,82,172213808,92,0,100,6,100,0,85,307818039,97,3132,100,0,100,6,,,,,100.0,0.0,100.0,38655295497.0,,,61.0,39.0,,,100.0,4.0,99.0,2221.0,39,39,100,0,100,0,200,6,100.0,2326.0,100.0,22569444712.0,100.0,22769347836.0
2018-03-27,ZCH07F7F,ST12000NM0007,12000138625024,0,78,58394232,92,0,100,6,100,0,85,310836865,97,3157,100,0,100,6,,,,,100.0,0.0,100.0,38655295497.0,,,61.0,39.0,,,100.0,4.0,99.0,2222.0,39,39,100,0,100,0,200,6,100.0,2351.0,100.0,22705535200.0,100.0,23007719276.0
2018-03-28,ZCH07F7F,ST12000NM0007,12000138625024,0,83,187771976,92,0,100,6,100,0,85,313655013,97,3180,100,0,100,6,,,,,100.0,0.0,100.0,38655295497.0,,,61.0,39.0,,,100.0,4.0,99.0,2223.0,39,39,100,0,100,0,200,6,100.0,2374.0,100.0,22853905080.0,100.0,23232867852.0
2018-03-29,ZCH07F7F,ST12000NM0007,12000138625024,0,79,84184928,92,0,100,6,100,0,85,316572654,97,3204,100,0,100,6,,,,,100.0,0.0,100.0,38655295497.0,,,61.0,39.0,,,100.0,4.0,99.0,2225.0,39,39,100,0,100,0,200,6,100.0,2397.0,100.0,22989066120.0,100.0,23482401476.0
2018-03-30,ZCH07F7F,ST12000NM0007,12000138625024,0,83,218527744,92,0,100,6,100,0,85,319516587,97,3229,100,0,100,6,,,,,100.0,0.0,100.0,38655295497.0,,,61.0,39.0,,,100.0,4.0,99.0,2226.0,39,39,100,0,100,0,200,6,100.0,2422.0,100.0,23162800248.0,100.0,23687150980.0
2018-03-31,ZCH07F7F,ST12000NM0007,12000138625024,0,80,99861184,92,0,100,6,100,0,85,322454798,97,3252,100,0,100,6,,,,,100.0,0.0,100.0,38655295497.0,,,61.0,39.0,,,100.0,4.0,99.0,2227.0,39,39,100,0,100,0,200,6,100.0,2445.0,100.0,23332597296.0,100.0,23886969380.0
2018-04-01,ZCH07F7F,ST12000NM0007,12000138625024,0,70,10335584,92,0,100,6,100,0,85,325553743,97,3277,100,0,100,6,,,,,100.0,0.0,100.0,38655295497.0,,,61.0,39.0,,,100.0,4.0,99.0,2228.0,39,39,100,0,100,0,200,6,100.0,2470.0,100.0,23486526912.0,100.0,24131795868.0
2018-04-02,ZCH07F7F,ST12000NM0007,12000138625024,0,83,180955960,92,0,100,6,100,0,85,328656561,97,3300,100,0,100,6,,,,,100.0,0.0,100.0,38655295497.0,,,60.0,40.0,,,100.0,4.0,99.0,2229.0,40,40,100,0,100,0,200,6,100.0,2493.0,100.0,23632766248.0,100.0,24400317644.0
2018-04-03,ZCH07F7F,ST12000NM0007,12000138625024,0,73,19083160,92,0,100,6,100,0,85,331406378,97,3324,100,0,100,6,,,,,100.0,0.0,100.0,38655295497.0,,,61.0,39.0,,,100.0,4.0,99.0,2230.0,39,39,100,0,100,0,200,6,100.0,2517.0,100.0,23784150896.0,100.0,24575341588.0
2018-04-04,ZCH07F7F,ST12000NM0007,12000138625024,0,81,128513720,92,0,100,6,100,0,85,334405259,97,3349,100,0,100,6,,,,,100.0,0.0,100.0,38655295497.0,,,61.0,39.0,,,100.0,4.0,99.0,2231.0,39,39,100,0,100,0,200,6,100.0,2541.0,100.0,23940559640.0,100.0,24772504220.0
2018-04-05,ZCH07F7F,ST12000NM0007,12000138625024,0,83,207382616,92,0,100,6,100,0,85,336880224,97,3372,100,0,100,6,,,,,100.0,0.0,100.0,38655295497.0,,,61.0,39.0,,,100.0,4.0,99.0,2232.0,39,39,100,0,100,0,200,6,100.0,2565.0,100.0,24048641056.0,100.0,24987432436.0
2018-04-06,ZCH07F7F,ST12000NM0007,12000138625024,0,78,56244072,92,0,100,6,100,0,85,339525390,97,3397,100,0,100,6,,,,,100.0,0.0,100.0,38655295497.0,,,61.0,39.0,,,100.0,5.0,99.0,2233.0,39,39,100,0,100,0,200,6,100.0,2589.0,100.0,24162733168.0,100.0,25210483124.0
2018-04-07,ZCH07F7F,ST12000NM0007,12000138625024,0,81.0,132406016.0,92.0,0.0,100.0,6.0,100.0,0.0,85.0,342183629.0,97.0,3420.0,100.0,0.0,100.0,6.0,,,,,100.0,0.0,100.0,38655295497.0,,,61.0,39.0,,,100.0,5.0,99.0,2234.0,39.0,39.0,100.0,0.0,100.0,0.0,200.0,6.0,100.0,2612.0,100.0,24284030240.0,100.0,25409488700.0
2018-04-08,ZCH07F7F,ST12000NM0007,12000138625024,0,83,204463680,92,0,100,6,100,0,85,344807867,97,3445,100,0,100,6,,,,,100.0,0.0,100.0,38655295497.0,,,61.0,39.0,,,100.0,5.0,99.0,2235.0,39,39,100,0,100,0,200,6,100.0,2637.0,100.0,24403578040.0,100.0,25606139372.0
2018-04-09,ZCH07F7F,ST12000NM0007,12000138625024,0,100,1503344,92,0,100,6,100,0,85,348468166,97,3468,100,0,100,6,,,,,100.0,0.0,100.0,38655295497.0,,,61.0,39.0,,,100.0,5.0,99.0,2236.0,39,39,100,0,100,0,200,6,100.0,2660.0,100.0,24655991328.0,100.0,25883187860.0
2018-04-10,ZCH07F7F,ST12000NM0007,12000138625024,0,80,99063992,92,0,100,6,100,0,85,351176874,97,3492,100,0,100,6,,,,,100.0,0.0,100.0,38655295497.0,,,59.0,41.0,,,100.0,5.0,99.0,2237.0,41,41,100,0,100,0,200,6,100.0,2684.0,100.0,24786791856.0,100.0,26094088660.0
2018-04-11,ZCH07F7F,ST12000NM0007,12000138625024,0,83,218213424,92,0,100,6,100,0,85,354003870,96,3516,100,0,100,6,,,,,100.0,0.0,100.0,38655295497.0,,,59.0,41.0,,,100.0,5.0,99.0,2238.0,41,41,100,0,100,0,200,6,100.0,2708.0,100.0,24910189488.0,100.0,26333981148.0
2018-04-12,ZCH07F7F,ST12000NM0007,12000138625024,0,79,74837456,92,0,100,6,100,0,86,356652045,96,3541,100,0,100,6,,,,,100.0,0.0,100.0,38655295497.0,,,59.0,41.0,,,100.0,6.0,99.0,2240.0,41,41,100,0,100,0,200,6,100.0,2732.0,100.0,25024054808.0,100.0,26565021148.0
2018-04-13,ZCH07F7F,ST12000NM0007,12000138625024,0,82,171540768,92,0,100,6,100,0,86,359150225,96,3564,100,0,100,6,,,,,100.0,0.0,100.0,38655295497.0,,,60.0,40.0,,,100.0,6.0,99.0,2241.0,40,40,100,0,100,0,200,6,100.0,2755.0,100.0,25134986752.0,100.0,26794933188.0
2018-04-14,ZCH07F7F,ST12000NM0007,12000138625024,0,66,4102816,92,0,100,6,100,0,86,361699734,96,3588,100,0,100,6,,,,,100.0,0.0,100.0,38655295497.0,,,60.0,40.0,,,100.0,6.0,99.0,2242.0,40,40,100,0,100,0,200,6,100.0,2779.0,100.0,25234326240.0,100.0,27016437556.0
2018-04-15,ZCH07F7F,ST12000NM0007,12000138625024,0,81,115130504,92,0,100,6,100,0,86,364577296,96,3612,100,0,100,6,,,,,100.0,0.0,100.0,38655295497.0,,,60.0,40.0,,,100.0,6.0,99.0,2243.0,40,40,100,0,100,0,200,6,100.0,2803.0,100.0,25346092400.0,100.0,27259839716.0
2018-04-16,ZCH07F7F,ST12000NM0007,12000138625024,0,84,226866536,92,0,100,6,100,0,86,367305868,96,3637,100,0,100,6,,,,,100.0,0.0,100.0,38655295497.0,,,59.0,41.0,,,100.0,6.0,99.0,2244.0,41,41,100,0,100,0,200,6,100.0,2827.0,100.0,25469093608.0,100.0,27492715452.0
2018-04-17,ZCH07F7F,ST12000NM0007,12000138625024,0,76,41871008,92,0,100,7,100,0,86,369755116,96,3662,100,0,100,6,,,,,100.0,0.0,100.0,38655295497.0,,,60.0,40.0,,,100.0,6.0,99.0,2248.0,40,40,100,0,100,0,200,6,100.0,2853.0,100.0,25560837760.0,100.0,27704257086.0
2018-04-18,ZCH07F7F,ST12000NM0007,12000138625024,0,80,109719312,92,0,100,7,100,0,86,372145055,96,3686,100,0,100,6,,,,,100.0,0.0,100.0,38655295497.0,,,60.0,40.0,,,100.0,7.0,99.0,2249.0,40,40,100,0,100,0,200,6,100.0,2876.0,100.0,25643199272.0,100.0,27933884662.0
2018-04-19,ZCH07F7F,ST12000NM0007,12000138625024,0,83,177960912,92,0,100,7,100,0,86,374501162,96,3710,100,0,100,6,,,,,100.0,0.0,100.0,38655295497.0,,,60.0,40.0,,,100.0,8.0,99.0,2250.0,40,40,100,0,100,0,200,6,100.0,2900.0,100.0,25729253192.0,100.0,28160213318.0
2018-04-20,ZCH07F7F,ST12000NM0007,12000138625024,0,69,8169648,92,0,100,7,100,0,86,376836390,96,3735,100,0,100,6,,,,,100.0,0.0,100.0,38655295497.0,,,60.0,40.0,,,100.0,8.0,99.0,2251.0,40,40,100,0,100,0,200,6,100.0,2925.0,100.0,25817944928.0,100.0,28390011942.0
2018-04-21,ZCH07F7F,ST12000NM0007,12000138625024,0,80,100021872,92,0,100,7,100,0,86,379863548,96,3758,100,0,100,6,,,,,100.0,0.0,100.0,38655295497.0,,,60.0,40.0,,,100.0,8.0,99.0,2252.0,40,40,100,0,100,0,200,6,100.0,2948.0,100.0,25943485664.0,100.0,28600464126.0
2018-04-22,ZCH07F7F,ST12000NM0007,12000138625024,0,83,187643136,92,0,100,7,100,0,86,382482141,96,3783,100,0,100,6,,,,,100.0,0.0,100.0,38655295497.0,,,60.0,40.0,,,100.0,9.0,99.0,2253.0,40,40,100,0,100,0,200,6,100.0,2973.0,100.0,26053238760.0,100.0,28822472966.0
2018-04-23,ZCH07F7F,ST12000NM0007,12000138625024,0,77,48555968,92,0,100,7,100,0,86,385110115,96,3806,100,0,100,6,,,,,100.0,0.0,100.0,38655295497.0,,,60.0,40.0,,,100.0,9.0,99.0,2254.0,40,40,100,0,100,0,200,6,100.0,2996.0,100.0,26171810344.0,100.0,29053095518.0
2018-04-24,ZCH07F7F,ST12000NM0007,12000138625024,0,82,145390304,92,0,100,7,100,0,86,387748627,96,3829,100,0,100,6,,,,,100.0,0.0,100.0,38655295497.0,,,60.0,40.0,,,100.0,10.0,99.0,2255.0,40,40,100,0,100,0,200,6,100.0,3018.0,100.0,26294348208.0,100.0,29271532622.0
2018-04-25,ZCH07F7F,ST12000NM0007,12000138625024,0,83,219905552,92,0,100,7,100,0,86,390252809,96,3852,100,0,100,6,,,,,100.0,0.0,100.0,38655295497.0,,,60.0,40.0,,,100.0,11.0,99.0,2256.0,40,40,100,0,100,0,200,6,100.0,3042.0,100.0,26401766448.0,100.0,29482770446.0
2018-04-26,ZCH07F7F,ST12000NM0007,12000138625024,0,76,43942568,92,0,100,7,100,0,86,392917134,96,3879,100,0,100,6,,,,,100.0,0.0,100.0,38655295497.0,,,60.0,40.0,,,100.0,11.0,99.0,2259.0,40,40,100,0,100,0,200,6,100.0,3068.0,100.0,26508214776.0,100.0,29688640886.0
2018-04-27,ZCH07F7F,ST12000NM0007,12000138625024,0,81,120101800,92,0,100,7,100,0,86,395605791,96,3902,100,0,100,6,,,,,100.0,0.0,100.0,38655295497.0,,,60.0,40.0,,,100.0,12.0,99.0,2260.0,40,40,100,0,100,0,200,6,100.0,3091.0,100.0,26596016968.0,100.0,29921138606.0
2018-04-28,ZCH07F7F,ST12000NM0007,12000138625024,0,83,212830744,92,0,100,7,100,0,86,398279447,96,3927,100,0,100,6,,,,,100.0,0.0,100.0,38655295497.0,,,60.0,40.0,,,100.0,13.0,99.0,2261.0,40,40,100,0,100,0,200,6,100.0,3116.0,100.0,26702503904.0,100.0,30151521262.0
2018-04-29,ZCH07F7F,ST12000NM0007,12000138625024,0,78,59648264,92,0,100,7,100,0,86,400914660,96,3950,100,0,100,6,,,,,100.0,0.0,100.0,38655295497.0,,,60.0,40.0,,,100.0,13.0,99.0,2262.0,40,40,100,0,100,0,200,6,100.0,3139.0,100.0,26807403448.0,100.0,30381721222.0
2018-04-30,ZCH07F7F,ST12000NM0007,12000138625024,0,82,153603376,92,0,100,7,100,0,86,403559275,96,3974,100,0,100,6,,,,,100.0,0.0,100.0,38655295497.0,,,61.0,39.0,,,100.0,13.0,99.0,2263.0,39,39,100,0,100,0,200,6,100.0,3163.0,100.0,26913883128.0,100.0,30613337398.0
2018-05-01,ZCH07F7F,ST12000NM0007,12000138625024,0,83,185285080,92,0,100,7,100,0,86,405873859,96,3994,100,0,100,6,,,,,100.0,0.0,100.0,38655295497.0,,,60.0,40.0,,,100.0,13.0,99.0,2264.0,40,40,100,0,100,0,200,6,100.0,3183.0,100.0,26994593504.0,100.0,30808449374.0
2018-05-02,ZCH07F7F,ST12000NM0007,12000138625024,0,67.0,5252912.0,92.0,0.0,100.0,7.0,100.0,0.0,86.0,408334875.0,96.0,4017.0,100.0,0.0,100.0,6.0,,,,,100.0,0.0,100.0,38655295497.0,,,60.0,40.0,,,100.0,14.0,99.0,2265.0,40.0,40.0,100.0,0.0,100.0,0.0,200.0,6.0,100.0,3206.0,100.0,27080682784.0,100.0,31030609406.0
2018-05-03,ZCH07F7F,ST12000NM0007,12000138625024,0,79,74787752,92,0,100,7,100,0,86,410922775,96,4044,100,0,100,6,,,,,100.0,0.0,100.0,38655295497.0,,,60.0,40.0,,,100.0,14.0,99.0,2266.0,40,40,100,0,100,0,200,6,100.0,3232.0,100.0,27160168600.0,100.0,31264799294.0
2018-05-04,ZCH07F7F,ST12000NM0007,12000138625024,0,78,61179344,92,0,100,7,100,0,86,413160510,96,4068,100,0,100,6,,,,,100.0,0.0,100.0,38655295497.0,,,60.0,40.0,,,100.0,15.0,99.0,2267.0,40,40,100,0,100,0,200,6,100.0,3257.0,100.0,27240019440.0,100.0,31415480678.0
2018-05-05,ZCH07F7F,ST12000NM0007,12000138625024,0,80,107231880,92,0,100,7,100,0,86,415646393,96,4093,100,0,100,6,,,,,100.0,0.0,100.0,38655295497.0,,,60.0,40.0,,,100.0,15.0,99.0,2268.0,40,40,100,0,100,0,200,6,100.0,3281.0,100.0,27322310776.0,100.0,31623382726.0
2018-05-06,ZCH07F7F,ST12000NM0007,12000138625024,0,78,68595944,92,0,100,7,100,0,86,417747728,96,4116,100,0,100,6,,,,,100.0,0.0,100.0,38655295497.0,,,60.0,40.0,,,100.0,15.0,99.0,2269.0,40,40,100,0,100,0,200,6,100.0,3305.0,100.0,27391631496.0,100.0,31759566726.0
2018-05-07,ZCH07F7F,ST12000NM0007,12000138625024,0,81,128943728,92,0,100,7,100,0,86,420140029,96,4140,100,0,100,6,,,,,100.0,0.0,100.0,38655295497.0,,,60.0,40.0,,,100.0,16.0,99.0,2270.0,40,40,100,0,100,0,200,6,100.0,3329.0,100.0,27444161528.0,100.0,32011525286.0
2018-05-08,ZCH07F7F,ST12000NM0007,12000138625024,0,79,75621256,92,0,100,7,100,0,86,423053703,96,4164,100,0,100,6,,,,,100.0,0.0,100.0,38655295497.0,,,60.0,40.0,,,100.0,17.0,99.0,2271.0,40,40,100,0,100,0,200,6,100.0,3352.0,100.0,27521241688.0,100.0,32369404318.0
2018-05-09,ZCH07F7F,ST12000NM0007,12000138625024,0,80,109603080,92,0,100,7,100,0,86,425584472,96,4188,100,0,100,6,,,,,100.0,0.0,100.0,38655295497.0,,,60.0,40.0,,,100.0,18.0,99.0,2272.0,40,40,100,0,100,0,200,6,100.0,3376.0,100.0,27605302400.0,100.0,32563466078.0
2018-05-10,ZCH07F7F,ST12000NM0007,12000138625024,0,82,161391304,92,0,100,7,100,0,86,428273733,96,4213,100,0,100,6,,,,,100.0,0.0,100.0,38655295497.0,,,60.0,40.0,,,100.0,18.0,99.0,2274.0,40,40,100,0,100,0,200,6,100.0,3401.0,100.0,27696370960.0,100.0,32768326598.0
2018-05-11,ZCH07F7F,ST12000NM0007,12000138625024,0,70,11137168,92,0,100,7,100,0,86,431104078,96,4237,100,0,100,6,,,,,100.0,0.0,100.0,38655295497.0,,,60.0,40.0,,,100.0,19.0,99.0,2275.0,40,40,100,0,100,0,200,6,100.0,3425.0,100.0,27796857640.0,100.0,33005867366.0
2018-05-12,ZCH07F7F,ST12000NM0007,12000138625024,0,79,84726392,92,0,100,7,100,0,86,433818635,96,4261,100,0,100,6,,,,,100.0,0.0,100.0,38655295497.0,,,60.0,40.0,,,100.0,19.0,99.0,2276.0,40,40,100,0,100,0,200,6,100.0,3448.0,100.0,27878167792.0,100.0,33242287134.0
2018-05-13,ZCH07F7F,ST12000NM0007,12000138625024,0,82,144356528,92,0,100,7,100,0,86,436712256,96,4284,100,0,100,6,,,,,100.0,0.0,100.0,38655295497.0,,,60.0,40.0,,,100.0,20.0,99.0,2277.0,40,40,100,0,100,0,200,6,100.0,3472.0,100.0,27969126048.0,100.0,33455099774.0
2018-05-14,ZCH07F7F,ST12000NM0007,12000138625024,0,84,225560664,92,0,100,7,100,0,86,439384062,96,4309,100,0,100,6,,,,,100.0,0.0,100.0,38655295497.0,,,60.0,40.0,,,100.0,21.0,99.0,2278.0,40,40,100,0,100,0,200,6,100.0,3497.0,100.0,28050215072.0,100.0,33699355790.0
2018-05-15,ZCH07F7F,ST12000NM0007,12000138625024,0,77.0,55302880.0,92.0,0.0,100.0,7.0,100.0,0.0,86.0,442069626.0,96.0,4333.0,100.0,0.0,100.0,6.0,,,,,100.0,0.0,100.0,38655295497.0,,,60.0,40.0,,,100.0,21.0,99.0,2279.0,40.0,40.0,100.0,0.0,100.0,0.0,200.0,6.0,100.0,3520.0,100.0,28140117592.0,100.0,33927477102.0
2018-05-16,ZCH07F7F,ST12000NM0007,12000138625024,0,82,150012104,92,0,100,7,100,0,86,444985526,96,4356,100,0,100,6,,,,,100.0,0.0,100.0,38655295497.0,,,61.0,39.0,,,100.0,21.0,99.0,2280.0,39,39,100,0,100,0,200,6,100.0,3544.0,100.0,28229754584.0,100.0,34176690246.0
2018-05-17,ZCH07F7F,ST12000NM0007,12000138625024,0,83,221883048,92,0,100,7,100,0,87,447648520,95,4380,100,0,100,6,,,,,100.0,0.0,100.0,38655295497.0,,,60.0,40.0,,,100.0,21.0,99.0,2281.0,40,40,100,0,100,0,200,6,100.0,3567.0,100.0,28308418992.0,100.0,34414037494.0
2018-05-18,ZCH07F7F,ST12000NM0007,12000138625024,0,72,15111168,92,0,100,7,100,0,87,450023529,95,4404,100,0,100,6,,,,,100.0,0.0,100.0,38655295497.0,,,61.0,39.0,,,100.0,21.0,99.0,2282.0,39,39,100,0,100,0,200,6,100.0,3591.0,100.0,28375819328.0,100.0,34628146806.0
2018-05-19,ZCH07F7F,ST12000NM0007,12000138625024,0,78,60532552,92,0,100,7,100,0,87,452702727,95,4428,100,0,100,6,,,,,100.0,0.0,100.0,38655295497.0,,,60.0,40.0,,,100.0,21.0,99.0,2283.0,40,40,100,0,100,0,200,6,100.0,3615.0,100.0,28457999616.0,100.0,34835528702.0
2018-05-20,ZCH07F7F,ST12000NM0007,12000138625024,0,80,99880952,92,0,100,7,100,0,87,455379100,95,4452,100,0,100,6,,,,,100.0,0.0,100.0,38655295497.0,,,60.0,40.0,,,100.0,22.0,99.0,2284.0,40,40,100,0,100,0,200,6,100.0,3638.0,100.0,28532144480.0,100.0,35044872870.0
2018-05-21,ZCH07F7F,ST12000NM0007,12000138625024,0,82,161783864,92,0,100,7,100,0,87,457958317,95,4476,100,0,100,6,,,,,100.0,0.0,100.0,38655295497.0,,,60.0,40.0,,,100.0,22.0,99.0,2285.0,40,40,100,0,100,0,200,6,100.0,3663.0,100.0,28612079808.0,100.0,35270981102.0
2018-05-22,ZCH07F7F,ST12000NM0007,12000138625024,0,80,91401920,92,0,100,7,100,0,87,459641137,95,4492,100,0,100,6,,,,,100.0,0.0,100.0,38655295497.0,,,59.0,41.0,,,100.0,22.0,99.0,2285.0,41,41,100,0,100,0,200,6,100.0,3679.0,100.0,28671262224.0,100.0,35385557398.0
2018-05-23,ZCH07F7F,ST12000NM0007,12000138625024,0,84,236892768,92,0,100,7,100,0,87,463104458,95,4524,100,0,100,6,,,,,100.0,0.0,100.0,38655295497.0,,,62.0,38.0,,,100.0,23.0,99.0,2287.0,38,38,100,0,100,0,200,6,100.0,3710.0,100.0,28778679032.0,100.0,35667772158.0
2018-05-24,ZCH07F7F,ST12000NM0007,12000138625024,0,75,35020328,92,0,100,7,100,0,87,465756053,95,4549,100,0,100,6,,,,,100.0,0.0,100.0,38655295497.0,,,61.0,39.0,,,100.0,24.0,99.0,2288.0,39,39,100,0,100,0,200,6,100.0,3735.0,100.0,28886702480.0,100.0,35846157582.0
2018-05-25,ZCH07F7F,ST12000NM0007,12000138625024,0,76,43156088,92,0,100,7,100,0,87,468105479,95,4572,100,0,100,6,,,,,100.0,0.0,100.0,38655295497.0,,,62.0,38.0,,,100.0,24.0,99.0,2289.0,38,38,100,0,100,0,200,6,100.0,3758.0,100.0,28975540536.0,100.0,36009595934.0
2018-05-26,ZCH07F7F,ST12000NM0007,12000138625024,0,79,79860312,92,0,100,7,100,0,87,470764266,95,4597,100,0,100,6,,,,,100.0,0.0,100.0,38655295497.0,,,62.0,38.0,,,100.0,24.0,99.0,2290.0,38,38,100,0,100,0,200,6,100.0,3782.0,100.0,29046105160.0,100.0,36219876342.0
2018-05-27,ZCH07F7F,ST12000NM0007,12000138625024,0,80,111843344,92,0,100,7,100,0,87,473160904,95,4621,100,0,100,6,,,,,100.0,0.0,100.0,38655295497.0,,,61.0,39.0,,,100.0,25.0,99.0,2291.0,39,39,100,0,100,0,200,6,100.0,3807.0,100.0,29118478928.0,100.0,36423626358.0
2018-05-28,ZCH07F7F,ST12000NM0007,12000138625024,0,83,189142960,92,0,100,7,100,0,87,475809797,95,4644,100,0,100,6,,,,,100.0,0.0,100.0,38655295497.0,,,61.0,39.0,,,100.0,25.0,99.0,2292.0,39,39,100,0,100,0,200,6,100.0,3830.0,100.0,29204967600.0,100.0,36658578086.0
2018-05-29,ZCH07F7F,ST12000NM0007,12000138625024,0,84,228226784,92,0,100,7,100,0,87,478350084,95,4669,100,0,100,6,,,,,100.0,0.0,100.0,38655295497.0,,,61.0,39.0,,,100.0,26.0,99.0,2293.0,39,39,100,0,100,0,200,6,100.0,3854.0,100.0,29278292168.0,100.0,36868478270.0
2018-05-30,ZCH07F7F,ST12000NM0007,12000138625024,0,78,62566760,92,0,100,7,100,0,87,480880718,95,4694,100,0,100,6,,,,,100.0,0.0,100.0,38655295497.0,,,61.0,39.0,,,100.0,26.0,99.0,2294.0,39,39,100,0,100,0,200,6,100.0,3880.0,100.0,29343328544.0,100.0,37126063302.0
2018-05-31,ZCH07F7F,ST12000NM0007,12000138625024,0,80,98064024,92,0,100,7,100,0,87,483421843,95,4718,100,0,100,6,,,,,100.0,0.0,100.0,38655295497.0,,,62.0,38.0,,,100.0,27.0,99.0,2296.0,38,38,100,0,100,0,200,6,100.0,3903.0,100.0,29419264528.0,100.0,37329765294.0
2018-06-01,ZCH07F7F,ST12000NM0007,12000138625024,0,83,189180536,92,0,100,7,100,0,87,485962973,95,4742,100,0,100,6,,,,,100.0,0.0,100.0,38655295497.0,,,61.0,39.0,,,100.0,28.0,99.0,2297.0,39,39,100,0,100,0,200,6,100.0,3927.0,100.0,29498274648.0,100.0,37586012358.0
2018-06-02,ZCH07F7F,ST12000NM0007,12000138625024,0,71,13919552,92,0,100,7,100,0,87,488437452,95,4766,100,0,100,6,,,,,100.0,0.0,100.0,38655295497.0,,,61.0,39.0,,,100.0,28.0,99.0,2298.0,39,39,100,0,100,0,200,6,100.0,3951.0,100.0,29587566288.0,100.0,37809741246.0
2018-06-03,ZCH07F7F,ST12000NM0007,12000138625024,0,79,77749296,92,0,100,7,100,0,87,490851138,95,4790,100,0,100,6,,,,,100.0,0.0,100.0,38655295497.0,,,62.0,38.0,,,100.0,28.0,99.0,2299.0,38,38,100,0,100,0,200,6,100.0,3975.0,100.0,29648895912.0,100.0,38056382206.0
2018-06-04,ZCH07F7F,ST12000NM0007,12000138625024,0,82,154904248,92,0,100,7,100,0,87,493289718,95,4815,100,0,100,6,,,,,100.0,0.0,100.0,38655295497.0,,,62.0,38.0,,,100.0,29.0,99.0,2300.0,38,38,100,0,100,0,200,6,100.0,3999.0,100.0,29732530440.0,100.0,38294043294.0
2018-06-05,ZCH07F7F,ST12000NM0007,12000138625024,0,82,162848872,92,0,100,7,100,0,87,495514827,95,4838,100,0,100,6,,,,,100.0,0.0,100.0,38655295497.0,,,62.0,38.0,,,100.0,30.0,99.0,2301.0,38,38,100,0,100,0,200,6,100.0,4023.0,100.0,29804101576.0,100.0,38474557542.0
2018-06-06,ZCH07F7F,ST12000NM0007,12000138625024,0,84,240031800,92,0,100,7,100,0,87,498258557,95,4862,100,0,100,6,,,,,100.0,0.0,100.0,38655295497.0,,,62.0,38.0,,,100.0,30.0,99.0,2302.0,38,38,100,0,100,0,200,6,100.0,4047.0,100.0,29878308416.0,100.0,38721674550.0
2018-06-07,ZCH07F7F,ST12000NM0007,12000138625024,0,79,72685344,92,0,100,7,100,0,87,500680240,95,4886,100,0,100,6,,,,,100.0,0.0,100.0,38655295497.0,,,62.0,38.0,,,100.0,31.0,99.0,2303.0,38,38,100,0,100,0,200,6,100.0,4070.0,100.0,29974742064.0,100.0,38946176254.0
2018-06-08,ZCH07F7F,ST12000NM0007,12000138625024,0,80,112064792,92,0,100,7,100,0,87,502932642,95,4909,100,0,100,6,,,,,100.0,0.0,100.0,38655295497.0,,,62.0,38.0,,,100.0,31.0,99.0,2304.0,38,38,100,0,100,0,200,6,100.0,4094.0,100.0,30049572800.0,100.0,39154865598.0
2018-06-09,ZCH07F7F,ST12000NM0007,12000138625024,0,81,138395592,92,0,100,7,100,0,87,505287613,95,4934,100,0,100,6,,,,,100.0,0.0,100.0,38655295497.0,,,62.0,38.0,,,100.0,32.0,99.0,2305.0,38,38,100,0,100,0,200,6,100.0,4118.0,100.0,30118648472.0,100.0,39356261526.0
2018-06-10,ZCH07F7F,ST12000NM0007,12000138625024,0,83,185129504,92,0,100,7,100,0,87,507809294,95,4957,100,0,100,6,,,,,100.0,0.0,100.0,38655295497.0,,,62.0,38.0,,,100.0,32.0,99.0,2306.0,38,38,100,0,100,0,200,6,100.0,4141.0,100.0,30206184136.0,100.0,39559600486.0
2018-06-11,ZCH07F7F,ST12000NM0007,12000138625024,0,74,25495184,92,0,100,7,100,0,87,510397968,95,4982,100,0,100,6,,,,,100.0,0.0,100.0,38655295497.0,,,62.0,38.0,,,100.0,33.0,99.0,2307.0,38,38,100,0,100,0,200,6,100.0,4166.0,100.0,30287375984.0,100.0,39807055734.0
2018-06-12,ZCH07F7F,ST12000NM0007,12000138625024,0,79,79695120,92,0,100,7,100,0,87,513235072,95,5005,100,0,100,6,,,,,100.0,0.0,100.0,38655295497.0,,,62.0,38.0,,,100.0,33.0,99.0,2308.0,38,38,100,0,100,0,200,6,100.0,4189.0,100.0,30368442528.0,100.0,40024330030.0
2018-06-13,ZCH07F7F,ST12000NM0007,12000138625024,0,80,111317864,92,0,100,7,100,0,87,515658035,95,5029,100,0,100,6,,,,,100.0,0.0,100.0,38655295497.0,,,62.0,38.0,,,100.0,33.0,99.0,2309.0,38,38,100,0,100,0,200,6,100.0,4213.0,100.0,30450949016.0,100.0,40217586950.0
2018-06-14,ZCH07F7F,ST12000NM0007,12000138625024,0,82,153940192,92,0,100,7,100,0,87,518097545,95,5053,100,0,100,6,,,,,100.0,0.0,100.0,38655295497.0,,,62.0,38.0,,,100.0,33.0,99.0,2311.0,38,38,100,0,100,0,200,6,100.0,4237.0,100.0,30528590416.0,100.0,40426708558.0
2018-06-15,ZCH07F7F,ST12000NM0007,12000138625024,0,83.0,179826304.0,92.0,0.0,100.0,7.0,100.0,0.0,87.0,520409887.0,95.0,5078.0,100.0,0.0,100.0,6.0,,,,,100.0,0.0,100.0,38655295497.0,,,62.0,38.0,,,100.0,33.0,99.0,2312.0,38.0,38.0,100.0,0.0,100.0,0.0,200.0,6.0,100.0,4261.0,100.0,30608842056.0,100.0,40616483862.0
2018-06-16,ZCH07F7F,ST12000NM0007,12000138625024,0,68.0,6713344.0,92.0,0.0,100.0,7.0,100.0,0.0,87.0,522934879.0,95.0,5102.0,100.0,0.0,100.0,6.0,,,,,100.0,0.0,100.0,38655295497.0,,,61.0,39.0,,,100.0,33.0,99.0,2313.0,39.0,39.0,100.0,0.0,100.0,0.0,200.0,6.0,100.0,4285.0,100.0,30684577280.0,100.0,40855917038.0
2018-06-17,ZCH07F7F,ST12000NM0007,12000138625024,0,78.0,66522344.0,92.0,0.0,100.0,7.0,100.0,0.0,87.0,525428504.0,95.0,5125.0,100.0,0.0,100.0,6.0,,,,,100.0,0.0,100.0,38655295497.0,,,62.0,38.0,,,100.0,33.0,99.0,2314.0,38.0,38.0,100.0,0.0,100.0,0.0,200.0,6.0,100.0,4309.0,100.0,30777982160.0,100.0,41066462038.0
2018-06-18,ZCH07F7F,ST12000NM0007,12000138625024,0,82.0,151437968.0,92.0,0.0,100.0,7.0,100.0,0.0,87.0,527975586.0,95.0,5150.0,100.0,0.0,100.0,6.0,,,,,100.0,0.0,100.0,38655295497.0,,,61.0,39.0,,,100.0,33.0,99.0,2315.0,39.0,39.0,100.0,0.0,100.0,0.0,200.0,6.0,100.0,4333.0,100.0,30863406344.0,100.0,41310094134.0
2018-06-19,ZCH07F7F,ST12000NM0007,12000138625024,0,83,216426480,92,0,100,7,100,0,87,530864308,95,5173,100,0,100,6,,,,,100.0,0.0,100.0,38655295497.0,,,62.0,38.0,,,100.0,34.0,99.0,2316.0,38,38,100,0,100,0,200,6,100.0,4356.0,100.0,30957169648.0,100.0,41525460270.0
2018-06-20,ZCH07F7F,ST12000NM0007,12000138625024,0,73,21341648,92,0,100,7,100,0,87,533467438,95,5198,100,0,100,6,,,,,100.0,0.0,100.0,38655295497.0,,,61.0,39.0,,,100.0,34.0,99.0,2317.0,39,39,100,0,100,0,200,6,100.0,4381.0,100.0,31040868520.0,100.0,41734958054.0
2018-06-21,ZCH07F7F,ST12000NM0007,12000138625024,0,78,57820216,92,0,100,7,100,0,87,535728799,95,5222,100,0,100,6,,,,,100.0,0.0,100.0,38655295497.0,,,62.0,38.0,,,100.0,34.0,99.0,2318.0,38,38,100,0,100,0,200,6,100.0,4405.0,100.0,31109989744.0,100.0,41946456054.0
2018-06-22,ZCH07F7F,ST12000NM0007,12000138625024,0,79,73439064,92,0,100,7,100,0,87,537784294,95,5245,100,0,100,6,,,,,100.0,0.0,100.0,38655295497.0,,,61.0,39.0,,,100.0,35.0,99.0,2319.0,39,39,100,0,100,0,200,6,100.0,4428.0,100.0,31170421568.0,100.0,42145783918.0
2018-06-23,ZCH07F7F,ST12000NM0007,12000138625024,0,78,67966784,92,0,100,7,100,0,87,539862035,94,5270,100,0,100,6,,,,,100.0,0.0,100.0,38655295497.0,,,61.0,39.0,,,100.0,35.0,99.0,2320.0,39,39,100,0,100,0,200,6,100.0,4453.0,100.0,31235767888.0,100.0,42319106230.0
2018-06-24,ZCH07F7F,ST12000NM0007,12000138625024,0,79,72007080,92,0,100,7,100,0,87,541894755,94,5293,100,0,100,6,,,,,100.0,0.0,100.0,38655295497.0,,,62.0,38.0,,,100.0,35.0,99.0,2321.0,38,38,100,0,100,0,200,6,100.0,4476.0,100.0,31299882824.0,100.0,42503172502.0
2018-06-25,ZCH07F7F,ST12000NM0007,12000138625024,0,82,168635792,92,0,100,7,100,0,87,544846744,94,5318,100,0,100,6,,,,,100.0,0.0,100.0,38655295497.0,,,61.0,39.0,,,100.0,36.0,99.0,2322.0,39,39,100,0,100,0,200,6,100.0,4500.0,100.0,31389467640.0,100.0,42754357038.0
2018-06-26,ZCH07F7F,ST12000NM0007,12000138625024,0,82,162289440,92,0,100,7,100,0,87,547031300,94,5342,100,0,100,6,,,,,100.0,0.0,100.0,38655295497.0,,,61.0,39.0,,,100.0,36.0,99.0,2323.0,39,39,100,0,100,0,200,6,100.0,4525.0,100.0,31466941400.0,100.0,42914677782.0
2018-06-27,ZCH07F7F,ST12000NM0007,12000138625024,0,81,136874856,92,0,100,7,100,0,87,548967655,94,5365,100,0,100,6,,,,,100.0,0.0,100.0,38655295497.0,,,61.0,39.0,,,100.0,36.0,99.0,2324.0,39,39,100,0,100,0,200,6,100.0,4548.0,100.0,31530823320.0,100.0,43069521934.0
2018-06-28,ZCH07F7F,ST12000NM0007,12000138625024,0,82,175394672,92,0,100,7,100,0,87,551346806,94,5390,100,0,100,6,,,,,100.0,0.0,100.0,38655295497.0,,,62.0,38.0,,,100.0,37.0,99.0,2325.0,38,38,100,0,100,0,200,6,100.0,4572.0,100.0,31615401864.0,100.0,43267603950.0
2018-06-29,ZCH07F7F,ST12000NM0007,12000138625024,0,84,224378808,92,0,100,7,100,0,87,553628130,94,5413,100,0,100,6,,,,,100.0,0.0,100.0,38655295497.0,,,61.0,39.0,,,100.0,38.0,99.0,2326.0,39,39,100,0,100,0,200,6,100.0,4596.0,100.0,31685047040.0,100.0,43491083734.0
2018-06-30,ZCH07F7F,ST12000NM0007,12000138625024,0,77,48285312,92,0,100,7,100,0,87,556400509,94,5439,100,0,100,6,,,,,100.0,0.0,100.0,38655295497.0,,,62.0,38.0,,,100.0,38.0,99.0,2327.0,38,38,100,0,100,0,200,6,100.0,4621.0,100.0,31783972760.0,100.0,43704346662.0
2018-07-01,ZCH07F7F,ST12000NM0007,12000138625024,0,80,100738640,92,0,100,7,100,0,87,559054437,94,5462,100,0,100,6,,,,,100.0,0.0,100.0,38655295497.0,,,62.0,38.0,,,100.0,39.0,99.0,2328.0,38,38,100,0,100,0,200,6,100.0,4644.0,100.0,31856269744.0,100.0,43928643710.0
2018-07-02,ZCH07F7F,ST12000NM0007,12000138625024,0,81,135984224,92,0,100,7,100,0,87,561411251,94,5487,100,0,100,6,,,,,100.0,0.0,100.0,38655295497.0,,,62.0,38.0,,,100.0,40.0,99.0,2329.0,38,38,100,0,100,0,200,6,100.0,4669.0,100.0,31930079152.0,100.0,44134220550.0
2018-07-03,ZCH07F7F,ST12000NM0007,12000138625024,0,82,142979216,92,0,100,7,100,0,88,563645121,94,5510,100,0,100,6,,,,,100.0,0.0,100.0,38655295497.0,,,61.0,39.0,,,100.0,41.0,99.0,2330.0,39,39,100,0,100,0,200,6,100.0,4692.0,100.0,32000425864.0,100.0,44315009486.0
2018-07-04,ZCH07F7F,ST12000NM0007,12000138625024,0,81,141045912,92,0,100,7,100,0,88,565915943,94,5535,100,0,100,6,,,,,100.0,0.0,100.0,38655295497.0,,,62.0,38.0,,,100.0,41.0,99.0,2331.0,38,38,100,0,100,0,200,6,100.0,4716.0,100.0,32073541400.0,100.0,44484101438.0
2018-07-05,ZCH07F7F,ST12000NM0007,12000138625024,0,81,125558256,92,0,100,7,100,0,88,568412030,94,5559,100,0,100,6,,,,,100.0,0.0,100.0,38655295497.0,,,62.0,38.0,,,100.0,41.0,99.0,2332.0,38,38,100,0,100,0,200,6,100.0,4741.0,100.0,32146411936.0,100.0,44639883878.0
2018-07-06,ZCH07F7F,ST12000NM0007,12000138625024,0,82,152940232,92,0,100,7,100,0,88,570802317,94,5582,100,0,100,6,,,,,100.0,0.0,100.0,38655295497.0,,,63.0,37.0,,,100.0,41.0,99.0,2333.0,37,37,100,0,100,0,200,6,100.0,4764.0,100.0,32225254488.0,100.0,44832564150.0
2018-07-07,ZCH07F7F,ST12000NM0007,12000138625024,0,80,93768664,92,0,100,7,100,0,88,572718807,94,5607,100,0,100,6,,,,,100.0,0.0,100.0,38655295497.0,,,61.0,39.0,,,100.0,41.0,99.0,2334.0,39,39,100,0,100,0,200,6,100.0,4788.0,100.0,32298949040.0,100.0,44943838670.0
2018-07-08,ZCH07F7F,ST12000NM0007,12000138625024,0,78,68179416,92,0,100,7,100,0,88,574792080,94,5630,100,0,100,6,,,,,100.0,0.0,100.0,38655295497.0,,,62.0,38.0,,,100.0,41.0,99.0,2335.0,38,38,100,0,100,0,200,6,100.0,4811.0,100.0,32370768216.0,100.0,45090571022.0
2018-07-09,ZCH07F7F,ST12000NM0007,12000138625024,0,81,114953400,92,0,100,7,100,0,88,577173979,94,5655,100,0,100,6,,,,,100.0,0.0,100.0,38655295497.0,,,62.0,38.0,,,100.0,41.0,99.0,2336.0,38,38,100,0,100,0,200,6,100.0,4835.0,100.0,32443196880.0,100.0,45309057246.0
2018-07-10,ZCH07F7F,ST12000NM0007,12000138625024,0,80.0,98111416.0,92.0,0.0,100.0,7.0,100.0,0.0,88.0,579157520.0,94.0,5679.0,100.0,0.0,100.0,6.0,,,,,100.0,0.0,100.0,38655295497.0,,,63.0,37.0,,,100.0,42.0,99.0,2337.0,37.0,37.0,100.0,0.0,100.0,0.0,200.0,6.0,100.0,4859.0,100.0,32499949776.0,100.0,45479603078.0
2018-07-11,ZCH07F7F,ST12000NM0007,12000138625024,0,81,135337720,92,0,100,7,100,0,88,581555086,94,5702,100,0,100,6,,,,,100.0,0.0,100.0,38655295497.0,,,62.0,38.0,,,100.0,43.0,99.0,2338.0,38,38,100,0,100,0,200,6,100.0,4883.0,100.0,32556220720.0,100.0,45704699174.0
2018-07-12,ZCH07F7F,ST12000NM0007,12000138625024,0,79,76119784,92,0,100,7,100,0,88,583089517,94,5720,100,0,100,6,,,,,100.0,0.0,100.0,38655295497.0,,,62.0,38.0,,,100.0,43.0,99.0,2339.0,38,38,100,0,100,0,200,6,100.0,4900.0,100.0,32603749824.0,100.0,45842092846.0
2018-07-13,ZCH07F7F,ST12000NM0007,12000138625024,0,79,84022224,92,0,100,7,100,0,88,585300737,94,5745,100,0,100,6,,,,,100.0,0.0,100.0,38655295497.0,,,62.0,38.0,,,100.0,43.0,99.0,2340.0,38,38,100,0,100,0,200,6,100.0,4924.0,100.0,32657779880.0,100.0,46040105902.0
2018-07-14,ZCH07F7F,ST12000NM0007,12000138625024,0,82,166375208,92,0,100,7,100,0,88,587803301,94,5769,100,0,100,6,,,,,100.0,0.0,100.0,38655295497.0,,,62.0,38.0,,,100.0,44.0,99.0,2341.0,38,38,100,0,100,0,200,6,100.0,4948.0,100.0,32735707528.0,100.0,46288671918.0
2018-07-15,ZCH07F7F,ST12000NM0007,12000138625024,0,83,190079336,92,0,100,7,100,0,88,590013561,94,5792,100,0,100,6,,,,,100.0,0.0,100.0,38655295497.0,,,63.0,37.0,,,100.0,44.0,99.0,2342.0,37,37,100,0,100,0,200,6,100.0,4972.0,100.0,32804140504.0,100.0,46488083886.0
2018-07-16,ZCH07F7F,ST12000NM0007,12000138625024,0,83,208326856,92,0,100,7,100,0,88,592100351,94,5817,100,0,100,6,,,,,100.0,0.0,100.0,38655295497.0,,,62.0,38.0,,,100.0,45.0,99.0,2343.0,38,38,100,0,100,0,200,6,100.0,4996.0,100.0,32866416080.0,100.0,46688196486.0
2018-07-17,ZCH07F7F,ST12000NM0007,12000138625024,0,84,239122288,92,0,100,7,100,0,88,594708479,94,5840,100,0,100,6,,,,,100.0,0.0,100.0,38655295497.0,,,61.0,39.0,,,100.0,45.0,99.0,2344.0,39,39,100,0,100,0,200,6,100.0,5019.0,100.0,32940383480.0,100.0,46889165294.0
2018-07-18,ZCH07F7F,ST12000NM0007,12000138625024,0,84,240109984,92,0,100,7,100,0,88,596822193,94,5865,100,0,100,6,,,,,100.0,0.0,100.0,38655295497.0,,,62.0,38.0,,,100.0,45.0,99.0,2345.0,38,38,100,0,100,0,200,6,100.0,5044.0,100.0,32998010024.0,100.0,47076667230.0
2018-07-19,ZCH07F7F,ST12000NM0007,12000138625024,0,83,183917936,92,0,100,7,100,0,88,598682263,94,5888,100,0,100,6,,,,,100.0,0.0,100.0,38655295497.0,,,61.0,39.0,,,100.0,45.0,99.0,2346.0,39,39,100,0,100,0,200,6,100.0,5067.0,100.0,33054212136.0,100.0,47208413758.0
2018-07-20,ZCH07F7F,ST12000NM0007,12000138625024,0,83,203314480,92,0,100,7,100,0,88,600915694,94,5913,100,0,100,6,,,,,100.0,0.0,100.0,38655295497.0,,,60.0,40.0,,,100.0,45.0,99.0,2347.0,40,40,100,0,100,0,200,6,100.0,5091.0,100.0,33130188360.0,100.0,47395974798.0
2018-07-21,ZCH07F7F,ST12000NM0007,12000138625024,0,83,211344496,92,0,100,7,100,0,88,603053101,94,5936,100,0,100,6,,,,,100.0,0.0,100.0,38655295497.0,,,61.0,39.0,,,100.0,45.0,99.0,2348.0,39,39,100,0,100,0,200,6,100.0,5114.0,100.0,33214135888.0,100.0,47564198238.0
2018-07-22,ZCH07F7F,ST12000NM0007,12000138625024,0,84,230919960,92,0,100,7,100,0,88,605344661,94,5960,100,0,100,6,,,,,100.0,0.0,100.0,38655295497.0,,,61.0,39.0,,,100.0,46.0,99.0,2349.0,39,39,100,0,100,0,200,6,100.0,5139.0,100.0,33301557016.0,100.0,47740493406.0
2018-07-23,ZCH07F7F,ST12000NM0007,12000138625024,0,81,132787776,92,0,100,7,100,0,88,608572132,94,5985,100,0,100,6,,,,,100.0,0.0,100.0,38655295497.0,,,60.0,40.0,,,100.0,47.0,99.0,2350.0,40,40,100,0,100,0,200,6,100.0,5163.0,100.0,33420712048.0,100.0,48011487502.0
2018-07-24,ZCH07F7F,ST12000NM0007,12000138625024,0,81,126969936,92,0,100,7,100,0,88,610651913,94,6008,100,0,100,6,,,,,100.0,0.0,100.0,38655295497.0,,,61.0,39.0,,,100.0,47.0,99.0,2351.0,39,39,100,0,100,0,200,6,100.0,5186.0,100.0,33492905968.0,100.0,48177616374.0
2018-07-25,ZCH07F7F,ST12000NM0007,12000138625024,0,82.0,148747960.0,92.0,0.0,100.0,7.0,100.0,0.0,88.0,612821165.0,94.0,6033.0,100.0,0.0,100.0,6.0,,,,,100.0,0.0,100.0,38655295497.0,,,59.0,41.0,,,100.0,47.0,99.0,2352.0,41.0,41.0,100.0,0.0,100.0,0.0,200.0,6.0,100.0,5210.0,100.0,33553401944.0,100.0,48383039158.0
2018-07-26,ZCH07F7F,ST12000NM0007,12000138625024,0,82,153770856,92,0,100,7,100,0,88,614838014,94,6056,100,0,100,6,,,,,100.0,0.0,100.0,38655295497.0,,,60.0,40.0,,,100.0,47.0,99.0,2353.0,40,40,100,0,100,0,200,6,100.0,5234.0,100.0,33626890176.0,100.0,48558714726.0
2018-07-27,ZCH07F7F,ST12000NM0007,12000138625024,0,84,240628672,92,0,100,7,100,0,88,617326287,94,6085,100,0,100,6,,,,,100.0,0.0,100.0,38655295497.0,,,60.0,40.0,,,100.0,47.0,99.0,2359.0,40,40,100,0,100,0,200,6,100.0,5260.0,100.0,33707945344.0,100.0,48808658310.0
2018-07-28,ZCH07F7F,ST12000NM0007,12000138625024,0,77,45300680,92,0,100,7,100,0,88,620220598,94,6109,100,0,100,6,,,,,100.0,0.0,100.0,38655295497.0,,,60.0,40.0,,,100.0,48.0,99.0,2360.0,40,40,100,0,100,0,200,6,100.0,5284.0,100.0,33790128328.0,100.0,49019428838.0
2018-07-29,ZCH07F7F,ST12000NM0007,12000138625024,0,79,85107936,92,0,100,7,100,0,88,622672261,93,6133,100,0,100,6,,,,,100.0,0.0,100.0,38655295497.0,,,60.0,40.0,,,100.0,48.0,99.0,2361.0,40,40,100,0,100,0,200,6,100.0,5308.0,100.0,33870740400.0,100.0,49222764742.0
2018-07-30,ZCH07F7F,ST12000NM0007,12000138625024,0,81,132562752,92,0,100,7,100,0,88,625005651,93,6157,100,0,100,6,,,,,100.0,0.0,100.0,38655295497.0,,,60.0,40.0,,,100.0,48.0,99.0,2362.0,40,40,100,0,100,0,200,6,100.0,5332.0,100.0,33945885808.0,100.0,49439214798.0
2018-07-31,ZCH07F7F,ST12000NM0007,12000138625024,0,82,172986976,92,0,100,7,100,0,88,627554308,93,6181,100,0,100,6,,,,,100.0,0.0,100.0,38655295497.0,,,59.0,41.0,,,100.0,49.0,99.0,2363.0,41,41,100,0,100,0,200,6,100.0,5356.0,100.0,34046923456.0,100.0,49622742286.0
2018-08-01,ZCH07F7F,ST12000NM0007,12000138625024,0,83,221388416,92,0,100,7,100,0,88,630114040,93,6205,100,0,100,6,,,,,100.0,0.0,100.0,38655295497.0,,,60.0,40.0,,,100.0,49.0,99.0,2364.0,40,40,100,0,100,0,200,6,100.0,5380.0,100.0,34129444728.0,100.0,49832763102.0
2018-08-02,ZCH07F7F,ST12000NM0007,12000138625024,0,84,224819328,92,0,100,7,100,0,88,632290871,93,6229,100,0,100,6,,,,,100.0,0.0,100.0,38655295497.0,,,60.0,40.0,,,100.0,49.0,99.0,2365.0,40,40,100,0,100,0,200,6,100.0,5404.0,100.0,34193471560.0,100.0,50016307814.0
2018-08-03,ZCH07F7F,ST12000NM0007,12000138625024,0,79,75503408,92,0,100,7,100,0,88,635298139,93,6253,100,0,100,6,,,,,100.0,0.0,100.0,38655295497.0,,,61.0,39.0,,,100.0,49.0,99.0,2366.0,39,39,100,0,100,0,200,6,100.0,5427.0,100.0,34262542960.0,100.0,50286201830.0
2018-08-04,ZCH07F7F,ST12000NM0007,12000138625024,0,77,51091824,92,0,100,7,100,0,88,637124858,93,6277,100,0,100,6,,,,,100.0,0.0,100.0,38655295497.0,,,60.0,40.0,,,100.0,50.0,99.0,2367.0,40,40,100,0,100,0,200,6,100.0,5452.0,100.0,34317801144.0,100.0,50450672862.0
2018-08-05,ZCH07F7F,ST12000NM0007,12000138625024,0,77,46177752,92,0,100,7,100,0,88,639082231,93,6301,100,0,100,6,,,,,100.0,0.0,100.0,38655295497.0,,,61.0,39.0,,,100.0,51.0,99.0,2368.0,39,39,100,0,100,0,200,6,100.0,5475.0,100.0,34378904336.0,100.0,50628796254.0
2018-08-06,ZCH07F7F,ST12000NM0007,12000138625024,0,78,69037968,92,0,100,7,100,0,88,641182879,93,6325,100,0,100,6,,,,,100.0,0.0,100.0,38655295497.0,,,60.0,40.0,,,100.0,51.0,99.0,2369.0,40,40,100,0,100,0,200,6,100.0,5499.0,100.0,34445632584.0,100.0,50829069278.0
2018-08-07,ZCH07F7F,ST12000NM0007,12000138625024,0,80,102390024,92,0,100,7,100,0,88,643461880,93,6349,100,0,100,6,,,,,100.0,0.0,100.0,38655295497.0,,,60.0,40.0,,,100.0,51.0,99.0,2370.0,40,40,100,0,100,0,200,6,100.0,5524.0,100.0,34528962096.0,100.0,51023232590.0
2018-08-08,ZCH07F7F,ST12000NM0007,12000138625024,0,82,174576304,92,0,100,7,100,0,88,646232192,93,6373,100,0,100,6,,,,,100.0,0.0,100.0,38655295497.0,,,60.0,40.0,,,100.0,52.0,99.0,2371.0,40,40,100,0,100,0,200,6,100.0,5547.0,100.0,34650460888.0,100.0,51218060758.0
2018-08-09,ZCH07F7F,ST12000NM0007,12000138625024,0,84,239658896,92,0,100,7,100,0,88,649142510,93,6399,100,0,100,6,,,,,100.0,0.0,100.0,38655295497.0,,,59.0,41.0,,,100.0,53.0,99.0,2374.0,41,41,100,0,100,0,200,6,100.0,5572.0,100.0,34752598248.0,100.0,51425146814.0
2018-08-10,ZCH07F7F,ST12000NM0007,12000138625024,0,79,84119552,92,0,100,7,100,0,88,651923565,93,6423,100,0,100,6,,,,,100.0,0.0,100.0,38655295497.0,,,59.0,41.0,,,100.0,54.0,99.0,2375.0,41,41,100,0,100,0,200,6,100.0,5597.0,100.0,34831576672.0,100.0,51678910614.0
2018-08-11,ZCH07F7F,ST12000NM0007,12000138625024,0,81,113476616,92,0,100,7,100,0,88,654132158,93,6446,100,0,100,6,,,,,100.0,0.0,100.0,38655295497.0,,,59.0,41.0,,,100.0,55.0,99.0,2376.0,41,41,100,0,100,0,200,6,100.0,5620.0,100.0,34899554808.0,100.0,51884430358.0
2018-08-12,ZCH07F7F,ST12000NM0007,12000138625024,0,82,143122240,92,0,100,7,100,0,88,656491985,93,6471,100,0,100,6,,,,,100.0,0.0,100.0,38655295497.0,,,61.0,39.0,,,100.0,55.0,99.0,2377.0,39,39,100,0,100,0,200,6,100.0,5644.0,100.0,34970656032.0,100.0,52087115518.0
2018-08-13,ZCH07F7F,ST12000NM0007,12000138625024,0,83,199266632,92,0,100,7,100,0,88,658905525,93,6495,100,0,100,6,,,,,100.0,0.0,100.0,38655295497.0,,,61.0,39.0,,,100.0,55.0,99.0,2378.0,39,39,100,0,100,0,200,6,100.0,5668.0,100.0,35043216888.0,100.0,52314839974.0
2018-08-14,ZCH07F7F,ST12000NM0007,12000138625024,0,83.0,212330272.0,92.0,0.0,100.0,7.0,100.0,0.0,88.0,661250651.0,93.0,6519.0,100.0,0.0,100.0,6.0,,,,,100.0,0.0,100.0,38655295497.0,,,61.0,39.0,,,100.0,55.0,99.0,2379.0,39.0,39.0,100.0,0.0,100.0,0.0,200.0,6.0,100.0,5692.0,100.0,35131328400.0,100.0,52483933094.0
2018-08-15,ZCH07F7F,ST12000NM0007,12000138625024,0,83.0,221256112.0,92.0,0.0,100.0,7.0,100.0,0.0,88.0,663403866.0,93.0,6541.0,100.0,0.0,100.0,6.0,,,,,100.0,0.0,100.0,38655295497.0,,,61.0,39.0,,,100.0,55.0,99.0,2380.0,39.0,39.0,100.0,0.0,100.0,0.0,200.0,6.0,100.0,5714.0,100.0,35196286576.0,100.0,52672041518.0
2018-08-16,ZCH07F7F,ST12000NM0007,12000138625024,0,77,54250832,92,0,100,7,100,0,88,666349798,93,6565,100,0,100,6,,,,,100.0,0.0,100.0,38655295497.0,,,61.0,39.0,,,100.0,55.0,99.0,2381.0,39,39,100,0,100,0,200,6,100.0,5738.0,100.0,35283001888.0,100.0,52906602590.0
2018-08-17,ZCH07F7F,ST12000NM0007,12000138625024,0,80,94013600,92,0,100,7,100,0,88,668504805,93,6589,100,0,100,6,,,,,100.0,0.0,100.0,38655295497.0,,,61.0,39.0,,,100.0,55.0,99.0,2382.0,39,39,100,0,100,0,200,6,100.0,5762.0,100.0,35362303928.0,100.0,53111204038.0
2018-08-18,ZCH07F7F,ST12000NM0007,12000138625024,0,80,107025256,92,0,100,7,100,0,88,670447545,93,6613,100,0,100,6,,,,,100.0,0.0,100.0,38655295497.0,,,61.0,39.0,,,100.0,56.0,99.0,2383.0,39,39,100,0,100,0,200,6,100.0,5785.0,100.0,35432220352.0,100.0,53298440014.0
2018-08-19,ZCH07F7F,ST12000NM0007,12000138625024,0,81,119001424,92,0,100,7,100,0,88,672336925,93,6637,100,0,100,6,,,,,100.0,0.0,100.0,38655295497.0,,,61.0,39.0,,,100.0,57.0,99.0,2384.0,39,39,100,0,100,0,200,6,100.0,5810.0,100.0,35502698336.0,100.0,53484078934.0
2018-08-20,ZCH07F7F,ST12000NM0007,12000138625024,0,83,203022016,92,0,100,7,100,0,88,674710307,93,6662,100,0,100,6,,,,,100.0,0.0,100.0,38655295497.0,,,61.0,39.0,,,100.0,57.0,99.0,2385.0,39,39,100,0,100,0,200,6,100.0,5834.0,100.0,35584683096.0,100.0,53730255486.0
2018-08-21,ZCH07F7F,ST12000NM0007,12000138625024,0,83,214537080,92,0,100,7,100,0,88,677179548,93,6685,100,0,100,6,,,,,100.0,0.0,100.0,38655295497.0,,,62.0,38.0,,,100.0,57.0,99.0,2386.0,38,38,100,0,100,0,200,6,100.0,5858.0,100.0,35648046752.0,100.0,53922547654.0
2018-08-22,ZCH07F7F,ST12000NM0007,12000138625024,0,84,235645072,92,0,100,7,100,0,88,679289020,93,6709,100,0,100,6,,,,,100.0,0.0,100.0,38655295497.0,,,63.0,37.0,,,100.0,57.0,99.0,2387.0,37,37,100,0,100,0,200,6,100.0,5882.0,100.0,35723037464.0,100.0,54112805630.0
2018-08-23,ZCH07F7F,ST12000NM0007,12000138625024,0,84,241668040,92,0,100,7,100,0,88,681193143,93,6733,100,0,100,6,,,,,100.0,0.0,100.0,38655295497.0,,,63.0,37.0,,,100.0,57.0,99.0,2388.0,37,37,100,0,100,0,200,6,100.0,5905.0,100.0,35797540392.0,100.0,54288466478.0
2018-08-24,ZCH07F7F,ST12000NM0007,12000138625024,0,75,33906360,92,0,100,7,100,0,88,683287328,93,6757,100,0,100,6,,,,,100.0,0.0,100.0,38655295497.0,,,63.0,37.0,,,100.0,58.0,99.0,2389.0,37,37,100,0,100,0,200,6,100.0,5929.0,100.0,35881866208.0,100.0,54484660814.0
2018-08-25,ZCH07F7F,ST12000NM0007,12000138625024,0,78,57002424,92,0,100,7,100,0,88,685489628,93,6782,100,0,100,6,,,,,100.0,0.0,100.0,38655295497.0,,,63.0,37.0,,,100.0,58.0,99.0,2390.0,37,37,100,0,100,0,200,6,100.0,5954.0,100.0,35956873592.0,100.0,54676890262.0
2018-08-26,ZCH07F7F,ST12000NM0007,12000138625024,0,76,35729624,92,0,100,7,100,0,88,687450088,93,6805,100,0,100,6,,,,,100.0,0.0,100.0,38655295497.0,,,62.0,38.0,,,100.0,58.0,99.0,2391.0,38,38,100,0,100,0,200,6,100.0,5977.0,100.0,36025484552.0,100.0,54831147230.0
2018-08-27,ZCH07F7F,ST12000NM0007,12000138625024,0,82,156282256,92,0,100,7,100,0,88,690522570,93,6829,100,0,100,6,,,,,100.0,0.0,100.0,38655295497.0,,,62.0,38.0,,,100.0,58.0,99.0,2392.0,38,38,100,0,100,0,200,6,100.0,6001.0,100.0,36115343880.0,100.0,55105981590.0
2018-08-28,ZCH07F7F,ST12000NM0007,12000138625024,0,83,215651600,92,0,100,7,100,0,88,692868878,93,6853,100,0,100,6,,,,,100.0,0.0,100.0,38655295497.0,,,62.0,38.0,,,100.0,58.0,99.0,2393.0,38,38,100,0,100,0,200,6,100.0,6025.0,100.0,36198090528.0,100.0,55326745230.0
2018-08-29,ZCH07F7F,ST12000NM0007,12000138625024,0,84,239158744,92,0,100,7,100,0,88,694817566,93,6877,100,0,100,6,,,,,100.0,0.0,100.0,38655295497.0,,,62.0,38.0,,,100.0,59.0,99.0,2394.0,38,38,100,0,100,0,200,6,100.0,6049.0,100.0,36268226752.0,100.0,55524256918.0
2018-08-30,ZCH07F7F,ST12000NM0007,12000138625024,0,80,94486088,92,0,100,7,100,0,88,697434077,93,6904,100,0,100,6,,,,,100.0,0.0,100.0,38655295497.0,,,63.0,37.0,,,100.0,59.0,99.0,2395.0,37,37,100,0,100,0,200,6,100.0,6075.0,100.0,36351095376.0,100.0,55784997246.0
2018-08-31,ZCH07F7F,ST12000NM0007,12000138625024,0,82,151337056,92,0,100,7,100,0,88,699904120,93,6928,100,0,100,6,,,,,100.0,0.0,100.0,38655295497.0,,,63.0,37.0,,,100.0,59.0,99.0,2396.0,37,37,100,0,100,0,200,6,100.0,6100.0,100.0,36433254784.0,100.0,56003829518.0
2018-09-01,ZCH07F7F,ST12000NM0007,12000138625024,0,83,204596736,92,0,100,7,100,0,88,702491290,93,6952,100,0,100,6,,,,,100.0,0.0,100.0,38655295497.0,,,63.0,37.0,,,100.0,60.0,99.0,2397.0,37,37,100,0,100,0,200,6,100.0,6123.0,100.0,36526408208.0,100.0,56208076542.0
2018-09-02,ZCH07F7F,ST12000NM0007,12000138625024,0,83,185561320,92,0,100,7,100,0,88,704649371,93,6976,100,0,100,6,,,,,100.0,0.0,100.0,38655295497.0,,,62.0,38.0,,,100.0,60.0,99.0,2398.0,38,38,100,0,100,0,200,6,100.0,6147.0,100.0,36590020328.0,100.0,56369569734.0
2018-09-03,ZCH07F7F,ST12000NM0007,12000138625024,0,83,216995136,92,0,100,7,100,0,88,707452546,93,7000,100,0,100,6,,,,,100.0,0.0,100.0,38655295497.0,,,63.0,37.0,,,100.0,61.0,99.0,2399.0,37,37,100,0,100,0,200,6,100.0,6171.0,100.0,36661612864.0,100.0,56573551838.0
2018-09-04,ZCH07F7F,ST12000NM0007,12000138625024,0,83,220567432,92,0,100,7,100,0,89,709748679,92,7024,100,0,100,6,,,,,100.0,0.0,100.0,38655295497.0,,,63.0,37.0,,,100.0,61.0,99.0,2400.0,37,37,100,0,100,0,200,6,100.0,6195.0,100.0,36735442160.0,100.0,56747435518.0
2018-09-05,ZCH07F7F,ST12000NM0007,12000138625024,0,74,24747064,92,0,100,7,100,0,89,712157984,92,7047,100,0,100,6,,,,,100.0,0.0,100.0,38655295497.0,,,63.0,37.0,,,100.0,62.0,99.0,2401.0,37,37,100,0,100,0,200,6,100.0,6218.0,100.0,36818136552.0,100.0,56957202654.0
2018-09-06,ZCH07F7F,ST12000NM0007,12000138625024,0,68,5892368,92,0,100,7,100,0,89,714071786,92,7069,100,0,100,6,,,,,100.0,0.0,100.0,38655295497.0,,,63.0,37.0,,,100.0,62.0,99.0,2402.0,37,37,100,0,100,0,200,6,100.0,6240.0,100.0,36885683024.0,100.0,57114942350.0
2018-09-07,ZCH07F7F,ST12000NM0007,12000138625024,0,75,29722400,92,0,100,7,100,0,89,716343719,92,7092,100,0,100,6,,,,,100.0,0.0,100.0,38655295497.0,,,62.0,38.0,,,100.0,63.0,99.0,2403.0,38,38,100,0,100,0,200,6,100.0,6263.0,100.0,36959481600.0,100.0,57309114438.0
2018-09-08,ZCH07F7F,ST12000NM0007,12000138625024,0,78,59308600,92,0,100,7,100,0,89,718641321,92,7117,100,0,100,6,,,,,100.0,0.0,100.0,38655295497.0,,,62.0,38.0,,,100.0,63.0,99.0,2404.0,38,38,100,0,100,0,200,6,100.0,6287.0,100.0,37057382600.0,100.0,57484940526.0
2018-09-09,ZCH07F7F,ST12000NM0007,12000138625024,0,83,205515176,92,0,100,7,100,0,89,721448458,92,7141,100,0,100,6,,,,,100.0,0.0,100.0,38655295497.0,,,62.0,38.0,,,100.0,63.0,99.0,2405.0,38,38,100,0,100,0,200,6,100.0,6312.0,100.0,37177116608.0,100.0,57755553734.0
2018-09-10,ZCH07F7F,ST12000NM0007,12000138625024,0,78,57055960,92,0,100,7,100,0,89,724166717,92,7165,100,0,100,6,,,,,100.0,0.0,100.0,38655295497.0,,,62.0,38.0,,,100.0,63.0,99.0,2406.0,38,38,100,0,100,0,200,6,100.0,6335.0,100.0,37253310896.0,100.0,58019181934.0
2018-09-11,ZCH07F7F,ST12000NM0007,12000138625024,0,78,69656176,92,0,100,7,100,0,89,726085930,92,7189,100,0,100,6,,,,,100.0,0.0,100.0,38655295497.0,,,63.0,37.0,,,100.0,63.0,99.0,2407.0,37,37,100,0,100,0,200,6,100.0,6359.0,100.0,37317707296.0,100.0,58211526558.0
2018-09-12,ZCH07F7F,ST12000NM0007,12000138625024,0,78,63541120,92,0,100,7,100,0,89,727895123,92,7212,100,0,100,6,,,,,100.0,0.0,100.0,38655295497.0,,,62.0,38.0,,,100.0,63.0,99.0,2408.0,38,38,100,0,100,0,200,6,100.0,6382.0,100.0,37381577912.0,100.0,58385681622.0
2018-09-13,ZCH07F7F,ST12000NM0007,12000138625024,0,77,51941688,92,0,100,7,100,0,89,729760104,92,7234,100,0,100,6,,,,,100.0,0.0,100.0,38655295497.0,,,62.0,38.0,,,100.0,64.0,99.0,2409.0,38,38,100,0,100,0,200,6,100.0,6404.0,100.0,37455303784.0,100.0,58544497006.0
2018-09-14,ZCH07F7F,ST12000NM0007,12000138625024,0,81,138480128,92,0,100,7,100,0,89,732152026,92,7257,100,0,100,6,,,,,100.0,0.0,100.0,38655295497.0,,,62.0,38.0,,,100.0,65.0,99.0,2410.0,38,38,100,0,100,0,200,6,100.0,6427.0,100.0,37518841216.0,100.0,58811638750.0
2018-09-15,ZCH07F7F,ST12000NM0007,12000138625024,0,82,150996816,92,0,100,7,100,0,89,734534966,92,7282,100,0,100,6,,,,,100.0,0.0,100.0,38655295497.0,,,62.0,38.0,,,100.0,65.0,99.0,2411.0,38,38,100,0,100,0,200,6,100.0,6451.0,100.0,37600592776.0,100.0,58986544734.0
2018-09-16,ZCH07F7F,ST12000NM0007,12000138625024,0,82,169971240,92,0,100,7,100,0,89,736752752,92,7305,100,0,100,6,,,,,100.0,0.0,100.0,38655295497.0,,,61.0,39.0,,,100.0,65.0,99.0,2412.0,39,39,100,0,100,0,200,6,100.0,6475.0,100.0,37657493264.0,100.0,59192759334.0
2018-09-17,ZCH07F7F,ST12000NM0007,12000138625024,0,70,11168464,92,0,100,7,100,0,89,739177235,92,7330,100,0,100,6,,,,,100.0,0.0,100.0,38655295497.0,,,62.0,38.0,,,100.0,66.0,99.0,2413.0,38,38,100,0,100,0,200,6,100.0,6500.0,100.0,37746052040.0,100.0,59433679534.0
2018-09-18,ZCH07F7F,ST12000NM0007,12000138625024,0,78,59390992,92,0,100,7,100,0,89,741653965,92,7354,100,0,100,6,,,,,100.0,0.0,100.0,38655295497.0,,,61.0,39.0,,,100.0,66.0,99.0,2414.0,39,39,100,0,100,0,200,6,100.0,6523.0,100.0,37823866728.0,100.0,59648228070.0
2018-09-19,ZCH07F7F,ST12000NM0007,12000138625024,0,76,37344120,92,0,100,7,100,0,89,743320707,92,7377,100,0,100,6,,,,,100.0,0.0,100.0,38655295497.0,,,61.0,39.0,,,100.0,66.0,99.0,2415.0,39,39,100,0,100,0,200,6,100.0,6547.0,100.0,37885969608.0,100.0,59808219006.0
2018-09-20,ZCH07F7F,ST12000NM0007,12000138625024,0,78,58170024,92,0,100,7,100,0,89,745361370,92,7402,100,0,100,6,,,,,100.0,0.0,100.0,38655295497.0,,,62.0,38.0,,,100.0,66.0,99.0,2416.0,38,38,100,0,100,0,200,6,100.0,6571.0,100.0,37965145880.0,100.0,59994009670.0
2018-09-21,ZCH07F7F,ST12000NM0007,12000138625024,0,80,100746496,92,0,100,7,100,0,89,747319891,92,7425,100,0,100,6,,,,,100.0,0.0,100.0,38655295497.0,,,61.0,39.0,,,100.0,67.0,99.0,2417.0,39,39,100,0,100,0,200,6,100.0,6594.0,100.0,38048875888.0,100.0,60196996886.0
2018-09-22,ZCH07F7F,ST12000NM0007,12000138625024,0,80,105100816,92,0,100,7,100,0,89,749234974,92,7449,100,0,100,6,,,,,100.0,0.0,100.0,38655295497.0,,,61.0,39.0,,,100.0,67.0,99.0,2418.0,39,39,100,0,100,0,200,6,100.0,6618.0,100.0,38125904112.0,100.0,60368463822.0
2018-09-23,ZCH07F7F,ST12000NM0007,12000138625024,0,82,171286800,92,0,100,7,100,0,89,751667958,92,7473,100,0,100,6,,,,,100.0,0.0,100.0,38655295497.0,,,61.0,39.0,,,100.0,67.0,99.0,2419.0,39,39,100,0,100,0,200,6,100.0,6642.0,100.0,38227500688.0,100.0,60577194006.0
2018-09-24,ZCH07F7F,ST12000NM0007,12000138625024,0,83,212938464,92,0,100,7,100,0,89,754201593,92,7498,100,0,100,6,,,,,100.0,0.0,100.0,38655295497.0,,,61.0,39.0,,,100.0,67.0,99.0,2420.0,39,39,100,0,100,0,200,6,100.0,6667.0,100.0,38319171168.0,100.0,60771315974.0
2018-09-25,ZCH07F7F,ST12000NM0007,12000138625024,0,84,237814128,92,0,100,7,100,0,89,756490434,92,7521,100,0,100,6,,,,,100.0,0.0,100.0,38655295497.0,,,60.0,40.0,,,100.0,68.0,99.0,2421.0,40,40,100,0,100,0,200,6,100.0,6690.0,100.0,38399684920.0,100.0,60959818550.0
2018-09-26,ZCH07F7F,ST12000NM0007,12000138625024,0,73,18666288,92,0,100,7,100,0,89,758578068,92,7546,100,0,100,6,,,,,100.0,0.0,100.0,38655295497.0,,,61.0,39.0,,,100.0,68.0,99.0,2422.0,39,39,100,0,100,0,200,6,100.0,6714.0,100.0,38473757024.0,100.0,61154880294.0
2018-09-27,ZCH07F7F,ST12000NM0007,12000138625024,0,83,222602530,92,0,100,7,100,0,89,760207002,92,7568,100,0,100,6,,,,,100.0,0.0,100.0,38655295497.0,,,60.0,40.0,,,100.0,68.0,99.0,2427.0,40,40,100,0,100,0,200,6,100.0,6736.0,100.0,38527127032.0,100.0,61305446528.0
2018-09-28,ZCH07F7F,ST12000NM0007,12000138625024,0,80,103220016,92,0,100,7,100,0,89,763269217,92,7594,100,0,100,6,,,,,100.0,0.0,100.0,38655295497.0,,,61.0,39.0,,,100.0,69.0,99.0,2429.0,39,39,100,0,100,0,200,6,100.0,6762.0,100.0,38616600792.0,100.0,61584871616.0
2018-09-29,ZCH07F7F,ST12000NM0007,12000138625024,0,83,198989416,92,0,100,7,100,0,89,765698243,92,7617,100,0,100,6,,,,,100.0,0.0,100.0,38655295497.0,,,61.0,39.0,,,100.0,70.0,99.0,2430.0,39,39,100,0,100,0,200,6,100.0,6785.0,100.0,38707070672.0,100.0,61834311928.0
2018-09-30,ZCH07F7F,ST12000NM0007,12000138625024,0,83,189215984,92,0,100,7,100,0,89,767797990,92,7642,100,0,100,6,,,,,100.0,0.0,100.0,38655295497.0,,,62.0,38.0,,,100.0,71.0,99.0,2431.0,38,38,100,0,100,0,200,6,100.0,6809.0,100.0,38791512232.0,100.0,61984237672.0
2018-10-01,ZCH07F7F,ST12000NM0007,12000138625024,0,83,213338944,92,0,100,7,100,0,89,770160884,92,7665,100,0,100,6,,,,,100.0,0.0,100.0,38655295497.0,,,62.0,38.0,,,100.0,72.0,99.0,2432.0,38,38,100,0,100,0,200,6,100.0,6833.0,100.0,38872570696.0,100.0,62171442832.0
2018-10-02,ZCH07F7F,ST12000NM0007,12000138625024,0,79,76281896,92,0,100,7,100,0,89,772820801,92,7689,100,0,100,6,,,,,100.0,0.0,100.0,38655295497.0,,,62.0,38.0,,,100.0,72.0,99.0,2433.0,38,38,100,0,100,0,200,6,100.0,6856.0,100.0,38990871944.0,100.0,62404366040.0
2018-10-03,ZCH07F7F,ST12000NM0007,12000138625024,0,81,115079552,92,0,100,7,100,0,89,775127386,92,7714,100,0,100,6,,,,,100.0,0.0,100.0,38655295497.0,,,63.0,37.0,,,100.0,73.0,99.0,2434.0,37,37,100,0,100,0,200,6,100.0,6881.0,100.0,39080317664.0,100.0,62597858696.0
2018-10-04,ZCH07F7F,ST12000NM0007,12000138625024,0,82.0,164540952.0,92.0,0.0,100.0,7.0,100.0,0.0,89.0,777506661.0,92.0,7738.0,100.0,0.0,100.0,6.0,,,,,100.0,0.0,100.0,38655295497.0,,,62.0,38.0,,,100.0,74.0,99.0,2435.0,38.0,38.0,100.0,0.0,100.0,0.0,200.0,6.0,100.0,6905.0,100.0,39151507400.0,100.0,62820271192.0
2018-10-05,ZCH07F7F,ST12000NM0007,12000138625024,0,83,189592992,92,0,100,7,100,0,89,779674365,92,7761,100,0,100,6,,,,,100.0,0.0,100.0,38655295497.0,,,63.0,37.0,,,100.0,75.0,99.0,2436.0,37,37,100,0,100,0,200,6,100.0,6928.0,100.0,39230168608.0,100.0,63010802696.0
2018-10-06,ZCH07F7F,ST12000NM0007,12000138625024,0,82,162237928,92,0,100,7,100,0,89,781738050,92,7786,100,0,100,6,,,,,100.0,0.0,100.0,38655295497.0,,,64.0,36.0,,,100.0,75.0,99.0,2437.0,36,36,100,0,100,0,200,6,100.0,6952.0,100.0,39317415024.0,100.0,63140342008.0
2018-10-07,ZCH07F7F,ST12000NM0007,12000138625024,0,82,150605288,92,0,100,7,100,0,89,783884740,92,7809,100,0,100,6,,,,,100.0,0.0,100.0,38655295497.0,,,64.0,36.0,,,100.0,75.0,99.0,2438.0,36,36,100,0,100,0,200,6,100.0,6976.0,100.0,39402038696.0,100.0,63288226464.0
2018-10-08,ZCH07F7F,ST12000NM0007,12000138625024,0,79,83109832,92,0,100,7,100,0,89,786706063,92,7834,100,0,100,6,,,,,100.0,0.0,100.0,38655295497.0,,,65.0,35.0,,,100.0,76.0,99.0,2439.0,35,35,100,0,100,0,200,6,100.0,7000.0,100.0,39494067936.0,100.0,63616983064.0
2018-10-09,ZCH07F7F,ST12000NM0007,12000138625024,0,77.0,44744408.0,92.0,0.0,100.0,7.0,100.0,0.0,89.0,788583257.0,92.0,7857.0,100.0,0.0,100.0,6.0,,,,,100.0,0.0,100.0,38655295497.0,,,64.0,36.0,,,100.0,76.0,99.0,2440.0,36.0,36.0,100.0,0.0,100.0,0.0,200.0,6.0,100.0,7024.0,100.0,39560660368.0,100.0,63756165936.0
2018-10-10,ZCH07F7F,ST12000NM0007,12000138625024,0,79,78559984,92,0,100,7,100,0,89,790980268,92,7882,100,0,100,6,,,,,100.0,0.0,100.0,38655295497.0,,,63.0,37.0,,,100.0,76.0,99.0,2441.0,37,37,100,0,100,0,200,6,100.0,7048.0,100.0,39637206752.0,100.0,63957575864.0
2018-10-11,ZCH07F7F,ST12000NM0007,12000138625024,0,79,72801880,92,0,100,7,100,0,89,792979340,91,7905,100,0,100,6,,,,,100.0,0.0,100.0,38655295497.0,,,64.0,36.0,,,100.0,77.0,99.0,2442.0,36,36,100,0,100,0,200,6,100.0,7071.0,100.0,39699011464.0,100.0,64134154008.0
2018-10-12,ZCH07F7F,ST12000NM0007,12000138625024,0,80,102495304,92,0,100,7,100,0,89,795288619,91,7930,100,0,100,6,,,,,100.0,0.0,100.0,38655295497.0,,,64.0,36.0,,,100.0,78.0,99.0,2443.0,36,36,100,0,100,0,200,6,100.0,7096.0,100.0,39787865152.0,100.0,64319134472.0
2018-10-13,ZCH07F7F,ST12000NM0007,12000138625024,0,81,130888176,92,0,100,7,100,0,89,797584926,91,7953,100,0,100,6,,,,,100.0,0.0,100.0,38655295497.0,,,63.0,37.0,,,100.0,78.0,99.0,2444.0,37,37,100,0,100,0,200,6,100.0,7119.0,100.0,39863293376.0,100.0,64516239752.0
2018-10-14,ZCH07F7F,ST12000NM0007,12000138625024,0,79,84852456,92,0,100,7,100,0,89,799592359,91,7978,100,0,100,6,,,,,100.0,0.0,100.0,38655295497.0,,,63.0,37.0,,,100.0,79.0,99.0,2445.0,37,37,100,0,100,0,200,6,100.0,7144.0,100.0,39936192160.0,100.0,64641445976.0
2018-10-15,ZCH07F7F,ST12000NM0007,12000138625024,0,81,125192088,92,0,100,7,100,0,89,801859210,91,8002,100,0,100,6,,,,,100.0,0.0,100.0,38655295497.0,,,63.0,37.0,,,100.0,79.0,99.0,2446.0,37,37,100,0,100,0,200,6,100.0,7168.0,100.0,40002121056.0,100.0,64859997512.0
2018-10-16,ZCH07F7F,ST12000NM0007,12000138625024,0,80,110950680,92,0,100,7,100,0,89,804121951,91,8025,100,0,100,6,,,,,100.0,0.0,100.0,38655295497.0,,,64.0,36.0,,,100.0,80.0,99.0,2447.0,36,36,100,0,100,0,200,6,100.0,7191.0,100.0,40079521320.0,100.0,65012496800.0
2018-10-17,ZCH07F7F,ST12000NM0007,12000138625024,0,82,160554256,92,0,100,7,100,0,89,806433054,91,8050,100,0,100,6,,,,,100.0,0.0,100.0,38655295497.0,,,63.0,37.0,,,100.0,80.0,99.0,2448.0,37,37,100,0,100,0,200,6,100.0,7216.0,100.0,40173320544.0,100.0,65212441952.0
2018-10-18,ZCH07F7F,ST12000NM0007,12000138625024,0,83,209149320,92,0,100,7,100,0,89,809104411,91,8078,100,0,100,6,,,,,100.0,0.0,100.0,38655295497.0,,,63.0,37.0,,,100.0,80.0,99.0,2449.0,37,37,100,0,100,0,200,6,100.0,7244.0,100.0,40280938768.0,100.0,65397559584.0
2018-10-19,ZCH07F7F,ST12000NM0007,12000138625024,0,75,31590056,92,0,100,7,100,0,89,811661329,91,8103,100,0,100,6,,,,,100.0,0.0,100.0,38655295497.0,,,64.0,36.0,,,100.0,81.0,99.0,2450.0,36,36,100,0,100,0,200,6,100.0,7269.0,100.0,40373468656.0,100.0,65615751744.0
2018-10-20,ZCH07F7F,ST12000NM0007,12000138625024,0,73,21128936,92,0,100,7,100,0,89,813898577,91,8126,100,0,100,6,,,,,100.0,0.0,100.0,38655295497.0,,,64.0,36.0,,,100.0,82.0,99.0,2451.0,36,36,100,0,100,0,200,6,100.0,7292.0,100.0,40453202672.0,100.0,65769697360.0
2018-10-21,ZCH07F7F,ST12000NM0007,12000138625024,0,83,214872712,92,0,100,7,100,0,89,815860037,91,8151,100,0,100,6,,,,,100.0,0.0,100.0,38655295497.0,,,64.0,36.0,,,100.0,83.0,99.0,2452.0,36,36,100,0,100,0,200,6,100.0,7316.0,100.0,40518675312.0,100.0,65897968496.0
2018-10-22,ZCH07F7F,ST12000NM0007,12000138625024,0,100,98280,92,0,100,7,100,0,89,818164244,91,8174,100,0,100,6,,,,,100.0,0.0,100.0,38655295497.0,,,64.0,36.0,,,100.0,84.0,99.0,2453.0,36,36,100,0,100,0,200,6,100.0,7340.0,100.0,40604092032.0,100.0,66086058720.0
2018-10-23,ZCH07F7F,ST12000NM0007,12000138625024,0,84,242982928,92,0,100,7,100,0,89,820982035,91,8199,100,0,100,6,,,,,100.0,0.0,100.0,38655295497.0,,,64.0,36.0,,,100.0,85.0,99.0,2454.0,36,36,100,0,100,0,200,6,100.0,7364.0,100.0,40684078360.0,100.0,66248957040.0
2018-10-24,ZCH07F7F,ST12000NM0007,12000138625024,0,84,229096416,92,0,100,7,100,0,89,823377554,91,8223,100,0,100,6,,,,,100.0,0.0,100.0,38655295497.0,,,64.0,36.0,,,100,85,99.0,2455.0,36,36,100,0,100,0,200,6,100.0,7389.0,100.0,40765250720.0,100.0,66398038976.0
2018-10-25,ZCH07F7F,ST12000NM0007,12000138625024,0,81,136366872,92,0,100,7,100,0,89,824905639,91,8243,100,0,100,6,,,,,100.0,0.0,100.0,38655295497.0,,,63.0,37.0,,,100.0,85.0,99.0,2456.0,37,37,100,0,100,0,200,6,100.0,7408.0,100.0,40829776528.0,100.0,66484924432.0
2018-10-26,ZCH07F7F,ST12000NM0007,12000138625024,0,83,180141080,92,0,100,7,100,0,89,827230246,91,8267,100,0,100,6,,,,,100.0,0.0,100.0,38655295497.0,,,63.0,37.0,,,100.0,86.0,99.0,2458.0,37,37,100,0,100,0,200,6,100.0,7432.0,100.0,40899162608.0,100.0,66703453384.0
2018-10-27,ZCH07F7F,ST12000NM0007,12000138625024,0,81,118900944,92,0,100,7,100,0,89,829066771,91,8290,100,0,100,6,,,,,100.0,0.0,100.0,38655295497.0,,,63.0,37.0,,,100.0,87.0,99.0,2459.0,37,37,100,0,100,0,200,6,100.0,7456.0,100.0,40975111880.0,100.0,66810404712.0
2018-10-28,ZCH07F7F,ST12000NM0007,12000138625024,0,81,137268408,92,0,100,7,100,0,89,831203401,91,8315,100,0,100,6,,,,,100.0,0.0,100.0,38655295497.0,,,63.0,37.0,,,100.0,88.0,99.0,2460.0,37,37,100,0,100,0,200,6,100.0,7480.0,100.0,41058739888.0,100.0,66989285040.0
2018-10-29,ZCH07F7F,ST12000NM0007,12000138625024,0,81,125877880,92,0,100,7,100,0,89,833434569,91,8339,100,0,100,6,,,,,100.0,0.0,100.0,38655295497.0,,,62.0,38.0,,,100.0,88.0,99.0,2461.0,38,38,100,0,100,0,200,6,100.0,7504.0,100.0,41128383784.0,100.0,67152391256.0
2018-10-30,ZCH07F7F,ST12000NM0007,12000138625024,0,83,220537304,92,0,100,7,100,0,89,836341472,91,8363,100,0,100,6,,,,,100.0,0.0,100.0,38655295497.0,,,63.0,37.0,,,100.0,89.0,99.0,2462.0,37,37,100,0,100,0,200,6,100.0,7528.0,100.0,41184140448.0,100.0,67435434720.0
2018-10-31,ZCH07F7F,ST12000NM0007,12000138625024,0,83,193377936,92.0,0.0,100.0,7.0,100.0,0.0,89.0,838490329.0,91,8387,100.0,0.0,100,6,,,,,100.0,0.0,100.0,38655295497.0,,,63.0,37.0,,,100.0,90.0,99.0,2463.0,37,37,100.0,0.0,100.0,0.0,200.0,6.0,100.0,7552.0,100.0,41260510440.0,100.0,67576046000.0
2018-11-01,ZCH07F7F,ST12000NM0007,12000138625024,0,83,197168328,92.0,0.0,100.0,7.0,100.0,0.0,89.0,840702870.0,91,8416,100.0,0.0,100,6,,,,,100.0,0.0,100.0,38655295497.0,,,63.0,37.0,,,100.0,90.0,99.0,2464.0,37,37,100.0,0.0,100.0,0.0,200.0,6.0,100.0,7581.0,100.0,41335482440.0,100.0,67749005024.0
2018-11-02,ZCH07F7F,ST12000NM0007,12000138625024,0,83,184266680,92.0,0.0,100.0,7.0,100.0,0.0,89.0,842886849.0,91,8440,100.0,0.0,100,6,,,,,100.0,0.0,100.0,38655295497.0,,,63.0,37.0,,,100.0,90.0,99.0,2465.0,37,37,100.0,0.0,100.0,0.0,200.0,6.0,100.0,7605.0,100.0,41417773648.0,100.0,67897953088.0
2018-11-03,ZCH07F7F,ST12000NM0007,12000138625024,0,81,119104024,92.0,0.0,100.0,7.0,100.0,0.0,89.0,844654728.0,91,8464,100.0,0.0,100,6,,,,,100.0,0.0,100.0,38655295497.0,,,63.0,37.0,,,100.0,90.0,99.0,2466.0,37,37,100.0,0.0,100.0,0.0,200.0,6.0,100.0,7629.0,100.0,41485713768.0,100.0,68008991136.0
2018-11-04,ZCH07F7F,ST12000NM0007,12000138625024,0,81,122338160,92.0,0.0,100.0,7.0,100.0,0.0,89.0,846934634.0,91,8488,100.0,0.0,100,6,,,,,100.0,0.0,100.0,38655295497.0,,,62.0,38.0,,,100.0,91.0,99.0,2467.0,38,38,100.0,0.0,100.0,0.0,200.0,6.0,100.0,7653.0,100.0,41577240504.0,100.0,68164839248.0
2018-11-05,ZCH07F7F,ST12000NM0007,12000138625024,0,81,131500992,92.0,0.0,100.0,7.0,100.0,0.0,89.0,849299461.0,91,8511,100.0,0.0,100,6,,,,,100.0,0.0,100.0,38655295497.0,,,63.0,37.0,,,100.0,92.0,99.0,2468.0,37,37,100.0,0.0,100.0,0.0,200.0,6.0,100.0,7676.0,100.0,41650675856.0,100.0,68344707488.0
2018-11-06,ZCH07F7F,ST12000NM0007,12000138625024,0,82.0,146029408.0,92.0,0.0,100.0,7.0,100.0,0.0,89.0,851635764.0,91.0,8536.0,100.0,0.0,100.0,6.0,,,,,100.0,0.0,100.0,38655295497.0,,,62.0,38.0,,,100.0,92.0,99.0,2469.0,38.0,38.0,100.0,0.0,100.0,0.0,200.0,6.0,100.0,7700.0,100.0,41732210384.0,100.0,68521842064.0
2018-11-07,ZCH07F7F,ST12000NM0007,12000138625024,0,81.0,138066056.0,92.0,0.0,100.0,7.0,100.0,0.0,89.0,854278055.0,91.0,8560.0,100.0,0.0,100.0,6.0,,,,,100.0,0.0,100.0,38655295497.0,,,63.0,37.0,,,100.0,92.0,99.0,2470.0,37.0,37.0,100.0,0.0,100.0,0.0,200.0,6.0,100.0,7724.0,100.0,41793507544.0,100.0,68696722288.0
2018-11-08,ZCH07F7F,ST12000NM0007,12000138625024,0,80.0,100021592.0,92.0,0.0,100.0,7.0,100.0,0.0,89.0,856009918.0,91.0,8582.0,100.0,0.0,100.0,6.0,,,,,100.0,0.0,100.0,38655295497.0,,,62.0,38.0,,,100.0,92.0,99.0,2471.0,38.0,38.0,100.0,0.0,100.0,0.0,200.0,6.0,100.0,7746.0,100.0,41854299224.0,100.0,68842027000.0
2018-11-09,ZCH07F7F,ST12000NM0007,12000138625024,0,81,112425296,92.0,0.0,100.0,7.0,100.0,0.0,89.0,858291136.0,91,8606,100.0,0.0,100,6,,,,,100.0,0.0,100.0,38655295497.0,,,62.0,38.0,,,100.0,93.0,99.0,2472.0,38,38,100.0,0.0,100.0,0.0,200.0,6.0,100.0,7771.0,100.0,41964563768.0,100.0,68988306800.0
2018-11-10,ZCH07F7F,ST12000NM0007,12000138625024,0,81,123098496,92.0,0.0,100.0,7.0,100.0,0.0,89.0,860474791.0,91,8630,100.0,0.0,100,6,,,,,100.0,0.0,100.0,38655295497.0,,,62.0,38.0,,,100.0,93.0,99.0,2473.0,38,38,100.0,0.0,100.0,0.0,200.0,6.0,100.0,7795.0,100.0,42046937752.0,100.0,69160746872.0
2018-11-11,ZCH07F7F,ST12000NM0007,12000138625024,0,82,152720752,92.0,0.0,100.0,7.0,100.0,0.0,89.0,863055692.0,91,8655,100.0,0.0,100,6,,,,,100.0,0.0,100.0,38655295497.0,,,62.0,38.0,,,100.0,93.0,99.0,2474.0,38,38,100.0,0.0,100.0,0.0,200.0,6.0,100.0,7819.0,100.0,42162052528.0,100.0,69319395024.0
2018-11-12,ZCH07F7F,ST12000NM0007,12000138625024,0,84,235526672,92.0,0.0,100.0,7.0,100.0,0.0,89.0,865917593.0,91,8679,100.0,0.0,100,6,,,,,100.0,0.0,100.0,38655295497.0,,,63.0,37.0,,,100.0,94.0,99.0,2475.0,37,37,100.0,0.0,100.0,0.0,200.0,6.0,100.0,7842.0,100.0,42248964600.0,100.0,69559429504.0
2018-11-13,ZCH07F7F,ST12000NM0007,12000138625024,0,77,53164840,92.0,0.0,100.0,7.0,100.0,0.0,89.0,868544785.0,91,8703,100.0,0.0,100,6,,,,,100.0,0.0,100.0,38655295497.0,,,63.0,37.0,,,100.0,94.0,99.0,2476.0,37,37,100.0,0.0,100.0,0.0,200.0,6.0,100.0,7866.0,100.0,42334901936.0,100.0,69779411632.0
2018-11-14,ZCH07F7F,ST12000NM0007,12000138625024,0,81,119787512,92.0,0.0,100.0,7.0,100.0,0.0,89.0,871719949.0,91,8726,100.0,0.0,100,6,,,,,100.0,0.0,100.0,38655295497.0,,,62.0,38.0,,,100.0,94.0,99.0,2477.0,38,38,100.0,0.0,100.0,0.0,200.0,6.0,100.0,7890.0,100.0,42438596112.0,100.0,69986481384.0
2018-11-15,ZCH07F7F,ST12000NM0007,12000138625024,0,81,124243784,92.0,0.0,100.0,7.0,100.0,0.0,89.0,873839686.0,91,8751,100.0,0.0,100,6,,,,,100.0,0.0,100.0,38655295497.0,,,62.0,38.0,,,100.0,94.0,99.0,2478.0,38,38,100.0,0.0,100.0,0.0,200.0,6.0,100.0,7914.0,100.0,42505394072.0,100.0,70168280456.0
2018-11-16,ZCH07F7F,ST12000NM0007,12000138625024,0,81,125475560,92.0,0.0,100.0,7.0,100.0,0.0,89.0,876002748.0,90,8775,100.0,0.0,100,6,,,,,100.0,0.0,100.0,38655295497.0,,,62.0,38.0,,,100.0,94.0,99.0,2479.0,38,38,100.0,0.0,100.0,0.0,200.0,6.0,100.0,7938.0,100.0,42575702520.0,100.0,70343344664.0
2018-11-17,ZCH07F7F,ST12000NM0007,12000138625024,0,81.0,114898008.0,92.0,0.0,100.0,7.0,100.0,0.0,89.0,877850210.0,90.0,8799.0,100.0,0.0,100.0,6.0,,,,,100.0,0.0,100.0,38655295497.0,,,62.0,38.0,,,100.0,95.0,99.0,2480.0,38.0,38.0,100.0,0.0,100.0,0.0,200.0,6.0,100.0,7962.0,100.0,42648613840.0,100.0,70503996616.0
2018-11-18,ZCH07F7F,ST12000NM0007,12000138625024,0,79,76199464,92.0,0.0,100.0,7.0,100.0,0.0,89.0,879614946.0,90,8822,100.0,0.0,100,6,,,,,100.0,0.0,100.0,38655295497.0,,,62.0,38.0,,,100.0,96.0,99.0,2481.0,38,38,100.0,0.0,100.0,0.0,200.0,6.0,100.0,7985.0,100.0,42709181584.0,100.0,70648871032.0
2018-11-19,ZCH07F7F,ST12000NM0007,12000138625024,0,80,105146144,92.0,0.0,100.0,7.0,100.0,0.0,89.0,881912252.0,90,8847,100.0,0.0,100,6,,,,,100.0,0.0,100.0,38655295497.0,,,62.0,38.0,,,100.0,97.0,99.0,2482.0,38,38,100.0,0.0,100.0,0.0,200.0,6.0,100.0,8010.0,100.0,42785728080.0,100.0,70845411888.0
2018-11-20,ZCH07F7F,ST12000NM0007,12000138625024,0,78,66920736,92.0,0.0,100.0,7.0,100.0,0.0,89.0,883830546.0,90,8870,100.0,0.0,100,6,,,,,100.0,0.0,100.0,38655295497.0,,,61.0,39.0,,,100.0,97.0,99.0,2483.0,39,39,100.0,0.0,100.0,0.0,200.0,6.0,100.0,8033.0,100.0,42852093952.0,100.0,70984961256.0
2018-11-21,ZCH07F7F,ST12000NM0007,12000138625024,0,73,21193560,92.0,0.0,100.0,7.0,100.0,0.0,89.0,885591153.0,90,8893,100.0,0.0,100,6,,,,,100.0,0.0,100.0,38655295497.0,,,62.0,38.0,,,100.0,97.0,99.0,2484.0,38,38,100.0,0.0,100.0,0.0,200.0,6.0,100.0,8056.0,100.0,42910124216.0,100.0,71125344560.0
2018-11-22,ZCH07F7F,ST12000NM0007,12000138625024,0,78,66624392,92.0,0.0,100.0,7.0,100.0,0.0,89.0,888401086.0,90,8919,100.0,0.0,100,6,,,,,100.0,0.0,100.0,38655295497.0,,,62.0,38.0,,,100.0,98.0,99.0,2485.0,38,38,100.0,0.0,100.0,0.0,200.0,6.0,100.0,8082.0,100.0,42988069608.0,100.0,71336970760.0
2018-11-23,ZCH07F7F,ST12000NM0007,12000138625024,0,78,66870240,92.0,0.0,100.0,7.0,100.0,0.0,89.0,890310942.0,90,8942,100.0,0.0,100,6,,,,,100.0,0.0,100.0,38655295497.0,,,62.0,38.0,,,100.0,99.0,99.0,2486.0,38,38,100.0,0.0,100.0,0.0,200.0,6.0,100.0,8105.0,100.0,43037784720.0,100.0,71531642128.0
2018-11-24,ZCH07F7F,ST12000NM0007,12000138625024,0,78,64426392,92.0,0.0,100.0,7.0,100.0,0.0,90.0,892139265.0,90,8967,100.0,0.0,100,6,,,,,100.0,0.0,100.0,38655295497.0,,,62.0,38.0,,,100.0,100.0,99.0,2487.0,38,38,100.0,0.0,100.0,0.0,200.0,6.0,100.0,8129.0,100.0,43098638848.0,100.0,71712484808.0
2018-11-25,ZCH07F7F,ST12000NM0007,12000138625024,0,75,31903272,92.0,0.0,100.0,7.0,100.0,0.0,90.0,893904056.0,90,8991,100.0,0.0,100,6,,,,,100.0,0.0,100.0,38655295497.0,,,62.0,38.0,,,100.0,101.0,99.0,2488.0,38,38,100.0,0.0,100.0,0.0,200.0,6.0,100.0,8154.0,100.0,43146394160.0,100.0,71876347080.0
2018-11-26,ZCH07F7F,ST12000NM0007,12000138625024,0,77,48773536,92.0,0.0,100.0,7.0,100.0,0.0,90.0,896387213.0,90,9014,100.0,0.0,100,6,,,,,100.0,0.0,100.0,38655295497.0,,,62.0,38.0,,,100.0,101.0,99.0,2489.0,38,38,100.0,0.0,100.0,0.0,200.0,6.0,100.0,8177.0,100.0,43224532496.0,100.0,72059219960.0
2018-11-27,ZCH07F7F,ST12000NM0007,12000138625024,0,77,46508744,92.0,0.0,100.0,7.0,100.0,0.0,90.0,898787218.0,90,9039,100.0,0.0,100,6,,,,,100.0,0.0,100.0,38655295497.0,,,62.0,38.0,,,100.0,102.0,99.0,2490.0,38,38,100.0,0.0,100.0,0.0,200.0,6.0,100.0,8201.0,100.0,43308187920.0,100.0,72217440632.0
2018-11-28,ZCH07F7F,ST12000NM0007,12000138625024,0,76,42822176,92.0,0.0,100.0,7.0,100.0,0.0,90.0,901097991.0,90,9062,100.0,0.0,100,6,,,,,100.0,0.0,100.0,38655295497.0,,,61.0,39.0,,,100.0,102.0,99.0,2491.0,39,39,100.0,0.0,100.0,0.0,200.0,6.0,100.0,8225.0,100.0,43377379056.0,100.0,72388703600.0
2018-11-29,ZCH07F7F,ST12000NM0007,12000138625024,0,64,2539872,92.0,0.0,100.0,7.0,100.0,0.0,90.0,903520209.0,90,9086,100.0,0.0,100,6,,,,,100.0,0.0,100.0,38655295497.0,,,62.0,38.0,,,100.0,103.0,99.0,2492.0,38,38,100.0,0.0,100.0,0.0,200.0,6.0,100.0,8248.0,100.0,43434271552.0,100.0,72535669456.0
2018-11-30,ZCH07F7F,ST12000NM0007,12000138625024,0,76,36174680,92.0,0.0,100.0,7.0,100.0,0.0,90.0,906123979.0,90,9110,100.0,0.0,100,6,,,,,100.0,0.0,100.0,38655295497.0,,,61.0,39.0,,,100.0,104.0,99.0,2493.0,39,39,100.0,0.0,100.0,0.0,200.0,6.0,100.0,8272.0,100.0,43510526408.0,100.0,72737190240.0
2018-12-01,ZCH07F7F,ST12000NM0007,12000138625024,0,83,210889544,92.0,0.0,100.0,7.0,100.0,0.0,90.0,907903537.0,90,9135,100.0,0.0,100,6,,,,,100.0,0.0,100.0,38655295497.0,,,62.0,38.0,,,100.0,105.0,99.0,2494.0,38,38,100.0,0.0,100.0,0.0,200.0,6.0,100.0,8297.0,100.0,43564931592.0,100.0,72857499920.0
2018-12-02,ZCH07F7F,ST12000NM0007,12000138625024,0,81,123241120,92.0,0.0,100.0,7.0,100.0,0.0,90.0,909380643.0,90,9158,100.0,0.0,100,6,,,,,100.0,0.0,100.0,38655295497.0,,,62.0,38.0,,,100.0,106.0,99.0,2495.0,38,38,100.0,0.0,100.0,0.0,200.0,6.0,100.0,8320.0,100.0,43621534544.0,100.0,72957389912.0
2018-12-03,ZCH07F7F,ST12000NM0007,12000138625024,0,82,151626816,92.0,0.0,100.0,7.0,100.0,0.0,90.0,911917524.0,90,9182,100.0,0.0,100,6,,,,,100.0,0.0,100.0,38655295497.0,,,62.0,38.0,,,100.0,107.0,99.0,2496.0,38,38,100.0,0.0,100.0,0.0,200.0,6.0,100.0,8344.0,100.0,43719892496.0,100.0,73131558592.0
2018-12-04,ZCH07F7F,ST12000NM0007,12000138625024,0,81,115438048,92.0,0.0,100.0,7.0,100.0,0.0,90.0,914147101.0,90,9206,100.0,0.0,100,6,,,,,100.0,0.0,100.0,38655295497.0,,,61.0,39.0,,,100.0,108.0,99.0,2497.0,39,39,100.0,0.0,100.0,0.0,200.0,6.0,100.0,8367.0,100.0,43784588544.0,100.0,73274814912.0
2018-12-05,ZCH07F7F,ST12000NM0007,12000138625024,0,81.0,129976912.0,92.0,0.0,100.0,7.0,100.0,0.0,90.0,917478097.0,90.0,9231.0,100.0,0.0,100.0,6.0,,,,,100.0,0.0,100.0,38655295497.0,,,61.0,39.0,,,100.0,109.0,99.0,2498.0,39.0,39.0,100.0,0.0,100.0,0.0,200.0,6.0,100.0,8392.0,100.0,43859231752.0,100.0,73458851400.0
2018-12-06,ZCH07F7F,ST12000NM0007,12000138625024,0,82,158900024,92.0,0.0,100.0,7.0,100.0,0.0,90.0,920066632.0,90,9255,100.0,0.0,100,6,,,,,100.0,0.0,100.0,38655295497.0,,,62.0,38.0,,,100.0,109.0,99.0,2499.0,38,38,100.0,0.0,100.0,0.0,200.0,6.0,100.0,8417.0,100.0,43938576088.0,100.0,73652571008.0
2018-12-07,ZCH07F7F,ST12000NM0007,12000138625024,0,82,146450744,92.0,0.0,100.0,7.0,100.0,0.0,90.0,922188107.0,90,9279,100.0,0.0,100,6,,,,,100.0,0.0,100.0,38655295497.0,,,62.0,38.0,,,100.0,110.0,99.0,2500.0,38,38,100.0,0.0,100.0,0.0,200.0,6.0,100.0,8440.0,100.0,43999514440.0,100.0,73823324360.0
2018-12-08,ZCH07F7F,ST12000NM0007,12000138625024,0,79,88496592,92.0,0.0,100.0,7.0,100.0,0.0,90.0,924033508.0,90,9302,100.0,0.0,100,6,,,,,100.0,0.0,100.0,38655295497.0,,,62.0,38.0,,,100.0,111.0,99.0,2501.0,38,38,100.0,0.0,100.0,0.0,200.0,6.0,100.0,8463.0,100.0,44058805224.0,100.0,73950220168.0
2018-12-09,ZCH07F7F,ST12000NM0007,12000138625024,0,80,99615968,92.0,0.0,100.0,7.0,100.0,0.0,90.0,926289188.0,90,9327,100.0,0.0,100,6,,,,,100.0,0.0,100.0,38655295497.0,,,62.0,38.0,,,100.0,111.0,99.0,2502.0,38,38,100.0,0.0,100.0,0.0,200.0,6.0,100.0,8488.0,100.0,44124152832.0,100.0,74140132848.0
2018-12-10,ZCH07F7F,ST12000NM0007,12000138625024,0,80,91718160,92.0,0.0,100.0,7.0,100.0,0.0,90.0,928534751.0,90,9351,100.0,0.0,100,6,,,,,100.0,0.0,100.0,38655295497.0,,,62.0,38.0,,,100.0,111.0,99.0,2503.0,38,38,100.0,0.0,100.0,0.0,200.0,6.0,100.0,8511.0,100.0,44196654704.0,100.0,74303873992.0
2018-12-11,ZCH07F7F,ST12000NM0007,12000138625024,0,80,100977424,92.0,0.0,100.0,7.0,100.0,0.0,90.0,930901655.0,90,9374,100.0,0.0,100,6,,,,,100.0,0.0,100.0,38655295497.0,,,63.0,37.0,,,100.0,112.0,99.0,2504.0,37,37,100.0,0.0,100.0,0.0,200.0,6.0,100.0,8535.0,100.0,44282742376.0,100.0,74471186224.0
2018-12-12,ZCH07F7F,ST12000NM0007,12000138625024,0,81,124869288,92.0,0.0,100.0,7.0,100.0,0.0,90.0,933482580.0,90,9399,100.0,0.0,100,6,,,,,100.0,0.0,100.0,38655295497.0,,,62.0,38.0,,,100.0,113.0,99.0,2505.0,38,38,100.0,0.0,100.0,0.0,200.0,6.0,100.0,8560.0,100.0,44395021792.0,100.0,74626939368.0
2018-12-13,ZCH07F7F,ST12000NM0007,12000138625024,0,81,117921128,92.0,0.0,100.0,7.0,100.0,0.0,90.0,935810934.0,90,9423,100.0,0.0,100,6,,,,,100.0,0.0,100.0,38655295497.0,,,63.0,37.0,,,100.0,114.0,99.0,2506.0,37,37,100.0,0.0,100.0,0.0,200.0,6.0,100.0,8584.0,100.0,44489804080.0,100.0,74769349784.0
2018-12-14,ZCH07F7F,ST12000NM0007,12000138625024,0,82,142815264,92.0,0.0,100.0,7.0,100.0,0.0,90.0,938556288.0,90,9447,100.0,0.0,100,6,,,,,100.0,0.0,100.0,38655295497.0,,,62.0,38.0,,,100.0,114.0,99.0,2507.0,38,38,100.0,0.0,100.0,0.0,200.0,6.0,100.0,8608.0,100.0,44554620088.0,100.0,74973568696.0
2018-12-15,ZCH07F7F,ST12000NM0007,12000138625024,0,82,141447336,92.0,0.0,100.0,7.0,100.0,0.0,90.0,941192252.0,90,9471,100.0,0.0,100,6,,,,,100.0,0.0,100.0,38655295497.0,,,63.0,37.0,,,100.0,115.0,99.0,2508.0,37,37,100.0,0.0,100.0,0.0,200.0,6.0,100.0,8632.0,100.0,44619876056.0,100.0,75151085576.0
2018-12-16,ZCH07F7F,ST12000NM0007,12000138625024,0,81,117428384,92.0,0.0,100.0,7.0,100.0,0.0,90.0,943202568.0,90,9495,100.0,0.0,100,6,,,,,100.0,0.0,100.0,38655295497.0,,,63.0,37.0,,,100.0,116.0,99.0,2509.0,37,37,100.0,0.0,100.0,0.0,200.0,6.0,100.0,8655.0,100.0,44700056680.0,100.0,75291026664.0
2018-12-17,ZCH07F7F,ST12000NM0007,12000138625024,0,81,132610648,92.0,0.0,100.0,7.0,100.0,0.0,90.0,945562427.0,90,9519,100.0,0.0,100,6,,,,,100.0,0.0,100.0,38655295497.0,,,63.0,37.0,,,100.0,117.0,99.0,2510.0,37,37,100.0,0.0,100.0,0.0,200.0,6.0,100.0,8680.0,100.0,44761859080.0,100.0,75488547184.0
2018-12-18,ZCH07F7F,ST12000NM0007,12000138625024,0,82,143654064,92.0,0.0,100.0,7.0,100.0,0.0,90.0,947878370.0,90,9543,100.0,0.0,100,6,,,,,100.0,0.0,100.0,38655295497.0,,,63.0,37.0,,,100.0,118.0,99.0,2511.0,37,37,100.0,0.0,100.0,0.0,200.0,6.0,100.0,8703.0,100.0,44829933640.0,100.0,75675656688.0
2018-12-19,ZCH07F7F,ST12000NM0007,12000138625024,0,82,156854880,92.0,0.0,100.0,7.0,100.0,0.0,90.0,950279691.0,90,9567,100.0,0.0,100,6,,,,,100.0,0.0,100.0,38655295497.0,,,62.0,38.0,,,100.0,119.0,99.0,2512.0,38,38,100.0,0.0,100.0,0.0,200.0,6.0,100.0,8727.0,100.0,44883282384.0,100.0,75879649552.0
2018-12-20,ZCH07F7F,ST12000NM0007,12000138625024,0,83,202375352,92.0,0.0,100.0,7.0,100.0,0.0,90.0,952674267.0,90,9590,100.0,0.0,100,6,,,,,100.0,0.0,100.0,38655295497.0,,,62.0,38.0,,,100.0,120.0,99.0,2513.0,38,38,100.0,0.0,100.0,0.0,200.0,6.0,100.0,8750.0,100.0,44956471736.0,100.0,76096121392.0
2018-12-21,ZCH07F7F,ST12000NM0007,12000138625024,0,68,6102912,92.0,0.0,100.0,7.0,100.0,0.0,90.0,955378216.0,90,9615,100.0,0.0,100,6,,,,,100.0,0.0,100.0,38655295497.0,,,63.0,37.0,,,100.0,120.0,99.0,2514.0,37,37,100.0,0.0,100.0,0.0,200.0,6.0,100.0,8775.0,100.0,45035677368.0,100.0,76308924872.0
2018-12-22,ZCH07F7F,ST12000NM0007,12000138625024,0,83,213231224,92.0,0.0,100.0,7.0,100.0,0.0,90.0,957509296.0,89,9638,100.0,0.0,100,6,,,,,100.0,0.0,100.0,38655295497.0,,,63.0,37.0,,,100.0,121.0,99.0,2515.0,37,37,100.0,0.0,100.0,0.0,200.0,6.0,100.0,8798.0,100.0,45096440392.0,100.0,76455290160.0
2018-12-23,ZCH07F7F,ST12000NM0007,12000138625024,0,72,17377960,92.0,0.0,100.0,7.0,100.0,0.0,90.0,960348837.0,89,9663,100.0,0.0,100,6,,,,,100.0,0.0,100.0,38655295497.0,,,63.0,37.0,,,100.0,121.0,99.0,2516.0,37,37,100.0,0.0,100.0,0.0,200.0,6.0,100.0,8823.0,100.0,45174590624.0,100.0,76669568448.0
2018-12-24,ZCH07F7F,ST12000NM0007,12000138625024,0,70,9595360,92.0,0.0,100.0,7.0,100.0,0.0,90.0,962773145.0,89,9687,100.0,0.0,100,6,,,,,100.0,0.0,100.0,38655295497.0,,,63.0,37.0,,,100.0,122.0,99.0,2517.0,37,37,100.0,0.0,100.0,0.0,200.0,6.0,100.0,8846.0,100.0,45242849152.0,100.0,76837668352.0
2018-12-25,ZCH07F7F,ST12000NM0007,12000138625024,0,83,208262696,92.0,0.0,100.0,7.0,100.0,0.0,90.0,964445506.0,89,9710,100.0,0.0,100,6,,,,,100.0,0.0,100.0,38655295497.0,,,63.0,37.0,,,100.0,122.0,99.0,2518.0,37,37,100.0,0.0,100.0,0.0,200.0,6.0,100.0,8869.0,100.0,45296998544.0,100.0,76982186296.0
2018-12-26,ZCH07F7F,ST12000NM0007,12000138625024,0,83,181239216,92.0,0.0,100.0,7.0,100.0,0.0,90.0,966228739.0,89,9735,100.0,0.0,100,6,,,,,100.0,0.0,100.0,38655295497.0,,,63.0,37.0,,,100.0,123.0,99.0,2519.0,37,37,100.0,0.0,100.0,0.0,200.0,6.0,100.0,8894.0,100.0,45352955968.0,100.0,77143346160.0
2018-12-27,ZCH07F7F,ST12000NM0007,12000138625024,0,83,183635752,92.0,0.0,100.0,7.0,100.0,0.0,90.0,968351378.0,89,9758,100.0,0.0,100,6,,,,,100.0,0.0,100.0,38655295497.0,,,63.0,37.0,,,100.0,124.0,99.0,2520.0,37,37,100.0,0.0,100.0,0.0,200.0,6.0,100.0,8917.0,100.0,45438109368.0,100.0,77304729960.0
2018-12-28,ZCH07F7F,ST12000NM0007,12000138625024,0,75,30697472,92.0,0.0,100.0,7.0,100.0,0.0,90.0,971203977.0,89,9783,100.0,0.0,100,6,,,,,100.0,0.0,100.0,38655295497.0,,,63.0,37.0,,,100.0,125.0,99.0,2521.0,37,37,100.0,0.0,100.0,0.0,200.0,6.0,100.0,8941.0,100.0,45540562624.0,100.0,77537619944.0
2018-12-29,ZCH07F7F,ST12000NM0007,12000138625024,0,77,49041648,92.0,0.0,100.0,7.0,100.0,0.0,90.0,973546943.0,89,9807,100.0,0.0,100,6,,,,,100.0,0.0,100.0,38655295497.0,,,63.0,37.0,,,100.0,126.0,99.0,2522.0,37,37,100.0,0.0,100.0,0.0,200.0,6.0,100.0,8966.0,100.0,45609666648.0,100.0,77731000952.0
2018-12-30,ZCH07F7F,ST12000NM0007,12000138625024,0,75,30655856,92.0,0.0,100.0,7.0,100.0,0.0,90.0,975713599.0,89,9831,100.0,0.0,100,6,,,,,100.0,0.0,100.0,38655295497.0,,,63.0,37.0,,,100.0,126.0,99.0,2523.0,37,37,100.0,0.0,100.0,0.0,200.0,6.0,100.0,8989.0,100.0,45682998168.0,100.0,77883424520.0
2018-12-31,ZCH07F7F,ST12000NM0007,12000138625024,0,80,90606072,92.0,0.0,100.0,7.0,100.0,0.0,90.0,979034348.0,89,9855,100.0,0.0,100,6,,,,,100.0,0.0,100.0,38655295497.0,,,64.0,36.0,,,100.0,127.0,99.0,2524.0,36,36,100.0,0.0,100.0,0.0,200.0,6.0,100.0,9014.0,100.0,45759733728.0,100.0,78110779840.0
