2018-01-01,ZCH0722A,ST12000NM0007,12000138625024,0,75,33688352,99,0,100,1,100,0,84,278156965,98,1900,100,0,100,1,,,,,100.0,0.0,100.0,0.0,,,71.0,29.0,,,100.0,5.0,100.0,363.0,29,29,100,0,100,0,200,0,100.0,1751.0,100.0,24138764608.0,100.0,23502397124.0
2018-01-02,ZCH0722A,ST12000NM0007,12000138625024,0,77,52727312,99,0,100,1,100,0,85,281951993,98,1922,100,0,100,1,,,,,100.0,0.0,100.0,0.0,,,71.0,29.0,,,100.0,5.0,100.0,364.0,29,29,100,0,100,0,200,0,100.0,1773.0,100.0,24344745976.0,100.0,23803736148.0
2018-01-03,ZCH0722A,ST12000NM0007,12000138625024,0,80,98463952,99,0,100,1,100,0,85,285888360,98,1947,100,0,100,1,,,,,100.0,0.0,100.0,0.0,,,71.0,29.0,,,100.0,6.0,100.0,365.0,29,29,100,0,100,0,200,0,100.0,1798.0,100.0,24596926040.0,100.0,24085574100.0
2018-01-04,ZCH0722A,ST12000NM0007,12000138625024,0,74,22607368,99,0,100,1,100,0,85,290669404,98,1975,100,0,100,1,,,,,100.0,0.0,100.0,0.0,,,71.0,29.0,,,100.0,6.0,100.0,366.0,29,29,100,0,100,0,200,0,100.0,1826.0,100.0,24904049112.0,100.0,24435016388.0
2018-01-05,ZCH0722A,ST12000NM0007,12000138625024,0,78.0,67753000.0,99.0,0.0,100.0,1.0,100.0,0.0,85.0,294698853.0,98.0,1999.0,100.0,0.0,100.0,1.0,,,,,100.0,0.0,100.0,0.0,,,71.0,29.0,,,100.0,6.0,100.0,367.0,29.0,29.0,100.0,0.0,100.0,0.0,200.0,0.0,100.0,1850.0,100.0,25152516704.0,100.0,24719976060.0
2018-01-06,ZCH0722A,ST12000NM0007,12000138625024,0,80,104655640,99,0,100,1,100,0,85,298726107,98,2024,100,0,100,1,,,,,100.0,0.0,100.0,0.0,,,71.0,29.0,,,100.0,6.0,100.0,368.0,29,29,100,0,100,0,200,0,100.0,1875.0,100.0,25397454864.0,100.0,25000221988.0
2018-01-07,ZCH0722A,ST12000NM0007,12000138625024,0,82,155025080,99,0,100,1,100,0,85,302705927,98,2048,100,0,100,1,,,,,100.0,0.0,100.0,0.0,,,71.0,29.0,,,100.0,6.0,100.0,369.0,29,29,100,0,100,0,200,0,100.0,1899.0,100.0,25642229792.0,100.0,25294098076.0
2018-01-08,ZCH0722A,ST12000NM0007,12000138625024,0,81,139329328,99,0,100,1,100,0,85,306339740,98,2071,100,0,100,1,,,,,100.0,0.0,100.0,0.0,,,70.0,30.0,,,100.0,6.0,100.0,370.0,30,30,100,0,100,0,200,0,100.0,1921.0,100.0,25845951400.0,100.0,25562962452.0
2018-01-09,ZCH0722A,ST12000NM0007,12000138625024,0,82,158737952,99,0,100,1,100,0,85,308350698,98,2083,100,0,100,1,,,,,100.0,0.0,100.0,0.0,,,71.0,29.0,,,100.0,6.0,100.0,371.0,29,29,100,0,100,0,200,0,100.0,1933.0,100.0,25963884216.0,100.0,25708579012.0
2018-01-10,ZCH0722A,ST12000NM0007,12000138625024,0,76,42574976,99,0,100,1,100,0,85,313051401,98,2111,100,0,100,1,,,,,100.0,0.0,100.0,0.0,,,70.0,30.0,,,100.0,6.0,100.0,372.0,30,30,100,0,100,0,200,0,100.0,1962.0,100.0,26264182992.0,100.0,26024539636.0
2018-01-11,ZCH0722A,ST12000NM0007,12000138625024,0,83,195105872,99,0,100,1,100,0,85,318180787,98,2141,100,0,100,1,,,,,100.0,0.0,100.0,0.0,,,71.0,29.0,,,100.0,6.0,100.0,373.0,29,29,100,0,100,0,200,0,100.0,1992.0,100.0,26537557096.0,100.0,26391977884.0
2018-01-12,ZCH0722A,ST12000NM0007,12000138625024,0,83,180716936,99,0,100,1,100,0,85,321847606,98,2164,100,0,100,1,,,,,100.0,0.0,100.0,0.0,,,72.0,28.0,,,100.0,6.0,100.0,374.0,28,28,100,0,100,0,200,0,100.0,2014.0,100.0,26749453232.0,100.0,26653974196.0
2018-01-13,ZCH0722A,ST12000NM0007,12000138625024,0,71.0,12353424.0,99.0,0.0,100.0,1.0,100,0,85.0,326025606.0,98,2188,100.0,0.0,100,1,,,,,100.0,0.0,100.0,0.0,,,72.0,28.0,,,100.0,6.0,100.0,375.0,28.0,28.0,100.0,0.0,100.0,0.0,200,0,100.0,2038.0,100.0,27009112944.0,100.0,26958373356.0
2018-01-14,ZCH0722A,ST12000NM0007,12000138625024,0,70.0,10551104.0,99.0,0.0,100.0,1.0,100,0,85.0,327969130.0,98,2200,100.0,0.0,100,1,,,,,100.0,0.0,100.0,0.0,,,73.0,27.0,,,100.0,6.0,100.0,375.0,27.0,27.0,100.0,0.0,100.0,0.0,200,0,100.0,2050.0,100.0,27123375864.0,100.0,27086448748.0
2018-01-15,ZCH0722A,ST12000NM0007,12000138625024,0,80.0,101076744.0,99.0,0.0,100.0,1.0,100,0,85.0,334081738.0,98,2237,100.0,0.0,100,1,,,,,100.0,0.0,100.0,0.0,,,71.0,29.0,,,100.0,6.0,100.0,377.0,29.0,29.0,100.0,0.0,100.0,0.0,200,0,100.0,2086.0,100.0,27503136520.0,100.0,27529636076.0
2018-01-16,ZCH0722A,ST12000NM0007,12000138625024,0,81.0,132489864.0,99.0,0.0,100.0,1.0,100,0,85.0,338118284.0,98,2261,100.0,0.0,100,1,,,,,100.0,0.0,100.0,0.0,,,71.0,29.0,,,100.0,6.0,100.0,378.0,29.0,29.0,100.0,0.0,100.0,0.0,200,0,100.0,2110.0,100.0,27737537112.0,100.0,27814930212.0
2018-01-17,ZCH0722A,ST12000NM0007,12000138625024,0,81.0,123960256.0,99.0,0.0,100.0,1.0,100,0,85.0,341942953.0,98,2285,100.0,0.0,100,1,,,,,100.0,0.0,100.0,0.0,,,72.0,28.0,,,100.0,6.0,100.0,379.0,28.0,28.0,100.0,0.0,100.0,0.0,200,0,100.0,2135.0,100.0,27983077816.0,100.0,28049141636.0
2018-01-18,ZCH0722A,ST12000NM0007,12000138625024,0,82.0,141538168.0,99.0,0.0,100.0,1.0,100.0,0.0,85.0,344196351.0,98.0,2299.0,100.0,0.0,100.0,1.0,,,,,100.0,0.0,100.0,0.0,,,72.0,28.0,,,100.0,6.0,100.0,379.0,28.0,28.0,100.0,0.0,100.0,0.0,200.0,0.0,100.0,2149.0,100.0,28108440568.0,100.0,28185497452.0
2018-01-19,ZCH0722A,ST12000NM0007,12000138625024,0,80.0,89793432.0,99.0,0.0,100.0,1.0,100.0,0.0,85.0,348056621.0,98.0,2323.0,100.0,0.0,100.0,1.0,,,,,100.0,0.0,100.0,0.0,,,71.0,29.0,,,100.0,6.0,100.0,381.0,29.0,29.0,100.0,0.0,100.0,0.0,200.0,0.0,100.0,2172.0,100.0,28296587904.0,100.0,28433887044.0
2018-01-20,ZCH0722A,ST12000NM0007,12000138625024,0,77.0,48265280.0,99.0,0.0,100.0,1.0,100,0,85.0,352192088.0,98,2348,100.0,0.0,100,1,,,,,100.0,0.0,100.0,0.0,,,72.0,28.0,,,100.0,6.0,100.0,382.0,28.0,28.0,100.0,0.0,100.0,0.0,200,0,100.0,2197.0,100.0,28495244520.0,100.0,28681983740.0
2018-01-21,ZCH0722A,ST12000NM0007,12000138625024,0,84.0,227749296.0,99.0,0.0,100.0,1.0,100,0,86.0,356030608.0,98,2372,100.0,0.0,100,1,,,,,100.0,0.0,100.0,0.0,,,72.0,28.0,,,100.0,6.0,100.0,383.0,28.0,28.0,100.0,0.0,100.0,0.0,200,0,100.0,2221.0,100.0,28691048272.0,100.0,28909804636.0
2018-01-22,ZCH0722A,ST12000NM0007,12000138625024,0,82.0,171477056.0,99.0,0.0,100.0,1.0,100,0,86.0,359730952.0,98,2395,100.0,0.0,100,1,,,,,100.0,0.0,100.0,0.0,,,72.0,28.0,,,100.0,6.0,100.0,383.0,28.0,28.0,100.0,0.0,100.0,0.0,200,0,100.0,2244.0,100.0,28868799784.0,100.0,29164062380.0
2018-01-23,ZCH0722A,ST12000NM0007,12000138625024,0,78.0,69145520.0,99.0,0.0,100.0,1.0,100,0,86.0,363470891.0,98,2420,100.0,0.0,100,1,,,,,100.0,0.0,100.0,0.0,,,72.0,28.0,,,100.0,6.0,100.0,385.0,28.0,28.0,100.0,0.0,100.0,0.0,200,0,100.0,2268.0,100.0,29038094128.0,100.0,29380718172.0
2018-01-24,ZCH0722A,ST12000NM0007,12000138625024,0,79.0,77994728.0,99.0,0.0,100.0,1.0,100,0,86.0,368164055.0,98,2451,100.0,0.0,100,1,,,,,100.0,0.0,100.0,0.0,,,72.0,28.0,,,100.0,6.0,100.0,386.0,28.0,28.0,100.0,0.0,100.0,0.0,200,0,100.0,2300.0,100.0,29231091136.0,100.0,29684851764.0
2018-01-25,ZCH0722A,ST12000NM0007,12000138625024,0,80.0,94260128.0,99.0,0.0,100.0,1.0,100,0,86.0,370481658.0,98,2468,100.0,0.0,100,1,,,,,100.0,0.0,100.0,0.0,,,72.0,28.0,,,100.0,7.0,100.0,387.0,28.0,28.0,100.0,0.0,100.0,0.0,200,0,100.0,2316.0,100.0,29342650232.0,100.0,29833698724.0
2018-01-26,ZCH0722A,ST12000NM0007,12000138625024,0,78.0,63883168.0,99.0,0.0,100.0,1.0,100,0,86.0,372401840.0,98,2480,100.0,0.0,100,1,,,,,100.0,0.0,100.0,0.0,,,71.0,29.0,,,100.0,7.0,100.0,387.0,29.0,29.0,100.0,0.0,100.0,0.0,200,0,100.0,2329.0,100.0,29427838408.0,100.0,29962274244.0
2018-01-27,ZCH0722A,ST12000NM0007,12000138625024,0,81.0,128777288.0,99.0,0.0,100.0,1.0,100,0,86.0,377615790.0,98,2517,100.0,0.0,100,1,,,,,100.0,0.0,100.0,0.0,,,73.0,27.0,,,100.0,7.0,100.0,389.0,27.0,27.0,100.0,0.0,100.0,0.0,200,0,100.0,2365.0,100.0,29651363720.0,100.0,30291924636.0
2018-01-28,ZCH0722A,ST12000NM0007,12000138625024,0,82.0,172413376.0,99.0,0.0,100.0,1.0,100,0,86.0,380367308.0,98,2541,100.0,0.0,100,1,,,,,100.0,0.0,100.0,0.0,,,73.0,27.0,,,100.0,8.0,100.0,390.0,27.0,27.0,100.0,0.0,100.0,0.0,200,0,100.0,2389.0,100.0,29744309464.0,100.0,30486755676.0
2018-01-29,ZCH0722A,ST12000NM0007,12000138625024,0,84.0,236170976.0,99.0,0.0,100.0,1.0,100,0,86.0,383197379.0,98,2565,100.0,0.0,100,1,,,,,100.0,0.0,100.0,0.0,,,73.0,27.0,,,100.0,8.0,100.0,391.0,27.0,27.0,100.0,0.0,100.0,0.0,200,0,100.0,2413.0,100.0,29837950464.0,100.0,30701012908.0
2018-01-30,ZCH0722A,ST12000NM0007,12000138625024,0,81.0,133793704.0,99.0,0.0,100.0,1.0,100,0,86.0,386915413.0,98,2598,100.0,0.0,100,1,,,,,100.0,0.0,100.0,0.0,,,72.0,28.0,,,100.0,8.0,100.0,392.0,28.0,28.0,100.0,0.0,100.0,0.0,200,0,100.0,2446.0,100.0,29952318200.0,100.0,30972549364.0
2018-01-31,ZCH0722A,ST12000NM0007,12000138625024,0,83.0,201157296.0,99.0,0.0,100.0,1.0,100.0,0.0,86.0,389487023.0,98.0,2621.0,100.0,0.0,100.0,1.0,,,,,100.0,0.0,100.0,0.0,,,72.0,28.0,,,100.0,9.0,100.0,393.0,28.0,28.0,100.0,0.0,100.0,0.0,200.0,0.0,100.0,2469.0,100.0,30043047136.0,100.0,31193324764.0
2018-02-01,ZCH0722A,ST12000NM0007,12000138625024,0,100.0,1694808.0,99.0,0.0,100.0,1.0,100,0,86.0,391903786.0,97,2646,100.0,0.0,100,1,,,,,100.0,0.0,100.0,0.0,,,72.0,28.0,,,100.0,9.0,100.0,394.0,28.0,28.0,100.0,0.0,100.0,0.0,200,0,100.0,2494.0,100.0,30115461432.0,100.0,31409738668.0
2018-02-02,ZCH0722A,ST12000NM0007,12000138625024,0,81.0,132423392.0,99.0,0.0,100.0,1.0,100,0,86.0,395533203.0,97,2669,100.0,0.0,100,1,,,,,100.0,0.0,100.0,0.0,,,73.0,27.0,,,100.0,10.0,100.0,395.0,27.0,27.0,100.0,0.0,100.0,0.0,200,0,100.0,2517.0,100.0,30186719720.0,100.0,31713349732.0
2018-02-03,ZCH0722A,ST12000NM0007,12000138625024,0,83.0,178032384.0,99.0,0.0,100.0,1.0,100,0,86.0,398029595.0,97,2694,100.0,0.0,100,1,,,,,100.0,0.0,100.0,0.0,,,72.0,28.0,,,100.0,10.0,100.0,396.0,28.0,28.0,100.0,0.0,100.0,0.0,200,0,100.0,2541.0,100.0,30275037000.0,100.0,31914782148.0
2018-02-04,ZCH0722A,ST12000NM0007,12000138625024,0,83.0,211835848.0,99.0,0.0,100.0,1.0,100,0,86.0,400984019.0,97,2713,100.0,0.0,100,1,,,,,100.0,0.0,100.0,0.0,,,72.0,28.0,,,100.0,11.0,100.0,397.0,28.0,28.0,100.0,0.0,100.0,0.0,200,0,100.0,2561.0,100.0,30336129616.0,100.0,32131634092.0
2018-02-05,ZCH0722A,ST12000NM0007,12000138625024,0,74.0,22864456.0,99.0,0.0,100.0,1.0,100,0,86.0,403854775.0,97,2737,100.0,0.0,100,1,,,,,100.0,0.0,100.0,0.0,,,71.0,29.0,,,100.0,11.0,100.0,398.0,29.0,29.0,100.0,0.0,100.0,0.0,200,0,100.0,2585.0,100.0,30428734496.0,100.0,32338339452.0
2018-02-06,ZCH0722A,ST12000NM0007,12000138625024,0,79.0,75317544.0,99.0,0.0,100.0,1.0,100,0,86.0,406670093.0,97,2761,100.0,0.0,100,1,,,,,100.0,0.0,100.0,0.0,,,71.0,29.0,,,100.0,11.0,100.0,399.0,29.0,29.0,100.0,0.0,100.0,0.0,200,0,100.0,2609.0,100.0,30534063984.0,100.0,32529603956.0
2018-02-07,ZCH0722A,ST12000NM0007,12000138625024,0,82.0,156029680.0,99.0,0.0,100.0,1.0,100,0,86.0,410070995.0,97,2786,100.0,0.0,100,1,,,,,100.0,0.0,100.0,0.0,,,71.0,29.0,,,100.0,11.0,100.0,400.0,29.0,29.0,100.0,0.0,100.0,0.0,200,0,100.0,2633.0,100.0,30653413056.0,100.0,32735107828.0
2018-02-08,ZCH0722A,ST12000NM0007,12000138625024,0,84.0,231229968.0,99.0,0.0,100.0,1.0,100,0,86.0,413253364.0,97,2810,100.0,0.0,100,1,,,,,100.0,0.0,100.0,0.0,,,71.0,29.0,,,100.0,11.0,100.0,402.0,29.0,29.0,100.0,0.0,100.0,0.0,200,0,100.0,2658.0,100.0,30780366736.0,100.0,32927495380.0
2018-02-09,ZCH0722A,ST12000NM0007,12000138625024,0,70,10919400,99,0,100,1,100,0,86,416688044,97,2835,100,0,100,1,,,,,100.0,0.0,100.0,0.0,,,71.0,29.0,,,100.0,11.0,100.0,403.0,29,29,100,0,100,0,200,0,100.0,2682.0,100.0,30868484664.0,100.0,33107348540.0
2018-02-10,ZCH0722A,ST12000NM0007,12000138625024,0,74.0,26297792.0,99.0,0.0,100.0,1.0,100.0,0.0,86.0,419170136.0,97.0,2859.0,100.0,0.0,100.0,1.0,,,,,100.0,0.0,100.0,0.0,,,73.0,27.0,,,100.0,11.0,100.0,404.0,27.0,27.0,100.0,0.0,100.0,0.0,200.0,0.0,100.0,2706.0,100.0,30964809864.0,100.0,33270542460.0
2018-02-11,ZCH0722A,ST12000NM0007,12000138625024,0,75,31827968,99,0,100,1,100,0,86,421457536,97,2882,100,0,100,1,,,,,100.0,0.0,100.0,0.0,,,73.0,27.0,,,100.0,11.0,100.0,405.0,27,27,100,0,100,0,200,0,100.0,2729.0,100.0,31043304752.0,100.0,33441718444.0
2018-02-12,ZCH0722A,ST12000NM0007,12000138625024,0,81,120464088,99,0,100,1,100,0,86,425067469,97,2906,100,0,100,1,,,,,100.0,0.0,100.0,0.0,,,72.0,28.0,,,100.0,11.0,100.0,406.0,28,28,100,0,100,0,200,0,100.0,2753.0,100.0,31151508192.0,100.0,33666291956.0
2018-02-13,ZCH0722A,ST12000NM0007,12000138625024,0,83,191442808,99,0,100,1,100,0,86,428035818,97,2931,100,0,100,1,,,,,100.0,0.0,100.0,0.0,,,72.0,28.0,,,100.0,11.0,100.0,407.0,28,28,100,0,100,0,200,0,100.0,2778.0,100.0,31243966992.0,100.0,33888952556.0
2018-02-14,ZCH0722A,ST12000NM0007,12000138625024,0,83,214484696,99,0,100,1,100,0,86,430624111,97,2955,100,0,100,1,,,,,100.0,0.0,100.0,0.0,,,72.0,28.0,,,100.0,12.0,100.0,408.0,28,28,100,0,100,0,200,0,100.0,2802.0,100.0,31321812456.0,100.0,34078289820.0
2018-02-15,ZCH0722A,ST12000NM0007,12000138625024,0,70,10612120,99,0,100,1,100,0,86,433151833,97,2979,100,0,100,1,,,,,100.0,0.0,100.0,0.0,,,73.0,27.0,,,100.0,13.0,100.0,409.0,27,27,100,0,100,0,200,0,100.0,2825.0,100.0,31412410304.0,100.0,34272101076.0
2018-02-16,ZCH0722A,ST12000NM0007,12000138625024,0,72,15035400,99,0,100,1,100,0,86,435446653,97,3003,100,0,100,1,,,,,100.0,0.0,100.0,0.0,,,73.0,27.0,,,100.0,13.0,100.0,410.0,27,27,100,0,100,0,200,0,100.0,2850.0,100.0,31478983368.0,100.0,34454092044.0
2018-02-17,ZCH0722A,ST12000NM0007,12000138625024,0,73,21638752,99,0,100,1,100,0,86,437862081,97,3027,100,0,100,1,,,,,100.0,0.0,100.0,0.0,,,73.0,27.0,,,100.0,14.0,100.0,411.0,27,27,100,0,100,0,200,0,100.0,2873.0,100.0,31557721048.0,100.0,34626098364.0
2018-02-18,ZCH0722A,ST12000NM0007,12000138625024,0,77,54079616,99,0,100,1,100,0,86,440344496,97,3051,100,0,100,1,,,,,100.0,0.0,100.0,0.0,,,72.0,28.0,,,100.0,15.0,100.0,412.0,28,28,100,0,100,0,200,0,100.0,2897.0,100.0,31624798552.0,100.0,34835602476.0
2018-02-19,ZCH0722A,ST12000NM0007,12000138625024,0,77,55913320,99,0,100,1,100,0,86,442515235,97,3075,100,0,100,1,,,,,100.0,0.0,100.0,0.0,,,73.0,27.0,,,100.0,16.0,100.0,413.0,27,27,100,0,100,0,200,0,100.0,2921.0,100.0,31687822792.0,100.0,35018552684.0
2018-02-20,ZCH0722A,ST12000NM0007,12000138625024,0,81,125094104,99,0,100,1,100,0,86,445365439,97,3099,100,0,100,1,,,,,100.0,0.0,100.0,0.0,,,72.0,28.0,,,100.0,17.0,100.0,414.0,28,28,100,0,100,0,200,0,100.0,2945.0,100.0,31806117872.0,100.0,35213579252.0
2018-02-21,ZCH0722A,ST12000NM0007,12000138625024,0,83,211626656,99,0,100,1,100,0,87,448519746,97,3123,100,0,100,1,,,,,100.0,0.0,100.0,0.0,,,72.0,28.0,,,100.0,17.0,100.0,415.0,28,28,100,0,100,0,200,0,100.0,2969.0,100.0,31925741416.0,100.0,35424629236.0
2018-02-22,ZCH0722A,ST12000NM0007,12000138625024,0,83,223205016,99,0,100,1,100,0,87,450848928,97,3146,100,0,100,1,,,,,100.0,0.0,100.0,0.0,,,73.0,27.0,,,100.0,17.0,100.0,416.0,27,27,100,0,100,0,200,0,100.0,2992.0,100.0,31996222344.0,100.0,35609867340.0
2018-02-23,ZCH0722A,ST12000NM0007,12000138625024,0,83,203210664,99,0,100,1,100,0,87,453069437,97,3170,100,0,100,1,,,,,100.0,0.0,100.0,0.0,,,71.0,29.0,,,100.0,17.0,100.0,417.0,29,29,100,0,100,0,200,0,100.0,3016.0,100.0,32048214872.0,100.0,35782021100.0
2018-02-24,ZCH0722A,ST12000NM0007,12000138625024,0,83,220120216,99,0,100,1,100,0,87,455465100,97,3195,100,0,100,1,,,,,100.0,0.0,100.0,0.0,,,72.0,28.0,,,100.0,17.0,100.0,418.0,28,28,100,0,100,0,200,0,100.0,3040.0,100.0,32120293936.0,100.0,35970992284.0
2018-02-25,ZCH0722A,ST12000NM0007,12000138625024,0,68,5813216,99,0,100,1,100,0,87,457972220,97,3218,100,0,100,1,,,,,100.0,0.0,100.0,0.0,,,72.0,28.0,,,100.0,17.0,100.0,419.0,28,28,100,0,100,0,200,0,100.0,3064.0,100.0,32189285936.0,100.0,36175975084.0
2018-02-26,ZCH0722A,ST12000NM0007,12000138625024,0,80,89155056,99,0,100,1,100,0,87,461337146,97,3242,100,0,100,1,,,,,100.0,0.0,100.0,0.0,,,72.0,28.0,,,100.0,18.0,100.0,423.0,28,28,100,0,100,0,200,0,100.0,3087.0,100.0,32262402008.0,100.0,36430341548.0
2018-02-27,ZCH0722A,ST12000NM0007,12000138625024,0,82,161982456,99,0,100,1,100,0,87,464106950,97,3266,100,0,100,1,,,,,100.0,0.0,100.0,0.0,,,72.0,28.0,,,100.0,18.0,100.0,424.0,28,28,100,0,100,0,200,0,100.0,3111.0,100.0,32349239504.0,100.0,36660472180.0
2018-02-28,ZCH0722A,ST12000NM0007,12000138625024,0,75,32709488,99,0,100,1,100,0,87,467377394,97,3291,100,0,100,1,,,,,100.0,0.0,100.0,0.0,,,72.0,28.0,,,100.0,18.0,100.0,425.0,28,28,100,0,100,0,200,0,100.0,3135.0,100.0,32459512672.0,100.0,36909207636.0
2018-03-01,ZCH0722A,ST12000NM0007,12000138625024,0,80,111932472,99,0,100,1,100,0,87,470354530,97,3317,100,0,100,1,,,,,100.0,0.0,100.0,0.0,,,73.0,27.0,,,100.0,19.0,100.0,427.0,27,27,100,0,100,0,200,0,100.0,3161.0,100.0,32545926752.0,100.0,37146157628.0
2018-03-02,ZCH0722A,ST12000NM0007,12000138625024,0,81,121933080,99,0,100,1,100,0,87,472691884,97,3340,100,0,100,1,,,,,100.0,0.0,100.0,0.0,,,73.0,27.0,,,100.0,19.0,100.0,428.0,27,27,100,0,100,0,200,0,100.0,3185.0,100.0,32613948040.0,100.0,37332277724.0
2018-03-03,ZCH0722A,ST12000NM0007,12000138625024,0,82,144332840,99,0,100,1,100,0,87,475115250,97,3365,100,0,100,1,,,,,100.0,0.0,100.0,0.0,,,72.0,28.0,,,100.0,19.0,100.0,429.0,28,28,100,0,100,0,200,0,100.0,3209.0,100.0,32690633440.0,100.0,37522132900.0
2018-03-04,ZCH0722A,ST12000NM0007,12000138625024,0,83,178903072,99,0,100,1,100,0,87,477804695,97,3388,100,0,100,1,,,,,100.0,0.0,100.0,0.0,,,72.0,28.0,,,100.0,19.0,100.0,430.0,28,28,100,0,100,0,200,0,100.0,3233.0,100.0,32759176048.0,100.0,37732301204.0
2018-03-05,ZCH0722A,ST12000NM0007,12000138625024,0,83,188479864,99,0,100,1,100,0,87,480159178,97,3413,100,0,100,1,,,,,100.0,0.0,100.0,0.0,,,73.0,27.0,,,100.0,19.0,100.0,431.0,27,27,100,0,100,0,200,0,100.0,3257.0,100.0,32819074880.0,100.0,37926120100.0
2018-03-06,ZCH0722A,ST12000NM0007,12000138625024,0,83,219353840,99,0,100,1,100,0,87,482920048,97,3438,100,0,100,1,,,,,100.0,0.0,100.0,0.0,,,74.0,26.0,,,100.0,19.0,100.0,432.0,26,26,100,0,100,0,200,0,100.0,3282.0,100.0,32872809944.0,100.0,38147399908.0
2018-03-07,ZCH0722A,ST12000NM0007,12000138625024,0,84.0,228667448.0,99.0,0.0,100.0,1.0,100.0,0.0,87.0,485228215.0,97.0,3462.0,100.0,0.0,100.0,1.0,,,,,100.0,0.0,100.0,0.0,,,73.0,27.0,,,100.0,19.0,100.0,433.0,27.0,27.0,100.0,0.0,100.0,0.0,200.0,0.0,100.0,3306.0,100.0,32925926632.0,100.0,38347737724.0
2018-03-08,ZCH0722A,ST12000NM0007,12000138625024,0,83,213984384,99,0,100,1,100,0,87,487265071,97,3484,100,0,100,1,,,,,100.0,0.0,100.0,0.0,,,73.0,27.0,,,100.0,19.0,100.0,434.0,27,27,100,0,100,0,200,0,100.0,3327.0,100.0,32975891856.0,100.0,38527230124.0
2018-03-09,ZCH0722A,ST12000NM0007,12000138625024,0,68,6724840,99,0,100,1,100,0,87,489821322,96,3508,100,0,100,1,,,,,100.0,0.0,100.0,0.0,,,74.0,26.0,,,100.0,19.0,100.0,435.0,26,26,100,0,100,0,200,0,100.0,3351.0,100.0,33036048232.0,100.0,38748095660.0
2018-03-10,ZCH0722A,ST12000NM0007,12000138625024,0,100,1125296,99,0,100,1,100,0,87,492202082,96,3531,100,0,100,1,,,,,100.0,0.0,100.0,0.0,,,73.0,27.0,,,100.0,19.0,100.0,436.0,27,27,100,0,100,0,200,0,100.0,3375.0,100.0,33092941944.0,100.0,38929743124.0
2018-03-11,ZCH0722A,ST12000NM0007,12000138625024,0,77,55272192,99,0,100,1,100,0,87,495063305,96,3555,100,0,100,1,,,,,100.0,0.0,100.0,0.0,,,73.0,27.0,,,100.0,19.0,100.0,437.0,27,27,100,0,100,0,200,0,100.0,3399.0,100.0,33156331272.0,100.0,39164641460.0
2018-03-12,ZCH0722A,ST12000NM0007,12000138625024,0,80,94003632,99,0,100,1,100,0,87,497971163,96,3580,100,0,100,1,,,,,100.0,0.0,100.0,0.0,,,73.0,27.0,,,100.0,20.0,100.0,438.0,27,27,100,0,100,0,200,0,100.0,3423.0,100.0,33225253400.0,100.0,39378591604.0
2018-03-13,ZCH0722A,ST12000NM0007,12000138625024,0,79,87491896,99,0,100,1,100,0,87,500613300,96,3604,100,0,100,1,,,,,100.0,0.0,100.0,0.0,,,73.0,27.0,,,100.0,21.0,100.0,439.0,27,27,100,0,100,0,200,0,100.0,3447.0,100.0,33280252488.0,100.0,39561221476.0
2018-03-14,ZCH0722A,ST12000NM0007,12000138625024,0,81,116366728,99,0,100,1,100,0,87,504055066,96,3628,100,0,100,1,,,,,100.0,0.0,100.0,0.0,,,73.0,27.0,,,100.0,21.0,100.0,440.0,27,27,100,0,100,0,200,0,100.0,3471.0,100.0,33346035960.0,100.0,39768453636.0
2018-03-15,ZCH0722A,ST12000NM0007,12000138625024,0,82,145866432,99,0,100,1,100,0,87,506828168,96,3652,100,0,100,1,,,,,100.0,0.0,100.0,0.0,,,72.0,28.0,,,100.0,21.0,100.0,442.0,28,28,100,0,100,0,200,0,100.0,3495.0,100.0,33407715408.0,100.0,39980414524.0
2018-03-16,ZCH0722A,ST12000NM0007,12000138625024,0,82.0,171557160.0,99.0,0.0,100.0,1.0,100.0,0.0,87.0,509482435.0,96.0,3676.0,100.0,0.0,100.0,1.0,,,,,100.0,0.0,100.0,0.0,,,72.0,28.0,,,100.0,21.0,100.0,443.0,28.0,28.0,100.0,0.0,100.0,0.0,200.0,0.0,100.0,3519.0,100.0,33468590632.0,100.0,40189370732.0
2018-03-17,ZCH0722A,ST12000NM0007,12000138625024,0,83,185029096,99,0,100,1,100,0,87,512062009,96,3699,100,0,100,1,,,,,100.0,0.0,100.0,0.0,,,72.0,28.0,,,100.0,22.0,100.0,444.0,28,28,100,0,100,0,200,0,100.0,3542.0,100.0,33531667536.0,100.0,40383906396.0
2018-03-18,ZCH0722A,ST12000NM0007,12000138625024,0,84,225283536,99,0,100,1,100,0,87,514930015,96,3724,100,0,100,1,,,,,100.0,0.0,100.0,0.0,,,71.0,29.0,,,100.0,23.0,100.0,445.0,29,29,100,0,100,0,200,0,100.0,3567.0,100.0,33583663168.0,100.0,40616305964.0
2018-03-19,ZCH0722A,ST12000NM0007,12000138625024,0,72,16142840,99,0,100,1,100,0,87,517991500,96,3748,100,0,100,1,,,,,100.0,0.0,100.0,0.0,,,72.0,28.0,,,100.0,23.0,100.0,446.0,28,28,100,0,100,0,200,0,100.0,3591.0,100.0,33659380720.0,100.0,40819729292.0
2018-03-20,ZCH0722A,ST12000NM0007,12000138625024,0,75,28580624,98,0,100,2,100,0,87,520690427,96,3773,100,0,100,1,,,,,100.0,0.0,100.0,0.0,,,73.0,27.0,,,100.0,23.0,100.0,450.0,27,27,100,0,100,0,200,0,100.0,3615.0,100.0,33730090416.0,100.0,41005598174.0
2018-03-21,ZCH0722A,ST12000NM0007,12000138625024,0,80,93018688,98,0,100,2,100,0,87,523824803,96,3796,100,0,100,1,,,,,100.0,0.0,100.0,0.0,,,72.0,28.0,,,100.0,23.0,100.0,451.0,28,28,100,0,100,0,200,0,100.0,3639.0,100.0,33819836760.0,100.0,41224430542.0
2018-03-22,ZCH0722A,ST12000NM0007,12000138625024,0,82,159954200,98,0,100,2,100,0,87,527415277,96,3820,100,0,100,1,,,,,100.0,0.0,100.0,0.0,,,72.0,28.0,,,100.0,23.0,100.0,452.0,28,28,100,0,100,0,200,0,100.0,3663.0,100.0,33913384152.0,100.0,41441959294.0
2018-03-23,ZCH0722A,ST12000NM0007,12000138625024,0,83,195047224,98,0,100,2,100,0,87,530401651,96,3845,100,0,100,1,,,,,100.0,0.0,100.0,0.0,,,72.0,28.0,,,100.0,24.0,100.0,453.0,28,28,100,0,100,0,200,0,100.0,3687.0,100.0,34009331144.0,100.0,41625245990.0
2018-03-24,ZCH0722A,ST12000NM0007,12000138625024,0,83,215636976,98,0,100,2,100,0,87,533146910,96,3868,100,0,100,1,,,,,100.0,0.0,100.0,0.0,,,73.0,27.0,,,100.0,24.0,100.0,454.0,27,27,100,0,100,0,200,0,100.0,3711.0,100.0,34078259216.0,100.0,41821048350.0
2018-03-25,ZCH0722A,ST12000NM0007,12000138625024,0,84,236421528,98,0,100,2,100,0,87,535913347,96,3892,100,0,100,1,,,,,100.0,0.0,100.0,0.0,,,72.0,28.0,,,100.0,25.0,100.0,455.0,28,28,100,0,100,0,200,0,100.0,3734.0,100.0,34158204288.0,100.0,42006028566.0
2018-03-26,ZCH0722A,ST12000NM0007,12000138625024,0,74,26021072,98,0,100,2,100,0,87,539040438,96,3917,100,0,100,1,,,,,100.0,0.0,100.0,0.0,,,72.0,28.0,,,100.0,25.0,100.0,456.0,28,28,100,0,100,0,200,0,100.0,3759.0,100.0,34232312696.0,100.0,42209801022.0
2018-03-27,ZCH0722A,ST12000NM0007,12000138625024,0,75,33303080,98,0,100,2,100,0,87,541692275,96,3937,100,0,100,1,,,,,100.0,0.0,100.0,0.0,,,72.0,28.0,,,100.0,25.0,100.0,457.0,28,28,100,0,100,0,200,0,100.0,3779.0,100.0,34301685624.0,100.0,42391851046.0
2018-03-28,ZCH0722A,ST12000NM0007,12000138625024,0,80,91802040,98,0,100,2,100,0,87,544955062,96,3961,100,0,100,1,,,,,100.0,0.0,100.0,0.0,,,73.0,27.0,,,100.0,25.0,100.0,458.0,27,27,100,0,100,0,200,0,100.0,3803.0,100.0,34405127448.0,100.0,42591048894.0
2018-03-29,ZCH0722A,ST12000NM0007,12000138625024,0,82,149776800,98,0,100,2,100,0,87,548246009,96,3988,100,0,100,1,,,,,100.0,0.0,100.0,0.0,,,73.0,27.0,,,100.0,26.0,100.0,460.0,27,27,100,0,100,0,200,0,100.0,3830.0,100.0,34481086408.0,100.0,42817205406.0
2018-03-30,ZCH0722A,ST12000NM0007,12000138625024,0,83,203618592,98,0,100,2,100,0,87,551996070,96,4012,100,0,100,1,,,,,100.0,0.0,100.0,0.0,,,74.0,26.0,,,100.0,26.0,100.0,461.0,26,26,100,0,100,0,200,0,100.0,3854.0,100.0,34557021760.0,100.0,43039252478.0
2018-03-31,ZCH0722A,ST12000NM0007,12000138625024,0,84,241063064,98,0,100,2,100,0,87,555089413,96,4036,100,0,100,1,,,,,100.0,0.0,100.0,0.0,,,73.0,27.0,,,100.0,27.0,100.0,462.0,27,27,100,0,100,0,200,0,100.0,3877.0,100.0,34643105200.0,100.0,43234754206.0
2018-04-01,ZCH0722A,ST12000NM0007,12000138625024,0,76,35743312,98,0,100,2,100,0,87,558102613,96,4060,100,0,100,1,,,,,100.0,0.0,100.0,0.0,,,72.0,28.0,,,100.0,27.0,100.0,463.0,28,28,100,0,100,0,200,0,100.0,3901.0,100.0,34726513480.0,100.0,43434307630.0
2018-04-02,ZCH0722A,ST12000NM0007,12000138625024,0,80,90945688,98,0,100,2,100,0,87,561414894,96,4083,100,0,100,1,,,,,100.0,0.0,100.0,0.0,,,73.0,27.0,,,100.0,28.0,100.0,464.0,27,27,100,0,100,0,200,0,100.0,3925.0,100.0,34811093760.0,100.0,43649070478.0
2018-04-03,ZCH0722A,ST12000NM0007,12000138625024,0,80,105689472,98,0,100,2,100,0,88,564382732,96,4108,100,0,100,1,,,,,100.0,0.0,100.0,0.0,,,73.0,27.0,,,100.0,28.0,100.0,465.0,27,27,100,0,100,0,200,0,100.0,3949.0,100.0,34904917752.0,100.0,43814130934.0
2018-04-04,ZCH0722A,ST12000NM0007,12000138625024,0,80,94068376,98,0,100,2,100,0,88,567296421,96,4132,100,0,100,1,,,,,100.0,0.0,100.0,0.0,,,72.0,28.0,,,100.0,29.0,100.0,466.0,28,28,100,0,100,0,200,0,100.0,3973.0,100.0,34985658616.0,100.0,43965909894.0
2018-04-05,ZCH0722A,ST12000NM0007,12000138625024,0,79,85383728,98,0,100,2,100,0,88,570016495,96,4155,100,0,100,1,,,,,100.0,0.0,100.0,0.0,,,72.0,28.0,,,100.0,29.0,100.0,467.0,28,28,100,0,100,0,200,0,100.0,3996.0,100.0,35048840688.0,100.0,44138184086.0
2018-04-06,ZCH0722A,ST12000NM0007,12000138625024,0,78,57077176,98,0,100,2,100,0,88,572693699,96,4180,100,0,100,1,,,,,100.0,0.0,100.0,0.0,,,72.0,28.0,,,100.0,29.0,100.0,468.0,28,28,100,0,100,0,200,0,100.0,4021.0,100.0,35113754952.0,100.0,44289104118.0
2018-04-07,ZCH0722A,ST12000NM0007,12000138625024,0,74.0,26884472.0,98.0,0.0,100.0,2.0,100.0,0.0,88.0,575249133.0,96.0,4203.0,100.0,0.0,100.0,1.0,,,,,100.0,0.0,100.0,0.0,,,73.0,27.0,,,100.0,29.0,100.0,469.0,27.0,27.0,100.0,0.0,100.0,0.0,200.0,0.0,100.0,4044.0,100.0,35176626808.0,100.0,44440180302.0
2018-04-08,ZCH0722A,ST12000NM0007,12000138625024,0,74,22520496,98,0,100,2,100,0,88,578210465,96,4228,100,0,100,1,,,,,100.0,0.0,100.0,0.0,,,72.0,28.0,,,100.0,30.0,100.0,470.0,28,28,100,0,100,0,200,0,100.0,4069.0,100.0,35241169280.0,100.0,44615414526.0
2018-04-09,ZCH0722A,ST12000NM0007,12000138625024,0,100,246160,98,0,100,2,100,0,88,581232523,96,4251,100,0,100,1,,,,,100.0,0.0,100.0,0.0,,,72.0,28.0,,,100.0,30.0,100.0,471.0,28,28,100,0,100,0,200,0,100.0,4092.0,100.0,35302651088.0,100.0,44775799118.0
2018-04-10,ZCH0722A,ST12000NM0007,12000138625024,0,75,29014904,98,0,100,2,100,0,88,584436044,96,4276,100,0,100,1,,,,,100.0,0.0,100.0,0.0,,,72.0,28.0,,,100.0,31.0,100.0,472.0,28,28,100,0,100,0,200,0,100.0,4116.0,100.0,35385179952.0,100.0,44966180086.0
2018-04-11,ZCH0722A,ST12000NM0007,12000138625024,0,76,38806720,98,0,100,2,100,0,88,587877290,96,4300,100,0,100,1,,,,,100.0,0.0,100.0,0.0,,,72.0,28.0,,,100.0,32.0,100.0,473.0,28,28,100,0,100,0,200,0,100.0,4140.0,100.0,35467207624.0,100.0,45138084862.0
2018-04-12,ZCH0722A,ST12000NM0007,12000138625024,0,75,28780848,98,0,100,2,100,0,88,591026322,96,4323,100,0,100,1,,,,,100.0,0.0,100.0,0.0,,,73.0,27.0,,,100.0,33.0,100.0,475.0,27,27,100,0,100,0,200,0,100.0,4163.0,100.0,35537157208.0,100.0,45302250038.0
2018-04-13,ZCH0722A,ST12000NM0007,12000138625024,0,66,4084160,98,0,100,2,100,0,88,593877050,96,4347,100,0,100,1,,,,,100.0,0.0,100.0,0.0,,,73.0,27.0,,,100.0,33.0,100.0,476.0,27,27,100,0,100,0,200,0,100.0,4187.0,100.0,35627644072.0,100.0,45431207230.0
2018-04-14,ZCH0722A,ST12000NM0007,12000138625024,0,84,225937968,98,0,100,2,100,0,88,596620447,96,4372,100,0,100,1,,,,,100.0,0.0,100.0,0.0,,,73.0,27.0,,,100.0,33.0,100.0,477.0,27,27,100,0,100,0,200,0,100.0,4212.0,100.0,35718851008.0,100.0,45561854102.0
2018-04-15,ZCH0722A,ST12000NM0007,12000138625024,0,82,174718928,98,0,100,2,100,0,88,599179464,95,4395,100,0,100,1,,,,,100.0,0.0,100.0,0.0,,,72.0,28.0,,,100.0,33.0,100.0,478.0,28,28,100,0,100,0,200,0,100.0,4235.0,100.0,35802645376.0,100.0,45670981358.0
2018-04-16,ZCH0722A,ST12000NM0007,12000138625024,0,83,196275560,98,0,100,2,100,0,88,602416024,95,4420,100,0,100,1,,,,,100.0,0.0,100.0,0.0,,,73.0,27.0,,,100.0,33.0,100.0,479.0,27,27,100,0,100,0,200,0,100.0,4260.0,100.0,35875196688.0,100.0,45864127326.0
2018-04-17,ZCH0722A,ST12000NM0007,12000138625024,0,82,151007160,98,0,100,2,100,0,88,604923224,95,4444,100,0,100,1,,,,,100.0,0.0,100.0,0.0,,,73.0,27.0,,,100.0,33.0,100.0,480.0,27,27,100,0,100,0,200,0,100.0,4283.0,100.0,35946727624.0,100.0,45991468622.0
2018-04-18,ZCH0722A,ST12000NM0007,12000138625024,0,82,162752592,98,0,100,2,100,0,88,608007232,95,4467,100,0,100,1,,,,,100.0,0.0,100.0,0.0,,,73.0,27.0,,,100.0,33.0,100.0,481.0,27,27,100,0,100,0,200,0,100.0,4307.0,100.0,36028829128.0,100.0,46165253406.0
2018-04-19,ZCH0722A,ST12000NM0007,12000138625024,0,80,111122176,98,0,100,2,100,0,88,610548753,95,4491,100,0,100,1,,,,,100.0,0.0,100.0,0.0,,,73.0,27.0,,,100.0,33.0,100.0,482.0,27,27,100,0,100,0,200,0,100.0,4331.0,100.0,36095388608.0,100.0,46291204206.0
2018-04-20,ZCH0722A,ST12000NM0007,12000138625024,0,100,1126336,98,0,100,2,100,0,88,612702752,95,4515,100,0,100,1,,,,,100.0,0.0,100.0,0.0,,,73.0,27.0,,,100.0,33.0,100.0,483.0,27,27,100,0,100,0,200,0,100.0,4355.0,100.0,36156140136.0,100.0,46364597478.0
2018-04-21,ZCH0722A,ST12000NM0007,12000138625024,0,81,135011520,98,0,100,2,100,0,88,614859728,95,4539,100,0,100,1,,,,,100.0,0.0,100.0,0.0,,,72.0,28.0,,,100.0,34.0,100.0,484.0,28,28,100,0,100,0,200,0,100.0,4378.0,100.0,36219250976.0,100.0,46435371822.0
2018-04-22,ZCH0722A,ST12000NM0007,12000138625024,0,80,92989024,98,0,100,2,100,0,88,617402045,95,4563,100,0,100,1,,,,,100.0,0.0,100.0,0.0,,,72.0,28.0,,,100.0,35.0,100.0,485.0,28,28,100,0,100,0,200,0,100.0,4402.0,100.0,36294351048.0,100.0,46562389902.0
2018-04-23,ZCH0722A,ST12000NM0007,12000138625024,0,81,123682016,98,0,100,2,100,0,88,621365609,95,4588,100,0,100,1,,,,,100.0,0.0,100.0,0.0,,,72.0,28.0,,,100.0,36.0,100.0,486.0,28,28,100,0,100,0,200,0,100.0,4427.0,100.0,36373210744.0,100.0,46758363910.0
2018-04-24,ZCH0722A,ST12000NM0007,12000138625024,0,82,147531640,98,0,100,2,100,0,88,624569943,95,4612,100,0,100,1,,,,,100.0,0.0,100.0,0.0,,,72.0,28.0,,,100.0,36.0,100.0,487.0,28,28,100,0,100,0,200,0,100.0,4451.0,100.0,36463004144.0,100.0,46936561014.0
2018-04-25,ZCH0722A,ST12000NM0007,12000138625024,0,81,136359584,98,0,100,2,100,0,88,627642153,95,4636,100,0,100,1,,,,,100.0,0.0,100.0,0.0,,,73.0,27.0,,,100.0,36.0,100.0,488.0,27,27,100,0,100,0,200,0,100.0,4474.0,100.0,36548082512.0,100.0,47084451326.0
2018-04-26,ZCH0722A,ST12000NM0007,12000138625024,0,81,117264664,98,0,100,2,100,0,88,630612007,95,4661,100,0,100,1,,,,,100.0,0.0,100.0,0.0,,,72.0,28.0,,,100.0,36.0,100.0,490.0,28,28,100,0,100,0,200,0,100.0,4500.0,100.0,36639845744.0,100.0,47217733990.0
2018-04-27,ZCH0722A,ST12000NM0007,12000138625024,0,81,114666104,98,0,100,2,100,0,88,633426390,95,4685,100,0,100,1,,,,,100.0,0.0,100.0,0.0,,,73.0,27.0,,,100.0,36.0,100.0,491.0,27,27,100,0,100,0,200,0,100.0,4523.0,100.0,36720832064.0,100.0,47378289782.0
2018-04-28,ZCH0722A,ST12000NM0007,12000138625024,0,82,156423080,98,0,100,2,100,0,88,636526790,95,4710,100,0,100,1,,,,,100.0,0.0,100.0,0.0,,,73.0,27.0,,,100.0,36.0,100.0,492.0,27,27,100,0,100,0,200,0,100.0,4548.0,100.0,36789630960.0,100.0,47595388502.0
2018-04-29,ZCH0722A,ST12000NM0007,12000138625024,0,82,145592128,98,0,100,2,100,0,88,639407502,95,4733,100,0,100,1,,,,,100.0,0.0,100.0,0.0,,,73.0,27.0,,,100.0,37.0,100.0,493.0,27,27,100,0,100,0,200,0,100.0,4571.0,100.0,36849941888.0,100.0,47768387286.0
2018-04-30,ZCH0722A,ST12000NM0007,12000138625024,0,81,116782608,98,0,100,2,100,0,88,641973525,95,4758,100,0,100,1,,,,,100.0,0.0,100.0,0.0,,,73.0,27.0,,,100.0,37.0,100.0,494.0,27,27,100,0,100,0,200,0,100.0,4596.0,100.0,36906620312.0,100.0,47927040246.0
2018-05-01,ZCH0722A,ST12000NM0007,12000138625024,0,81,122476392,98,0,100,2,100,0,88,644738029,95,4782,100,0,100,1,,,,,100.0,0.0,100.0,0.0,,,72.0,28.0,,,100.0,37.0,100.0,495.0,28,28,100,0,100,0,200,0,100.0,4619.0,100.0,36967046928.0,100.0,48116448062.0
2018-05-02,ZCH0722A,ST12000NM0007,12000138625024,0,82.0,170129256.0,98.0,0.0,100.0,2.0,100.0,0.0,88.0,647856494.0,95.0,4805.0,100.0,0.0,100.0,1.0,,,,,100.0,0.0,100.0,0.0,,,73.0,27.0,,,100.0,37.0,100.0,496.0,27.0,27.0,100.0,0.0,100.0,0.0,200.0,0.0,100.0,4643.0,100.0,37026077920.0,100.0,48349210566.0
2018-05-03,ZCH0722A,ST12000NM0007,12000138625024,0,81,130630248,98,0,100,2,100,0,88,650350621,95,4827,100,0,100,1,,,,,100.0,0.0,100.0,0.0,,,72.0,28.0,,,100.0,37.0,100.0,497.0,28,28,100,0,100,0,200,0,100.0,4665.0,100.0,37092076928.0,100.0,48487853334.0
2018-05-04,ZCH0722A,ST12000NM0007,12000138625024,0,81,122358192,98,0,100,2,100,0,88,653708020,95,4851,100,0,100,1,,,,,100.0,0.0,100.0,0.0,,,73.0,27.0,,,100.0,37.0,100.0,498.0,27,27,100,0,100,0,200,0,100.0,4688.0,100.0,37149479552.0,100.0,48666319286.0
2018-05-05,ZCH0722A,ST12000NM0007,12000138625024,0,78,60629120,98,0,100,2,100,0,88,656188011,95,4875,100,0,100,1,,,,,100.0,0.0,100.0,0.0,,,73.0,27.0,,,100.0,38.0,100.0,499.0,27,27,100,0,100,0,200,0,100.0,4712.0,100.0,37219212664.0,100.0,48778997902.0
2018-05-06,ZCH0722A,ST12000NM0007,12000138625024,0,79,83975808,98,0,100,2,100,0,88,659128958,95,4899,100,0,100,1,,,,,100.0,0.0,100.0,0.0,,,72.0,28.0,,,100.0,38.0,100.0,500.0,28,28,100,0,100,0,200,0,100.0,4737.0,100.0,37290570664.0,100.0,48975127222.0
2018-05-07,ZCH0722A,ST12000NM0007,12000138625024,0,78,66203792,98,0,100,2,100,0,88,661933139,95,4924,100,0,100,1,,,,,100.0,0.0,100.0,0.0,,,73.0,27.0,,,100.0,38.0,100.0,501.0,27,27,100,0,100,0,200,0,100.0,4761.0,100.0,37359195424.0,100.0,49132871310.0
2018-05-08,ZCH0722A,ST12000NM0007,12000138625024,0,76,36791320,98,0,100,2,100,0,88,664523251,95,4948,100,0,100,1,,,,,100.0,0.0,100.0,0.0,,,72.0,28.0,,,100.0,38.0,100.0,502.0,28,28,100,0,100,0,200,0,100.0,4785.0,100.0,37445406872.0,100.0,49261388286.0
2018-05-09,ZCH0722A,ST12000NM0007,12000138625024,0,72,15496624,98,0,100,2,100,0,88,667361600,95,4971,100,0,100,1,,,,,100.0,0.0,100.0,0.0,,,72.0,28.0,,,100.0,38.0,100.0,503.0,28,28,100,0,100,0,200,0,100.0,4808.0,100.0,37513078776.0,100.0,49416562382.0
2018-05-10,ZCH0722A,ST12000NM0007,12000138625024,0,72,14547184,98,0,100,2,100,0,88,670038557,95,4995,100,0,100,1,,,,,100.0,0.0,100.0,0.0,,,72.0,28.0,,,100.0,38.0,100.0,505.0,28,28,100,0,100,0,200,0,100.0,4831.0,100.0,37578628040.0,100.0,49594204494.0
2018-05-11,ZCH0722A,ST12000NM0007,12000138625024,0,76,36662168,98,0,100,2,100,0,88,672954618,95,5020,100,0,100,1,,,,,100.0,0.0,100.0,0.0,,,72.0,28.0,,,100.0,39.0,100.0,506.0,28,28,100,0,100,0,200,0,100.0,4856.0,100.0,37651640056.0,100.0,49787448526.0
2018-05-12,ZCH0722A,ST12000NM0007,12000138625024,0,75,29499064,98,0,100,2,100,0,88,675648122,95,5044,100,0,100,1,,,,,100.0,0.0,100.0,0.0,,,73.0,27.0,,,100.0,39.0,100.0,507.0,27,27,100,0,100,0,200,0,100.0,4880.0,100.0,37724322472.0,100.0,49951743662.0
2018-05-13,ZCH0722A,ST12000NM0007,12000138625024,0,76,43440544,98,0,100,2,100,0,88,678449776,95,5067,100,0,100,1,,,,,100.0,0.0,100.0,0.0,,,73.0,27.0,,,100.0,39.0,100.0,508.0,27,27,100,0,100,0,200,0,100.0,4904.0,100.0,37801220832.0,100.0,50132927414.0
2018-05-14,ZCH0722A,ST12000NM0007,12000138625024,0,79,86040424,98,0,100,2,100,0,88,682413290,95,5092,100,0,100,1,,,,,100.0,0.0,100.0,0.0,,,73.0,27.0,,,100.0,39.0,100.0,509.0,27,27,100,0,100,0,200,0,100.0,4929.0,100.0,37875873104.0,100.0,50345015678.0
2018-05-15,ZCH0722A,ST12000NM0007,12000138625024,0,77.0,48466344.0,98.0,0.0,100.0,2.0,100.0,0.0,88.0,684824769.0,95.0,5116.0,100.0,0.0,100.0,1.0,,,,,100.0,0.0,100.0,0.0,,,72.0,28.0,,,100.0,40.0,100.0,510.0,28.0,28.0,100.0,0.0,100.0,0.0,200.0,0.0,100.0,4952.0,100.0,37951964872.0,100.0,50475490462.0
2018-05-16,ZCH0722A,ST12000NM0007,12000138625024,0,78,60255264,98,0,100,2,100,0,88,687817311,95,5140,100,0,100,1,,,,,100.0,0.0,100.0,0.0,,,73.0,27.0,,,100.0,40.0,100.0,511.0,27,27,100,0,100,0,200,0,100.0,4976.0,100.0,38019054216.0,100.0,50664330774.0
2018-05-17,ZCH0722A,ST12000NM0007,12000138625024,0,78,61822872,98,0,100,2,100,0,88,690584321,95,5163,100,0,100,1,,,,,100.0,0.0,100.0,0.0,,,73.0,27.0,,,100.0,40.0,100.0,512.0,27,27,100,0,100,0,200,0,100.0,4999.0,100.0,38087776080.0,100.0,50841317150.0
2018-05-18,ZCH0722A,ST12000NM0007,12000138625024,0,74,22837328,98,0,100,2,100,0,88,692966211,95,5187,100,0,100,1,,,,,100.0,0.0,100.0,0.0,,,73.0,27.0,,,100.0,41.0,100.0,513.0,27,27,100,0,100,0,200,0,100.0,5023.0,100.0,38134143448.0,100.0,51000104894.0
2018-05-19,ZCH0722A,ST12000NM0007,12000138625024,0,84,224438600,98,0,100,2,100,0,88,695465337,95,5211,100,0,100,1,,,,,100.0,0.0,100.0,0.0,,,73.0,27.0,,,100.0,41.0,100.0,514.0,27,27,100,0,100,0,200,0,100.0,5047.0,100.0,38197961112.0,100.0,51137888502.0
2018-05-20,ZCH0722A,ST12000NM0007,12000138625024,0,84,237424152,98,0,100,2,100,0,88,698372345,95,5235,100,0,100,1,,,,,100.0,0.0,100.0,0.0,,,73.0,27.0,,,100.0,41.0,100.0,515.0,27,27,100,0,100,0,200,0,100.0,5071.0,100.0,38269728936.0,100.0,51323246918.0
2018-05-21,ZCH0722A,ST12000NM0007,12000138625024,0,83,198080144,98,0,100,2,100,0,88,701106242,94,5259,100,0,100,1,,,,,100.0,0.0,100.0,0.0,,,73.0,27.0,,,100.0,41.0,100.0,516.0,27,27,100,0,100,0,200,0,100.0,5095.0,100.0,38326407760.0,100.0,51471364798.0
2018-05-22,ZCH0722A,ST12000NM0007,12000138625024,0,83,194681600,98,0,100,2,100,0,88,703695249,94,5283,100,0,100,1,,,,,100.0,0.0,100.0,0.0,,,73.0,27.0,,,100.0,42.0,100.0,517.0,27,27,100,0,100,0,200,0,100.0,5118.0,100.0,38391692440.0,100.0,51646822206.0
2018-05-23,ZCH0722A,ST12000NM0007,12000138625024,0,83,186795312,98,0,100,2,100,0,88,706587767,94,5308,100,0,100,1,,,,,100.0,0.0,100.0,0.0,,,72.0,28.0,,,100.0,42.0,100.0,518.0,28,28,100,0,100,0,200,0,100.0,5143.0,100.0,38459813768.0,100.0,51814955222.0
2018-05-24,ZCH0722A,ST12000NM0007,12000138625024,0,82,176683712,98,0,100,2,100,0,89,709821858,94,5331,100,0,100,1,,,,,100.0,0.0,100.0,0.0,,,72.0,28.0,,,100.0,43.0,100.0,519.0,28,28,100,0,100,0,200,0,100.0,5167.0,100.0,38518075752.0,100.0,51990722286.0
2018-05-25,ZCH0722A,ST12000NM0007,12000138625024,0,82,174663264,98,0,100,2,100,0,89,712489060,94,5354,100,0,100,1,,,,,100.0,0.0,100.0,0.0,,,72.0,28.0,,,100.0,43.0,100.0,520.0,28,28,100,0,100,0,200,0,100.0,5189.0,100.0,38578213368.0,100.0,52172704934.0
2018-05-26,ZCH0722A,ST12000NM0007,12000138625024,0,82,142962264,98,0,100,2,100,0,89,714988187,94,5378,100,0,100,1,,,,,100.0,0.0,100.0,0.0,,,73.0,27.0,,,100.0,43.0,100.0,521.0,27,27,100,0,100,0,200,0,100.0,5213.0,100.0,38643572200.0,100.0,52319785910.0
2018-05-27,ZCH0722A,ST12000NM0007,12000138625024,0,83,185164280,98,0,100,2,100,0,89,718521209,94,5408,100,0,100,1,,,,,100.0,0.0,100.0,0.0,,,73.0,27.0,,,100.0,44.0,100.0,522.0,27,27,100,0,100,0,200,0,100.0,5243.0,100.0,38719562344.0,100.0,52530139134.0
2018-05-28,ZCH0722A,ST12000NM0007,12000138625024,0,83,201220032,98,0,100,2,100,0,89,721310348,94,5431,100,0,100,1,,,,,100.0,0.0,100.0,0.0,,,73.0,27.0,,,100.0,44.0,100.0,523.0,27,27,100,0,100,0,200,0,100.0,5266.0,100.0,38808504224.0,100.0,52701394038.0
2018-05-29,ZCH0722A,ST12000NM0007,12000138625024,0,83,206952752,98,0,100,2,100,0,89,723970752,94,5456,100,0,100,1,,,,,100.0,0.0,100.0,0.0,,,73.0,27.0,,,100.0,44.0,100.0,524.0,27,27,100,0,100,0,200,0,100.0,5291.0,100.0,38876908376.0,100.0,52882863342.0
2018-05-30,ZCH0722A,ST12000NM0007,12000138625024,0,74,24530464,98,0,100,2,100,0,89,727301553,94,5480,100,0,100,1,,,,,100.0,0.0,100.0,0.0,,,73.0,27.0,,,100.0,44.0,100.0,525.0,27,27,100,0,100,0,200,0,100.0,5314.0,100.0,38959942976.0,100.0,53105688430.0
2018-05-31,ZCH0722A,ST12000NM0007,12000138625024,0,70,10104872,98,0,100,2,100,0,89,729724931,94,5501,100,0,100,1,,,,,100.0,0.0,100.0,0.0,,,73.0,27.0,,,100.0,44.0,100.0,527.0,27,27,100,0,100,0,200,0,100.0,5335.0,100.0,39009899128.0,100.0,53285447494.0
2018-06-01,ZCH0722A,ST12000NM0007,12000138625024,0,83,223640136,98,0,100,2,100,0,89,732183983,94,5524,100,0,100,1,,,,,100.0,0.0,100.0,0.0,,,73.0,27.0,,,100.0,45.0,100.0,528.0,27,27,100,0,100,0,200,0,100.0,5358.0,100.0,39071133912.0,100.0,53437747974.0
2018-06-02,ZCH0722A,ST12000NM0007,12000138625024,0,83,203105736,98,0,100,2,100,0,89,734779918,94,5548,100,0,100,1,,,,,100.0,0.0,100.0,0.0,,,73.0,27.0,,,100.0,45.0,100.0,529.0,27,27,100,0,100,0,200,0,100.0,5382.0,100.0,39133407800.0,100.0,53599080830.0
2018-06-03,ZCH0722A,ST12000NM0007,12000138625024,0,84,223990720,98,0,100,2,100,0,89,738401757,94,5572,100,0,100,1,,,,,100.0,0.0,100.0,0.0,,,73.0,27.0,,,100.0,46.0,100.0,530.0,27,27,100,0,100,0,200,0,100.0,5406.0,100.0,39195373720.0,100.0,53802140742.0
2018-06-04,ZCH0722A,ST12000NM0007,12000138625024,0,83,202356216,98,0,100,2,100,0,89,741112117,94,5596,100,0,100,1,,,,,100.0,0.0,100.0,0.0,,,73.0,27.0,,,100.0,46.0,100.0,531.0,27,27,100,0,100,0,200,0,100.0,5430.0,100.0,39256727976.0,100.0,53963292758.0
2018-06-05,ZCH0722A,ST12000NM0007,12000138625024,0,83,196491520,98,0,100,2,100,0,89,743723527,94,5621,100,0,100,1,,,,,100.0,0.0,100.0,0.0,,,73.0,27.0,,,100.0,47.0,100.0,532.0,27,27,100,0,100,0,200,0,100.0,5454.0,100.0,39319715504.0,100.0,54138581238.0
2018-06-06,ZCH0722A,ST12000NM0007,12000138625024,0,84,226337920,98,0,100,2,100,0,89,746905518,94,5644,100,0,100,1,,,,,100.0,0.0,100.0,0.0,,,73.0,27.0,,,100.0,48.0,100.0,533.0,27,27,100,0,100,0,200,0,100.0,5478.0,100.0,39410915744.0,100.0,54321368278.0
2018-06-07,ZCH0722A,ST12000NM0007,12000138625024,0,75,31444824,98,0,100,2,100,0,89,749789118,94,5668,100,0,100,1,,,,,100.0,0.0,100.0,0.0,,,73.0,27.0,,,100.0,48.0,100.0,534.0,27,27,100,0,100,0,200,0,100.0,5502.0,100.0,39493951320.0,100.0,54531721030.0
2018-06-08,ZCH0722A,ST12000NM0007,12000138625024,0,72,17688584,98,0,100,2,100,0,89,752364091,94,5692,100,0,100,1,,,,,100.0,0.0,100.0,0.0,,,73.0,27.0,,,100.0,48.0,100.0,535.0,27,27,100,0,100,0,200,0,100.0,5526.0,100.0,39567456544.0,100.0,54688600406.0
2018-06-09,ZCH0722A,ST12000NM0007,12000138625024,0,100,1631968,98,0,100,2,100,0,89,755313349,94,5719,100,0,100,1,,,,,100.0,0.0,100.0,0.0,,,74.0,26.0,,,100.0,48.0,100.0,536.0,26,26,100,0,100,0,200,0,100.0,5552.0,100.0,39638280336.0,100.0,54845860630.0
2018-06-10,ZCH0722A,ST12000NM0007,12000138625024,0,84,241938048,98,0,100,2,100,0,89,758410770,94,5742,100,0,100,1,,,,,100.0,0.0,100.0,0.0,,,74.0,26.0,,,100.0,49.0,100.0,537.0,26,26,100,0,100,0,200,0,100.0,5576.0,100.0,39710946232.0,100.0,55013500814.0
2018-06-11,ZCH0722A,ST12000NM0007,12000138625024,0,70,9653400,98,0,100,2,100,0,89,761195185,94,5767,100,0,100,1,,,,,100.0,0.0,100.0,0.0,,,74.0,26.0,,,100.0,50.0,100.0,538.0,26,26,100,0,100,0,200,0,100.0,5600.0,100.0,39789116248.0,100.0,55191327622.0
2018-06-12,ZCH0722A,ST12000NM0007,12000138625024,0,83,212384568,98,0,100,2,100,0,89,763698031,94,5791,100,0,100,1,,,,,100.0,0.0,100.0,0.0,,,74.0,26.0,,,100.0,50.0,100.0,539.0,26,26,100,0,100,0,200,0,100.0,5624.0,100.0,39883672840.0,100.0,55299502198.0
2018-06-13,ZCH0722A,ST12000NM0007,12000138625024,0,70,10550840,98,0,100,2,100,0,89,766856429,94,5815,100,0,100,1,,,,,100.0,0.0,100.0,0.0,,,74.0,26.0,,,100.0,51.0,100.0,540.0,26,26,100,0,100,0,200,0,100.0,5648.0,100.0,39957107624.0,100.0,55512515102.0
2018-06-14,ZCH0722A,ST12000NM0007,12000138625024,0,84,234655952,98,0,100,2,100,0,89,769190071,94,5836,100,0,100,1,,,,,100.0,0.0,100.0,0.0,,,73.0,27.0,,,100.0,51.0,100.0,541.0,27,27,100,0,100,0,200,0,100.0,5669.0,100.0,40019183904.0,100.0,55674543934.0
2018-06-15,ZCH0722A,ST12000NM0007,12000138625024,0,84.0,242984224.0,98.0,0.0,100.0,2.0,100.0,0.0,89.0,771737026.0,94.0,5860.0,100.0,0.0,100.0,1.0,,,,,100.0,0.0,100.0,0.0,,,73.0,27.0,,,100.0,52.0,100.0,542.0,27.0,27.0,100.0,0.0,100.0,0.0,200.0,0.0,100.0,5692.0,100.0,40090780560.0,100.0,55855416182.0
2018-06-16,ZCH0722A,ST12000NM0007,12000138625024,0,78.0,66500176.0,98.0,0.0,100.0,2.0,100.0,0.0,89.0,774818683.0,94.0,5884.0,100.0,0.0,100.0,1.0,,,,,100.0,0.0,100.0,0.0,,,72.0,28.0,,,100.0,52.0,100.0,543.0,28.0,28.0,100.0,0.0,100.0,0.0,200.0,0.0,100.0,5717.0,100.0,40212005552.0,100.0,56045988622.0
2018-06-17,ZCH0722A,ST12000NM0007,12000138625024,0,82.0,163129816.0,98.0,0.0,100.0,2.0,100.0,0.0,89.0,778770823.0,94.0,5909.0,100.0,0.0,100.0,1.0,,,,,100.0,0.0,100.0,0.0,,,73.0,27.0,,,100.0,52.0,100.0,544.0,27.0,27.0,100.0,0.0,100.0,0.0,200.0,0.0,100.0,5741.0,100.0,40331471032.0,100.0,56267293646.0
2018-06-18,ZCH0722A,ST12000NM0007,12000138625024,0,82.0,159697296.0,98.0,0.0,100.0,2.0,100.0,0.0,89.0,781221550.0,94.0,5932.0,100.0,0.0,100.0,1.0,,,,,100.0,0.0,100.0,0.0,,,74.0,26.0,,,100.0,53.0,100.0,545.0,26.0,26.0,100.0,0.0,100.0,0.0,200.0,0.0,100.0,5765.0,100.0,40396094408.0,100.0,56443378630.0
2018-06-19,ZCH0722A,ST12000NM0007,12000138625024,0,81,128913880,98,0,100,2,100,0,89,783360598,94,5956,100,0,100,1,,,,,100.0,0.0,100.0,0.0,,,74.0,26.0,,,100.0,54.0,100.0,546.0,26,26,100,0,100,0,200,0,100.0,5788.0,100.0,40452131144.0,100.0,56600699182.0
2018-06-20,ZCH0722A,ST12000NM0007,12000138625024,0,81,118746856,98,0,100,2,100,0,89,786000182,94,5980,100,0,100,1,,,,,100.0,0.0,100.0,0.0,,,74.0,26.0,,,100.0,55.0,100.0,547.0,26,26,100,0,100,0,200,0,100.0,5812.0,100.0,40520271344.0,100.0,56766532598.0
2018-06-21,ZCH0722A,ST12000NM0007,12000138625024,0,82,145141464,98,0,100,2,100,0,89,788484961,94,6004,100,0,100,1,,,,,100.0,0.0,100.0,0.0,,,74.0,26.0,,,100.0,56.0,100.0,548.0,26,26,100,0,100,0,200,0,100.0,5836.0,100.0,40595293760.0,100.0,56962045638.0
2018-06-22,ZCH0722A,ST12000NM0007,12000138625024,0,82,141961472,98,0,100,2,100,0,89,790763658,94,6028,100,0,100,1,,,,,100.0,0.0,100.0,0.0,,,74.0,26.0,,,100.0,56.0,100.0,549.0,26,26,100,0,100,0,200,0,100.0,5860.0,100.0,40645684896.0,100.0,57152615382.0
2018-06-23,ZCH0722A,ST12000NM0007,12000138625024,0,82,146099392,98,0,100,2,100,0,89,793085736,94,6052,100,0,100,1,,,,,100.0,0.0,100.0,0.0,,,74.0,26.0,,,100.0,57.0,100.0,550.0,26,26,100,0,100,0,200,0,100.0,5884.0,100.0,40701902512.0,100.0,57344676422.0
2018-06-24,ZCH0722A,ST12000NM0007,12000138625024,0,82,169289656,98,0,100,2,100,0,89,795612979,94,6077,100,0,100,1,,,,,100.0,0.0,100.0,0.0,,,73.0,27.0,,,100.0,58.0,100.0,551.0,27,27,100,0,100,0,200,0,100.0,5908.0,100.0,40771311872.0,100.0,57542597958.0
2018-06-25,ZCH0722A,ST12000NM0007,12000138625024,0,83,211183968,98,0,100,2,100,0,89,798335688,94,6101,100,0,100,1,,,,,100.0,0.0,100.0,0.0,,,74.0,26.0,,,100.0,58.0,100.0,552.0,26,26,100,0,100,0,200,0,100.0,5932.0,100.0,40851804672.0,100.0,57748140230.0
2018-06-26,ZCH0722A,ST12000NM0007,12000138625024,0,84,231332904,98,0,100,2,100,0,89,800634069,94,6124,100,0,100,1,,,,,100.0,0.0,100.0,0.0,,,74.0,26.0,,,100.0,58.0,100.0,553.0,26,26,100,0,100,0,200,0,100.0,5956.0,100.0,40907139960.0,100.0,57957094678.0
2018-06-27,ZCH0722A,ST12000NM0007,12000138625024,0,84,242630848,98,0,100,2,100,0,89,803401827,93,6148,100,0,100,1,,,,,100.0,0.0,100.0,0.0,,,74.0,26.0,,,100.0,58.0,100.0,554.0,26,26,100,0,100,0,200,0,100.0,5979.0,100.0,40965769408.0,100.0,58153903854.0
2018-06-28,ZCH0722A,ST12000NM0007,12000138625024,0,77,51061840,98,0,100,2,100,0,89,806836713,93,6172,100,0,100,1,,,,,100.0,0.0,100.0,0.0,,,74.0,26.0,,,100.0,58.0,100.0,555.0,26,26,100,0,100,0,200,0,100.0,6004.0,100.0,41039645592.0,100.0,58376740102.0
2018-06-29,ZCH0722A,ST12000NM0007,12000138625024,0,73,22160408,98,0,100,2,100,0,89,808805267,93,6193,100,0,100,1,,,,,100.0,0.0,100.0,0.0,,,76.0,24.0,,,100.0,58.0,100.0,557.0,24,24,100,0,100,0,200,0,100.0,6024.0,100.0,41086855640.0,100.0,58544769470.0
2018-06-30,ZCH0722A,ST12000NM0007,12000138625024,0,76,38177984,98,0,100,2,100,0,89,811498898,93,6216,100,0,100,1,,,,,100.0,0.0,100.0,0.0,,,74.0,26.0,,,100.0,58.0,100.0,558.0,26,26,100,0,100,0,200,0,100.0,6047.0,100.0,41146669672.0,100.0,58745113694.0
2018-07-01,ZCH0722A,ST12000NM0007,12000138625024,0,73,19729496,98,0,100,2,100,0,89,813944437,93,6241,100,0,100,1,,,,,100.0,0.0,100.0,0.0,,,74.0,26.0,,,100.0,58.0,100.0,559.0,26,26,100,0,100,0,200,0,100.0,6071.0,100.0,41205615544.0,100.0,58911859974.0
2018-07-02,ZCH0722A,ST12000NM0007,12000138625024,0,79,82652080,98,0,100,2,100,0,89,817110072,93,6265,100,0,100,1,,,,,100.0,0.0,100.0,0.0,,,74.0,26.0,,,100.0,59.0,100.0,560.0,26,26,100,0,100,0,200,0,100.0,6095.0,100.0,41282931232.0,100.0,59141607702.0
2018-07-03,ZCH0722A,ST12000NM0007,12000138625024,0,80,104987000,98,0,100,2,100,0,89,819877901,93,6289,100,0,100,1,,,,,100.0,0.0,100.0,0.0,,,74.0,26.0,,,100.0,59.0,100.0,561.0,26,26,100,0,100,0,200,0,100.0,6119.0,100.0,41352622792.0,100.0,59338391718.0
2018-07-04,ZCH0722A,ST12000NM0007,12000138625024,0,81,127573744,98,0,100,2,100,0,89,823047159,93,6312,100,0,100,1,,,,,100.0,0.0,100.0,0.0,,,74.0,26.0,,,100.0,59.0,100.0,562.0,26,26,100,0,100,0,200,0,100.0,6142.0,100.0,41437393200.0,100.0,59520348814.0
2018-07-05,ZCH0722A,ST12000NM0007,12000138625024,0,82,167451016,98,0,100,2,100,0,89,825916316,93,6337,100,0,100,1,,,,,100.0,0.0,100.0,0.0,,,74.0,26.0,,,100.0,59.0,100.0,563.0,26,26,100,0,100,0,200,0,100.0,6167.0,100.0,41511097784.0,100.0,59730662158.0
2018-07-06,ZCH0722A,ST12000NM0007,12000138625024,0,81,132023064,98,0,100,2,100,0,89,828455746,93,6361,100,0,100,1,,,,,100.0,0.0,100.0,0.0,,,74.0,26.0,,,100.0,59.0,100.0,564.0,26,26,100,0,100,0,200,0,100.0,6191.0,100.0,41576567872.0,100.0,59873904750.0
2018-07-07,ZCH0722A,ST12000NM0007,12000138625024,0,82,157308232,98,0,100,2,100,0,89,831316011,93,6385,100,0,100,1,,,,,100.0,0.0,100.0,0.0,,,74.0,26.0,,,100.0,59.0,100.0,565.0,26,26,100,0,100,0,200,0,100.0,6215.0,100.0,41665876264.0,100.0,60054022286.0
2018-07-08,ZCH0722A,ST12000NM0007,12000138625024,0,83,185680848,98,0,100,2,100,0,89,833854918,93,6409,100,0,100,1,,,,,100.0,0.0,100.0,0.0,,,74.0,26.0,,,100.0,59.0,100.0,566.0,26,26,100,0,100,0,200,0,100.0,6238.0,100.0,41755181232.0,100.0,60237230822.0
2018-07-09,ZCH0722A,ST12000NM0007,12000138625024,0,83,209036496,98,0,100,2,100,0,89,836594075,93,6432,100,0,100,1,,,,,100.0,0.0,100.0,0.0,,,74.0,26.0,,,100.0,60.0,100.0,567.0,26,26,100,0,100,0,200,0,100.0,6262.0,100.0,41812851472.0,100.0,60447057222.0
2018-07-10,ZCH0722A,ST12000NM0007,12000138625024,0,84.0,226272072.0,98.0,0.0,100.0,2.0,100.0,0.0,89.0,839039993.0,93.0,6457.0,100.0,0.0,100.0,1.0,,,,,100.0,0.0,100.0,0.0,,,74.0,26.0,,,100.0,60.0,100.0,568.0,26.0,26.0,100.0,0.0,100.0,0.0,200.0,0.0,100.0,6286.0,100.0,41889344632.0,100.0,60631942350.0
2018-07-11,ZCH0722A,ST12000NM0007,12000138625024,0,70,10115232,98,0,100,2,100,0,89,841846053,93,6480,100,0,100,1,,,,,100.0,0.0,100.0,0.0,,,74.0,26.0,,,100.0,60.0,100.0,569.0,26,26,100,0,100,0,200,0,100.0,6310.0,100.0,41960405896.0,100.0,60833005710.0
2018-07-12,ZCH0722A,ST12000NM0007,12000138625024,0,81,137380752,98,0,100,2,100,0,89,846038776,93,6511,100,0,100,1,,,,,100.0,0.0,100.0,0.0,,,74.0,26.0,,,100.0,60.0,100.0,571.0,26,26,100,0,100,0,200,0,100.0,6340.0,100.0,42053976216.0,100.0,61110841598.0
2018-07-13,ZCH0722A,ST12000NM0007,12000138625024,0,83,189382000,98,0,100,2,100,0,89,849094128,93,6536,100,0,100,1,,,,,100.0,0.0,100.0,0.0,,,74.0,26.0,,,100.0,60.0,100.0,572.0,26,26,100,0,100,0,200,0,100.0,6364.0,100.0,42131844584.0,100.0,61329115110.0
2018-07-14,ZCH0722A,ST12000NM0007,12000138625024,0,71,12562456,98,0,100,2,100,0,89,852196239,93,6559,100,0,100,1,,,,,100.0,0.0,100.0,0.0,,,74.0,26.0,,,100.0,60.0,100.0,573.0,26,26,100,0,100,0,200,0,100.0,6387.0,100.0,42238638792.0,100.0,61533782982.0
2018-07-15,ZCH0722A,ST12000NM0007,12000138625024,0,79,73474272,98,0,100,2,100,0,89,855533894,93,6583,100,0,100,1,,,,,100.0,0.0,100.0,0.0,,,74.0,26.0,,,100.0,60.0,100.0,574.0,26,26,100,0,100,0,200,0,100.0,6412.0,100.0,42317555816.0,100.0,61759918454.0
2018-07-16,ZCH0722A,ST12000NM0007,12000138625024,0,79,84699640,98,0,100,2,100,0,89,857981110,93,6605,100,0,100,1,,,,,100.0,0.0,100.0,0.0,,,74.0,26.0,,,100.0,60.0,100.0,575.0,26,26,100,0,100,0,200,0,100.0,6433.0,100.0,42392974568.0,100.0,61939865742.0
2018-07-17,ZCH0722A,ST12000NM0007,12000138625024,0,82,174299120,98,0,100,2,100,0,89,860904774,93,6628,100,0,100,1,,,,,100.0,0.0,100.0,0.0,,,74.0,26.0,,,100.0,60.0,100.0,576.0,26,26,100,0,100,0,200,0,100.0,6457.0,100.0,42503589232.0,100.0,62162991438.0
2018-07-18,ZCH0722A,ST12000NM0007,12000138625024,0,74,25713768,98,0,100,2,100,0,89,864427951,93,6653,100,0,100,1,,,,,100.0,0.0,100.0,0.0,,,74.0,26.0,,,100.0,60.0,100.0,577.0,26,26,100,0,100,0,200,0,100.0,6481.0,100.0,42597333992.0,100.0,62408942686.0
2018-07-19,ZCH0722A,ST12000NM0007,12000138625024,0,84,240169624,98,0,100,2,100,0,89,866732064,93,6677,100,0,100,1,,,,,100.0,0.0,100.0,0.0,,,74.0,26.0,,,100.0,60.0,100.0,578.0,26,26,100,0,100,0,200,0,100.0,6505.0,100.0,42666309288.0,100.0,62554423246.0
2018-07-20,ZCH0722A,ST12000NM0007,12000138625024,0,83,217438024,98,0,100,2,100,0,89,868978396,93,6701,100,0,100,1,,,,,100.0,0.0,100.0,0.0,,,74.0,26.0,,,100.0,60.0,100.0,579.0,26,26,100,0,100,0,200,0,100.0,6529.0,100.0,42733997104.0,100.0,62708144710.0
2018-07-21,ZCH0722A,ST12000NM0007,12000138625024,0,100,1522160,98,0,100,2,100,0,89,871762411,93,6725,100,0,100,1,,,,,100.0,0.0,100.0,0.0,,,74.0,26.0,,,100.0,60.0,100.0,580.0,26,26,100,0,100,0,200,0,100.0,6553.0,100.0,42836701656.0,100.0,62877805830.0
2018-07-22,ZCH0722A,ST12000NM0007,12000138625024,0,77,47054656,98,0,100,2,100,0,89,874931926,93,6749,100,0,100,1,,,,,100.0,0.0,100.0,0.0,,,73.0,27.0,,,100.0,61.0,100.0,581.0,27,27,100,0,100,0,200,0,100.0,6576.0,100.0,42928049176.0,100.0,63076131438.0
2018-07-23,ZCH0722A,ST12000NM0007,12000138625024,0,78,58844040,98,0,100,2,100,0,89,877796150,93,6773,100,0,100,1,,,,,100.0,0.0,100.0,0.0,,,74.0,26.0,,,100.0,61.0,100.0,582.0,26,26,100,0,100,0,200,0,100.0,6600.0,100.0,43032194920.0,100.0,63227915934.0
2018-07-24,ZCH0722A,ST12000NM0007,12000138625024,0,77,48159704,98,0,100,2,100,0,89,880384740,93,6797,100,0,100,1,,,,,100.0,0.0,100.0,0.0,,,74.0,26.0,,,100.0,62.0,100.0,583.0,26,26,100,0,100,0,200,0,100.0,6624.0,100.0,43124498320.0,100.0,63369068886.0
2018-07-25,ZCH0722A,ST12000NM0007,12000138625024,0,79.0,72828312.0,98.0,0.0,100.0,2.0,100.0,0.0,89.0,884243296.0,93.0,6821.0,100.0,0.0,100.0,1.0,,,,,100.0,0.0,100.0,0.0,,,74.0,26.0,,,100.0,62.0,100.0,584.0,26.0,26.0,100.0,0.0,100.0,0.0,200.0,0.0,100.0,6648.0,100.0,43201127032.0,100.0,63561249590.0
2018-07-26,ZCH0722A,ST12000NM0007,12000138625024,0,79,82949304,98,0,100,2,100,0,89,887146657,93,6848,100,0,100,1,,,,,100.0,0.0,100.0,0.0,,,74.0,26.0,,,100.0,62.0,100.0,587.0,26,26,100,0,100,0,200,0,100.0,6675.0,100.0,43273005976.0,100.0,63743632270.0
2018-07-27,ZCH0722A,ST12000NM0007,12000138625024,0,80,107033032,98,0,100,2,100,0,89,889979048,93,6872,100,0,100,1,,,,,100.0,0.0,100.0,0.0,,,74.0,26.0,,,100.0,62.0,100.0,588.0,26,26,100,0,100,0,200,0,100.0,6699.0,100.0,43342954528.0,100.0,63941908542.0
2018-07-28,ZCH0722A,ST12000NM0007,12000138625024,0,81,140773952,98,0,100,2,100,0,90,892912709,93,6895,100,0,100,1,,,,,100.0,0.0,100.0,0.0,,,74.0,26.0,,,100.0,62.0,100.0,589.0,26,26,100,0,100,0,200,0,100.0,6722.0,100.0,43411983104.0,100.0,64150761550.0
2018-07-29,ZCH0722A,ST12000NM0007,12000138625024,0,81,127758808,98,0,100,2,100,0,90,895895946,93,6919,100,0,100,1,,,,,100.0,0.0,100.0,0.0,,,74.0,26.0,,,100.0,62.0,100.0,590.0,26,26,100,0,100,0,200,0,100.0,6745.0,100.0,43483907952.0,100.0,64309962270.0
2018-07-30,ZCH0722A,ST12000NM0007,12000138625024,0,81,118113200,98,0,100,2,100,0,90,898591030,93,6944,100,0,100,1,,,,,100.0,0.0,100.0,0.0,,,74.0,26.0,,,100.0,62.0,100.0,591.0,26,26,100,0,100,0,200,0,100.0,6769.0,100.0,43551274792.0,100.0,64477090526.0
2018-07-31,ZCH0722A,ST12000NM0007,12000138625024,0,80,106518208,98,0,100,2,100,0,90,901247364,93,6968,100,0,100,1,,,,,100.0,0.0,100.0,0.0,,,74.0,26.0,,,100.0,62.0,100.0,592.0,26,26,100,0,100,0,200,0,100.0,6794.0,100.0,43620676304.0,100.0,64640234790.0
2018-08-01,ZCH0722A,ST12000NM0007,12000138625024,0,82,144713432,98,0,100,2,100,0,90,904541500,93,6992,100,0,100,1,,,,,100.0,0.0,100.0,0.0,,,74.0,26.0,,,100.0,62.0,100.0,593.0,26,26,100,0,100,0,200,0,100.0,6818.0,100.0,43707027288.0,100.0,64836219830.0
2018-08-02,ZCH0722A,ST12000NM0007,12000138625024,0,82,152688704,98,0,100,2,100,0,90,907274806,92,7016,100,0,100,1,,,,,100.0,0.0,100.0,0.0,,,74.0,26.0,,,100.0,62.0,100.0,594.0,26,26,100,0,100,0,200,0,100.0,6842.0,100.0,43792142128.0,100.0,65003220974.0
2018-08-03,ZCH0722A,ST12000NM0007,12000138625024,0,82,156905072,98,0,100,2,100,0,90,910025641,92,7040,100,0,100,1,,,,,100.0,0.0,100.0,0.0,,,74.0,26.0,,,100.0,62.0,100.0,595.0,26,26,100,0,100,0,200,0,100.0,6865.0,100.0,43863801896.0,100.0,65179918334.0
2018-08-04,ZCH0722A,ST12000NM0007,12000138625024,0,81,131512936,98,0,100,2,100,0,90,912499546,92,7064,100,0,100,1,,,,,100.0,0.0,100.0,0.0,,,75.0,25.0,,,100.0,62.0,100.0,596.0,25,25,100,0,100,0,200,0,100.0,6889.0,100.0,43939077080.0,100.0,65323391950.0
2018-08-05,ZCH0722A,ST12000NM0007,12000138625024,0,82,158540040,98,0,100,2,100,0,90,915523092,92,7088,100,0,100,1,,,,,100.0,0.0,100.0,0.0,,,74.0,26.0,,,100.0,62.0,100.0,597.0,26,26,100,0,100,0,200,0,100.0,6913.0,100.0,44011316920.0,100.0,65522319942.0
2018-08-06,ZCH0722A,ST12000NM0007,12000138625024,0,83,193161536,98,0,100,2,100,0,90,919031685,92,7111,100,0,100,1,,,,,100.0,0.0,100.0,0.0,,,74.0,26.0,,,100.0,62.0,100.0,598.0,26,26,100,0,100,0,200,0,100.0,6937.0,100.0,44092232496.0,100.0,65720166734.0
2018-08-07,ZCH0722A,ST12000NM0007,12000138625024,0,83,198100760,98,0,100,2,100,0,90,921592612,92,7136,100,0,100,1,,,,,100.0,0.0,100.0,0.0,,,74.0,26.0,,,100.0,62.0,100.0,599.0,26,26,100,0,100,0,200,0,100.0,6961.0,100.0,44181445344.0,100.0,65880033798.0
2018-08-08,ZCH0722A,ST12000NM0007,12000138625024,0,83,218204144,98,0,100,2,100,0,90,924621623,92,7160,100,0,100,1,,,,,100.0,0.0,100.0,0.0,,,75.0,25.0,,,100.0,62.0,100.0,600.0,25,25,100,0,100,0,200,0,100.0,6984.0,100.0,44266617008.0,100.0,66059106222.0
2018-08-09,ZCH0722A,ST12000NM0007,12000138625024,0,83,178768616,98,0,100,2,100,0,90,926862931,92,7181,100,0,100,1,,,,,100.0,0.0,100.0,0.0,,,74.0,26.0,,,100.0,62.0,100.0,602.0,26,26,100,0,100,0,200,0,100.0,7005.0,100.0,44328984544.0,100.0,66201443862.0
2018-08-10,ZCH0722A,ST12000NM0007,12000138625024,0,84,224286840,98,0,100,2,100,0,90,929860406,92,7205,100,0,100,1,,,,,100.0,0.0,100.0,0.0,,,74.0,26.0,,,100.0,62.0,100.0,603.0,26,26,100,0,100,0,200,0,100.0,7029.0,100.0,44404837512.0,100.0,66415249750.0
2018-08-11,ZCH0722A,ST12000NM0007,12000138625024,0,84,243470368,98,0,100,2,100,0,90,932780107,92,7229,100,0,100,1,,,,,100.0,0.0,100.0,0.0,,,74.0,26.0,,,100.0,63.0,100.0,604.0,26,26,100,0,100,0,200,0,100.0,7053.0,100.0,44493922808.0,100.0,66589488614.0
2018-08-12,ZCH0722A,ST12000NM0007,12000138625024,0,83,218194304,98,0,100,2,100,0,90,935471290,92,7253,100,0,100,1,,,,,100.0,0.0,100.0,0.0,,,74.0,26.0,,,100.0,63.0,100.0,605.0,26,26,100,0,100,0,200,0,100.0,7077.0,100.0,44561257792.0,100.0,66741018366.0
2018-08-13,ZCH0722A,ST12000NM0007,12000138625024,0,83,207145608,98,0,100,2,100,0,90,938336668,92,7277,100,0,100,1,,,,,100.0,0.0,100.0,0.0,,,74.0,26.0,,,100.0,63.0,100.0,606.0,26,26,100,0,100,0,200,0,100.0,7101.0,100.0,44636298648.0,100.0,66899069446.0
2018-08-14,ZCH0722A,ST12000NM0007,12000138625024,0,83.0,185359544.0,98.0,0.0,100.0,2.0,100.0,0.0,90.0,940844757.0,92.0,7301.0,100.0,0.0,100.0,1.0,,,,,100.0,0.0,100.0,0.0,,,74.0,26.0,,,100.0,63.0,100.0,607.0,26.0,26.0,100.0,0.0,100.0,0.0,200.0,0.0,100.0,7125.0,100.0,44709837048.0,100.0,67047886062.0
2018-08-15,ZCH0722A,ST12000NM0007,12000138625024,0,82.0,177166976.0,98.0,0.0,100.0,2.0,100.0,0.0,90.0,943840984.0,92.0,7324.0,100.0,0.0,100.0,1.0,,,,,100.0,0.0,100.0,0.0,,,74.0,26.0,,,100.0,63.0,100.0,609.0,26.0,26.0,100.0,0.0,100.0,0.0,200.0,0.0,100.0,7147.0,100.0,44778254080.0,100.0,67215417566.0
2018-08-16,ZCH0722A,ST12000NM0007,12000138625024,0,82,157991872,98,0,100,2,100,0,90,946514096,92,7349,100,0,100,1,,,,,100.0,0.0,100.0,0.0,,,74.0,26.0,,,100.0,63.0,100.0,610.0,26,26,100,0,100,0,200,0,100.0,7172.0,100.0,44851161440.0,100.0,67367475966.0
2018-08-17,ZCH0722A,ST12000NM0007,12000138625024,0,82,152203800,98,0,100,2,100,0,90,949005599,92,7373,100,0,100,1,,,,,100.0,0.0,100.0,0.0,,,74.0,26.0,,,100.0,63.0,100.0,611.0,26,26,100,0,100,0,200,0,100.0,7196.0,100.0,44919609560.0,100.0,67537380510.0
2018-08-18,ZCH0722A,ST12000NM0007,12000138625024,0,83,193694040,98,0,100,2,100,0,90,951975713,92,7397,100,0,100,1,,,,,100.0,0.0,100.0,0.0,,,74.0,26.0,,,100.0,63.0,100.0,612.0,26,26,100,0,100,0,200,0,100.0,7219.0,100.0,45005977616.0,100.0,67736643358.0
2018-08-19,ZCH0722A,ST12000NM0007,12000138625024,0,84,239594056,98,0,100,2,100,0,90,955614675,92,7420,100,0,100,1,,,,,100.0,0.0,100.0,0.0,,,74.0,26.0,,,100.0,63.0,100.0,613.0,26,26,100,0,100,0,200,0,100.0,7243.0,100.0,45090720832.0,100.0,67941940854.0
2018-08-20,ZCH0722A,ST12000NM0007,12000138625024,0,76,39948112,98,0,100,2,100,0,90,958899289,92,7445,100,0,100,1,,,,,100.0,0.0,100.0,0.0,,,74.0,26.0,,,100.0,64.0,100.0,614.0,26,26,100,0,100,0,200,0,100.0,7268.0,100.0,45178615584.0,100.0,68142681598.0
2018-08-21,ZCH0722A,ST12000NM0007,12000138625024,0,80,89324448,98,0,100,2,100,0,90,961753800,92,7469,100,0,100,1,,,,,100.0,0.0,100.0,0.0,,,74.0,26.0,,,100.0,65.0,100.0,615.0,26,26,100,0,100,0,200,0,100.0,7291.0,100.0,45286273432.0,100.0,68328540726.0
2018-08-22,ZCH0722A,ST12000NM0007,12000138625024,0,81,139592512,98,0,100,2,100,0,90,965034446,92,7492,100,0,100,1,,,,,100.0,0.0,100.0,0.0,,,74.0,26.0,,,100.0,65.0,100.0,616.0,26,26,100,0,100,0,200,0,100.0,7314.0,100.0,45378095032.0,100.0,68531127854.0
2018-08-23,ZCH0722A,ST12000NM0007,12000138625024,0,84,230485936,98,0,100,2,100,0,90,968275185,92,7516,100,0,100,1,,,,,100.0,0.0,100.0,0.0,,,73.0,27.0,,,100.0,65.0,100.0,617.0,27,27,100,0,100,0,200,0,100.0,7338.0,100.0,45493947064.0,100.0,68750309918.0
2018-08-24,ZCH0722A,ST12000NM0007,12000138625024,0,77,55464184,98,0,100,2,100,0,90,971314290,92,7541,100,0,100,1,,,,,100.0,0.0,100.0,0.0,,,74.0,26.0,,,100.0,65.0,100.0,618.0,26,26,100,0,100,0,200,0,100.0,7363.0,100.0,45590731672.0,100.0,68966785134.0
2018-08-25,ZCH0722A,ST12000NM0007,12000138625024,0,81,133173952,98,0,100,2,100,0,90,974396240,92,7565,100,0,100,1,,,,,100.0,0.0,100.0,0.0,,,74.0,26.0,,,100.0,65.0,100.0,619.0,26,26,100,0,100,0,200,0,100.0,7387.0,100.0,45676951408.0,100.0,69202416038.0
2018-08-26,ZCH0722A,ST12000NM0007,12000138625024,0,83,201734080,98,0,100,2,100,0,90,977525098,92,7589,100,0,100,1,,,,,100.0,0.0,100.0,0.0,,,73.0,27.0,,,100.0,66.0,100.0,620.0,27,27,100,0,100,0,200,0,100.0,7411.0,100.0,45757795208.0,100.0,69434273102.0
2018-08-27,ZCH0722A,ST12000NM0007,12000138625024,0,83,204789184,98,0,100,2,100,0,90,980311771,92,7612,100,0,100,1,,,,,100.0,0.0,100.0,0.0,,,74.0,26.0,,,100.0,66.0,100.0,621.0,26,26,100,0,100,0,200,0,100.0,7434.0,100.0,45818576568.0,100.0,69620687822.0
2018-08-28,ZCH0722A,ST12000NM0007,12000138625024,0,84,238979952,98,0,100,2,100,0,90,982976427,92,7637,100,0,100,1,,,,,100.0,0.0,100.0,0.0,,,74.0,26.0,,,100.0,66.0,100.0,622.0,26,26,100,0,100,0,200,0,100.0,7458.0,100.0,45897957928.0,100.0,69819638062.0
2018-08-29,ZCH0722A,ST12000NM0007,12000138625024,0,77,51251232,98,0,100,2,100,0,90,986243191,92,7660,100,0,100,1,,,,,100.0,0.0,100.0,0.0,,,74.0,26.0,,,100.0,66.0,100.0,623.0,26,26,100,0,100,0,200,0,100.0,7482.0,100.0,45991382344.0,100.0,70026766686.0
2018-08-30,ZCH0722A,ST12000NM0007,12000138625024,0,81,132822736,98,0,100,2,100,0,90,989578923,92,7687,100,0,100,1,,,,,100.0,0.0,100.0,0.0,,,74.0,26.0,,,100.0,66.0,100.0,624.0,26,26,100,0,100,0,200,0,100.0,7509.0,100.0,46079195120.0,100.0,70264666198.0
2018-08-31,ZCH0722A,ST12000NM0007,12000138625024,0,84,224094144,98,0,100,2,100,0,90,992825530,92,7712,100,0,100,1,,,,,100.0,0.0,100.0,0.0,,,74.0,26.0,,,100.0,66.0,100.0,625.0,26,26,100,0,100,0,200,0,100.0,7533.0,100.0,46155995232.0,100.0,70523278150.0
2018-09-01,ZCH0722A,ST12000NM0007,12000138625024,0,72,14756480,98,0,100,2,100,0,90,995839356,92,7736,100,0,100,1,,,,,100.0,0.0,100.0,0.0,,,74.0,26.0,,,100.0,66.0,100.0,626.0,26,26,100,0,100,0,200,0,100.0,7557.0,100.0,46224263328.0,100.0,70733953910.0
2018-09-02,ZCH0722A,ST12000NM0007,12000138625024,0,81,133402816,98,0,100,2,100,0,90,352226,92,7760,100,0,100,1,,,,,100.0,0.0,100.0,0.0,,,73.0,27.0,,,100.0,66.0,100.0,627.0,27,27,100,0,100,0,200,0,100.0,7581.0,100.0,46315990888.0,100.0,71005013502.0
2018-09-03,ZCH0722A,ST12000NM0007,12000138625024,0,82,163981568,98,0,100,2,100,0,65,3324252,92,7783,100,0,100,1,,,,,100.0,0.0,100.0,0.0,,,74.0,26.0,,,100.0,67.0,100.0,628.0,26,26,100,0,100,0,200,0,100.0,7604.0,100.0,46392748128.0,100.0,71202975790.0
2018-09-04,ZCH0722A,ST12000NM0007,12000138625024,0,83,216031712,98,0,100,2,100,0,68,6545818,92,7808,100,0,100,1,,,,,100.0,0.0,100.0,0.0,,,74.0,26.0,,,100.0,67.0,100.0,629.0,26,26,100,0,100,0,200,0,100.0,7629.0,100.0,46479823280.0,100.0,71412091414.0
2018-09-05,ZCH0722A,ST12000NM0007,12000138625024,0,78,58851272,98,0,100,2,100,0,70,10491213,92,7832,100,0,100,1,,,,,100.0,0.0,100.0,0.0,,,74.0,26.0,,,100.0,67.0,100.0,630.0,26,26,100,0,100,0,200,0,100.0,7653.0,100.0,46626880192.0,100.0,71596135518.0
2018-09-06,ZCH0722A,ST12000NM0007,12000138625024,0,80,90531608,98,0,100,2,100,0,71,13413905,92,7853,100,0,100,1,,,,,100.0,0.0,100.0,0.0,,,74.0,26.0,,,100.0,67.0,100.0,631.0,26,26,100,0,100,0,200,0,100.0,7674.0,100.0,46713889104.0,100.0,71784947582.0
2018-09-07,ZCH0722A,ST12000NM0007,12000138625024,0,82,154775544,98,0,100,2,100,0,72,16736912,92,7878,100,0,100,1,,,,,100.0,0.0,100.0,0.0,,,74.0,26.0,,,100.0,67.0,100.0,632.0,26,26,100,0,100,0,200,0,100.0,7698.0,100.0,46823326856.0,100.0,71983894446.0
2018-09-08,ZCH0722A,ST12000NM0007,12000138625024,0,74,27204328,98,0,100,2,100,0,73,20386322,91,7901,100,0,100,1,,,,,100.0,0.0,100.0,0.0,,,74.0,26.0,,,100.0,67.0,100.0,633.0,26,26,100,0,100,0,200,0,100.0,7721.0,100.0,46925973104.0,100.0,72241958518.0
2018-09-09,ZCH0722A,ST12000NM0007,12000138625024,0,79,72585984,98,0,100,2,100,0,74,23875366,91,7925,100,0,100,1,,,,,100.0,0.0,100.0,0.0,,,73.0,27.0,,,100.0,67.0,100.0,634.0,27,27,100,0,100,0,200,0,100.0,7745.0,100.0,47002275960.0,100.0,72455178022.0
2018-09-10,ZCH0722A,ST12000NM0007,12000138625024,0,75,32426536,98,0,100,2,100,0,74,26922778,91,7949,100,0,100,1,,,,,100.0,0.0,100.0,0.0,,,74.0,26.0,,,100.0,68.0,100.0,635.0,26,26,100,0,100,0,200,0,100.0,7769.0,100.0,47101727776.0,100.0,72559707638.0
2018-09-11,ZCH0722A,ST12000NM0007,12000138625024,0,81,118047808,98,0,100,2,100,0,75,30355595,91,7973,100,0,100,1,,,,,100.0,0.0,100.0,0.0,,,74.0,26.0,,,100.0,69.0,100.0,636.0,26,26,100,0,100,0,200,0,100.0,7793.0,100.0,47197522064.0,100.0,72793675350.0
2018-09-12,ZCH0722A,ST12000NM0007,12000138625024,0,82,167233816,98,0,100,2,100,0,75,33692788,91,7997,100,0,100,1,,,,,100.0,0.0,100.0,0.0,,,74.0,26.0,,,100.0,69.0,100.0,637.0,26,26,100,0,100,0,200,0,100.0,7817.0,100.0,47269440232.0,100.0,73015083918.0
2018-09-13,ZCH0722A,ST12000NM0007,12000138625024,0,82,159984400,98,0,100,2,100,0,76,36261721,91,8019,100,0,100,1,,,,,100.0,0.0,100.0,0.0,,,74.0,26.0,,,100.0,69.0,100.0,638.0,26,26,100,0,100,0,200,0,100.0,7838.0,100.0,47324878008.0,100.0,73196537438.0
2018-09-14,ZCH0722A,ST12000NM0007,12000138625024,0,82,157342576,98,0,100,2,100,0,76,38988375,91,8043,100,0,100,1,,,,,100.0,0.0,100.0,0.0,,,71.0,29.0,,,100.0,69.0,100.0,639.0,29,29,100,0,100,0,200,0,100.0,7862.0,100.0,47394482800.0,100.0,73368431654.0
2018-09-15,ZCH0722A,ST12000NM0007,12000138625024,0,82,176172808,98,0,100,2,100,0,76,41645495,91,8067,100,0,100,1,,,,,100.0,0.0,100.0,0.0,,,71.0,29.0,,,100.0,69.0,100.0,640.0,29,29,100,0,100,0,200,0,100.0,7886.0,100.0,47472407032.0,100.0,73553478494.0
2018-09-16,ZCH0722A,ST12000NM0007,12000138625024,0,83,220588136,98,0,100,2,100,0,76,44356201,91,8091,100,0,100,1,,,,,100.0,0.0,100.0,0.0,,,70.0,30.0,,,100.0,70.0,100.0,641.0,30,30,100,0,100,0,200,0,100.0,7910.0,100.0,47543460240.0,100.0,73770981670.0
2018-09-17,ZCH0722A,ST12000NM0007,12000138625024,0,74,26107872,98,0,100,2,100,0,77,47597026,91,8115,100,0,100,1,,,,,100.0,0.0,100.0,0.0,,,71.0,29.0,,,100.0,71.0,100.0,642.0,29,29,100,0,100,0,200,0,100.0,7934.0,100.0,47624851072.0,100.0,73983391934.0
2018-09-18,ZCH0722A,ST12000NM0007,12000138625024,0,80,96187328,98,0,100,2,100,0,77,51786381,91,8139,100,0,100,1,,,,,100.0,0.0,100.0,0.0,,,72.0,28.0,,,100.0,71.0,100.0,643.0,28,28,100,0,100,0,200,0,100.0,7957.0,100.0,47708515712.0,100.0,74213947414.0
2018-09-19,ZCH0722A,ST12000NM0007,12000138625024,0,81,126274224,98,0,100,2,100,0,77,54932140,91,8162,100,0,100,1,,,,,100.0,0.0,100.0,0.0,,,72.0,28.0,,,100.0,71.0,100.0,644.0,28,28,100,0,100,0,200,0,100.0,7981.0,100.0,47785665528.0,100.0,74411025182.0
2018-09-20,ZCH0722A,ST12000NM0007,12000138625024,0,82,173341416,98,0,100,2,100,0,78,57718354,91,8187,100,0,100,1,,,,,100.0,0.0,100.0,0.0,,,73.0,27.0,,,100.0,72.0,100.0,645.0,27,27,100,0,100,0,200,0,100.0,8005.0,100.0,47880312368.0,100.0,74607586166.0
2018-09-21,ZCH0722A,ST12000NM0007,12000138625024,0,83,201168424,98,0,100,2,100,0,78,60257859,91,8210,100,0,100,1,,,,,100.0,0.0,100.0,0.0,,,73.0,27.0,,,100.0,72.0,100.0,646.0,27,27,100,0,100,0,200,0,100.0,8029.0,100.0,47950448024.0,100.0,74809418222.0
2018-09-22,ZCH0722A,ST12000NM0007,12000138625024,0,84,225916848,98,0,100,2,100,0,78,62705265,91,8234,100,0,100,1,,,,,100.0,0.0,100.0,0.0,,,73.0,27.0,,,100.0,72.0,100.0,647.0,27,27,100,0,100,0,200,0,100.0,8052.0,100.0,48019566704.0,100.0,75009188734.0
2018-09-23,ZCH0722A,ST12000NM0007,12000138625024,0,78,57080688,98,0,100,2,100,0,78,65654455,91,8259,100,0,100,1,,,,,100.0,0.0,100.0,0.0,,,72.0,28.0,,,100.0,73.0,100.0,648.0,28,28,100,0,100,0,200,0,100.0,8077.0,100.0,48118134432.0,100.0,75230066502.0
2018-09-24,ZCH0722A,ST12000NM0007,12000138625024,0,82,156971032,98,0,100,2,100,0,78,69171216,91,8283,100,0,100,1,,,,,100.0,0.0,100.0,0.0,,,73.0,27.0,,,100.0,73.0,100.0,649.0,27,27,100,0,100,0,200,0,100.0,8101.0,100.0,48218784728.0,100.0,75473447414.0
2018-09-25,ZCH0722A,ST12000NM0007,12000138625024,0,82,173006576,98,0,100,2,100,0,79,71725319,91,8305,100,0,100,1,,,,,100.0,0.0,100.0,0.0,,,72.0,28.0,,,100.0,73.0,100.0,650.0,28,28,100,0,100,0,200,0,100.0,8123.0,100.0,48302783616.0,100.0,75649624702.0
2018-09-26,ZCH0722A,ST12000NM0007,12000138625024,0,84,230154416,98,0,100,2,100,0,79,75059210,91,8330,100,0,100,1,,,,,100.0,0.0,100.0,0.0,,,73.0,27.0,,,100.0,73.0,100.0,651.0,27,27,100,0,100,0,200,0,100.0,8148.0,100.0,48369457048.0,100.0,75884239806.0
2018-09-27,ZCH0722A,ST12000NM0007,12000138625024,0,77,50906152,98,0,100,2,100,0,79,78346184,91,8356,100,0,100,1,,,,,100.0,0.0,100.0,0.0,,,71.0,29.0,,,100.0,73.0,100.0,653.0,29,29,100,0,100,0,200,0,100.0,8174.0,100.0,48472371048.0,100.0,76090358838.0
2018-09-28,ZCH0722A,ST12000NM0007,12000138625024,0,81,116849392,98,0,100,2,100,0,79,81802337,91,8381,100,0,100,1,,,,,100.0,0.0,100.0,0.0,,,73.0,27.0,,,100.0,73.0,100.0,654.0,27,27,100,0,100,0,200,0,100.0,8199.0,100.0,48545342632.0,100.0,76327471262.0
2018-09-29,ZCH0722A,ST12000NM0007,12000138625024,0,81,135267744,98,0,100,2,100,0,79,84946784,91,8405,100,0,100,1,,,,,100.0,0.0,100.0,0.0,,,72.0,28.0,,,100.0,73.0,100.0,655.0,28,28,100,0,100,0,200,0,100.0,8222.0,100.0,48632275624.0,100.0,76503097270.0
2018-09-30,ZCH0722A,ST12000NM0007,12000138625024,0,82,175708240,98,0,100,2,100,0,79,88632471,91,8432,100,0,100,1,,,,,100.0,0.0,100.0,0.0,,,73.0,27.0,,,100.0,74.0,100.0,656.0,27,27,100,0,100,0,200,0,100.0,8250.0,100.0,48714640872.0,100.0,76705313190.0
2018-10-01,ZCH0722A,ST12000NM0007,12000138625024,0,82,163581288,98,0,100,2,100,0,80,91404987,91,8456,100,0,100,1,,,,,100.0,0.0,100.0,0.0,,,73.0,27.0,,,100.0,74.0,100.0,657.0,27,27,100,0,100,0,200,0,100.0,8273.0,100.0,48787269296.0,100.0,76864698686.0
2018-10-02,ZCH0722A,ST12000NM0007,12000138625024,0,83,210241720,98,0,100,2,100,0,80,95012801,91,8481,100,0,100,1,,,,,100.0,0.0,100.0,0.0,,,72.0,28.0,,,100.0,75.0,100.0,658.0,28,28,100,0,100,0,200,0,100.0,8298.0,100.0,48868638104.0,100.0,77074131070.0
2018-10-03,ZCH0722A,ST12000NM0007,12000138625024,0,84,242091472,98,0,100,2,100,0,80,98485621,91,8504,100,0,100,1,,,,,100.0,0.0,100.0,0.0,,,72.0,28.0,,,100.0,76.0,100.0,659.0,28,28,100,0,100,0,200,0,100.0,8321.0,100.0,48946670960.0,100.0,77272088854.0
2018-10-04,ZCH0722A,ST12000NM0007,12000138625024,0,78.0,60352592.0,98.0,0.0,100.0,2.0,100.0,0.0,80.0,101979816.0,91.0,8528.0,100.0,0.0,100.0,1.0,,,,,100.0,0.0,100.0,0.0,,,73.0,27.0,,,100.0,76.0,100.0,660.0,27.0,27.0,100.0,0.0,100.0,0.0,200.0,0.0,100.0,8345.0,100.0,49037184200.0,100.0,77488118334.0
2018-10-05,ZCH0722A,ST12000NM0007,12000138625024,0,77,54638136,98,0,100,2,100,0,80,104849907,91,8545,100,0,100,1,,,,,100.0,0.0,100.0,0.0,,,72.0,28.0,,,100.0,76.0,100.0,661.0,28,28,100,0,100,0,200,0,100.0,8361.0,100.0,49090869512.0,100.0,77672859198.0
2018-10-06,ZCH0722A,ST12000NM0007,12000138625024,0,68,5645144,98,0,100,2,100,0,80,108222610,91,8568,100,0,100,1,,,,,100.0,0.0,100.0,0.0,,,73.0,27.0,,,100.0,76.0,100.0,662.0,27,27,100,0,100,0,200,0,100.0,8384.0,100.0,49153981800.0,100.0,77804894614.0
2018-10-07,ZCH0722A,ST12000NM0007,12000138625024,0,76,36332192,98,0,100,2,100,0,80,111457053,91,8592,100,0,100,1,,,,,100.0,0.0,100.0,0.0,,,73.0,27.0,,,100.0,76.0,100.0,663.0,27,27,100,0,100,0,200,0,100.0,8408.0,100.0,49234686584.0,100.0,77999017582.0
2018-10-08,ZCH0722A,ST12000NM0007,12000138625024,0,81,138184112,98,0,100,2,100,0,81,115570590,91,8617,100,0,100,1,,,,,100.0,0.0,100.0,0.0,,,72.0,28.0,,,100.0,76.0,100.0,664.0,28,28,100,0,100,0,200,0,100.0,8433.0,100.0,49348692144.0,100.0,78231004742.0
2018-10-09,ZCH0722A,ST12000NM0007,12000138625024,0,83.0,179907464.0,98.0,0.0,100.0,2.0,100.0,0.0,81.0,118721505.0,91.0,8640.0,100.0,0.0,100.0,1.0,,,,,100.0,0.0,100.0,0.0,,,73.0,27.0,,,100.0,76.0,100.0,665.0,27.0,27.0,100.0,0.0,100.0,0.0,200.0,0.0,100.0,8456.0,100.0,49410641608.0,100.0,78454919398.0
2018-10-10,ZCH0722A,ST12000NM0007,12000138625024,0,83,219045272,98,0,100,2,100,0,81,122190825,91,8664,100,0,100,1,,,,,100.0,0.0,100.0,0.0,,,73.0,27.0,,,100.0,76.0,100.0,666.0,27,27,100,0,100,0,200,0,100.0,8480.0,100.0,49496156784.0,100.0,78652682870.0
2018-10-11,ZCH0722A,ST12000NM0007,12000138625024,0,72,15839464,98,0,100,2,100,0,81,125033424,91,8688,100,0,100,1,,,,,100.0,0.0,100.0,0.0,,,73.0,27.0,,,100.0,76.0,100.0,667.0,27,27,100,0,100,0,200,0,100.0,8504.0,100.0,49571208536.0,100.0,78862707014.0
2018-10-12,ZCH0722A,ST12000NM0007,12000138625024,0,77,51349344,98,0,100,2,100,0,81,127811720,91,8712,100,0,100,1,,,,,100.0,0.0,100.0,0.0,,,73.0,27.0,,,100.0,76.0,100.0,668.0,27,27,100,0,100,0,200,0,100.0,8528.0,100.0,49642877880.0,100.0,79070688470.0
2018-10-13,ZCH0722A,ST12000NM0007,12000138625024,0,80,107513192,98,0,100,2,100,0,81,130888046,91,8737,100,0,100,1,,,,,100.0,0.0,100.0,0.0,,,72.0,28.0,,,100.0,76.0,100.0,669.0,28,28,100,0,100,0,200,0,100.0,8553.0,100.0,49737071512.0,100.0,79276799374.0
2018-10-14,ZCH0722A,ST12000NM0007,12000138625024,0,82,150475352,98,0,100,2,100,0,81,133823306,90,8760,100,0,100,1,,,,,100.0,0.0,100.0,0.0,,,72.0,28.0,,,100.0,76.0,100.0,670.0,28,28,100,0,100,0,200,0,100.0,8576.0,100.0,49827625392.0,100.0,79473348286.0
2018-10-15,ZCH0722A,ST12000NM0007,12000138625024,0,69,8067352,98,0,100,2,100,0,81,137684332,90,8784,100,0,100,1,,,,,100.0,0.0,100.0,0.0,,,72.0,28.0,,,100.0,76.0,100.0,671.0,28,28,100,0,100,0,200,0,100.0,8600.0,100.0,49927468720.0,100.0,79719378238.0
2018-10-16,ZCH0722A,ST12000NM0007,12000138625024,0,79,83805528,98,0,100,2,100,0,81,140750910,90,8808,100,0,100,1,,,,,100.0,0.0,100.0,0.0,,,72.0,28.0,,,100.0,76.0,100.0,672.0,28,28,100,0,100,0,200,0,100.0,8623.0,100.0,50020460408.0,100.0,79946265430.0
2018-10-17,ZCH0722A,ST12000NM0007,12000138625024,0,82,154473704,98,0,100,2,100,0,82,144403470,90,8832,100,0,100,1,,,,,100.0,0.0,100.0,0.0,,,73.0,27.0,,,100.0,76.0,100.0,673.0,27,27,100,0,100,0,200,0,100.0,8648.0,100.0,50121193672.0,100.0,80160341198.0
2018-10-18,ZCH0722A,ST12000NM0007,12000138625024,0,78,66746640,98,0,100,2,100,0,82,148411880,90,8860,100,0,100,1,,,,,100.0,0.0,100.0,0.0,,,72.0,28.0,,,100.0,76.0,100.0,674.0,28,28,100,0,100,0,200,0,100.0,8675.0,100.0,50258731640.0,100.0,80423357766.0
2018-10-19,ZCH0722A,ST12000NM0007,12000138625024,0,83,185100368,98,0,100,2,100,0,82,152289079,90,8884,100,0,100,1,,,,,100.0,0.0,100.0,0.0,,,72.0,28.0,,,100.0,76.0,100.0,675.0,28,28,100,0,100,0,200,0,100.0,8699.0,100.0,50330477920.0,100.0,80714105862.0
2018-10-20,ZCH0722A,ST12000NM0007,12000138625024,0,84,233503096,98,0,100,2,100,0,82,155807266,90,8907,100,0,100,1,,,,,100.0,0.0,100.0,0.0,,,72.0,28.0,,,100.0,76.0,100.0,676.0,28,28,100,0,100,0,200,0,100.0,8722.0,100.0,50424709208.0,100.0,80912417974.0
2018-10-21,ZCH0722A,ST12000NM0007,12000138625024,0,81,115973920,98,0,100,2,100,0,82,160879072,90,8931,100,0,100,1,,,,,100.0,0.0,100.0,0.0,,,72.0,28.0,,,100.0,76.0,100.0,677.0,28,28,100,0,100,0,200,0,100.0,8746.0,100.0,50543216480.0,100.0,81164663582.0
2018-10-22,ZCH0722A,ST12000NM0007,12000138625024,0,84,226444928,98,0,100,2,100,0,82,165586936,90,8956,100,0,100,1,,,,,100.0,0.0,100.0,0.0,,,72.0,28.0,,,100.0,76.0,100.0,678.0,28,28,100,0,100,0,200,0,100.0,8771.0,100.0,50654375984.0,100.0,81408115910.0
2018-10-23,ZCH0722A,ST12000NM0007,12000138625024,0,73,21671864,98,0,100,2,100,0,82,169141186,90,8979,100,0,100,1,,,,,100.0,0.0,100.0,0.0,,,72.0,28.0,,,100.0,77.0,100.0,679.0,28,28,100,0,100,0,200,0,100.0,8794.0,100.0,50764673824.0,100.0,81581326414.0
2018-10-25,ZCH0722A,ST12000NM0007,12000138625024,0,81,118394128,98,0,100,2,100,0,82,176606655,90,9027,100,0,100,1,,,,,100.0,0.0,100.0,0.0,,,72.0,28.0,,,100.0,78.0,100.0,681.0,28,28,100,0,100,0,200,0,100.0,8841.0,100.0,50943308576.0,100.0,81987695382.0
2018-10-26,ZCH0722A,ST12000NM0007,12000138625024,0,82,146386568,98,0,100,2,100,0,83,179893163,90,9050,100,0,100,1,,,,,100.0,0.0,100.0,0.0,,,72.0,28.0,,,100.0,78.0,100.0,682.0,28,28,100,0,100,0,200,0,100.0,8864.0,100.0,51030027944.0,100.0,82173109118.0
2018-10-27,ZCH0722A,ST12000NM0007,12000138625024,0,82,163645320,98,0,100,2,100,0,83,183217287,90,9075,100,0,100,1,,,,,100.0,0.0,100.0,0.0,,,72.0,28.0,,,100.0,78.0,100.0,683.0,28,28,100,0,100,0,200,0,100.0,8889.0,100.0,51121434824.0,100.0,82343101798.0
2018-10-28,ZCH0722A,ST12000NM0007,12000138625024,0,72,15614000,98,0,100,2,100,0,83,186768231,90,9099,100,0,100,1,,,,,100.0,0.0,100.0,0.0,,,72.0,28.0,,,100.0,79.0,100.0,684.0,28,28,100,0,100,0,200,0,100.0,8913.0,100.0,51215167224.0,100.0,82589619606.0
2018-10-29,ZCH0722A,ST12000NM0007,12000138625024,0,80,93745824,98,0,100,2,100,0,83,190997036,90,9123,100,0,100,1,,,,,100.0,0.0,100.0,0.0,,,72.0,28.0,,,100.0,79.0,100.0,685.0,28,28,100,0,100,0,200,0,100.0,8937.0,100.0,51307444048.0,100.0,82819615286.0
2018-10-30,ZCH0722A,ST12000NM0007,12000138625024,0,81,139974328,98,0,100,2,100,0,83,194140021,90,9147,100,0,100,1,,,,,100.0,0.0,100.0,0.0,,,72.0,28.0,,,100.0,79.0,100.0,686.0,28,28,100,0,100,0,200,0,100.0,8961.0,100.0,51382540200.0,100.0,83034888646.0
2018-10-31,ZCH0722A,ST12000NM0007,12000138625024,0,83,196531144,98.0,0.0,100.0,2.0,100.0,0.0,83.0,197803798.0,90,9171,100.0,0.0,100,1,,,,,100.0,0.0,100.0,0.0,,,72.0,28.0,,,100.0,79.0,100.0,687.0,28,28,100.0,0.0,100.0,0.0,200.0,0.0,100.0,8985.0,100.0,51461886864.0,100.0,83256239846.0
2018-11-01,ZCH0722A,ST12000NM0007,12000138625024,0,80,111759824,98.0,0.0,100.0,2.0,100.0,0.0,83.0,201949225.0,90,9200,100.0,0.0,100,1,,,,,100.0,0.0,100.0,0.0,,,71.0,29.0,,,100.0,79.0,100.0,689.0,29,29,100.0,0.0,100.0,0.0,200.0,0.0,100.0,9013.0,100.0,51590833936.0,100.0,83530803422.0
2018-11-02,ZCH0722A,ST12000NM0007,12000138625024,0,82,167443920,98.0,0.0,100.0,2.0,100.0,0.0,83.0,205514728.0,90,9223,100.0,0.0,100,1,,,,,100.0,0.0,100.0,0.0,,,71.0,29.0,,,100.0,79.0,100.0,690.0,29,29,100.0,0.0,100.0,0.0,200.0,0.0,100.0,9037.0,100.0,51697096104.0,100.0,83724366142.0
2018-11-03,ZCH0722A,ST12000NM0007,12000138625024,0,70,9807528,98.0,0.0,100.0,2.0,100.0,0.0,83.0,209257886.0,90,9248,100.0,0.0,100,1,,,,,100.0,0.0,100.0,0.0,,,72.0,28.0,,,100.0,79.0,100.0,691.0,28,28,100.0,0.0,100.0,0.0,200.0,0.0,100.0,9062.0,100.0,51811644024.0,100.0,83940463198.0
2018-11-04,ZCH0722A,ST12000NM0007,12000138625024,0,82,173258880,98.0,0.0,100.0,2.0,100.0,0.0,83.0,213699571.0,90,9272,100.0,0.0,100,1,,,,,100.0,0.0,100.0,0.0,,,73.0,27.0,,,100.0,79.0,100.0,692.0,27,27,100.0,0.0,100.0,0.0,200.0,0.0,100.0,9085.0,100.0,51919465112.0,100.0,84240234118.0
2018-11-05,ZCH0722A,ST12000NM0007,12000138625024,0,83,214414600,98.0,0.0,100.0,2.0,100.0,0.0,83.0,216302195.0,90,9295,100.0,0.0,100,1,,,,,100.0,0.0,100.0,0.0,,,72.0,28.0,,,100.0,79.0,100.0,693.0,28,28,100.0,0.0,100.0,0.0,200.0,0.0,100.0,9108.0,100.0,52000397888.0,100.0,84444598022.0
2018-11-06,ZCH0722A,ST12000NM0007,12000138625024,0,78.0,62884656.0,98.0,0.0,100.0,2.0,100.0,0.0,83.0,220892264.0,90.0,9319.0,100.0,0.0,100.0,1.0,,,,,100.0,0.0,100.0,0.0,,,72.0,28.0,,,100.0,79.0,100.0,694.0,28.0,28.0,100.0,0.0,100.0,0.0,200.0,0.0,100.0,9133.0,100.0,52095202464.0,100.0,84686545070.0
2018-11-07,ZCH0722A,ST12000NM0007,12000138625024,0,81.0,119855272.0,98.0,0.0,100.0,2.0,100.0,0.0,84.0,224634820.0,90.0,9344.0,100.0,0.0,100.0,1.0,,,,,100.0,0.0,100.0,0.0,,,72.0,28.0,,,100.0,79.0,100.0,695.0,28.0,28.0,100.0,0.0,100.0,0.0,200.0,0.0,100.0,9157.0,100.0,52176072728.0,100.0,84906786166.0
2018-11-08,ZCH0722A,ST12000NM0007,12000138625024,0,82.0,141392680.0,98.0,0.0,100.0,2.0,100.0,0.0,84.0,227272669.0,90.0,9365.0,100.0,0.0,100.0,1.0,,,,,100.0,0.0,100.0,0.0,,,73.0,27.0,,,100.0,80.0,100.0,696.0,27.0,27.0,100.0,0.0,100.0,0.0,200.0,0.0,100.0,9178.0,100.0,52251479096.0,100.0,85097057974.0
2018-11-09,ZCH0722A,ST12000NM0007,12000138625024,0,82,170380352,98.0,0.0,100.0,2.0,100.0,0.0,84.0,230461085.0,90,9390,100.0,0.0,100,1,,,,,100.0,0.0,100.0,0.0,,,73.0,27.0,,,100.0,81.0,100.0,697.0,27,27,100.0,0.0,100.0,0.0,200.0,0.0,100.0,9202.0,100.0,52328849664.0,100.0,85292815782.0
2018-11-10,ZCH0722A,ST12000NM0007,12000138625024,0,84,242653904,98.0,0.0,100.0,2.0,100.0,0.0,84.0,234327484.0,90,9414,100.0,0.0,100,1,,,,,100.0,0.0,100.0,0.0,,,72.0,28.0,,,100.0,81.0,100.0,698.0,28,28,100.0,0.0,100.0,0.0,200.0,0.0,100.0,9226.0,100.0,52443646264.0,100.0,85494433462.0
2018-11-11,ZCH0722A,ST12000NM0007,12000138625024,0,77,53417144,98.0,0.0,100.0,2.0,100.0,0.0,84.0,238086393.0,90,9438,100.0,0.0,100,1,,,,,100.0,0.0,100.0,0.0,,,72.0,28.0,,,100.0,81.0,100.0,699.0,28,28,100.0,0.0,100.0,0.0,200.0,0.0,100.0,9250.0,100.0,52519688168.0,100.0,85717436286.0
2018-11-12,ZCH0722A,ST12000NM0007,12000138625024,0,81,118255544,98.0,0.0,100.0,2.0,100.0,0.0,84.0,242111697.0,90,9462,100.0,0.0,100,1,,,,,100.0,0.0,100.0,0.0,,,73.0,27.0,,,100.0,81.0,100.0,700.0,27,27,100.0,0.0,100.0,0.0,200.0,0.0,100.0,9274.0,100.0,52616281320.0,100.0,85929822222.0
2018-11-13,ZCH0722A,ST12000NM0007,12000138625024,0,81,122819944,98.0,0.0,100.0,2.0,100.0,0.0,84.0,245400767.0,90,9485,100.0,0.0,100,1,,,,,100.0,0.0,100.0,0.0,,,73.0,27.0,,,100.0,81.0,100.0,701.0,27,27,100.0,0.0,100.0,0.0,200.0,0.0,100.0,9297.0,100.0,52696130000.0,100.0,86098678622.0
2018-11-14,ZCH0722A,ST12000NM0007,12000138625024,0,82,147394616,98.0,0.0,100.0,2.0,100.0,0.0,84.0,249996926.0,90,9509,100.0,0.0,100,1,,,,,100.0,0.0,100.0,0.0,,,72.0,28.0,,,100.0,81.0,100.0,702.0,28,28,100.0,0.0,100.0,0.0,200.0,0.0,100.0,9321.0,100.0,52775740832.0,100.0,86287783094.0
2018-11-15,ZCH0722A,ST12000NM0007,12000138625024,0,83,186475552,98.0,0.0,100.0,2.0,100.0,0.0,84.0,253412599.0,90,9533,100.0,0.0,100,1,,,,,100.0,0.0,100.0,0.0,,,72.0,28.0,,,100.0,81.0,100.0,703.0,28,28,100.0,0.0,100.0,0.0,200.0,0.0,100.0,9345.0,100.0,52865046872.0,100.0,86481698678.0
2018-11-16,ZCH0722A,ST12000NM0007,12000138625024,0,82,162250090,98.0,0.0,100.0,2.0,100.0,0.0,84.0,256010750.0,90,9553,100.0,0.0,100,1,,,,,100.0,0.0,100.0,0.0,,,72.0,28.0,,,100.0,81.0,100.0,710.0,28,28,100.0,0.0,100.0,0.0,200.0,0.0,100.0,9364.0,100.0,52927240072.0,100.0,86639420960.0
2018-11-17,ZCH0722A,ST12000NM0007,12000138625024,0,82.0,153197856.0,98.0,0.0,100.0,2.0,100.0,0.0,84.0,259149260.0,90.0,9577.0,100.0,0.0,100.0,1.0,,,,,100.0,0.0,100.0,0.0,,,72.0,28.0,,,100.0,81.0,100.0,711.0,28.0,28.0,100.0,0.0,100.0,0.0,200.0,0.0,100.0,9388.0,100.0,53006182832.0,100.0,86795566608.0
2018-11-18,ZCH0722A,ST12000NM0007,12000138625024,0,82,167015392,98.0,0.0,100.0,2.0,100.0,0.0,84.0,262541231.0,90,9602,100.0,0.0,100,1,,,,,100.0,0.0,100.0,0.0,,,72.0,28.0,,,100.0,81.0,100.0,712.0,28,28,100.0,0.0,100.0,0.0,200.0,0.0,100.0,9413.0,100.0,53084582376.0,100.0,86975125328.0
2018-11-19,ZCH0722A,ST12000NM0007,12000138625024,0,82,145172976,98.0,0.0,100.0,2.0,100.0,0.0,84.0,267111047.0,90,9624,100.0,0.0,100,1,,,,,100.0,0.0,100.0,0.0,,,72.0,28.0,,,100.0,81.0,100.0,713.0,28,28,100.0,0.0,100.0,0.0,200.0,0.0,100.0,9435.0,100.0,53142910512.0,100.0,87139095408.0
2018-11-20,ZCH0722A,ST12000NM0007,12000138625024,0,82,153061576,98.0,0.0,100.0,2.0,100.0,0.0,84.0,270289026.0,89,9648,100.0,0.0,100,1,,,,,100.0,0.0,100.0,0.0,,,72.0,28.0,,,100.0,82.0,100.0,714.0,28,28,100.0,0.0,100.0,0.0,200.0,0.0,100.0,9459.0,100.0,53215430800.0,100.0,87318604360.0
2018-11-21,ZCH0722A,ST12000NM0007,12000138625024,0,82,160304208,98.0,0.0,100.0,2.0,100.0,0.0,84.0,274462573.0,89,9674,100.0,0.0,100,1,,,,,100.0,0.0,100.0,0.0,,,72.0,28.0,,,100.0,82.0,100.0,715.0,28,28,100.0,0.0,100.0,0.0,200.0,0.0,100.0,9484.0,100.0,53274376728.0,100.0,87511041744.0
2018-11-22,ZCH0722A,ST12000NM0007,12000138625024,0,83,204808000,98.0,0.0,100.0,2.0,100.0,0.0,84.0,278721000.0,89,9697,100.0,0.0,100,1,,,,,100.0,0.0,100.0,0.0,,,72.0,28.0,,,100.0,82.0,100.0,716.0,28,28,100.0,0.0,100.0,0.0,200.0,0.0,100.0,9507.0,100.0,53338072056.0,100.0,87735990976.0
2018-11-23,ZCH0722A,ST12000NM0007,12000138625024,0,83,212101256,98.0,0.0,100.0,2.0,100.0,0.0,84.0,281693346.0,89,9722,100.0,0.0,100,1,,,,,100.0,0.0,100.0,0.0,,,72.0,28.0,,,100.0,82.0,100.0,717.0,28,28,100.0,0.0,100.0,0.0,200.0,0.0,100.0,9532.0,100.0,53390071904.0,100.0,87935425104.0
2018-11-24,ZCH0722A,ST12000NM0007,12000138625024,0,83,212767296,98.0,0.0,100.0,2.0,100.0,0.0,85.0,284572477.0,89,9745,100.0,0.0,100,1,,,,,100.0,0.0,100.0,0.0,,,72.0,28.0,,,100.0,82.0,100.0,718.0,28,28,100.0,0.0,100.0,0.0,200.0,0.0,100.0,9555.0,100.0,53439542648.0,100.0,88130761088.0
2018-11-25,ZCH0722A,ST12000NM0007,12000138625024,0,83,220505224,98.0,0.0,100.0,2.0,100.0,0.0,85.0,287360177.0,89,9769,100.0,0.0,100,1,,,,,100.0,0.0,100.0,0.0,,,72.0,28.0,,,100.0,83.0,100.0,719.0,28,28,100.0,0.0,100.0,0.0,200.0,0.0,100.0,9579.0,100.0,53496294888.0,100.0,88325887536.0
2018-11-26,ZCH0722A,ST12000NM0007,12000138625024,0,71,13019824,98.0,0.0,100.0,2.0,100.0,0.0,85.0,291108423.0,89,9794,100.0,0.0,100,1,,,,,100.0,0.0,100.0,0.0,,,72.0,28.0,,,100.0,84.0,100.0,720.0,28,28,100.0,0.0,100.0,0.0,200.0,0.0,100.0,9603.0,100.0,53553382544.0,100.0,88549595752.0
2018-11-27,ZCH0722A,ST12000NM0007,12000138625024,0,75,33878984,98.0,0.0,100.0,2.0,100.0,0.0,85.0,294115287.0,89,9817,100.0,0.0,100,1,,,,,100.0,0.0,100.0,0.0,,,72.0,28.0,,,100.0,85.0,100.0,721.0,28,28,100.0,0.0,100.0,0.0,200.0,0.0,100.0,9626.0,100.0,53619712144.0,100.0,88748266064.0
2018-11-28,ZCH0722A,ST12000NM0007,12000138625024,0,78,62603592,98.0,0.0,100.0,2.0,100.0,0.0,85.0,297750952.0,89,9841,100.0,0.0,100,1,,,,,100.0,0.0,100.0,0.0,,,72.0,28.0,,,100.0,86.0,100.0,722.0,28,28,100.0,0.0,100.0,0.0,200.0,0.0,100.0,9650.0,100.0,53683110824.0,100.0,88957732736.0
2018-11-29,ZCH0722A,ST12000NM0007,12000138625024,0,81,119631640,98.0,0.0,100.0,2.0,100.0,0.0,85.0,301178409.0,89,9866,100.0,0.0,100,1,,,,,100.0,0.0,100.0,0.0,,,74.0,26.0,,,100.0,86.0,100.0,723.0,26,26,100.0,0.0,100.0,0.0,200.0,0.0,100.0,9675.0,100.0,53764997032.0,100.0,89177015304.0
2018-11-30,ZCH0722A,ST12000NM0007,12000138625024,0,82,149902560,98.0,0.0,100.0,2.0,100.0,0.0,85.0,304245975.0,89,9890,100.0,0.0,100,1,,,,,100.0,0.0,100.0,0.0,,,74.0,26.0,,,100.0,86.0,100.0,724.0,26,26,100.0,0.0,100.0,0.0,200.0,0.0,100.0,9699.0,100.0,53831260416.0,100.0,89385163584.0
2018-12-01,ZCH0722A,ST12000NM0007,12000138625024,0,82,150885824,98.0,0.0,100.0,2.0,100.0,0.0,85.0,307312352.0,89,9913,100.0,0.0,100,1,,,,,100.0,0.0,100.0,0.0,,,74.0,26.0,,,100.0,86.0,100.0,725.0,26,26,100.0,0.0,100.0,0.0,200.0,0.0,100.0,9722.0,100.0,53893199048.0,100.0,89568348856.0
2018-12-02,ZCH0722A,ST12000NM0007,12000138625024,0,83,178781800,98.0,0.0,100.0,2.0,100.0,0.0,85.0,310528027.0,89,9938,100.0,0.0,100,1,,,,,100.0,0.0,100.0,0.0,,,74.0,26.0,,,100.0,87.0,100.0,726.0,26,26,100.0,0.0,100.0,0.0,200.0,0.0,100.0,9747.0,100.0,53980626960.0,100.0,89752957752.0
2018-12-03,ZCH0722A,ST12000NM0007,12000138625024,0,84,235322624,98.0,0.0,100.0,2.0,100.0,0.0,85.0,314427443.0,89,9961,100.0,0.0,100,1,,,,,100.0,0.0,100.0,0.0,,,74.0,26.0,,,100.0,87.0,100.0,727.0,26,26,100.0,0.0,100.0,0.0,200.0,0.0,100.0,9770.0,100.0,54060276544.0,100.0,89973989688.0
2018-12-04,ZCH0722A,ST12000NM0007,12000138625024,0,71,12852336,98.0,0.0,100.0,2.0,100.0,0.0,85.0,317669061.0,89,9985,100.0,0.0,100,1,,,,,100.0,0.0,100.0,0.0,,,74.0,26.0,,,100.0,87.0,100.0,728.0,26,26,100.0,0.0,100.0,0.0,200.0,0.0,100.0,9794.0,100.0,54139483184.0,100.0,90160594368.0
2018-12-05,ZCH0722A,ST12000NM0007,12000138625024,0,74.0,24751352.0,98.0,0.0,100.0,2.0,100.0,0.0,85.0,321300213.0,89.0,10010.0,100.0,0.0,100.0,1.0,,,,,100.0,0.0,100.0,0.0,,,74.0,26.0,,,100.0,88.0,100.0,729.0,26.0,26.0,100.0,0.0,100.0,0.0,200.0,0.0,100.0,9819.0,100.0,54214586272.0,100.0,90341531168.0
2018-12-06,ZCH0722A,ST12000NM0007,12000138625024,0,75,32980432,98.0,0.0,100.0,2.0,100.0,0.0,85.0,324654131.0,89,10039,100.0,0.0,100,1,,,,,100.0,0.0,100.0,0.0,,,75.0,25.0,,,100.0,89.0,100.0,730.0,25,25,100.0,0.0,100.0,0.0,200.0,0.0,100.0,9848.0,100.0,54301961720.0,100.0,90506525624.0
2018-12-07,ZCH0722A,ST12000NM0007,12000138625024,0,84,236759024,98.0,0.0,100.0,2.0,100.0,0.0,85.0,327364172.0,89,10063,100.0,0.0,100,1,,,,,100.0,0.0,100.0,0.0,,,75.0,25.0,,,100.0,89.0,100.0,731.0,25,25,100.0,0.0,100.0,0.0,200.0,0.0,100.0,9871.0,100.0,54366047592.0,100.0,90646218344.0
2018-12-08,ZCH0722A,ST12000NM0007,12000138625024,0,83,192055368,98.0,0.0,100.0,2.0,100.0,0.0,85.0,330137821.0,89,10088,100.0,0.0,100,1,,,,,100.0,0.0,100.0,0.0,,,75.0,25.0,,,100.0,90.0,100.0,732.0,25,25,100.0,0.0,100.0,0.0,200.0,0.0,100.0,9896.0,100.0,54439213936.0,100.0,90772489096.0
2018-12-09,ZCH0722A,ST12000NM0007,12000138625024,0,71,13668232,98.0,0.0,100.0,2.0,100.0,0.0,85.0,335518203.0,89,10111,100.0,0.0,100,1,,,,,100.0,0.0,100.0,0.0,,,74.0,26.0,,,100.0,90.0,100.0,733.0,26,26,100.0,0.0,100.0,0.0,200.0,0.0,100.0,9920.0,100.0,54516453688.0,100.0,91005143488.0
2018-12-10,ZCH0722A,ST12000NM0007,12000138625024,0,73,18000256,98.0,0.0,100.0,2.0,100.0,0.0,85.0,338611403.0,89,10135,100.0,0.0,100,1,,,,,100.0,0.0,100.0,0.0,,,75.0,25.0,,,100.0,90.0,100.0,734.0,25,25,100.0,0.0,100.0,0.0,200.0,0.0,100.0,9944.0,100.0,54584842456.0,100.0,91185227648.0
2018-12-11,ZCH0722A,ST12000NM0007,12000138625024,0,83,215383032,98.0,0.0,100.0,2.0,100.0,0.0,85.0,341130547.0,89,10159,100.0,0.0,100,1,,,,,100.0,0.0,100.0,0.0,,,75.0,25.0,,,100.0,91.0,100.0,735.0,25,25,100.0,0.0,100.0,0.0,200.0,0.0,100.0,9968.0,100.0,54645817552.0,100.0,91321635328.0
2018-12-12,ZCH0722A,ST12000NM0007,12000138625024,0,83,202314424,98.0,0.0,100.0,2.0,100.0,0.0,85.0,344480813.0,89,10183,100.0,0.0,100,1,,,,,100.0,0.0,100.0,0.0,,,75.0,25.0,,,100.0,92.0,100.0,736.0,25,25,100.0,0.0,100.0,0.0,200.0,0.0,100.0,9992.0,100.0,54703554976.0,100.0,91494969928.0
2018-12-13,ZCH0722A,ST12000NM0007,12000138625024,0,82,167781936,98.0,0.0,100.0,2.0,100.0,0.0,85.0,347127537.0,89,10208,100.0,0.0,100,1,,,,,100.0,0.0,100.0,0.0,,,73.0,27.0,,,100.0,93.0,100.0,737.0,27,27,100.0,0.0,100.0,0.0,200.0,0.0,100.0,10016.0,100.0,54769119536.0,100.0,91639013736.0
2018-12-14,ZCH0722A,ST12000NM0007,12000138625024,0,82,158961592,98.0,0.0,100.0,2.0,100.0,0.0,85.0,349912418.0,89,10231,100.0,0.0,100,1,,,,,100.0,0.0,100.0,0.0,,,73.0,27.0,,,100.0,93.0,100.0,738.0,27,27,100.0,0.0,100.0,0.0,200.0,0.0,100.0,10040.0,100.0,54833272920.0,100.0,91810180664.0
2018-12-15,ZCH0722A,ST12000NM0007,12000138625024,0,82,154599096,98.0,0.0,100.0,2.0,100.0,0.0,85.0,352804036.0,89,10255,100.0,0.0,100,1,,,,,100.0,0.0,100.0,0.0,,,73.0,27.0,,,100.0,94.0,100.0,739.0,27,27,100.0,0.0,100.0,0.0,200.0,0.0,100.0,10064.0,100.0,54896888944.0,100.0,91986342856.0
2018-12-16,ZCH0722A,ST12000NM0007,12000138625024,0,83,198767832,98.0,0.0,100.0,2.0,100.0,0.0,86.0,356598010.0,89,10279,100.0,0.0,100,1,,,,,100.0,0.0,100.0,0.0,,,73.0,27.0,,,100.0,94.0,100.0,740.0,27,27,100.0,0.0,100.0,0.0,200.0,0.0,100.0,10088.0,100.0,54976594744.0,100.0,92194946424.0
2018-12-17,ZCH0722A,ST12000NM0007,12000138625024,0,82,174832160,98.0,0.0,100.0,2.0,100.0,0.0,86.0,359112641.0,89,10303,100.0,0.0,100,1,,,,,100.0,0.0,100.0,0.0,,,73.0,27.0,,,100.0,94.0,100.0,741.0,27,27,100.0,0.0,100.0,0.0,200.0,0.0,100.0,10111.0,100.0,55026755904.0,100.0,92364990344.0
2018-12-18,ZCH0722A,ST12000NM0007,12000138625024,0,83,182460640,98.0,0.0,100.0,2.0,100.0,0.0,86.0,361899976.0,89,10327,100.0,0.0,100,1,,,,,100.0,0.0,100.0,0.0,,,74.0,26.0,,,100.0,94.0,100.0,742.0,26,26,100.0,0.0,100.0,0.0,200.0,0.0,100.0,10135.0,100.0,55071762840.0,100.0,92571752520.0
2018-12-19,ZCH0722A,ST12000NM0007,12000138625024,0,81,126348296,98.0,0.0,100.0,2.0,100.0,0.0,86.0,365016880.0,89,10352,100.0,0.0,100,1,,,,,100.0,0.0,100.0,0.0,,,73.0,27.0,,,100.0,94.0,100.0,743.0,27,27,100.0,0.0,100.0,0.0,200.0,0.0,100.0,10159.0,100.0,55110225584.0,100.0,92721318088.0
2018-12-20,ZCH0722A,ST12000NM0007,12000138625024,0,78,60641848,98.0,0.0,100.0,2.0,100.0,0.0,86.0,367385908.0,89,10374,100.0,0.0,100,1,,,,,100.0,0.0,100.0,0.0,,,74.0,26.0,,,100.0,94.0,100.0,744.0,26,26,100.0,0.0,100.0,0.0,200.0,0.0,100.0,10182.0,100.0,55164541776.0,100.0,92845436080.0
2018-12-21,ZCH0722A,ST12000NM0007,12000138625024,0,72,15105976,98.0,0.0,100.0,2.0,100.0,0.0,86.0,369975776.0,89,10399,100.0,0.0,100,1,,,,,100.0,0.0,100.0,0.0,,,73.0,27.0,,,100.0,94.0,100.0,745.0,27,27,100.0,0.0,100.0,0.0,200.0,0.0,100.0,10206.0,100.0,55225459344.0,100.0,92983123472.0
2018-12-22,ZCH0722A,ST12000NM0007,12000138625024,0,68,6040072,98.0,0.0,100.0,2.0,100.0,0.0,86.0,372853836.0,89,10422,100.0,0.0,100,1,,,,,100.0,0.0,100.0,0.0,,,73.0,27.0,,,100.0,95.0,100.0,746.0,27,27,100.0,0.0,100.0,0.0,200.0,0.0,100.0,10229.0,100.0,55290814128.0,100.0,93152843560.0
2018-12-23,ZCH0722A,ST12000NM0007,12000138625024,0,83,212113984,98.0,0.0,100.0,2.0,100.0,0.0,86.0,375597239.0,89,10446,100.0,0.0,100,1,,,,,100.0,0.0,100.0,0.0,,,73.0,27.0,,,100.0,96.0,100.0,747.0,27,27,100.0,0.0,100.0,0.0,200.0,0.0,100.0,10253.0,100.0,55347739320.0,100.0,93301992280.0
2018-12-24,ZCH0722A,ST12000NM0007,12000138625024,0,82,174293008,98.0,0.0,100.0,2.0,100.0,0.0,86.0,379140944.0,89,10470,100.0,0.0,100,1,,,,,100.0,0.0,100.0,0.0,,,74.0,26.0,,,100.0,96.0,100.0,748.0,26,26,100.0,0.0,100.0,0.0,200.0,0.0,100.0,10277.0,100.0,55415944384.0,100.0,93440107152.0
2018-12-25,ZCH0722A,ST12000NM0007,12000138625024,0,82,149847920,98.0,0.0,100.0,2.0,100.0,0.0,86.0,381983008.0,89,10496,100.0,0.0,100,1,,,,,100.0,0.0,100.0,0.0,,,73.0,27.0,,,100.0,97.0,100.0,749.0,27,27,100.0,0.0,100.0,0.0,200.0,0.0,100.0,10302.0,100.0,55470064272.0,100.0,93605682976.0
2018-12-26,ZCH0722A,ST12000NM0007,12000138625024,0,80,103379840,98.0,0.0,100.0,2.0,100.0,0.0,86.0,385211501.0,88,10519,100.0,0.0,100,1,,,,,100.0,0.0,100.0,0.0,,,73.0,27.0,,,100.0,98.0,100.0,750.0,27,27,100.0,0.0,100.0,0.0,200.0,0.0,100.0,10325.0,100.0,55524291280.0,100.0,93749128560.0
2018-12-27,ZCH0722A,ST12000NM0007,12000138625024,0,77,47325568,98.0,0.0,100.0,2.0,100.0,0.0,86.0,387864126.0,88,10543,100.0,0.0,100,1,,,,,100.0,0.0,100.0,0.0,,,74.0,26.0,,,100.0,99.0,100.0,751.0,26,26,100.0,0.0,100.0,0.0,200.0,0.0,100.0,10349.0,100.0,55568584632.0,100.0,93892921608.0
2018-12-28,ZCH0722A,ST12000NM0007,12000138625024,0,84,225360488,98.0,0.0,100.0,2.0,100.0,0.0,86.0,390442531.0,88,10567,100.0,0.0,100,1,,,,,100.0,0.0,100.0,0.0,,,73.0,27.0,,,100.0,99.0,100.0,752.0,27,27,100.0,0.0,100.0,0.0,200.0,0.0,100.0,10373.0,100.0,55638131096.0,100.0,94001410064.0
2018-12-29,ZCH0722A,ST12000NM0007,12000138625024,0,82,142767744,98.0,0.0,100.0,2.0,100.0,0.0,86.0,393734382.0,88,10590,100.0,0.0,100,1,,,,,100.0,0.0,100.0,0.0,,,73.0,27.0,,,100.0,99.0,100.0,753.0,27,27,100.0,0.0,100.0,0.0,200.0,0.0,100.0,10396.0,100.0,55703595824.0,100.0,94097493224.0
2018-12-30,ZCH0722A,ST12000NM0007,12000138625024,0,80,93416272,98.0,0.0,100.0,2.0,100.0,0.0,86.0,397408869.0,88,10615,100.0,0.0,100,1,,,,,100.0,0.0,100.0,0.0,,,74.0,26.0,,,100.0,100.0,100.0,754.0,26,26,100.0,0.0,100.0,0.0,200.0,0.0,100.0,10422.0,100.0,55763875712.0,100.0,94232002520.0
2018-12-31,ZCH0722A,ST12000NM0007,12000138625024,0,77,49027920,98.0,0.0,100.0,2.0,100.0,0.0,86.0,400962016.0,88,10638,100.0,0.0,100,1,,,,,100.0,0.0,100.0,0.0,,,74.0,26.0,,,100.0,100.0,100.0,755.0,26,26,100.0,0.0,100.0,0.0,200.0,0.0,100.0,10444.0,100.0,55808406192.0,100.0,94387224664.0
