2018-01-01,ZCH08B9K,ST12000NM0007,12000138625024,0,76,40224320,90,0,100,7,100,0,69,8374703,99,1206,100,0,100,7,,,,,100.0,0.0,100.0,0.0,,,72.0,28.0,,,100.0,11.0,99.0,2747.0,28,28,100,0,100,0,200,0,100.0,340.0,100.0,1694078672.0,100.0,543891988.0
2018-01-02,ZCH08B9K,ST12000NM0007,12000138625024,0,80,108650464,90,0,100,7,100,0,70,11194987,99,1230,100,0,100,7,,,,,100.0,0.0,100.0,0.0,,,72.0,28.0,,,100.0,11.0,99.0,2749.0,28,28,100,0,100,0,200,0,100.0,364.0,100.0,2005237144.0,100.0,545300452.0
2018-01-03,ZCH08B9K,ST12000NM0007,12000138625024,0,82,163826400,90,0,100,7,100,0,71,13904760,99,1253,100,0,100,7,,,,,100.0,0.0,100.0,0.0,,,73.0,27.0,,,100.0,11.0,99.0,2749.0,27,27,100,0,100,0,200,0,100.0,388.0,100.0,2303337400.0,100.0,546516796.0
2018-01-04,ZCH08B9K,ST12000NM0007,12000138625024,0,67,4565096,90,0,100,7,100,0,72,16973777,99,1279,100,0,100,7,,,,,100.0,0.0,100.0,0.0,,,72.0,28.0,,,100.0,11.0,99.0,2751.0,28,28,100,0,100,0,200,0,100.0,413.0,100.0,2627151776.0,100.0,551722420.0
2018-01-05,ZCH08B9K,ST12000NM0007,12000138625024,0,78.0,70711032.0,90.0,0.0,100.0,7.0,100.0,0.0,73.0,19823103.0,99.0,1303.0,100.0,0.0,100.0,7.0,,,,,100.0,0.0,100.0,0.0,,,72.0,28.0,,,100.0,11.0,99.0,2752.0,28.0,28.0,100.0,0.0,100.0,0.0,200.0,0.0,100.0,437.0,100.0,2932052912.0,100.0,557107932.0
2018-01-06,ZCH08B9K,ST12000NM0007,12000138625024,0,81,136707312,90,0,100,7,100,0,74,22638867,99,1327,100,0,100,7,,,,,100.0,0.0,100.0,0.0,,,72.0,28.0,,,100.0,11.0,99.0,2753.0,28,28,100,0,100,0,200,0,100.0,461.0,100.0,3231392512.0,100.0,567905428.0
2018-01-07,ZCH08B9K,ST12000NM0007,12000138625024,0,82,173220352,90,0,100,7,100,0,74,25238059,99,1351,100,0,100,7,,,,,100.0,0.0,100.0,0.0,,,73.0,27.0,,,100.0,12.0,99.0,2754.0,27,27,100,0,100,0,200,0,100.0,485.0,100.0,3507533104.0,100.0,572418716.0
2018-01-08,ZCH08B9K,ST12000NM0007,12000138625024,0,82,176149080,90,0,100,7,100,0,74,25290000,99,1376,100,0,100,7,,,,,100.0,0.0,100.0,0.0,,,73.0,27.0,,,100.0,13.0,99.0,2755.0,27,27,100,0,100,0,200,0,100.0,509.0,100.0,3507666144.0,100.0,575214404.0
2018-01-09,ZCH08B9K,ST12000NM0007,12000138625024,0,83,189685376,90,0,100,7,100,0,74,25526991,99,1399,100,0,100,7,,,,,100.0,0.0,100.0,0.0,,,73.0,27.0,,,100.0,14.0,99.0,2756.0,27,27,100,0,100,0,200,0,100.0,533.0,100.0,3513853728.0,100.0,582563116.0
2018-01-10,ZCH08B9K,ST12000NM0007,12000138625024,0,80,99475696,90,0,100,7,100,0,74,27006613,99,1424,100,0,100,7,,,,,100.0,0.0,100.0,0.0,,,71.0,29.0,,,100.0,14.0,99.0,2757.0,29,29,100,0,100,0,200,0,100.0,557.0,100.0,3653183808.0,100.0,597164068.0
2018-01-11,ZCH08B9K,ST12000NM0007,12000138625024,0,81,119654424,90,0,100,7,100,0,75,29549740,99,1445,100,0,100,7,,,,,100.0,0.0,100.0,0.0,,,73.0,27.0,,,100.0,14.0,99.0,2758.0,27,27,100,0,100,0,200,0,100.0,578.0,100.0,3894101480.0,100.0,620565996.0
2018-01-12,ZCH08B9K,ST12000NM0007,12000138625024,0,82,169013768,90,0,100,7,100,0,75,32439665,99,1469,100,0,100,7,,,,,100.0,0.0,100.0,0.0,,,73.0,27.0,,,100.0,14.0,99.0,2759.0,27,27,100,0,100,0,200,0,100.0,602.0,100.0,4159601832.0,100.0,648565716.0
2018-01-13,ZCH08B9K,ST12000NM0007,12000138625024,0,84.0,231272256.0,90.0,0.0,100.0,7.0,100,0,75.0,35433732.0,99,1493,100.0,0.0,100,7,,,,,100.0,0.0,100.0,0.0,,,72.0,28.0,,,100.0,14.0,99.0,2760.0,28.0,28.0,100.0,0.0,100.0,0.0,200,0,100.0,626.0,100.0,4434567736.0,100.0,679999244.0
2018-01-14,ZCH08B9K,ST12000NM0007,12000138625024,0,76.0,41198992.0,90.0,0.0,100.0,7.0,100,0,76.0,38473835.0,99,1516,100.0,0.0,100,7,,,,,100.0,0.0,100.0,0.0,,,72.0,28.0,,,100.0,14.0,99.0,2761.0,28.0,28.0,100.0,0.0,100.0,0.0,200,0,100.0,649.0,100.0,4703711944.0,100.0,709063084.0
2018-01-15,ZCH08B9K,ST12000NM0007,12000138625024,0,80.0,104687528.0,90.0,0.0,100.0,7.0,100,0,76.0,41416665.0,99,1541,100.0,0.0,100,7,,,,,100.0,0.0,100.0,0.0,,,71.0,29.0,,,100.0,14.0,99.0,2762.0,29.0,29.0,100.0,0.0,100.0,0.0,200,0,100.0,674.0,100.0,4980603136.0,100.0,739801084.0
2018-01-16,ZCH08B9K,ST12000NM0007,12000138625024,0,82.0,160386816.0,90.0,0.0,100.0,7.0,100,0,76.0,44422801.0,99,1564,100.0,0.0,100,7,,,,,100.0,0.0,100.0,0.0,,,72.0,28.0,,,100.0,14.0,99.0,2763.0,28.0,28.0,100.0,0.0,100.0,0.0,200,0,100.0,697.0,100.0,5250270712.0,100.0,769973572.0
2018-01-17,ZCH08B9K,ST12000NM0007,12000138625024,0,83.0,221280336.0,90.0,0.0,100.0,7.0,100,0,77.0,47412026.0,99,1589,100.0,0.0,100,7,,,,,100.0,0.0,100.0,0.0,,,70.0,30.0,,,100.0,14.0,99.0,2764.0,30.0,30.0,100.0,0.0,100.0,0.0,200,0,100.0,721.0,100.0,5527923744.0,100.0,797354884.0
2018-01-18,ZCH08B9K,ST12000NM0007,12000138625024,0,83.0,190290960.0,90.0,0.0,100.0,7.0,100.0,0.0,77.0,49835539.0,99.0,1615.0,100.0,0.0,100.0,7.0,,,,,100.0,0.0,100.0,0.0,,,72.0,28.0,,,100.0,14.0,99.0,2766.0,28.0,28.0,100.0,0.0,100.0,0.0,200.0,0.0,100.0,748.0,100.0,5711171256.0,100.0,827258628.0
2018-01-19,ZCH08B9K,ST12000NM0007,12000138625024,0,74.0,27784640.0,90.0,0.0,100.0,7.0,100.0,0.0,77.0,52955379.0,99.0,1640.0,100.0,0.0,100.0,7.0,,,,,100.0,0.0,100.0,0.0,,,72.0,28.0,,,100.0,14.0,99.0,2767.0,28.0,28.0,100.0,0.0,100.0,0.0,200.0,0.0,100.0,772.0,100.0,6020604248.0,100.0,843600796.0
2018-01-20,ZCH08B9K,ST12000NM0007,12000138625024,0,81.0,128316064.0,90.0,0.0,100.0,7.0,100,0,77.0,56197389.0,99,1663,100.0,0.0,100,7,,,,,100.0,0.0,100.0,0.0,,,72.0,28.0,,,100.0,14.0,99.0,2768.0,28.0,28.0,100.0,0.0,100.0,0.0,200,0,100.0,796.0,100.0,6334449368.0,100.0,874427732.0
2018-01-21,ZCH08B9K,ST12000NM0007,12000138625024,0,83.0,219443664.0,90.0,0.0,100.0,7.0,100,0,78.0,59402330.0,99,1688,100.0,0.0,100,7,,,,,100.0,0.0,100.0,0.0,,,72.0,28.0,,,100.0,14.0,99.0,2769.0,28.0,28.0,100.0,0.0,100.0,0.0,200,0,100.0,820.0,100.0,6647983936.0,100.0,896161660.0
2018-01-22,ZCH08B9K,ST12000NM0007,12000138625024,0,77.0,48872528.0,90.0,0.0,100.0,7.0,100,0,78.0,62349307.0,99,1712,100.0,0.0,100,7,,,,,100.0,0.0,100.0,0.0,,,72.0,28.0,,,100.0,14.0,99.0,2770.0,28.0,28.0,100.0,0.0,100.0,0.0,200,0,100.0,843.0,100.0,6949159608.0,100.0,912696468.0
2018-01-23,ZCH08B9K,ST12000NM0007,12000138625024,0,81.0,137904928.0,90.0,0.0,100.0,7.0,100,0,78.0,65594468.0,99,1735,100.0,0.0,100,7,,,,,100.0,0.0,100.0,0.0,,,72.0,28.0,,,100.0,14.0,99.0,2771.0,28.0,28.0,100.0,0.0,100.0,0.0,200,0,100.0,867.0,100.0,7259153992.0,100.0,935875212.0
2018-01-24,ZCH08B9K,ST12000NM0007,12000138625024,0,82.0,169301200.0,90.0,0.0,100.0,7.0,100,0,78.0,68177023.0,98,1755,100.0,0.0,100,7,,,,,100.0,0.0,100.0,0.0,,,72.0,28.0,,,100.0,14.0,99.0,2772.0,28.0,28.0,100.0,0.0,100.0,0.0,200,0,100.0,887.0,100.0,7518960552.0,100.0,951605756.0
2018-01-25,ZCH08B9K,ST12000NM0007,12000138625024,0,82.0,176961912.0,90.0,0.0,100.0,7.0,100,0,78.0,70674937.0,98,1772,100.0,0.0,100,7,,,,,100.0,0.0,100.0,0.0,,,72.0,28.0,,,100.0,14.0,99.0,2772.0,28.0,28.0,100.0,0.0,100.0,0.0,200,0,100.0,904.0,100.0,7746681464.0,100.0,975686204.0
2018-01-26,ZCH08B9K,ST12000NM0007,12000138625024,0,83.0,223838200.0,90.0,0.0,100.0,7.0,100,0,79.0,71385669.0,98,1796,100.0,0.0,100,7,,,,,100.0,0.0,100.0,0.0,,,73.0,27.0,,,100.0,14.0,99.0,2773.0,27.0,27.0,100.0,0.0,100.0,0.0,200,0,100.0,928.0,100.0,7766093592.0,100.0,1003150364.0
2018-01-27,ZCH08B9K,ST12000NM0007,12000138625024,0,74.0,23839200.0,90.0,0.0,100.0,7.0,100,0,79.0,74108137.0,98,1821,100.0,0.0,100,7,,,,,100.0,0.0,100.0,0.0,,,72.0,28.0,,,100.0,15.0,99.0,2774.0,28.0,28.0,100.0,0.0,100.0,0.0,200,0,100.0,952.0,100.0,8035321552.0,100.0,1022205100.0
2018-01-28,ZCH08B9K,ST12000NM0007,12000138625024,0,81.0,121727832.0,90.0,0.0,100.0,7.0,100,0,79.0,77389559.0,98,1844,100.0,0.0,100,7,,,,,100.0,0.0,100.0,0.0,,,72.0,28.0,,,100.0,15.0,99.0,2775.0,28.0,28.0,100.0,0.0,100.0,0.0,200,0,100.0,975.0,100.0,8343921992.0,100.0,1055634212.0
2018-01-29,ZCH08B9K,ST12000NM0007,12000138625024,0,84.0,239207056.0,90.0,0.0,100.0,7.0,100,0,79.0,80801977.0,98,1869,100.0,0.0,100,7,,,,,100.0,0.0,100.0,0.0,,,72.0,28.0,,,100.0,16.0,99.0,2776.0,28.0,28.0,100.0,0.0,100.0,0.0,200,0,100.0,1000.0,100.0,8667292352.0,100.0,1093883708.0
2018-01-30,ZCH08B9K,ST12000NM0007,12000138625024,0,83.0,189783352.0,90.0,0.0,100.0,7.0,100,0,79.0,85042210.0,98,1901,100.0,0.0,100,7,,,,,100.0,0.0,100.0,0.0,,,72.0,28.0,,,100.0,16.0,99.0,2778.0,28.0,28.0,100.0,0.0,100.0,0.0,200,0,100.0,1033.0,100.0,9085177816.0,100.0,1114855988.0
2018-01-31,ZCH08B9K,ST12000NM0007,12000138625024,0,69.0,7627272.0,90.0,0.0,100.0,7.0,100.0,0.0,79.0,87939438.0,98.0,1925.0,100.0,0.0,100.0,7.0,,,,,100.0,0.0,100.0,0.0,,,72.0,28.0,,,100.0,16.0,99.0,2779.0,28.0,28.0,100.0,0.0,100.0,0.0,200.0,0.0,100.0,1056.0,100.0,9378188096.0,100.0,1127971468.0
2018-02-01,ZCH08B9K,ST12000NM0007,12000138625024,0,81.0,125413464.0,90.0,0.0,100.0,7.0,100,0,80.0,91474209.0,98,1949,100.0,0.0,100,7,,,,,100.0,0.0,100.0,0.0,,,72.0,28.0,,,100.0,16.0,99.0,2780.0,28.0,28.0,100.0,0.0,100.0,0.0,200,0,100.0,1080.0,100.0,9711996408.0,100.0,1156090220.0
2018-02-02,ZCH08B9K,ST12000NM0007,12000138625024,0,80.0,89713592.0,90.0,0.0,100.0,7.0,100,0,80.0,93458363.0,98,1973,100.0,0.0,100,7,,,,,100.0,0.0,100.0,0.0,,,72.0,28.0,,,100.0,16.0,99.0,2781.0,28.0,28.0,100.0,0.0,100.0,0.0,200,0,100.0,1104.0,100.0,9901913888.0,100.0,1174613644.0
2018-02-03,ZCH08B9K,ST12000NM0007,12000138625024,0,83.0,180488632.0,90.0,0.0,100.0,7.0,100,0,80.0,96625613.0,98,1997,100.0,0.0,100,7,,,,,100.0,0.0,100.0,0.0,,,72.0,28.0,,,100.0,16.0,99.0,2782.0,28.0,28.0,100.0,0.0,100.0,0.0,200,0,100.0,1128.0,100.0,10215951928.0,100.0,1195491548.0
2018-02-04,ZCH08B9K,ST12000NM0007,12000138625024,0,84.0,230652384.0,90.0,0.0,100.0,7.0,100,0,80.0,99550552.0,98,2017,100.0,0.0,100,7,,,,,100.0,0.0,100.0,0.0,,,70.0,30.0,,,100.0,16.0,99.0,2783.0,30.0,30.0,100.0,0.0,100.0,0.0,200,0,100.0,1148.0,100.0,10479145072.0,100.0,1226602892.0
2018-02-05,ZCH08B9K,ST12000NM0007,12000138625024,0,77.0,53543560.0,90.0,0.0,100.0,7.0,100,0,80.0,102450904.0,98,2041,100.0,0.0,100,7,,,,,100.0,0.0,100.0,0.0,,,71.0,29.0,,,100.0,16.0,99.0,2784.0,29.0,29.0,100.0,0.0,100.0,0.0,200,0,100.0,1172.0,100.0,10776090904.0,100.0,1240829828.0
2018-02-06,ZCH08B9K,ST12000NM0007,12000138625024,0,81.0,119703440.0,90.0,0.0,100.0,7.0,100,0,80.0,105391348.0,98,2065,100.0,0.0,100,7,,,,,100.0,0.0,100.0,0.0,,,71.0,29.0,,,100.0,16.0,99.0,2785.0,29.0,29.0,100.0,0.0,100.0,0.0,200,0,100.0,1196.0,100.0,11078356616.0,100.0,1248864724.0
2018-02-07,ZCH08B9K,ST12000NM0007,12000138625024,0,83.0,193448552.0,90.0,0.0,100.0,7.0,100,0,80.0,108505296.0,98,2089,100.0,0.0,100,7,,,,,100.0,0.0,100.0,0.0,,,71.0,29.0,,,100.0,16.0,99.0,2786.0,29.0,29.0,100.0,0.0,100.0,0.0,200,0,100.0,1220.0,100.0,11383459184.0,100.0,1261648068.0
2018-02-08,ZCH08B9K,ST12000NM0007,12000138625024,0,78.0,69304640.0,90.0,0.0,100.0,7.0,100,0,80.0,112106938.0,98,2114,100.0,0.0,100,7,,,,,100.0,0.0,100.0,0.0,,,69.0,31.0,,,100.0,16.0,99.0,2787.0,31.0,31.0,100.0,0.0,100.0,0.0,200,0,100.0,1245.0,100.0,11723442648.0,100.0,1285802100.0
2018-02-09,ZCH08B9K,ST12000NM0007,12000138625024,0,75,33561240,90,0,100,7,100,0,81,114072651,98,2138,100,0,100,7,,,,,100.0,0.0,100.0,0.0,,,72.0,28.0,,,100.0,17.0,99.0,2788.0,28,28,100,0,100,0,200,0,100.0,1268.0,100.0,11914493968.0,100.0,1303148300.0
2018-02-10,ZCH08B9K,ST12000NM0007,12000138625024,0,78.0,69753808.0,90.0,0.0,100.0,7.0,100.0,0.0,81.0,114512086.0,98.0,2162.0,100.0,0.0,100.0,7.0,,,,,100.0,0.0,100.0,0.0,,,72.0,28.0,,,100.0,18.0,99.0,2789.0,28.0,28.0,100.0,0.0,100.0,0.0,200.0,0.0,100.0,1293.0,100.0,11922372656.0,100.0,1331462180.0
2018-02-11,ZCH08B9K,ST12000NM0007,12000138625024,0,82,142834080,90,0,100,7,100,0,81,115631163,98,2187,100,0,100,7,,,,,100.0,0.0,100.0,0.0,,,72.0,28.0,,,100.0,19.0,99.0,2790.0,28,28,100,0,100,0,200,0,100.0,1317.0,100.0,11953858960.0,100.0,1373056148.0
2018-02-12,ZCH08B9K,ST12000NM0007,12000138625024,0,83,186653216,90,0,100,7,100,0,81,116409297,98,2210,100,0,100,7,,,,,100.0,0.0,100.0,0.0,,,71.0,29.0,,,100.0,20.0,99.0,2791.0,29,29,100,0,100,0,200,0,100.0,1340.0,100.0,11964943168.0,100.0,1405791076.0
2018-02-13,ZCH08B9K,ST12000NM0007,12000138625024,0,83,222964520,90,0,100,7,100,0,81,117031728,98,2234,100,0,100,7,,,,,100.0,0.0,100.0,0.0,,,73.0,27.0,,,100.0,21.0,99.0,2792.0,27,27,100,0,100,0,200,0,100.0,1365.0,100.0,11976290400.0,100.0,1430755148.0
2018-02-14,ZCH08B9K,ST12000NM0007,12000138625024,0,84,243809792,90,0,100,7,100,0,81,117339582,98,2258,100,0,100,7,,,,,100.0,0.0,100.0,0.0,,,72.0,28.0,,,100.0,21.0,99.0,2793.0,28,28,100,0,100,0,200,0,100.0,1388.0,100.0,11980815032.0,100.0,1447075788.0
2018-02-15,ZCH08B9K,ST12000NM0007,12000138625024,0,78,59938440,90,0,100,7,100,0,81,118357612,98,2282,100,0,100,7,,,,,100.0,0.0,100.0,0.0,,,73.0,27.0,,,100.0,22.0,99.0,2794.0,27,27,100,0,100,0,200,0,100.0,1412.0,100.0,12008200184.0,100.0,1479959916.0
2018-02-16,ZCH08B9K,ST12000NM0007,12000138625024,0,79,77470584,90,0,100,7,100,0,81,118619357,98,2306,100,0,100,7,,,,,100.0,0.0,100.0,0.0,,,73.0,27.0,,,100.0,23.0,99.0,2795.0,27,27,100,0,100,0,200,0,100.0,1436.0,100.0,12014573248.0,100.0,1491118996.0
2018-02-17,ZCH08B9K,ST12000NM0007,12000138625024,0,83,206530808,90,0,100,7,100,0,81,119589370,98,2330,100,0,100,7,,,,,100.0,0.0,100.0,0.0,,,72.0,28.0,,,100.0,24.0,99.0,2796.0,28,28,100,0,100,0,200,0,100.0,1460.0,100.0,12135509784.0,100.0,1499242684.0
2018-02-18,ZCH08B9K,ST12000NM0007,12000138625024,0,74,24515840,90,0,100,7,100,0,81,123872107,98,2354,100,0,100,7,,,,,100.0,0.0,100.0,0.0,,,71.0,29.0,,,100.0,24.0,99.0,2797.0,29,29,100,0,100,0,200,0,100.0,1484.0,100.0,12631947336.0,100.0,1553212484.0
2018-02-19,ZCH08B9K,ST12000NM0007,12000138625024,0,77,51304248,90,0,100,7,100,0,81,127379652,98,2379,100,0,100,7,,,,,100.0,0.0,100.0,0.0,,,71.0,29.0,,,100.0,24.0,99.0,2798.0,29,29,100,0,100,0,200,0,100.0,1508.0,100.0,13133837336.0,100.0,1566392556.0
2018-02-20,ZCH08B9K,ST12000NM0007,12000138625024,0,77,47399896,90,0,100,7,100,0,81,130829231,98,2401,100,0,100,7,,,,,100.0,0.0,100.0,0.0,,,72.0,28.0,,,100.0,24.0,99.0,2799.0,28,28,100,0,100,0,200,0,100.0,1531.0,100.0,13596141504.0,100.0,1588465652.0
2018-02-21,ZCH08B9K,ST12000NM0007,12000138625024,0,83,210684672,90,0,100,7,100,0,81,134058891,98,2427,100,0,100,7,,,,,100.0,0.0,100.0,0.0,,,73.0,27.0,,,100.0,24.0,99.0,2800.0,27,27,100,0,100,0,200,0,100.0,1556.0,100.0,13984636616.0,100.0,1607396092.0
2018-02-22,ZCH08B9K,ST12000NM0007,12000138625024,0,67,5441344,90,0,100,7,100,0,81,134722746,98,2449,100,0,100,7,,,,,100.0,0.0,100.0,0.0,,,73.0,27.0,,,100.0,24.0,99.0,2801.0,27,27,100,0,100,0,200,0,100.0,1579.0,100.0,13999222168.0,100.0,1631708516.0
2018-02-23,ZCH08B9K,ST12000NM0007,12000138625024,0,73,19761296,90,0,100,7,100,0,81,135067615,98,2474,100,0,100,7,,,,,100.0,0.0,100.0,0.0,,,72.0,28.0,,,100.0,25.0,99.0,2802.0,28,28,100,0,100,0,200,0,100.0,1603.0,100.0,14005403592.0,100.0,1639847044.0
2018-02-24,ZCH08B9K,ST12000NM0007,12000138625024,0,77,44939504,90,0,100,7,100,0,81,135463230,98,2498,100,0,100,7,,,,,100.0,0.0,100.0,0.0,,,71.0,29.0,,,100.0,25.0,99.0,2803.0,29,29,100,0,100,0,200,0,100.0,1627.0,100.0,14013354952.0,100.0,1657073892.0
2018-02-25,ZCH08B9K,ST12000NM0007,12000138625024,0,81,122624608,90,0,100,7,100,0,81,136768692,98,2522,100,0,100,7,,,,,100.0,0.0,100.0,0.0,,,71.0,29.0,,,100.0,26.0,99.0,2804.0,29,29,100,0,100,0,200,0,100.0,1650.0,100.0,14044596672.0,100.0,1703517276.0
2018-02-26,ZCH08B9K,ST12000NM0007,12000138625024,0,82,151340488,90,0,100,7,100,0,81,137193471,98,2545,100,0,100,7,,,,,100.0,0.0,100.0,0.0,,,71.0,29.0,,,100.0,27.0,99.0,2805.0,29,29,100,0,100,0,200,0,100.0,1674.0,100.0,14051580368.0,100.0,1725249460.0
2018-02-27,ZCH08B9K,ST12000NM0007,12000138625024,0,83,192866432,90,0,100,7,100,0,81,137945093,98,2570,100,0,100,7,,,,,100.0,0.0,100.0,0.0,,,74.0,26.0,,,100.0,27.0,99.0,2806.0,26,26,100,0,100,0,200,0,100.0,1698.0,100.0,14067107584.0,100.0,1751248188.0
2018-02-28,ZCH08B9K,ST12000NM0007,12000138625024,0,83,218041848,90,0,100,7,100,0,81,138332973,98,2593,100,0,100,7,,,,,100.0,0.0,100.0,0.0,,,71.0,29.0,,,100.0,28.0,99.0,2807.0,29,29,100,0,100,0,200,0,100.0,1721.0,100.0,14073386296.0,100.0,1770144892.0
2018-03-01,ZCH08B9K,ST12000NM0007,12000138625024,0,78,58995592,90,0,100,7,100,0,81,139612964,98,2620,100,0,100,7,,,,,100.0,0.0,100.0,0.0,,,72.0,28.0,,,100.0,28.0,99.0,2809.0,28,28,100,0,100,0,200,0,100.0,1748.0,100.0,14109053256.0,100.0,1819572316.0
2018-03-02,ZCH08B9K,ST12000NM0007,12000138625024,0,80,102813960,90,0,100,7,100,0,81,140415239,97,2644,100,0,100,7,,,,,100.0,0.0,100.0,0.0,,,71.0,29.0,,,100.0,29.0,99.0,2810.0,29,29,100,0,100,0,200,0,100.0,1772.0,100.0,14119858048.0,100.0,1852585892.0
2018-03-03,ZCH08B9K,ST12000NM0007,12000138625024,0,82,151970912,90,0,100,7,100,0,81,140937324,97,2668,100,0,100,7,,,,,100.0,0.0,100.0,0.0,,,70.0,30.0,,,100.0,30.0,99.0,2811.0,30,30,100,0,100,0,200,0,100.0,1795.0,100.0,14155159184.0,100.0,1866441708.0
2018-03-04,ZCH08B9K,ST12000NM0007,12000138625024,0,76,36944456,90,0,100,7,100,0,82,144623772,97,2692,100,0,100,7,,,,,100.0,0.0,100.0,0.0,,,70.0,30.0,,,100.0,31.0,99.0,2812.0,30,30,100,0,100,0,200,0,100.0,1819.0,100.0,14489362320.0,100.0,1905493396.0
2018-03-05,ZCH08B9K,ST12000NM0007,12000138625024,0,81,128902680,90,0,100,7,100,0,82,148088799,97,2716,100,0,100,7,,,,,100.0,0.0,100.0,0.0,,,71.0,29.0,,,100.0,31.0,99.0,2813.0,29,29,100,0,100,0,200,0,100.0,1844.0,100.0,14802868584.0,100.0,1928086028.0
2018-03-06,ZCH08B9K,ST12000NM0007,12000138625024,0,83,207183352,90,0,100,7,100,0,82,151219459,97,2741,100,0,100,7,,,,,100.0,0.0,100.0,0.0,,,71.0,29.0,,,100.0,31.0,99.0,2814.0,29,29,100,0,100,0,200,0,100.0,1868.0,100.0,15107069824.0,100.0,1946306380.0
2018-03-07,ZCH08B9K,ST12000NM0007,12000138625024,0,76.0,41716400.0,90.0,0.0,100.0,7.0,100.0,0.0,82.0,154551521.0,97.0,2764.0,100.0,0.0,100.0,7.0,,,,,100.0,0.0,100.0,0.0,,,68.0,32.0,,,100.0,31.0,99.0,2815.0,32.0,32.0,100.0,0.0,100.0,0.0,200.0,0.0,100.0,1892.0,100.0,15408725224.0,100.0,1967465452.0
2018-03-08,ZCH08B9K,ST12000NM0007,12000138625024,0,80,95613168,90,0,100,7,100,0,82,157507298,97,2786,100,0,100,7,,,,,100.0,0.0,100.0,0.0,,,71.0,29.0,,,100.0,32.0,99.0,2816.0,29,29,100,0,100,0,200,0,100.0,1913.0,100.0,15687436400.0,100.0,1986791940.0
2018-03-09,ZCH08B9K,ST12000NM0007,12000138625024,0,83,193908920,90,0,100,7,100,0,82,160597472,97,2810,100,0,100,7,,,,,100.0,0.0,100.0,0.0,,,71.0,29.0,,,100.0,32.0,99.0,2817.0,29,29,100,0,100,0,200,0,100.0,1936.0,100.0,16013963832.0,100.0,2002700900.0
2018-03-10,ZCH08B9K,ST12000NM0007,12000138625024,0,83,194072936,90,0,100,7,100,0,82,162769766,97,2834,100,0,100,7,,,,,100.0,0.0,100.0,0.0,,,71.0,29.0,,,100.0,33.0,99.0,2818.0,29,29,100,0,100,0,200,0,100.0,1961.0,100.0,16238290824.0,100.0,2022678588.0
2018-03-11,ZCH08B9K,ST12000NM0007,12000138625024,0,75,30166744,90,0,100,7,100,0,82,163992314,97,2858,100,0,100,7,,,,,100.0,0.0,100.0,0.0,,,72.0,28.0,,,100.0,33.0,99.0,2819.0,28,28,100,0,100,0,200,0,100.0,1984.0,100.0,16275960704.0,100.0,2065243652.0
2018-03-12,ZCH08B9K,ST12000NM0007,12000138625024,0,78,63044488,90,0,100,7,100,0,82,164380940,97,2888,100,0,100,7,,,,,100.0,0.0,100.0,0.0,,,72.0,28.0,,,100.0,34.0,99.0,2821.0,28,28,100,0,100,0,200,0,100.0,2014.0,100.0,16282211744.0,100.0,2091870356.0
2018-03-13,ZCH08B9K,ST12000NM0007,12000138625024,0,77,44774672,90,0,100,8,100,0,82,166666969,97,2911,100,0,100,7,,,,,100.0,0.0,100.0,0.0,,,71.0,29.0,,,100.0,34.0,99.0,2823.0,29,29,100,0,100,0,200,0,100.0,2037.0,100.0,16487046936.0,100.0,2112906038.0
2018-03-14,ZCH08B9K,ST12000NM0007,12000138625024,0,82,161399512,90,0,100,8,100,0,82,170106183,97,2935,100,0,100,7,,,,,100.0,0.0,100.0,0.0,,,70.0,30.0,,,100.0,34.0,99.0,2824.0,30,30,100,0,100,0,200,0,100.0,2061.0,100.0,16824729936.0,100.0,2135988734.0
2018-03-15,ZCH08B9K,ST12000NM0007,12000138625024,0,69,8287944,90,0,100,8,100,0,82,173413581,97,2955,100,0,100,7,,,,,100.0,0.0,100.0,0.0,,,71.0,29.0,,,100.0,34.0,99.0,2825.0,29,29,100,0,100,0,200,0,100.0,2081.0,100.0,17123119184.0,100.0,2172769302.0
2018-03-16,ZCH08B9K,ST12000NM0007,12000138625024,0,81.0,130981408.0,90.0,0.0,100.0,8.0,100.0,0.0,82.0,176741683.0,97.0,2979.0,100.0,0.0,100.0,7.0,,,,,100.0,0.0,100.0,0.0,,,71.0,29.0,,,100.0,34.0,99.0,2826.0,29.0,29.0,100.0,0.0,100.0,0.0,200.0,0.0,100.0,2104.0,100.0,17463334880.0,100.0,2199388006.0
2018-03-17,ZCH08B9K,ST12000NM0007,12000138625024,0,84,241477128,90,0,100,8,100,0,83,179936370,97,3003,100,0,100,7,,,,,100.0,0.0,100.0,0.0,,,71.0,29.0,,,100.0,34.0,99.0,2827.0,29,29,100,0,100,0,200,0,100.0,2128.0,100.0,17791378880.0,100.0,2225980374.0
2018-03-18,ZCH08B9K,ST12000NM0007,12000138625024,0,83,204181776,90,0,100,8,100,0,83,184234109,97,3027,100,0,100,7,,,,,100.0,0.0,100.0,0.0,,,71.0,29.0,,,100.0,34.0,99.0,2828.0,29,29,100,0,100,0,200,0,100.0,2152.0,100.0,18159984504.0,100.0,2308360774.0
2018-03-19,ZCH08B9K,ST12000NM0007,12000138625024,0,76,38424480,90,0,100,8,100,0,83,185036314,97,3052,100,0,100,7,,,,,100.0,0.0,100.0,0.0,,,71.0,29.0,,,100.0,35.0,99.0,2829.0,29,29,100,0,100,0,200,0,100.0,2177.0,100.0,18215328304.0,100.0,2331400382.0
2018-03-20,ZCH08B9K,ST12000NM0007,12000138625024,0,80,93595136,90,0,100,8,100,0,83,185608697,97,3076,100,0,100,7,,,,,100.0,0.0,100.0,0.0,,,71.0,29.0,,,100.0,36.0,99.0,2830.0,29,29,100,0,100,0,200,0,100.0,2200.0,100.0,18250719984.0,100.0,2351179358.0
2018-03-21,ZCH08B9K,ST12000NM0007,12000138625024,0,83,198424312,90,0,100,8,100,0,83,188648701,97,3100,100,0,100,7,,,,,100.0,0.0,100.0,0.0,,,71.0,29.0,,,100.0,36.0,99.0,2831.0,29,29,100,0,100,0,200,0,100.0,2224.0,100.0,18575047576.0,100.0,2375821798.0
2018-03-22,ZCH08B9K,ST12000NM0007,12000138625024,0,82,152149464,90,0,100,8,100,0,83,192990797,97,3123,100,0,100,7,,,,,100.0,0.0,100.0,0.0,,,71.0,29.0,,,100.0,36.0,99.0,2832.0,29,29,100,0,100,0,200,0,100.0,2248.0,100.0,18936459744.0,100.0,2456416158.0
2018-03-23,ZCH08B9K,ST12000NM0007,12000138625024,0,77,48041960,90,0,100,8,100,0,83,196713885,97,3148,100,0,100,7,,,,,100.0,0.0,100.0,0.0,,,71.0,29.0,,,100.0,36.0,99.0,2833.0,29,29,100,0,100,0,200,0,100.0,2272.0,100.0,19293391064.0,100.0,2483658798.0
2018-03-24,ZCH08B9K,ST12000NM0007,12000138625024,0,82,163732984,90,0,100,8,100,0,83,200017186,97,3171,100,0,100,7,,,,,100.0,0.0,100.0,0.0,,,70.0,30.0,,,100.0,36.0,99.0,2834.0,30,30,100,0,100,0,200,0,100.0,2295.0,100.0,19630618696.0,100.0,2506262822.0
2018-03-25,ZCH08B9K,ST12000NM0007,12000138625024,0,81,118064760,90,0,100,8,100,0,83,204343515,97,3195,100,0,100,7,,,,,100.0,0.0,100.0,0.0,,,71.0,29.0,,,100.0,36.0,99.0,2835.0,29,29,100,0,100,0,200,0,100.0,2319.0,100.0,20010351440.0,100.0,2569143614.0
2018-03-26,ZCH08B9K,ST12000NM0007,12000138625024,0,83,178027608,90,0,100,8,100,0,83,207399238,97,3219,100,0,100,7,,,,,100.0,0.0,100.0,0.0,,,72.0,28.0,,,100.0,36.0,99.0,2836.0,28,28,100,0,100,0,200,0,100.0,2343.0,100.0,20284344272.0,100.0,2599254422.0
2018-03-27,ZCH08B9K,ST12000NM0007,12000138625024,0,84,228004792,90,0,100,8,100,0,83,207975731,97,3243,100,0,100,7,,,,,100.0,0.0,100.0,0.0,,,72.0,28.0,,,100.0,37.0,99.0,2837.0,28,28,100,0,100,0,200,0,100.0,2366.0,100.0,20294338120.0,100.0,2639237758.0
2018-03-28,ZCH08B9K,ST12000NM0007,12000138625024,0,75,28301288,90,0,100,8,100,0,83,208738841,97,3267,100,0,100,7,,,,,100.0,0.0,100.0,0.0,,,71.0,29.0,,,100.0,38.0,99.0,2838.0,29,29,100,0,100,0,200,0,100.0,2390.0,100.0,20306938008.0,100.0,2671075142.0
2018-03-29,ZCH08B9K,ST12000NM0007,12000138625024,0,80,104859520,90,0,100,8,100,0,83,210050939,97,3291,100,0,100,7,,,,,100.0,0.0,100.0,0.0,,,71.0,29.0,,,100.0,38.0,99.0,2839.0,29,29,100,0,100,0,200,0,100.0,2414.0,100.0,20333344944.0,100.0,2721226438.0
2018-03-30,ZCH08B9K,ST12000NM0007,12000138625024,0,81,136915680,90,0,100,8,100,0,83,210621738,97,3315,100,0,100,7,,,,,100.0,0.0,100.0,0.0,,,72.0,28.0,,,100.0,39.0,99.0,2840.0,28,28,100,0,100,0,200,0,100.0,2437.0,100.0,20341282320.0,100.0,2745345222.0
2018-03-31,ZCH08B9K,ST12000NM0007,12000138625024,0,82,163305472,90,0,100,8,100,0,83,211227741,97,3338,100,0,100,7,,,,,100.0,0.0,100.0,0.0,,,71.0,29.0,,,100.0,40.0,99.0,2841.0,29,29,100,0,100,0,200,0,100.0,2461.0,100.0,20350211992.0,100.0,2762805342.0
2018-04-01,ZCH08B9K,ST12000NM0007,12000138625024,0,76,35683264,90,0,100,8,100,0,83,213252032,97,3364,100,0,100,7,,,,,100.0,0.0,100.0,0.0,,,71.0,29.0,,,100.0,41.0,99.0,2842.0,29,29,100,0,100,0,200,0,100.0,2486.0,100.0,20390442240.0,100.0,2839093558.0
2018-04-02,ZCH08B9K,ST12000NM0007,12000138625024,0,77,54220144,90,0,100,8,100,0,83,213686100,97,3387,100,0,100,7,,,,,100.0,0.0,100.0,0.0,,,71.0,29.0,,,100.0,41.0,99.0,2843.0,29,29,100,0,100,0,200,0,100.0,2509.0,100.0,20395287104.0,100.0,2852785574.0
2018-04-03,ZCH08B9K,ST12000NM0007,12000138625024,0,79,84986152,90,0,100,8,100,0,83,214303008,97,3412,100,0,100,7,,,,,100.0,0.0,100.0,0.0,,,71.0,29.0,,,100.0,42.0,99.0,2844.0,29,29,100,0,100,0,200,0,100.0,2533.0,100.0,20403006632.0,100.0,2875832054.0
2018-04-04,ZCH08B9K,ST12000NM0007,12000138625024,0,84,226012824,90,0,100,8,100,0,83,215783708,97,3435,100,0,100,7,,,,,100.0,0.0,100.0,0.0,,,71.0,29.0,,,100.0,42.0,99.0,2845.0,29,29,100,0,100,0,200,0,100.0,2556.0,100.0,20519245992.0,100.0,2900619366.0
2018-04-05,ZCH08B9K,ST12000NM0007,12000138625024,0,83,185688536,90,0,100,8,100,0,83,220026640,97,3460,100,0,100,7,,,,,100.0,0.0,100.0,0.0,,,70.0,30.0,,,100.0,42.0,99.0,2846.0,30,30,100,0,100,0,200,0,100.0,2582.0,100.0,20899197552.0,100.0,2968625070.0
2018-04-06,ZCH08B9K,ST12000NM0007,12000138625024,0,78,68118496,90,0,100,8,100,0,83,223626719,97,3483,100,0,100,7,,,,,100.0,0.0,100.0,0.0,,,70.0,30.0,,,100.0,42.0,99.0,2847.0,30,30,100,0,100,0,200,0,100.0,2605.0,100.0,21224297440.0,100.0,3014236758.0
2018-04-07,ZCH08B9K,ST12000NM0007,12000138625024,0,82.0,157415528.0,90.0,0.0,100.0,8.0,100.0,0.0,84.0,226773888.0,96.0,3507.0,100.0,0.0,100.0,7.0,,,,,100.0,0.0,100.0,0.0,,,71.0,29.0,,,100.0,42.0,99.0,2848.0,29.0,29.0,100.0,0.0,100.0,0.0,200.0,0.0,100.0,2628.0,100.0,21536593088.0,100.0,3035378846.0
2018-04-08,ZCH08B9K,ST12000NM0007,12000138625024,0,82,163262472,90,0,100,8,100,0,84,231534088,96,3533,100,0,100,7,,,,,100.0,0.0,100.0,0.0,,,70.0,30.0,,,100.0,42.0,99.0,2849.0,30,30,100,0,100,0,200,0,100.0,2654.0,100.0,21914204016.0,100.0,3151896510.0
2018-04-09,ZCH08B9K,ST12000NM0007,12000138625024,0,74,23635888,90,0,100,8,100,0,84,234575012,96,3555,100,0,100,7,,,,,100.0,0.0,100.0,0.0,,,71.0,29.0,,,100.0,42.0,99.0,2850.0,29,29,100,0,100,0,200,0,100.0,2676.0,100.0,22239096032.0,100.0,3175659462.0
2018-04-10,ZCH08B9K,ST12000NM0007,12000138625024,0,79,72861584,90,0,100,8,100,0,84,235526521,96,3581,100,0,100,7,,,,,100.0,0.0,100.0,0.0,,,71.0,29.0,,,100.0,43.0,99.0,2851.0,29,29,100,0,100,0,200,0,100.0,2701.0,100.0,22258487768.0,100.0,3205493422.0
2018-04-11,ZCH08B9K,ST12000NM0007,12000138625024,0,84,231554512,90,0,100,8,100,0,84,237247973,96,3604,100,0,100,7,,,,,100.0,0.0,100.0,0.0,,,70.0,30.0,,,100.0,43.0,99.0,2852.0,30,30,100,0,100,0,200,0,100.0,2725.0,100.0,22388483976.0,100.0,3234190142.0
2018-04-12,ZCH08B9K,ST12000NM0007,12000138625024,0,80,102143352,90,0,100,8,100,0,84,240788851,96,3627,100,0,100,7,,,,,100.0,0.0,100.0,0.0,,,70.0,30.0,,,100.0,43.0,99.0,2853.0,30,30,100,0,100,0,200,0,100.0,2747.0,100.0,22718486904.0,100.0,3263057918.0
2018-04-13,ZCH08B9K,ST12000NM0007,12000138625024,0,84,223945296,90,0,100,8,100,0,84,244254610,96,3651,100,0,100,7,,,,,100.0,0.0,100.0,0.0,,,70.0,30.0,,,100.0,43.0,99.0,2854.0,30,30,100,0,100,0,200,0,100.0,2772.0,100.0,23067640368.0,100.0,3279847038.0
2018-04-14,ZCH08B9K,ST12000NM0007,12000138625024,0,79,88683840,90,0,100,8,100,0,84,247595727,96,3675,100,0,100,7,,,,,100.0,0.0,100.0,0.0,,,70.0,30.0,,,100.0,43.0,99.0,2855.0,30,30,100,0,100,0,200,0,100.0,2795.0,100.0,23402960880.0,100.0,3297546726.0
2018-04-15,ZCH08B9K,ST12000NM0007,12000138625024,0,79,79671720,90,0,100,8,100,0,84,252889048,96,3699,100,0,100,7,,,,,100.0,0.0,100.0,0.0,,,70.0,30.0,,,100.0,43.0,99.0,2856.0,30,30,100,0,100,0,200,0,100.0,2819.0,100.0,23793234064.0,100.0,3386542862.0
2018-04-16,ZCH08B9K,ST12000NM0007,12000138625024,0,81,139323168,90,0,100,8,100,0,84,255779979,96,3722,100,0,100,7,,,,,100.0,0.0,100.0,0.0,,,71.0,29.0,,,100.0,43.0,99.0,2857.0,29,29,100,0,100,0,200,0,100.0,2842.0,100.0,24079896056.0,100.0,3403673262.0
2018-04-17,ZCH08B9K,ST12000NM0007,12000138625024,0,83,212214368,90,0,100,8,100,0,84,256507263,96,3747,100,0,100,7,,,,,100.0,0.0,100.0,0.0,,,70.0,30.0,,,100.0,44.0,99.0,2858.0,30,30,100,0,100,0,200,0,100.0,2867.0,100.0,24110072560.0,100.0,3446387958.0
2018-04-18,ZCH08B9K,ST12000NM0007,12000138625024,0,84,235795592,90,0,100,8,100,0,84,258519552,96,3770,100,0,100,7,,,,,100.0,0.0,100.0,0.0,,,70.0,30.0,,,100.0,44.0,99.0,2859.0,30,30,100,0,100,0,200,0,100.0,2890.0,100.0,24224982888.0,100.0,3599199646.0
2018-04-19,ZCH08B9K,ST12000NM0007,12000138625024,0,82,144295160,90,0,100,8,100,0,84,261908221,96,3794,100,0,100,7,,,,,100.0,0.0,100.0,0.0,,,70.0,30.0,,,100.0,44.0,99.0,2860.0,30,30,100,0,100,0,200,0,100.0,2914.0,100.0,24373664024.0,100.0,3847299614.0
2018-04-20,ZCH08B9K,ST12000NM0007,12000138625024,0,73,19297392,90,0,100,8,100,0,84,264740116,96,3818,100,0,100,7,,,,,100.0,0.0,100.0,0.0,,,70.0,30.0,,,100.0,44.0,99.0,2861.0,30,30,100,0,100,0,200,0,100.0,2938.0,100.0,24521079384.0,100.0,4063168062.0
2018-04-21,ZCH08B9K,ST12000NM0007,12000138625024,0,81,121500792,90,0,100,8,100,0,84,267249179,96,3842,100,0,100,7,,,,,100.0,0.0,100.0,0.0,,,70.0,30.0,,,100.0,44.0,99.0,2862.0,30,30,100,0,100,0,200,0,100.0,2962.0,100.0,24671431304.0,100.0,4259160182.0
2018-04-22,ZCH08B9K,ST12000NM0007,12000138625024,0,73,20592952,90,0,100,8,100,0,84,271105139,96,3867,100,0,100,7,,,,,100.0,0.0,100.0,0.0,,,70.0,30.0,,,100.0,44.0,99.0,2863.0,30,30,100,0,100,0,200,0,100.0,2986.0,100.0,24841841032.0,100.0,4476124166.0
2018-04-23,ZCH08B9K,ST12000NM0007,12000138625024,0,80,107940904,90,0,100,8,100,0,84,273562708,96,3890,100,0,100,7,,,,,100.0,0.0,100.0,0.0,,,70.0,30.0,,,100.0,45.0,99.0,2864.0,30,30,100,0,100,0,200,0,100.0,3010.0,100.0,24993104808.0,100.0,4656349302.0
2018-04-24,ZCH08B9K,ST12000NM0007,12000138625024,0,83,213673280,90,0,100,8,100,0,84,275959166,96,3914,100,0,100,7,,,,,100.0,0.0,100.0,0.0,,,70.0,30.0,,,100.0,46.0,99.0,2865.0,30,30,100,0,100,0,200,0,100.0,3034.0,100.0,25134432744.0,100.0,4864894590.0
2018-04-25,ZCH08B9K,ST12000NM0007,12000138625024,0,78,69152312,90,0,100,8,100,0,84,278551549,96,3940,100,0,100,7,,,,,100.0,0.0,100.0,0.0,,,71.0,29.0,,,100.0,47.0,99.0,2866.0,29,29,100,0,100,0,200,0,100.0,3059.0,100.0,25265177920.0,100.0,5077910038.0
2018-04-26,ZCH08B9K,ST12000NM0007,12000138625024,0,83,214364448,90,0,100,8,100,0,84,281511492,96,3965,100,0,100,7,,,,,100.0,0.0,100.0,0.0,,,70.0,30.0,,,100.0,47.0,99.0,2868.0,30,30,100,0,100,0,200,0,100.0,3084.0,100.0,25420616880.0,100.0,5311823846.0
2018-04-27,ZCH08B9K,ST12000NM0007,12000138625024,0,78,61411288,90,0,100,8,100,0,85,284127893,96,3989,100,0,100,7,,,,,100.0,0.0,100.0,0.0,,,71.0,29.0,,,100.0,47.0,99.0,2869.0,29,29,100,0,100,0,200,0,100.0,3108.0,100.0,25550581968.0,100.0,5517187102.0
2018-04-28,ZCH08B9K,ST12000NM0007,12000138625024,0,79,73070472,90,0,100,8,100,0,85,286022352,96,4012,100,0,100,7,,,,,100.0,0.0,100.0,0.0,,,70.0,30.0,,,100.0,47.0,99.0,2870.0,30,30,100,0,100,0,200,0,100.0,3131.0,100.0,25640227968.0,100.0,5683341758.0
2018-04-29,ZCH08B9K,ST12000NM0007,12000138625024,0,82,177401112,90,0,100,8,100,0,85,289636832,96,4037,100,0,100,7,,,,,100.0,0.0,100.0,0.0,,,71.0,29.0,,,100.0,48.0,99.0,2871.0,29,29,100,0,100,0,200,0,100.0,3156.0,100.0,25788323416.0,100.0,5883717814.0
2018-04-30,ZCH08B9K,ST12000NM0007,12000138625024,0,84,243435216,90,0,100,8,100,0,85,291933574,96,4060,100,0,100,7,,,,,100.0,0.0,100.0,0.0,,,70.0,30.0,,,100.0,48.0,99.0,2872.0,30,30,100,0,100,0,200,0,100.0,3179.0,100.0,25920786096.0,100.0,6061429958.0
2018-05-01,ZCH08B9K,ST12000NM0007,12000138625024,0,80,109883160,90,0,100,8,100,0,85,294729330,96,4085,100,0,100,7,,,,,100.0,0.0,100.0,0.0,,,71.0,29.0,,,100.0,48.0,99.0,2873.0,29,29,100,0,100,0,200,0,100.0,3204.0,100.0,26073414880.0,100.0,6263531030.0
2018-05-02,ZCH08B9K,ST12000NM0007,12000138625024,0,83.0,204629568.0,90.0,0.0,100.0,8.0,100.0,0.0,85.0,297401523.0,96.0,4109.0,100.0,0.0,100.0,7.0,,,,,100.0,0.0,100.0,0.0,,,70.0,30.0,,,100.0,48.0,99.0,2874.0,30.0,30.0,100.0,0.0,100.0,0.0,200.0,0.0,100.0,3227.0,100.0,26219215464.0,100.0,6456617486.0
2018-05-03,ZCH08B9K,ST12000NM0007,12000138625024,0,77,54490368,90,0,100,8,100,0,85,300046485,96,4131,100,0,100,7,,,,,100.0,0.0,100.0,0.0,,,70.0,30.0,,,100.0,48.0,99.0,2875.0,30,30,100,0,100,0,200,0,100.0,3249.0,100.0,26374559768.0,100.0,6639415510.0
2018-05-04,ZCH08B9K,ST12000NM0007,12000138625024,0,78,60376176,90,0,100,8,100,0,85,302126736,96,4155,100,0,100,7,,,,,100.0,0.0,100.0,0.0,,,70.0,30.0,,,100.0,48.0,99.0,2876.0,30,30,100,0,100,0,200,0,100.0,3274.0,100.0,26477957528.0,100.0,6786044206.0
2018-05-05,ZCH08B9K,ST12000NM0007,12000138625024,0,80,93817568,90,0,100,8,100,0,85,304143910,96,4178,100,0,100,7,,,,,100.0,0.0,100.0,0.0,,,70.0,30.0,,,100.0,48.0,99.0,2877.0,30,30,100,0,100,0,200,0,100.0,3297.0,100.0,26580577696.0,100.0,6961006182.0
2018-05-06,ZCH08B9K,ST12000NM0007,12000138625024,0,83,194911720,90,0,100,8,100,0,85,307826714,96,4202,100,0,100,7,,,,,100.0,0.0,100.0,0.0,,,70.0,30.0,,,100.0,49.0,99.0,2878.0,30,30,100,0,100,0,200,0,100.0,3320.0,100.0,26735962600.0,100.0,7150856062.0
2018-05-07,ZCH08B9K,ST12000NM0007,12000138625024,0,75,29983480,90,0,100,8,100,0,85,310362655,96,4227,100,0,100,7,,,,,100.0,0.0,100.0,0.0,,,70.0,30.0,,,100.0,49.0,99.0,2879.0,30,30,100,0,100,0,200,0,100.0,3345.0,100.0,26872536960.0,100.0,7337635350.0
2018-05-08,ZCH08B9K,ST12000NM0007,12000138625024,0,79,77885840,90,0,100,8,100,0,85,312683349,96,4251,100,0,100,7,,,,,100.0,0.0,100.0,0.0,,,71.0,29.0,,,100.0,49.0,99.0,2880.0,29,29,100,0,100,0,200,0,100.0,3369.0,100.0,27003819800.0,100.0,7498395670.0
2018-05-09,ZCH08B9K,ST12000NM0007,12000138625024,0,80,101500320,90,0,100,8,100,0,85,314877046,96,4274,100,0,100,7,,,,,100.0,0.0,100.0,0.0,,,71.0,29.0,,,100.0,50.0,99.0,2881.0,29,29,100,0,100,0,200,0,100.0,3392.0,100.0,27120180688.0,100.0,7649789894.0
2018-05-10,ZCH08B9K,ST12000NM0007,12000138625024,0,83,222716656,90,0,100,8,100,0,85,317770136,96,4300,100,0,100,7,,,,,100.0,0.0,100.0,0.0,,,71.0,29.0,,,100.0,50.0,99.0,2882.0,29,29,100,0,100,0,200,0,100.0,3417.0,100.0,27254422392.0,100.0,7880905374.0
2018-05-11,ZCH08B9K,ST12000NM0007,12000138625024,0,83,221804656,90,0,100,8,100,0,85,319902841,96,4323,100,0,100,7,,,,,100.0,0.0,100.0,0.0,,,71.0,29.0,,,100.0,50.0,99.0,2883.0,29,29,100,0,100,0,200,0,100.0,3441.0,100.0,27364153096.0,100.0,8014403350.0
2018-05-12,ZCH08B9K,ST12000NM0007,12000138625024,0,77,53891360,90,0,100,8,100,0,85,322427173,96,4347,100,0,100,7,,,,,100.0,0.0,100.0,0.0,,,71.0,29.0,,,100.0,51.0,99.0,2884.0,29,29,100,0,100,0,200,0,100.0,3465.0,100.0,27489563480.0,100.0,8209361302.0
2018-05-13,ZCH08B9K,ST12000NM0007,12000138625024,0,81,127081040,90,0,100,8,100,0,85,325967118,96,4371,100,0,100,7,,,,,100.0,0.0,100.0,0.0,,,71.0,29.0,,,100.0,51.0,99.0,2885.0,29,29,100,0,100,0,200,0,100.0,3488.0,100.0,27627180984.0,100.0,8389074286.0
2018-05-14,ZCH08B9K,ST12000NM0007,12000138625024,0,83,187404400,90,0,100,8,100,0,85,328326188,95,4395,100,0,100,7,,,,,100.0,0.0,100.0,0.0,,,70.0,30.0,,,100.0,51.0,99.0,2886.0,30,30,100,0,100,0,200,0,100.0,3512.0,100.0,27724580960.0,100.0,8596138526.0
2018-05-15,ZCH08B9K,ST12000NM0007,12000138625024,0,84.0,230308920.0,90.0,0.0,100.0,8.0,100.0,0.0,85.0,330615648.0,95.0,4419.0,100.0,0.0,100.0,7.0,,,,,100.0,0.0,100.0,0.0,,,71.0,29.0,,,100.0,51.0,99.0,2887.0,29.0,29.0,100.0,0.0,100.0,0.0,200.0,0.0,100.0,3536.0,100.0,27850386600.0,100.0,8757378174.0
2018-05-16,ZCH08B9K,ST12000NM0007,12000138625024,0,80,109419656,90,0,100,8,100,0,85,333383458,95,4448,100,0,100,7,,,,,100.0,0.0,100.0,0.0,,,71.0,29.0,,,100.0,52.0,99.0,2888.0,29,29,100,0,100,0,200,0,100.0,3564.0,100.0,27983372808.0,100.0,8991784142.0
2018-05-17,ZCH08B9K,ST12000NM0007,12000138625024,0,81,124922912,90,0,100,8,100,0,85,335536150,95,4467,100,0,100,7,,,,,100.0,0.0,100.0,0.0,,,71.0,29.0,,,100.0,52.0,99.0,2890.0,29,29,100,0,100,0,200,0,100.0,3583.0,100.0,28094241432.0,100.0,9140559414.0
2018-05-18,ZCH08B9K,ST12000NM0007,12000138625024,0,83,203701200,90,0,100,8,100,0,85,338025037,95,4491,100,0,100,7,,,,,100.0,0.0,100.0,0.0,,,71.0,29.0,,,100.0,53.0,99.0,2891.0,29,29,100,0,100,0,200,0,100.0,3607.0,100.0,28218237400.0,100.0,9339482726.0
2018-05-19,ZCH08B9K,ST12000NM0007,12000138625024,0,71,11886840,90,0,100,8,100,0,85,340365349,95,4514,100,0,100,7,,,,,100.0,0.0,100.0,0.0,,,70.0,30.0,,,100.0,54.0,99.0,2892.0,30,30,100,0,100,0,200,0,100.0,3631.0,100.0,28339239856.0,100.0,9514947222.0
2018-05-20,ZCH08B9K,ST12000NM0007,12000138625024,0,81,138855032,90,0,100,8,100,0,85,344065897,95,4539,100,0,100,7,,,,,100.0,0.0,100.0,0.0,,,71.0,29.0,,,100.0,55.0,99.0,2893.0,29,29,100,0,100,0,200,0,100.0,3655.0,100.0,28500445072.0,100.0,9724850990.0
2018-05-21,ZCH08B9K,ST12000NM0007,12000138625024,0,84,232550096,90,0,100,8,100,0,85,346587203,95,4563,100,0,100,7,,,,,100.0,0.0,100.0,0.0,,,71.0,29.0,,,100.0,56.0,99.0,2894.0,29,29,100,0,100,0,200,0,100.0,3679.0,100.0,28645919744.0,100.0,9917212086.0
2018-05-22,ZCH08B9K,ST12000NM0007,12000138625024,0,79,87930288,90,0,100,8,100,0,85,349035023,95,4586,100,0,100,7,,,,,100.0,0.0,100.0,0.0,,,71.0,29.0,,,100.0,56.0,99.0,2895.0,29,29,100,0,100,0,200,0,100.0,3702.0,100.0,28779462256.0,100.0,10127331574.0
2018-05-23,ZCH08B9K,ST12000NM0007,12000138625024,0,83,193438312,90,0,100,8,100,0,85,351541426,95,4610,100,0,100,7,,,,,100.0,0.0,100.0,0.0,,,70.0,30.0,,,100.0,56.0,99.0,2896.0,30,30,100,0,100,0,200,0,100.0,3726.0,100.0,28918799720.0,100.0,10337642918.0
2018-05-24,ZCH08B9K,ST12000NM0007,12000138625024,0,81,127597888,90,0,100,8,100,0,86,355388353,95,4635,100,0,100,7,,,,,100.0,0.0,100.0,0.0,,,70.0,30.0,,,100.0,56.0,99.0,2897.0,30,30,100,0,100,0,200,0,100.0,3750.0,100.0,29097719696.0,100.0,10581164150.0
2018-05-25,ZCH08B9K,ST12000NM0007,12000138625024,0,79,81364264,90,0,100,8,100,0,86,358585726,95,4664,100,0,100,7,,,,,100.0,0.0,100.0,0.0,,,71.0,29.0,,,100.0,56.0,99.0,2898.0,29,29,100,0,100,0,200,0,100.0,3779.0,100.0,29266749440.0,100.0,10854182326.0
2018-05-26,ZCH08B9K,ST12000NM0007,12000138625024,0,81,133255280,90,0,100,8,100,0,86,361447276,95,4687,100,0,100,7,,,,,100.0,0.0,100.0,0.0,,,70.0,30.0,,,100.0,56.0,99.0,2899.0,30,30,100,0,100,0,200,0,100.0,3803.0,100.0,29394049856.0,100.0,11022913590.0
2018-05-27,ZCH08B9K,ST12000NM0007,12000138625024,0,100,2196624,90,0,100,8,100,0,86,364645708,95,4712,100,0,100,7,,,,,100.0,0.0,100.0,0.0,,,71.0,29.0,,,100.0,56.0,99.0,2900.0,29,29,100,0,100,0,200,0,100.0,3827.0,100.0,29521974088.0,100.0,11252212302.0
2018-05-28,ZCH08B9K,ST12000NM0007,12000138625024,0,68,6588320,90,0,100,8,100,0,86,366797468,95,4735,100,0,100,7,,,,,100.0,0.0,100.0,0.0,,,70.0,30.0,,,100.0,57.0,99.0,2901.0,30,30,100,0,100,0,200,0,100.0,3851.0,100.0,29615897496.0,100.0,11406821230.0
2018-05-29,ZCH08B9K,ST12000NM0007,12000138625024,0,74,23418408,90,0,100,8,100,0,86,368798442,95,4760,100,0,100,7,,,,,100.0,0.0,100.0,0.0,,,70.0,30.0,,,100.0,57.0,99.0,2902.0,30,30,100,0,100,0,200,0,100.0,3875.0,100.0,29705855432.0,100.0,11577834142.0
2018-05-30,ZCH08B9K,ST12000NM0007,12000138625024,0,79,80413816,90,0,100,8,100,0,86,371025663,95,4784,100,0,100,7,,,,,100.0,0.0,100.0,0.0,,,71.0,29.0,,,100.0,57.0,99.0,2903.0,29,29,100,0,100,0,200,0,100.0,3899.0,100.0,29803634992.0,100.0,11781190894.0
2018-05-31,ZCH08B9K,ST12000NM0007,12000138625024,0,79,88607240,90,0,100,8,100,0,86,373225168,95,4804,100,0,100,7,,,,,100.0,0.0,100.0,0.0,,,71.0,29.0,,,100.0,57.0,99.0,2905.0,29,29,100,0,100,0,200,0,100.0,3918.0,100.0,29900909600.0,100.0,11936250454.0
2018-06-01,ZCH08B9K,ST12000NM0007,12000138625024,0,81,132030328,90,0,100,8,100,0,86,375705280,95,4827,100,0,100,7,,,,,100.0,0.0,100.0,0.0,,,71.0,29.0,,,100.0,57.0,99.0,2906.0,29,29,100,0,100,0,200,0,100.0,3942.0,100.0,29988578120.0,100.0,12136145910.0
2018-06-02,ZCH08B9K,ST12000NM0007,12000138625024,0,82,141547696,90,0,100,8,100,0,86,377983411,95,4851,100,0,100,7,,,,,100.0,0.0,100.0,0.0,,,70.0,30.0,,,100.0,58.0,99.0,2907.0,30,30,100,0,100,0,200,0,100.0,3966.0,100.0,30094756576.0,100.0,12283625462.0
2018-06-03,ZCH08B9K,ST12000NM0007,12000138625024,0,84,240547056,90,0,100,8,100,0,86,381724128,95,4876,100,0,100,7,,,,,100.0,0.0,100.0,0.0,,,70.0,30.0,,,100.0,58.0,99.0,2908.0,30,30,100,0,100,0,200,0,100.0,3990.0,100.0,30258644112.0,100.0,12462877918.0
2018-06-04,ZCH08B9K,ST12000NM0007,12000138625024,0,76,43318568,90,0,100,8,100,0,86,383835375,95,4899,100,0,100,7,,,,,100.0,0.0,100.0,0.0,,,71.0,29.0,,,100.0,58.0,99.0,2909.0,29,29,100,0,100,0,200,0,100.0,4013.0,100.0,30354352384.0,100.0,12658222518.0
2018-06-05,ZCH08B9K,ST12000NM0007,12000138625024,0,79,71531128,90,0,100,8,100,0,86,385892475,95,4924,100,0,100,7,,,,,100.0,0.0,100.0,0.0,,,70.0,30.0,,,100.0,59.0,99.0,2910.0,30,30,100,0,100,0,200,0,100.0,4038.0,100.0,30453870984.0,100.0,12831057550.0
2018-06-06,ZCH08B9K,ST12000NM0007,12000138625024,0,81,117041808,90,0,100,8,100,0,86,388044994,95,4948,100,0,100,7,,,,,100.0,0.0,100.0,0.0,,,71.0,29.0,,,100.0,60.0,99.0,2911.0,29,29,100,0,100,0,200,0,100.0,4062.0,100.0,30555001368.0,100.0,13019578494.0
2018-06-07,ZCH08B9K,ST12000NM0007,12000138625024,0,83,211851080,90,0,100,8,100,0,86,391284379,95,4971,100,0,100,7,,,,,100.0,0.0,100.0,0.0,,,70.0,30.0,,,100.0,60.0,99.0,2912.0,30,30,100,0,100,0,200,0,100.0,4085.0,100.0,30662335840.0,100.0,13251194182.0
2018-06-08,ZCH08B9K,ST12000NM0007,12000138625024,0,100,138392,90,0,100,8,100,0,86,393454498,95,4995,100,0,100,7,,,,,100.0,0.0,100.0,0.0,,,70.0,30.0,,,100.0,60.0,99.0,2913.0,30,30,100,0,100,0,200,0,100.0,4109.0,100.0,30750050944.0,100.0,13440048054.0
2018-06-09,ZCH08B9K,ST12000NM0007,12000138625024,0,70,10664848,90,0,100,8,100,0,86,395489737,95,5019,100,0,100,7,,,,,100.0,0.0,100.0,0.0,,,71.0,29.0,,,100.0,61.0,99.0,2914.0,29,29,100,0,100,0,200,0,100.0,4133.0,100.0,30835178032.0,100.0,13609588182.0
2018-06-10,ZCH08B9K,ST12000NM0007,12000138625024,0,80,100493024,90,0,100,8,100,0,86,398830057,95,5043,100,0,100,7,,,,,100.0,0.0,100.0,0.0,,,70.0,30.0,,,100.0,61.0,99.0,2915.0,30,30,100,0,100,0,200,0,100.0,4157.0,100.0,30970159976.0,100.0,13808575046.0
2018-06-11,ZCH08B9K,ST12000NM0007,12000138625024,0,81,134521944,90,0,100,8,100,0,86,401544546,95,5067,100,0,100,7,,,,,100.0,0.0,100.0,0.0,,,71.0,29.0,,,100.0,62.0,99.0,2916.0,29,29,100,0,100,0,200,0,100.0,4181.0,100.0,31106427352.0,100.0,13950477382.0
2018-06-12,ZCH08B9K,ST12000NM0007,12000138625024,0,82,175999584,90,0,100,8,100,0,86,403831898,95,5091,100,0,100,7,,,,,100.0,0.0,100.0,0.0,,,70.0,30.0,,,100.0,62.0,99.0,2917.0,30,30,100,0,100,0,200,0,100.0,4205.0,100.0,31212516776.0,100.0,14130006230.0
2018-06-13,ZCH08B9K,ST12000NM0007,12000138625024,0,75,33399112,90,0,100,8,100,0,86,406472998,95,5119,100,0,100,7,,,,,100.0,0.0,100.0,0.0,,,71.0,29.0,,,100.0,62.0,99.0,2919.0,29,29,100,0,100,0,200,0,100.0,4232.0,100.0,31346809224.0,100.0,14341395030.0
2018-06-14,ZCH08B9K,ST12000NM0007,12000138625024,0,83,202624560,90,0,100,8,100,0,86,410514525,95,5143,100,0,100,7,,,,,100.0,0.0,100.0,0.0,,,70.0,30.0,,,100.0,62.0,99.0,2920.0,30,30,100,0,100,0,200,0,100.0,4256.0,100.0,31486996528.0,100.0,14614573806.0
2018-06-15,ZCH08B9K,ST12000NM0007,12000138625024,0,73.0,21763472.0,90.0,0.0,100.0,8.0,100.0,0.0,86.0,412943626.0,95.0,5167.0,100.0,0.0,100.0,7.0,,,,,100.0,0.0,100.0,0.0,,,71.0,29.0,,,100.0,62.0,99.0,2921.0,29.0,29.0,100.0,0.0,100.0,0.0,200.0,0.0,100.0,4280.0,100.0,31607389576.0,100.0,14801600982.0
2018-06-16,ZCH08B9K,ST12000NM0007,12000138625024,0,79.0,76417560.0,90.0,0.0,100.0,8.0,100.0,0.0,86.0,415630595.0,95.0,5191.0,100.0,0.0,100.0,7.0,,,,,100.0,0.0,100.0,0.0,,,70.0,30.0,,,100.0,63.0,99.0,2922.0,30.0,30.0,100.0,0.0,100.0,0.0,200.0,0.0,100.0,4304.0,100.0,31694519728.0,100.0,15013265590.0
2018-06-17,ZCH08B9K,ST12000NM0007,12000138625024,0,80.0,89703008.0,90.0,0.0,100.0,8.0,100.0,0.0,86.0,418067592.0,95.0,5215.0,100.0,0.0,100.0,7.0,,,,,100.0,0.0,100.0,0.0,,,70.0,30.0,,,100.0,63.0,99.0,2923.0,30.0,30.0,100.0,0.0,100.0,0.0,200.0,0.0,100.0,4328.0,100.0,31787429000.0,100.0,15177782406.0
2018-06-18,ZCH08B9K,ST12000NM0007,12000138625024,0,79.0,83069472.0,90.0,0.0,100.0,8.0,100.0,0.0,86.0,420120428.0,95.0,5239.0,100.0,0.0,100.0,7.0,,,,,100.0,0.0,100.0,0.0,,,70.0,30.0,,,100.0,64.0,99.0,2924.0,30.0,30.0,100.0,0.0,100.0,0.0,200.0,0.0,100.0,4351.0,100.0,31881950480.0,100.0,15320768166.0
2018-06-19,ZCH08B9K,ST12000NM0007,12000138625024,0,81,139023552,90,0,100,8,100,0,86,422427059,94,5263,100,0,100,7,,,,,100.0,0.0,100.0,0.0,,,70.0,30.0,,,100.0,64.0,99.0,2925.0,30,30,100,0,100,0,200,0,100.0,4376.0,100.0,31994829144.0,100.0,15507984214.0
2018-06-20,ZCH08B9K,ST12000NM0007,12000138625024,0,83,191462984,90,0,100,8,100,0,86,424829814,94,5287,100,0,100,7,,,,,100.0,0.0,100.0,0.0,,,70.0,30.0,,,100.0,64.0,99.0,2926.0,30,30,100,0,100,0,200,0,100.0,4400.0,100.0,32103512328.0,100.0,15695881318.0
2018-06-21,ZCH08B9K,ST12000NM0007,12000138625024,0,79,84369888,90,0,100,8,100,0,86,428561189,94,5311,100,0,100,7,,,,,100.0,0.0,100.0,0.0,,,71.0,29.0,,,100.0,64.0,99.0,2927.0,29,29,100,0,100,0,200,0,100.0,4424.0,100.0,32264822536.0,100.0,15915759430.0
2018-06-22,ZCH08B9K,ST12000NM0007,12000138625024,0,80,93274624,90,0,100,8,100,0,86,430562745,94,5336,100,0,100,7,,,,,100.0,0.0,100.0,0.0,,,71.0,29.0,,,100.0,64.0,99.0,2928.0,29,29,100,0,100,0,200,0,100.0,4448.0,100.0,32362725288.0,100.0,16070902254.0
2018-06-23,ZCH08B9K,ST12000NM0007,12000138625024,0,82,146330672,90,0,100,8,100,0,86,433351170,94,5359,100,0,100,7,,,,,100.0,0.0,100.0,0.0,,,71.0,29.0,,,100.0,64.0,99.0,2929.0,29,29,100,0,100,0,200,0,100.0,4471.0,100.0,32481542112.0,100.0,16249282230.0
2018-06-24,ZCH08B9K,ST12000NM0007,12000138625024,0,83,191906752,90,0,100,8,100,0,86,435978470,94,5383,100,0,100,7,,,,,100.0,0.0,100.0,0.0,,,71.0,29.0,,,100.0,65.0,99.0,2930.0,29,29,100,0,100,0,200,0,100.0,4495.0,100.0,32572728648.0,100.0,16447812630.0
2018-06-25,ZCH08B9K,ST12000NM0007,12000138625024,0,83,211378808,90,0,100,8,100,0,86,438182775,94,5407,100,0,100,7,,,,,100.0,0.0,100.0,0.0,,,71.0,29.0,,,100.0,65.0,99.0,2931.0,29,29,100,0,100,0,200,0,100.0,4519.0,100.0,32655066072.0,100.0,16629087910.0
2018-06-26,ZCH08B9K,ST12000NM0007,12000138625024,0,75,31503592,90,0,100,8,100,0,86,440699828,94,5431,100,0,100,7,,,,,100.0,0.0,100.0,0.0,,,71.0,29.0,,,100.0,65.0,99.0,2932.0,29,29,100,0,100,0,200,0,100.0,4543.0,100.0,32760164920.0,100.0,16832395206.0
2018-06-27,ZCH08B9K,ST12000NM0007,12000138625024,0,78,64541464,90,0,100,8,100,0,86,442796468,94,5455,100,0,100,7,,,,,100.0,0.0,100.0,0.0,,,71.0,29.0,,,100.0,66.0,99.0,2933.0,29,29,100,0,100,0,200,0,100.0,4567.0,100.0,32861088072.0,100.0,17008650686.0
2018-06-28,ZCH08B9K,ST12000NM0007,12000138625024,0,83,189535184,90,0,100,8,100,0,86,445929039,94,5479,100,0,100,7,,,,,100.0,0.0,100.0,0.0,,,71.0,29.0,,,100.0,66.0,99.0,2934.0,29,29,100,0,100,0,200,0,100.0,4591.0,100.0,32975957808.0,100.0,17262915398.0
2018-06-29,ZCH08B9K,ST12000NM0007,12000138625024,0,83,183269544,90,0,100,8,100,0,87,447959337,94,5502,100,0,100,7,,,,,100.0,0.0,100.0,0.0,,,71.0,29.0,,,100.0,66.0,99.0,2935.0,29,29,100,0,100,0,200,0,100.0,4614.0,100.0,33063025776.0,100.0,17413722486.0
2018-06-30,ZCH08B9K,ST12000NM0007,12000138625024,0,82,175930008,90,0,100,8,100,0,87,450370206,94,5526,100,0,100,7,,,,,100.0,0.0,100.0,0.0,,,70.0,30.0,,,100.0,66.0,99.0,2936.0,30,30,100,0,100,0,200,0,100.0,4637.0,100.0,33162492880.0,100.0,17551056614.0
2018-07-01,ZCH08B9K,ST12000NM0007,12000138625024,0,84,241511792,90,0,100,8,100,0,87,454055137,94,5550,100,0,100,7,,,,,100.0,0.0,100.0,0.0,,,71.0,29.0,,,100.0,66.0,99.0,2937.0,29,29,100,0,100,0,200,0,100.0,4661.0,100.0,33293851200.0,100.0,17729420782.0
2018-07-02,ZCH08B9K,ST12000NM0007,12000138625024,0,78,63864016,90,0,100,8,100,0,87,456679043,94,5575,100,0,100,7,,,,,100.0,0.0,100.0,0.0,,,71.0,29.0,,,100.0,66.0,99.0,2938.0,29,29,100,0,100,0,200,0,100.0,4686.0,100.0,33402551832.0,100.0,17931353814.0
2018-07-03,ZCH08B9K,ST12000NM0007,12000138625024,0,82,143368928,90,0,100,8,100,0,87,459357609,94,5599,100,0,100,7,,,,,100.0,0.0,100.0,0.0,,,71.0,29.0,,,100.0,66.0,99.0,2939.0,29,29,100,0,100,0,200,0,100.0,4710.0,100.0,33516375680.0,100.0,18141175518.0
2018-07-04,ZCH08B9K,ST12000NM0007,12000138625024,0,82,174373600,90,0,100,8,100,0,87,461525362,94,5623,100,0,100,7,,,,,100.0,0.0,100.0,0.0,,,71.0,29.0,,,100.0,66.0,99.0,2940.0,29,29,100,0,100,0,200,0,100.0,4734.0,100.0,33607395032.0,100.0,18325301614.0
2018-07-05,ZCH08B9K,ST12000NM0007,12000138625024,0,76,44181392,90,0,100,8,100,0,87,465043738,94,5646,100,0,100,7,,,,,100.0,0.0,100.0,0.0,,,71.0,29.0,,,100.0,66.0,99.0,2941.0,29,29,100,0,100,0,200,0,100.0,4757.0,100.0,33732438272.0,100.0,18558347550.0
2018-07-06,ZCH08B9K,ST12000NM0007,12000138625024,0,73,19376776,90,0,100,8,100,0,87,467142754,94,5671,100,0,100,7,,,,,100.0,0.0,100.0,0.0,,,71.0,29.0,,,100.0,66.0,99.0,2942.0,29,29,100,0,100,0,200,0,100.0,4782.0,100.0,33811145392.0,100.0,18698976462.0
2018-07-07,ZCH08B9K,ST12000NM0007,12000138625024,0,74,27681744,90,0,100,8,100,0,87,469669862,94,5694,100,0,100,7,,,,,100.0,0.0,100.0,0.0,,,70.0,30.0,,,100.0,66.0,99.0,2943.0,30,30,100,0,100,0,200,0,100.0,4805.0,100.0,33911609032.0,100.0,18850958582.0
2018-07-08,ZCH08B9K,ST12000NM0007,12000138625024,0,77,53956424,90,0,100,8,100,0,87,472428120,94,5719,100,0,100,7,,,,,100.0,0.0,100.0,0.0,,,71.0,29.0,,,100.0,66.0,99.0,2944.0,29,29,100,0,100,0,200,0,100.0,4830.0,100.0,34022708120.0,100.0,19010274958.0
2018-07-09,ZCH08B9K,ST12000NM0007,12000138625024,0,83,221896248,90,0,100,8,100,0,87,474172088,94,5742,100,0,100,7,,,,,100.0,0.0,100.0,0.0,,,71.0,29.0,,,100.0,66.0,99.0,2945.0,29,29,100,0,100,0,200,0,100.0,4853.0,100.0,34097453216.0,100.0,19103469686.0
2018-07-10,ZCH08B9K,ST12000NM0007,12000138625024,0,83.0,212843360.0,90.0,0.0,100.0,8.0,100.0,0.0,87.0,476127727.0,94.0,5766.0,100.0,0.0,100.0,7.0,,,,,100.0,0.0,100.0,0.0,,,67.0,33.0,,,100.0,67.0,99.0,2946.0,33.0,33.0,100.0,0.0,100.0,0.0,200.0,0.0,100.0,4877.0,100.0,34169407712.0,100.0,19266603126.0
2018-07-11,ZCH08B9K,ST12000NM0007,12000138625024,0,82,142915096,90,0,100,8,100,0,87,477867206,94,5791,100,0,100,7,,,,,100.0,0.0,100.0,0.0,,,71.0,29.0,,,100.0,68.0,99.0,2947.0,29,29,100,0,100,0,200,0,100.0,4901.0,100.0,34247366904.0,100.0,19362856502.0
2018-07-12,ZCH08B9K,ST12000NM0007,12000138625024,0,82,176574248,90,0,100,8,100,0,87,480492922,94,5813,100,0,100,7,,,,,100.0,0.0,100.0,0.0,,,71.0,29.0,,,100.0,68.0,99.0,2948.0,29,29,100,0,100,0,200,0,100.0,4924.0,100.0,34328473728.0,100.0,19559549790.0
2018-07-13,ZCH08B9K,ST12000NM0007,12000138625024,0,84,226213072,90,0,100,8,100,0,87,482638429,94,5837,100,0,100,7,,,,,100.0,0.0,100.0,0.0,,,71.0,29.0,,,100.0,68.0,99.0,2949.0,29,29,100,0,100,0,200,0,100.0,4947.0,100.0,34404663336.0,100.0,19777139718.0
2018-07-14,ZCH08B9K,ST12000NM0007,12000138625024,0,73,20247136,90,0,100,8,100,0,87,485115703,94,5861,100,0,100,7,,,,,100.0,0.0,100.0,0.0,,,71.0,29.0,,,100.0,69.0,99.0,2950.0,29,29,100,0,100,0,200,0,100.0,4971.0,100.0,34506154744.0,100.0,19957963878.0
2018-07-15,ZCH08B9K,ST12000NM0007,12000138625024,0,79,83848304,90,0,100,8,100,0,87,488274011,94,5886,100,0,100,7,,,,,100.0,0.0,100.0,0.0,,,71.0,29.0,,,100.0,70.0,99.0,2951.0,29,29,100,0,100,0,200,0,100.0,4995.0,100.0,34608559648.0,100.0,20163301006.0
2018-07-16,ZCH08B9K,ST12000NM0007,12000138625024,0,80,111268568,90,0,100,8,100,0,87,490541911,94,5909,100,0,100,7,,,,,100.0,0.0,100.0,0.0,,,71.0,29.0,,,100.0,71.0,99.0,2952.0,29,29,100,0,100,0,200,0,100.0,5019.0,100.0,34698898744.0,100.0,20344523206.0
2018-07-17,ZCH08B9K,ST12000NM0007,12000138625024,0,80,93456008,90,0,100,8,100,0,87,492578344,94,5933,100,0,100,7,,,,,100.0,0.0,100.0,0.0,,,71.0,29.0,,,100.0,72.0,99.0,2953.0,29,29,100,0,100,0,200,0,100.0,5043.0,100.0,34781516744.0,100.0,20488233486.0
2018-07-18,ZCH08B9K,ST12000NM0007,12000138625024,0,80,105706984,90,0,100,8,100,0,87,494654250,94,5957,100,0,100,7,,,,,100.0,0.0,100.0,0.0,,,71.0,29.0,,,100.0,73.0,99.0,2954.0,29,29,100,0,100,0,200,0,100.0,5067.0,100.0,34871825240.0,100.0,20654316878.0
2018-07-19,ZCH08B9K,ST12000NM0007,12000138625024,0,82,161972064,90,0,100,8,100,0,87,497854283,94,5981,100,0,100,7,,,,,100.0,0.0,100.0,0.0,,,71.0,29.0,,,100.0,73.0,99.0,2955.0,29,29,100,0,100,0,200,0,100.0,5091.0,100.0,34989669416.0,100.0,20836878430.0
2018-07-20,ZCH08B9K,ST12000NM0007,12000138625024,0,79,85697976,90,0,100,8,100,0,87,499183745,94,5997,100,0,100,7,,,,,100.0,0.0,100.0,0.0,,,71.0,29.0,,,100.0,73.0,99.0,2955.0,29,29,100,0,100,0,200,0,100.0,5106.0,100.0,35046301704.0,100.0,20948112702.0
2018-07-21,ZCH08B9K,ST12000NM0007,12000138625024,0,83,219752152,90,0,100,8,100,0,87,502596674,94,6029,100,0,100,7,,,,,100.0,0.0,100.0,0.0,,,70.0,30.0,,,100.0,74.0,99.0,2957.0,30,30,100,0,100,0,200,0,100.0,5139.0,100.0,35181907472.0,100.0,21190701862.0
2018-07-22,ZCH08B9K,ST12000NM0007,12000138625024,0,84,243593200,90,0,100,8,100,0,87,505412533,94,6053,100,0,100,7,,,,,100.0,0.0,100.0,0.0,,,71.0,29.0,,,100.0,74.0,99.0,2958.0,29,29,100,0,100,0,200,0,100.0,5162.0,100.0,35277899912.0,100.0,21362692006.0
2018-07-23,ZCH08B9K,ST12000NM0007,12000138625024,0,84,243771880,90,0,100,8,100,0,87,507377307,94,6077,100,0,100,7,,,,,100.0,0.0,100.0,0.0,,,71.0,29.0,,,100.0,74.0,99.0,2959.0,29,29,100,0,100,0,200,0,100.0,5186.0,100.0,35362668072.0,100.0,21522243294.0
2018-07-24,ZCH08B9K,ST12000NM0007,12000138625024,0,72,17176848,90,0,100,8,100,0,87,509390995,94,6101,100,0,100,7,,,,,100.0,0.0,100.0,0.0,,,71.0,29.0,,,100.0,75.0,99.0,2960.0,29,29,100,0,100,0,200,0,100.0,5210.0,100.0,35441221928.0,100.0,21705375670.0
2018-07-25,ZCH08B9K,ST12000NM0007,12000138625024,0,77.0,53268392.0,90.0,0.0,100.0,8.0,100.0,0.0,87.0,511755717.0,94.0,6126.0,100.0,0.0,100.0,7.0,,,,,100.0,0.0,100.0,0.0,,,69.0,31.0,,,100.0,75.0,99.0,2961.0,31.0,31.0,100.0,0.0,100.0,0.0,200.0,0.0,100.0,5234.0,100.0,35539292760.0,100.0,21887537182.0
2018-07-26,ZCH08B9K,ST12000NM0007,12000138625024,0,79,77883424,90,0,100,8,100,0,87,513806489,93,6150,100,0,100,7,,,,,100.0,0.0,100.0,0.0,,,69.0,31.0,,,100.0,75.0,99.0,2962.0,31,31,100,0,100,0,200,0,100.0,5258.0,100.0,35613251408.0,100.0,22082334390.0
2018-07-27,ZCH08B9K,ST12000NM0007,12000138625024,0,80,111225424,90,0,100,8,100,0,87,516076838,93,6173,100,0,100,7,,,,,100.0,0.0,100.0,0.0,,,68.0,32.0,,,100.0,75.0,99.0,2963.0,32,32,100,0,100,0,200,0,100.0,5281.0,100.0,35713837944.0,100.0,22259230958.0
2018-07-28,ZCH08B9K,ST12000NM0007,12000138625024,0,83,210234416,90,0,100,8,100,0,87,519212871,93,6198,100,0,100,7,,,,,100.0,0.0,100.0,0.0,,,68.0,32.0,,,100.0,75.0,99.0,2964.0,32,32,100,0,100,0,200,0,100.0,5306.0,100.0,35835293128.0,100.0,22480925598.0
2018-07-29,ZCH08B9K,ST12000NM0007,12000138625024,0,79,70826952,90,0,100,8,100,0,87,522462054,93,6222,100,0,100,7,,,,,100.0,0.0,100.0,0.0,,,68.0,32.0,,,100.0,75.0,99.0,2965.0,32,32,100,0,100,0,200,0,100.0,5329.0,100.0,35977063224.0,100.0,22688029726.0
2018-07-30,ZCH08B9K,ST12000NM0007,12000138625024,0,80,97746160,90,0,100,8,100,0,87,524693596,93,6245,100,0,100,7,,,,,100.0,0.0,100.0,0.0,,,68.0,32.0,,,100.0,76.0,99.0,2966.0,32,32,100,0,100,0,200,0,100.0,5353.0,100.0,36079334952.0,100.0,22856818038.0
2018-07-31,ZCH08B9K,ST12000NM0007,12000138625024,0,82,173006872,90,0,100,8,100,0,87,527106112,93,6270,100,0,100,7,,,,,100.0,0.0,100.0,0.0,,,68.0,32.0,,,100.0,77.0,99.0,2967.0,32,32,100,0,100,0,200,0,100.0,5378.0,100.0,36177697792.0,100.0,23077856822.0
2018-08-01,ZCH08B9K,ST12000NM0007,12000138625024,0,68,6890352,90,0,100,8,100,0,87,529661756,93,6294,100,0,100,7,,,,,100.0,0.0,100.0,0.0,,,69.0,31.0,,,100.0,77.0,99.0,2968.0,31,31,100,0,100,0,200,0,100.0,5402.0,100.0,36297880296.0,100.0,23279839230.0
2018-08-02,ZCH08B9K,ST12000NM0007,12000138625024,0,82,167128296,90,0,100,8,100,0,87,533366827,93,6318,100,0,100,7,,,,,100.0,0.0,100.0,0.0,,,68.0,32.0,,,100.0,77.0,99.0,2969.0,32,32,100,0,100,0,200,0,100.0,5425.0,100.0,36441244360.0,100.0,23540853750.0
2018-08-03,ZCH08B9K,ST12000NM0007,12000138625024,0,83,200261008,90,0,100,8,100,0,87,535691690,93,6341,100,0,100,7,,,,,100.0,0.0,100.0,0.0,,,68.0,32.0,,,100.0,78.0,99.0,2970.0,32,32,100,0,100,0,200,0,100.0,5449.0,100.0,36545646304.0,100.0,23713725278.0
2018-08-04,ZCH08B9K,ST12000NM0007,12000138625024,0,70,10677576,90,0,100,8,100,0,87,538401002,93,6366,100,0,100,7,,,,,100.0,0.0,100.0,0.0,,,68.0,32.0,,,100.0,78.0,99.0,2971.0,32,32,100,0,100,0,200,0,100.0,5473.0,100.0,36645661640.0,100.0,23912407894.0
2018-08-05,ZCH08B9K,ST12000NM0007,12000138625024,0,80,106688992,90,0,100,8,100,0,87,541640007,93,6390,100,0,100,7,,,,,100.0,0.0,100.0,0.0,,,68.0,32.0,,,100.0,78.0,99.0,2972.0,32,32,100,0,100,0,200,0,100.0,5497.0,100.0,36763383152.0,100.0,24134838502.0
2018-08-06,ZCH08B9K,ST12000NM0007,12000138625024,0,83,186200728,90,0,100,8,100,0,87,544186093,93,6414,100,0,100,7,,,,,100.0,0.0,100.0,0.0,,,68.0,32.0,,,100.0,78.0,99.0,2973.0,32,32,100,0,100,0,200,0,100.0,5521.0,100.0,36881968336.0,100.0,24339905782.0
2018-08-07,ZCH08B9K,ST12000NM0007,12000138625024,0,83,216043168,90,0,100,8,100,0,87,546405301,93,6437,100,0,100,7,,,,,100.0,0.0,100.0,0.0,,,68.0,32.0,,,100.0,78.0,99.0,2974.0,32,32,100,0,100,0,200,0,100.0,5544.0,100.0,36976879016.0,100.0,24518981974.0
2018-08-08,ZCH08B9K,ST12000NM0007,12000138625024,0,83,199854072,90,0,100,8,100,0,87,548506448,93,6461,100,0,100,7,,,,,100.0,0.0,100.0,0.0,,,68.0,32.0,,,100.0,78.0,99.0,2975.0,32,32,100,0,100,0,200,0,100.0,5568.0,100.0,37069586872.0,100.0,24654225710.0
2018-08-09,ZCH08B9K,ST12000NM0007,12000138625024,0,83,213059728,90,0,100,8,100,0,87,550914671,93,6483,100,0,100,7,,,,,100.0,0.0,100.0,0.0,,,69.0,31.0,,,100.0,79.0,99.0,2978.0,31,31,100,0,100,0,200,0,100.0,5589.0,100.0,37160847064.0,100.0,24820311902.0
2018-08-10,ZCH08B9K,ST12000NM0007,12000138625024,0,84,238756928,90,0,100,8,100,0,87,553146691,93,6507,100,0,100,7,,,,,100.0,0.0,100.0,0.0,,,69.0,31.0,,,100.0,80.0,99.0,2979.0,31,31,100,0,100,0,200,0,100.0,5613.0,100.0,37245946376.0,100.0,25005050630.0
2018-08-11,ZCH08B9K,ST12000NM0007,12000138625024,0,75,29714456,90,0,100,8,100,0,87,555441145,93,6531,100,0,100,7,,,,,100.0,0.0,100.0,0.0,,,69.0,31.0,,,100.0,80.0,99.0,2980.0,31,31,100,0,100,0,200,0,100.0,5637.0,100.0,37348281824.0,100.0,25181954486.0
2018-08-12,ZCH08B9K,ST12000NM0007,12000138625024,0,80,97493184,90,0,100,8,100,0,87,559034124,93,6555,100,0,100,7,,,,,100.0,0.0,100.0,0.0,,,68.0,32.0,,,100.0,81.0,99.0,2981.0,32,32,100,0,100,0,200,0,100.0,5661.0,100.0,37481181384.0,100.0,25360974302.0
2018-08-13,ZCH08B9K,ST12000NM0007,12000138625024,0,82,176143192,90,0,100,8,100,0,87,561604216,93,6580,100,0,100,7,,,,,100.0,0.0,100.0,0.0,,,68.0,32.0,,,100.0,81.0,99.0,2982.0,32,32,100,0,100,0,200,0,100.0,5686.0,100.0,37576434568.0,100.0,25588511942.0
2018-08-14,ZCH08B9K,ST12000NM0007,12000138625024,0,83.0,220501016.0,90.0,0.0,100.0,8.0,100.0,0.0,88.0,563869636.0,93.0,6604.0,100.0,0.0,100.0,7.0,,,,,100.0,0.0,100.0,0.0,,,68.0,32.0,,,100.0,81.0,99.0,2983.0,32.0,32.0,100.0,0.0,100.0,0.0,200.0,0.0,100.0,5709.0,100.0,37668467616.0,100.0,25784977406.0
2018-08-15,ZCH08B9K,ST12000NM0007,12000138625024,0,74.0,26329320.0,90.0,0.0,100.0,8.0,100.0,0.0,88.0,566221889.0,93.0,6628.0,100.0,0.0,100.0,7.0,,,,,100.0,0.0,100.0,0.0,,,68.0,32.0,,,100.0,81.0,99.0,2985.0,32.0,32.0,100.0,0.0,100.0,0.0,200.0,0.0,100.0,5734.0,100.0,37759777160.0,100.0,25987777558.0
2018-08-16,ZCH08B9K,ST12000NM0007,12000138625024,0,81,123685936,90,0,100,8,100,0,88,569641844,93,6652,100,0,100,7,,,,,100.0,0.0,100.0,0.0,,,68.0,32.0,,,100.0,81.0,99.0,2986.0,32,32,100,0,100,0,200,0,100.0,5757.0,100.0,37894536544.0,100.0,26194515422.0
2018-08-17,ZCH08B9K,ST12000NM0007,12000138625024,0,81,141128816,90,0,100,8,100,0,88,571811518,93,6676,100,0,100,7,,,,,100.0,0.0,100.0,0.0,,,68.0,32.0,,,100.0,81.0,99.0,2987.0,32,32,100,0,100,0,200,0,100.0,5782.0,100.0,37997062768.0,100.0,26353572894.0
2018-08-18,ZCH08B9K,ST12000NM0007,12000138625024,0,82,169609840,90,0,100,8,100,0,88,573927293,93,6700,100,0,100,7,,,,,100.0,0.0,100.0,0.0,,,67.0,33.0,,,100.0,81.0,99.0,2988.0,33,33,100,0,100,0,200,0,100.0,5805.0,100.0,38082101784.0,100.0,26541155558.0
2018-08-19,ZCH08B9K,ST12000NM0007,12000138625024,0,83,219756144,90,0,100,8,100,0,88,577133690,93,6724,100,0,100,7,,,,,100.0,0.0,100.0,0.0,,,68.0,32.0,,,100.0,81.0,99.0,2989.0,32,32,100,0,100,0,200,0,100.0,5829.0,100.0,38192522296.0,100.0,26725022006.0
2018-08-20,ZCH08B9K,ST12000NM0007,12000138625024,0,72,15936864,90,0,100,8,100,0,88,579396564,93,6748,100,0,100,7,,,,,100.0,0.0,100.0,0.0,,,68.0,32.0,,,100.0,82.0,99.0,2990.0,32,32,100,0,100,0,200,0,100.0,5853.0,100.0,38272782296.0,100.0,26929224238.0
2018-08-21,ZCH08B9K,ST12000NM0007,12000138625024,0,75,34126920,90,0,100,8,100,0,88,581452922,93,6772,100,0,100,7,,,,,100.0,0.0,100.0,0.0,,,68.0,32.0,,,100.0,83.0,99.0,2991.0,32,32,100,0,100,0,200,0,100.0,5877.0,100.0,38362698848.0,100.0,27101638478.0
2018-08-22,ZCH08B9K,ST12000NM0007,12000138625024,0,79,74262200,90,0,100,8,100,0,88,583677953,93,6796,100,0,100,7,,,,,100.0,0.0,100.0,0.0,,,69.0,31.0,,,100.0,83.0,99.0,2992.0,31,31,100,0,100,0,200,0,100.0,5901.0,100.0,38463697832.0,100.0,27284915486.0
2018-08-23,ZCH08B9K,ST12000NM0007,12000138625024,0,82,169878928,90,0,100,8,100,0,88,587027944,93,6820,100,0,100,7,,,,,100.0,0.0,100.0,0.0,,,69.0,31.0,,,100.0,83.0,99.0,2993.0,31,31,100,0,100,0,200,0,100.0,5925.0,100.0,38577380928.0,100.0,27510989862.0
2018-08-24,ZCH08B9K,ST12000NM0007,12000138625024,0,82,142090280,90,0,100,8,100,0,88,588850587,93,6844,100,0,100,7,,,,,100.0,0.0,100.0,0.0,,,69.0,31.0,,,100.0,84.0,99.0,2994.0,31,31,100,0,100,0,200,0,100.0,5949.0,100.0,38665134848.0,100.0,27639587926.0
2018-08-25,ZCH08B9K,ST12000NM0007,12000138625024,0,82,168036840,90,0,100,8,100,0,88,591065142,93,6868,100,0,100,7,,,,,100.0,0.0,100.0,0.0,,,68.0,32.0,,,100.0,85.0,99.0,2995.0,32,32,100,0,100,0,200,0,100.0,5972.0,100.0,38769550432.0,100.0,27805259662.0
2018-08-26,ZCH08B9K,ST12000NM0007,12000138625024,0,75,34198672,90,0,100,8,100,0,88,594897784,93,6892,100,0,100,7,,,,,100.0,0.0,100.0,0.0,,,69.0,31.0,,,100.0,86.0,99.0,2996.0,31,31,100,0,100,0,200,0,100.0,5997.0,100.0,38917036208.0,100.0,28012217086.0
2018-08-27,ZCH08B9K,ST12000NM0007,12000138625024,0,76,42354128,90,0,100,8,100,0,88,597037613,93,6916,100,0,100,7,,,,,100.0,0.0,100.0,0.0,,,69.0,31.0,,,100.0,86.0,99.0,2997.0,31,31,100,0,100,0,200,0,100.0,6020.0,100.0,39017570504.0,100.0,28163979166.0
2018-08-28,ZCH08B9K,ST12000NM0007,12000138625024,0,80,105369952,90,0,100,8,100,0,88,599440520,93,6940,100,0,100,7,,,,,100.0,0.0,100.0,0.0,,,68.0,32.0,,,100.0,87.0,99.0,2998.0,32,32,100,0,100,0,200,0,100.0,6044.0,100.0,39120546248.0,100.0,28368159918.0
2018-08-29,ZCH08B9K,ST12000NM0007,12000138625024,0,82,158140960,90,0,100,8,100,0,88,601792736,93,6964,100,0,100,7,,,,,100.0,0.0,100.0,0.0,,,68.0,32.0,,,100.0,87.0,99.0,2999.0,32,32,100,0,100,0,200,0,100.0,6068.0,100.0,39240343360.0,100.0,28545274526.0
2018-08-30,ZCH08B9K,ST12000NM0007,12000138625024,0,81,115891904,90,0,100,8,100,0,88,605750207,93,6992,100,0,100,7,,,,,100.0,0.0,100.0,0.0,,,69.0,31.0,,,100.0,87.0,99.0,3000.0,31,31,100,0,100,0,200,0,100.0,6096.0,100.0,39389548592.0,100.0,28842101958.0
2018-08-31,ZCH08B9K,ST12000NM0007,12000138625024,0,82,147091368,90,0,100,8,100,0,88,607936789,92,7015,100,0,100,7,,,,,100.0,0.0,100.0,0.0,,,69.0,31.0,,,100.0,87.0,99.0,3001.0,31,31,100,0,100,0,200,0,100.0,6119.0,100.0,39473282336.0,100.0,29033708798.0
2018-09-01,ZCH08B9K,ST12000NM0007,12000138625024,0,83,217695984,90,0,100,8,100,0,88,610853003,92,7039,100,0,100,7,,,,,100.0,0.0,100.0,0.0,,,68.0,32.0,,,100.0,87.0,99.0,3002.0,32,32,100,0,100,0,200,0,100.0,6143.0,100.0,39589227112.0,100.0,29232509414.0
2018-09-02,ZCH08B9K,ST12000NM0007,12000138625024,0,72,14703472,90,0,100,8,100,0,88,613960116,92,7064,100,0,100,7,,,,,100.0,0.0,100.0,0.0,,,69.0,31.0,,,100.0,87.0,99.0,3003.0,31,31,100,0,100,0,200,0,100.0,6168.0,100.0,39699078856.0,100.0,29407946558.0
2018-09-03,ZCH08B9K,ST12000NM0007,12000138625024,0,78,58329232,90,0,100,8,100,0,88,616420872,92,7087,100,0,100,7,,,,,100.0,0.0,100.0,0.0,,,69.0,31.0,,,100.0,87.0,99.0,3004.0,31,31,100,0,100,0,200,0,100.0,6191.0,100.0,39793394344.0,100.0,29601397574.0
2018-09-04,ZCH08B9K,ST12000NM0007,12000138625024,0,80,91984088,90,0,100,8,100,0,88,618832788,92,7111,100,0,100,7,,,,,100.0,0.0,100.0,0.0,,,69.0,31.0,,,100.0,87.0,99.0,3005.0,31,31,100,0,100,0,200,0,100.0,6215.0,100.0,39890414520.0,100.0,29782172902.0
2018-09-05,ZCH08B9K,ST12000NM0007,12000138625024,0,80,91594888,90,0,100,8,100,0,88,621044842,92,7135,100,0,100,7,,,,,100.0,0.0,100.0,0.0,,,69.0,31.0,,,100.0,87.0,99.0,3006.0,31,31,100,0,100,0,200,0,100.0,6239.0,100.0,39977468160.0,100.0,29938870750.0
2018-09-06,ZCH08B9K,ST12000NM0007,12000138625024,0,81,139025720,90,0,100,8,100,0,88,623906334,92,7157,100,0,100,7,,,,,100.0,0.0,100.0,0.0,,,69.0,31.0,,,100.0,87.0,99.0,3007.0,31,31,100,0,100,0,200,0,100.0,6260.0,100.0,40074170904.0,100.0,30133739894.0
2018-09-07,ZCH08B9K,ST12000NM0007,12000138625024,0,81,139149040,90,0,100,8,100,0,88,625938360,92,7180,100,0,100,7,,,,,100.0,0.0,100.0,0.0,,,68.0,32.0,,,100.0,87.0,99.0,3008.0,32,32,100,0,100,0,200,0,100.0,6283.0,100.0,40151296216.0,100.0,30300878662.0
2018-09-08,ZCH08B9K,ST12000NM0007,12000138625024,0,84,226299216,90,0,100,8,100,0,88,628570762,92,7204,100,0,100,7,,,,,100.0,0.0,100.0,0.0,,,68.0,32.0,,,100.0,88.0,99.0,3009.0,32,32,100,0,100,0,200,0,100.0,6307.0,100.0,40254852568.0,100.0,30528613238.0
2018-09-09,ZCH08B9K,ST12000NM0007,12000138625024,0,78,67665920,90,0,100,8,100,0,88,632174349,92,7228,100,0,100,7,,,,,100.0,0.0,100.0,0.0,,,68.0,32.0,,,100.0,88.0,99.0,3010.0,32,32,100,0,100,0,200,0,100.0,6331.0,100.0,40391562368.0,100.0,30721551574.0
2018-09-10,ZCH08B9K,ST12000NM0007,12000138625024,0,80,108486688,90,0,100,8,100,0,88,634887317,92,7253,100,0,100,7,,,,,100.0,0.0,100.0,0.0,,,68.0,32.0,,,100.0,88.0,99.0,3011.0,32,32,100,0,100,0,200,0,100.0,6355.0,100.0,40491488344.0,100.0,30906587158.0
2018-09-11,ZCH08B9K,ST12000NM0007,12000138625024,0,82,160093256,90,0,100,8,100,0,88,637369980,92,7276,100,0,100,7,,,,,100.0,0.0,100.0,0.0,,,68.0,32.0,,,100.0,88.0,99.0,3012.0,32,32,100,0,100,0,200,0,100.0,6379.0,100.0,40579905072.0,100.0,31113917638.0
2018-09-12,ZCH08B9K,ST12000NM0007,12000138625024,0,74,27443088,90,0,100,8,100,0,88,639974048,92,7302,100,0,100,7,,,,,100.0,0.0,100.0,0.0,,,68.0,32.0,,,100.0,88.0,99.0,3022.0,32,32,100,0,100,0,200,0,100.0,6403.0,100.0,40669513032.0,100.0,31379940960.0
2018-09-13,ZCH08B9K,ST12000NM0007,12000138625024,0,74,25056216,90,0,100,8,100,0,88,642034098,92,7321,100,0,100,7,,,,,100.0,0.0,100.0,0.0,,,67.0,33.0,,,100.0,89.0,99.0,3023.0,33,33,100,0,100,0,200,0,100.0,6422.0,100.0,40759582512.0,100.0,31531625312.0
2018-09-14,ZCH08B9K,ST12000NM0007,12000138625024,0,75,34153648,90,0,100,8,100,0,88,644098379,92,7345,100,0,100,7,,,,,100.0,0.0,100.0,0.0,,,68.0,32.0,,,100.0,89.0,99.0,3024.0,32,32,100,0,100,0,200,0,100.0,6446.0,100.0,40846306904.0,100.0,31698139120.0
2018-09-15,ZCH08B9K,ST12000NM0007,12000138625024,0,78,66269840,90,0,100,8,100,0,88,646289827,92,7369,100,0,100,7,,,,,100.0,0.0,100.0,0.0,,,68.0,32.0,,,100.0,90.0,99.0,3025.0,32,32,100,0,100,0,200,0,100.0,6470.0,100.0,40938607400.0,100.0,31882095544.0
2018-09-16,ZCH08B9K,ST12000NM0007,12000138625024,0,82,160732176,90,0,100,8,100,0,88,649834706,92,7393,100,0,100,7,,,,,100.0,0.0,100.0,0.0,,,68.0,32.0,,,100.0,90.0,99.0,3026.0,32,32,100,0,100,0,200,0,100.0,6494.0,100.0,41073207440.0,100.0,32086098536.0
2018-09-17,ZCH08B9K,ST12000NM0007,12000138625024,0,83,194701016,90,0,100,8,100,0,88,652278176,92,7417,100,0,100,7,,,,,100.0,0.0,100.0,0.0,,,68.0,32.0,,,100.0,90.0,99.0,3027.0,32,32,100,0,100,0,200,0,100.0,6517.0,100.0,41179479600.0,100.0,32257935944.0
2018-09-18,ZCH08B9K,ST12000NM0007,12000138625024,0,83,196344888,90,0,100,8,100,0,88,654337458,92,7441,100,0,100,7,,,,,100.0,0.0,100.0,0.0,,,68.0,32.0,,,100.0,91.0,99.0,3028.0,32,32,100,0,100,0,200,0,100.0,6541.0,100.0,41268963952.0,100.0,32414236112.0
2018-09-19,ZCH08B9K,ST12000NM0007,12000138625024,0,84,227857896,90,0,100,8,100,0,88,656526198,92,7466,100,0,100,7,,,,,100.0,0.0,100.0,0.0,,,68.0,32.0,,,100.0,91.0,99.0,3029.0,32,32,100,0,100,0,200,0,100.0,6566.0,100.0,41367609608.0,100.0,32591244336.0
2018-09-20,ZCH08B9K,ST12000NM0007,12000138625024,0,79,75951584,90,0,100,8,100,0,88,659703604,92,7489,100,0,100,7,,,,,100.0,0.0,100.0,0.0,,,69.0,31.0,,,100.0,91.0,99.0,3030.0,31,31,100,0,100,0,200,0,100.0,6589.0,100.0,41498538040.0,100.0,32796691128.0
2018-09-21,ZCH08B9K,ST12000NM0007,12000138625024,0,79,88474304,90,0,100,8,100,0,88,661760145,92,7513,100,0,100,7,,,,,100.0,0.0,100.0,0.0,,,68.0,32.0,,,100.0,91.0,99.0,3031.0,32,32,100,0,100,0,200,0,100.0,6612.0,100.0,41594370128.0,100.0,32957522392.0
2018-09-22,ZCH08B9K,ST12000NM0007,12000138625024,0,81,122708312,90,0,100,8,100,0,88,664000786,92,7537,100,0,100,7,,,,,100.0,0.0,100.0,0.0,,,68.0,32.0,,,100.0,91.0,99.0,3032.0,32,32,100,0,100,0,200,0,100.0,6636.0,100.0,41695293888.0,100.0,33134973400.0
2018-09-23,ZCH08B9K,ST12000NM0007,12000138625024,0,73,18939784,90,0,100,8,100,0,88,667974290,92,7561,100,0,100,7,,,,,100.0,0.0,100.0,0.0,,,68.0,32.0,,,100.0,91.0,99.0,3033.0,32,32,100,0,100,0,200,0,100.0,6661.0,100.0,41845042328.0,100.0,33369737912.0
2018-09-24,ZCH08B9K,ST12000NM0007,12000138625024,0,79,79512744,90,0,100,8,100,0,88,670655796,92,7585,100,0,100,7,,,,,100.0,0.0,100.0,0.0,,,68.0,32.0,,,100.0,91.0,99.0,3034.0,32,32,100,0,100,0,200,0,100.0,6685.0,100.0,41959584896.0,100.0,33559909616.0
2018-09-25,ZCH08B9K,ST12000NM0007,12000138625024,0,81,117911352,90,0,100,8,100,0,88,673017105,92,7609,100,0,100,7,,,,,100.0,0.0,100.0,0.0,,,68.0,32.0,,,100.0,91.0,99.0,3035.0,32,32,100,0,100,0,200,0,100.0,6709.0,100.0,42050825576.0,100.0,33751208312.0
2018-09-26,ZCH08B9K,ST12000NM0007,12000138625024,0,81,125995800,90,0,100,8,100,0,88,675005274,92,7633,100,0,100,7,,,,,100.0,0.0,100.0,0.0,,,68.0,32.0,,,100.0,91.0,99.0,3036.0,32,32,100,0,100,0,200,0,100.0,6732.0,100.0,42135654480.0,100.0,33918604488.0
2018-09-27,ZCH08B9K,ST12000NM0007,12000138625024,0,83,192252512,90,0,100,8,100,0,88,678104402,92,7657,100,0,100,7,,,,,100.0,0.0,100.0,0.0,,,68.0,32.0,,,100.0,91.0,99.0,3037.0,32,32,100,0,100,0,200,0,100.0,6756.0,100.0,42255577976.0,100.0,34109078584.0
2018-09-28,ZCH08B9K,ST12000NM0007,12000138625024,0,83,193226152,90,0,100,8,100,0,88,680026032,92,7681,100,0,100,7,,,,,100.0,0.0,100.0,0.0,,,68.0,32.0,,,100.0,91.0,99.0,3038.0,32,32,100,0,100,0,200,0,100.0,6780.0,100.0,42337356688.0,100.0,34272414216.0
2018-09-29,ZCH08B9K,ST12000NM0007,12000138625024,0,84,241762408,90,0,100,8,100,0,88,682612555,92,7705,100,0,100,7,,,,,100.0,0.0,100.0,0.0,,,67.0,33.0,,,100.0,91.0,99.0,3039.0,33,33,100,0,100,0,200,0,100.0,6804.0,100.0,42424503680.0,100.0,34477944176.0
2018-09-30,ZCH08B9K,ST12000NM0007,12000138625024,0,79,85705288,90,0,100,8,100,0,88,686007077,92,7729,100,0,100,7,,,,,100.0,0.0,100.0,0.0,,,68.0,32.0,,,100.0,91.0,99.0,3040.0,32,32,100,0,100,0,200,0,100.0,6827.0,100.0,42527522216.0,100.0,34707149808.0
2018-10-01,ZCH08B9K,ST12000NM0007,12000138625024,0,81,126818808,90,0,100,8,100,0,88,688478221,92,7753,100,0,100,7,,,,,100.0,0.0,100.0,0.0,,,68.0,32.0,,,100.0,91.0,99.0,3041.0,32,32,100,0,100,0,200,0,100.0,6851.0,100.0,42619918640.0,100.0,34900007688.0
2018-10-02,ZCH08B9K,ST12000NM0007,12000138625024,0,83,189216776,90,0,100,8,100,0,88,691077924,92,7777,100,0,100,7,,,,,100.0,0.0,100.0,0.0,,,69.0,31.0,,,100.0,92.0,99.0,3042.0,31,31,100,0,100,0,200,0,100.0,6876.0,100.0,42722914912.0,100.0,35103550064.0
2018-10-03,ZCH08B9K,ST12000NM0007,12000138625024,0,83,219855128,90,0,100,8,100,0,88,693167509,92,7801,100,0,100,7,,,,,100.0,0.0,100.0,0.0,,,69.0,31.0,,,100.0,92.0,99.0,3043.0,31,31,100,0,100,0,200,0,100.0,6899.0,100.0,42803735544.0,100.0,35297508488.0
2018-10-04,ZCH08B9K,ST12000NM0007,12000138625024,0,70.0,10435504.0,90.0,0.0,100.0,8.0,100.0,0.0,88.0,696153387.0,92.0,7825.0,100.0,0.0,100.0,7.0,,,,,100.0,0.0,100.0,0.0,,,69.0,31.0,,,100.0,93.0,99.0,3044.0,31.0,31.0,100.0,0.0,100.0,0.0,200.0,0.0,100.0,6924.0,100.0,42924994432.0,100.0,35455111360.0
2018-10-05,ZCH08B9K,ST12000NM0007,12000138625024,0,83,207503304,90,0,100,8,100,0,88,698145629,92,7849,100,0,100,7,,,,,100.0,0.0,100.0,0.0,,,69.0,31.0,,,100.0,94.0,99.0,3045.0,31,31,100,0,100,0,200,0,100.0,6947.0,100.0,42996952320.0,100.0,35580221272.0
2018-10-06,ZCH08B9K,ST12000NM0007,12000138625024,0,84,231217336,90,0,100,8,100,0,88,700455740,92,7873,100,0,100,7,,,,,100.0,0.0,100.0,0.0,,,69.0,31.0,,,100.0,94.0,99.0,3046.0,31,31,100,0,100,0,200,0,100.0,6971.0,100.0,43096599336.0,100.0,35748429136.0
2018-10-07,ZCH08B9K,ST12000NM0007,12000138625024,0,80,93763968,90,0,100,8,100,0,88,703946231,91,7897,100,0,100,7,,,,,100.0,0.0,100.0,0.0,,,70.0,30.0,,,100.0,95.0,99.0,3047.0,30,30,100,0,100,0,200,0,100.0,6995.0,100.0,43230854680.0,100.0,35965001984.0
2018-10-08,ZCH08B9K,ST12000NM0007,12000138625024,0,78,69724904,90,0,100,8,100,0,88,705783666,91,7921,100,0,100,7,,,,,100.0,0.0,100.0,0.0,,,70.0,30.0,,,100.0,96.0,99.0,3048.0,30,30,100,0,100,0,200,0,100.0,7019.0,100.0,43315657080.0,100.0,36100301176.0
2018-10-09,ZCH08B9K,ST12000NM0007,12000138625024,0,81.0,121251728.0,90.0,0.0,100.0,8.0,100.0,0.0,89.0,708110691.0,91.0,7945.0,100.0,0.0,100.0,7.0,,,,,100.0,0.0,100.0,0.0,,,69.0,31.0,,,100.0,96.0,99.0,3049.0,31.0,31.0,100.0,0.0,100.0,0.0,200.0,0.0,100.0,7043.0,100.0,43413984104.0,100.0,36297641704.0
2018-10-10,ZCH08B9K,ST12000NM0007,12000138625024,0,82,162069712,90,0,100,8,100,0,89,710475467,91,7969,100,0,100,7,,,,,100.0,0.0,100.0,0.0,,,69.0,31.0,,,100.0,96.0,99.0,3050.0,31,31,100,0,100,0,200,0,100.0,7066.0,100.0,43496862384.0,100.0,36499722248.0
2018-10-11,ZCH08B9K,ST12000NM0007,12000138625024,0,69,8830192,90,0,100,8,100,0,89,713592317,91,7993,100,0,100,7,,,,,100.0,0.0,100.0,0.0,,,69.0,31.0,,,100.0,96.0,99.0,3051.0,31,31,100,0,100,0,200,0,100.0,7091.0,100.0,43598759296.0,100.0,36732867192.0
2018-10-12,ZCH08B9K,ST12000NM0007,12000138625024,0,84,234625376,90,0,100,8,100,0,89,715630480,91,8017,100,0,100,7,,,,,100.0,0.0,100.0,0.0,,,69.0,31.0,,,100.0,97.0,99.0,3052.0,31,31,100,0,100,0,200,0,100.0,7114.0,100.0,43682629656.0,100.0,36874792016.0
2018-10-13,ZCH08B9K,ST12000NM0007,12000138625024,0,72,17632984,90,0,100,8,100,0,89,717956971,91,8041,100,0,100,7,,,,,100.0,0.0,100.0,0.0,,,69.0,31.0,,,100.0,97.0,99.0,3053.0,31,31,100,0,100,0,200,0,100.0,7139.0,100.0,43765875392.0,100.0,37062835328.0
2018-10-14,ZCH08B9K,ST12000NM0007,12000138625024,0,78,59220480,90,0,100,8,100,0,89,721197899,91,8065,100,0,100,7,,,,,100.0,0.0,100.0,0.0,,,68.0,32.0,,,100.0,98.0,99.0,3054.0,32,32,100,0,100,0,200,0,100.0,7163.0,100.0,43886321472.0,100.0,37228117448.0
2018-10-15,ZCH08B9K,ST12000NM0007,12000138625024,0,79,86866128,90,0,100,8,100,0,89,723766716,91,8090,100,0,100,7,,,,,100.0,0.0,100.0,0.0,,,69.0,31.0,,,100.0,98.0,99.0,3055.0,31,31,100,0,100,0,200,0,100.0,7187.0,100.0,43986906048.0,100.0,37399320448.0
2018-10-16,ZCH08B9K,ST12000NM0007,12000138625024,0,78,69619216,90,0,100,8,100,0,89,725956685,91,8113,100,0,100,7,,,,,100.0,0.0,100.0,0.0,,,69.0,31.0,,,100.0,98.0,99.0,3056.0,31,31,100,0,100,0,200,0,100.0,7211.0,100.0,44085208752.0,100.0,37527911592.0
2018-10-17,ZCH08B9K,ST12000NM0007,12000138625024,0,79,76279960,90,0,100,8,100,0,89,728116805,91,8137,100,0,100,7,,,,,100.0,0.0,100.0,0.0,,,69.0,31.0,,,100.0,99.0,99.0,3057.0,31,31,100,0,100,0,200,0,100.0,7234.0,100.0,44173582616.0,100.0,37690339216.0
2018-10-18,ZCH08B9K,ST12000NM0007,12000138625024,0,84,238215016,90,0,100,8,100,0,89,731946596,91,8166,100,0,100,7,,,,,100.0,0.0,100.0,0.0,,,69.0,31.0,,,100.0,99.0,99.0,3058.0,31,31,100,0,100,0,200,0,100.0,7264.0,100.0,44335598184.0,100.0,37934399448.0
2018-10-19,ZCH08B9K,ST12000NM0007,12000138625024,0,83,219630416,90,0,100,8,100,0,89,733855095,91,8190,100,0,100,7,,,,,100.0,0.0,100.0,0.0,,,71.0,29.0,,,100.0,99.0,99.0,3059.0,29,29,100,0,100,0,200,0,100.0,7287.0,100.0,44410454016.0,100.0,38085099744.0
2018-10-20,ZCH08B9K,ST12000NM0007,12000138625024,0,76,38573920,90,0,100,8,100,0,89,736941864,91,8214,100,0,100,7,,,,,100.0,0.0,100.0,0.0,,,70.0,30.0,,,100.0,99.0,99.0,3060.0,30,30,100,0,100,0,200,0,100.0,7312.0,100.0,44509337096.0,100.0,38293442456.0
2018-10-21,ZCH08B9K,ST12000NM0007,12000138625024,0,78,60399056,90,0,100,8,100,0,89,739503802,91,8238,100,0,100,7,,,,,100.0,0.0,100.0,0.0,,,71.0,29.0,,,100.0,100.0,99.0,3061.0,29,29,100,0,100,0,200,0,100.0,7335.0,100.0,44596751840.0,100.0,38471993584.0
2018-10-22,ZCH08B9K,ST12000NM0007,12000138625024,0,77,50359568,90,0,100,8,100,0,89,741435372,91,8262,100,0,100,7,,,,,100.0,0.0,100.0,0.0,,,71.0,29.0,,,100.0,100.0,99.0,3062.0,29,29,100,0,100,0,200,0,100.0,7359.0,100.0,44677722712.0,100.0,38625124072.0
2018-10-23,ZCH08B9K,ST12000NM0007,12000138625024,0,78,58970768,90,0,100,8,100,0,89,743310292,91,8286,100,0,100,7,,,,,100.0,0.0,100.0,0.0,,,71.0,29.0,,,100.0,101.0,99.0,3063.0,29,29,100,0,100,0,200,0,100.0,7383.0,100.0,44751170640.0,100.0,38804428440.0
2018-10-24,ZCH08B9K,ST12000NM0007,12000138625024,0,78,60705928,90,0,100,8,100,0,89,745066246,91,8310,100,0,100,7,,,,,100.0,0.0,100.0,0.0,,,71.0,29.0,,,100,102,99.0,3064.0,29,29,100,0,100,0,200,0,100.0,7407.0,100.0,44829955040.0,100.0,38971519872.0
2018-10-25,ZCH08B9K,ST12000NM0007,12000138625024,0,82,146449864,90,0,100,8,100,0,89,747957356,91,8331,100,0,100,7,,,,,100.0,0.0,100.0,0.0,,,71.0,29.0,,,100.0,102.0,99.0,3065.0,29,29,100,0,100,0,200,0,100.0,7427.0,100.0,44939568864.0,100.0,39191790624.0
2018-10-26,ZCH08B9K,ST12000NM0007,12000138625024,0,81,120715256,90,0,100,8,100,0,89,749756569,91,8354,100,0,100,7,,,,,100.0,0.0,100.0,0.0,,,70.0,30.0,,,100.0,102.0,99.0,3066.0,30,30,100,0,100,0,200,0,100.0,7451.0,100.0,45008162040.0,100.0,39341603472.0
2018-10-27,ZCH08B9K,ST12000NM0007,12000138625024,0,82,168804568,90,0,100,8,100,0,89,752375420,91,8379,100,0,100,7,,,,,100.0,0.0,100.0,0.0,,,71.0,29.0,,,100.0,103.0,99.0,3067.0,29,29,100,0,100,0,200,0,100.0,7475.0,100.0,45102769992.0,100.0,39539225496.0
2018-10-28,ZCH08B9K,ST12000NM0007,12000138625024,0,83,221286920,90,0,100,8,100,0,89,755669758,91,8402,100,0,100,7,,,,,100.0,0.0,100.0,0.0,,,70.0,30.0,,,100.0,103.0,99.0,3068.0,30,30,100,0,100,0,200,0,100.0,7498.0,100.0,45228681992.0,100.0,39709936704.0
2018-10-29,ZCH08B9K,ST12000NM0007,12000138625024,0,76,43966768,90,0,100,8,100,0,89,758254348,91,8426,100,0,100,7,,,,,100.0,0.0,100.0,0.0,,,70.0,30.0,,,100.0,103.0,99.0,3069.0,30,30,100,0,100,0,200,0,100.0,7522.0,100.0,45329261584.0,100.0,39920318488.0
2018-10-30,ZCH08B9K,ST12000NM0007,12000138625024,0,80,97259152,90,0,100,8,100,0,89,760492729,91,8451,100,0,100,7,,,,,100.0,0.0,100.0,0.0,,,70.0,30.0,,,100.0,104.0,99.0,3071.0,30,30,100,0,100,0,200,0,100.0,7547.0,100.0,45431714552.0,100.0,40115298672.0
2018-10-31,ZCH08B9K,ST12000NM0007,12000138625024,0,81,132706128,90.0,0.0,100.0,8.0,100.0,0.0,89.0,762495722.0,91,8474,100.0,0.0,100,7,,,,,100.0,0.0,100.0,0.0,,,71.0,29.0,,,100.0,104.0,99.0,3072.0,29,29,100.0,0.0,100.0,0.0,200.0,0.0,100.0,7570.0,100.0,45517151744.0,100.0,40309449336.0
2018-11-01,ZCH08B9K,ST12000NM0007,12000138625024,0,76,43887736,90.0,0.0,100.0,8.0,100.0,0.0,89.0,766047951.0,91,8503,100.0,0.0,100,7,,,,,100.0,0.0,100.0,0.0,,,70.0,30.0,,,100.0,104.0,99.0,3073.0,30,30,100.0,0.0,100.0,0.0,200.0,0.0,100.0,7598.0,100.0,45653708768.0,100.0,40572355256.0
2018-11-02,ZCH08B9K,ST12000NM0007,12000138625024,0,81,115540456,90.0,0.0,100.0,8.0,100.0,0.0,89.0,768713530.0,91,8527,100.0,0.0,100,7,,,,,100.0,0.0,100.0,0.0,,,71.0,29.0,,,100.0,104.0,99.0,3074.0,29,29,100.0,0.0,100.0,0.0,200.0,0.0,100.0,7623.0,100.0,45746035304.0,100.0,40795822176.0
2018-11-03,ZCH08B9K,ST12000NM0007,12000138625024,0,83,188377496,90.0,0.0,100.0,8.0,100.0,0.0,89.0,771825143.0,91,8551,100.0,0.0,100,7,,,,,100.0,0.0,100.0,0.0,,,70.0,30.0,,,100.0,105.0,99.0,3075.0,30,30,100.0,0.0,100.0,0.0,200.0,0.0,100.0,7647.0,100.0,45863645512.0,100.0,40995189928.0
2018-11-04,ZCH08B9K,ST12000NM0007,12000138625024,0,83,180685456,90.0,0.0,100.0,8.0,100.0,0.0,89.0,774002241.0,91,8576,100.0,0.0,100,7,,,,,100.0,0.0,100.0,0.0,,,71.0,29.0,,,100.0,106.0,99.0,3076.0,29,29,100.0,0.0,100.0,0.0,200.0,0.0,100.0,7671.0,100.0,45933936976.0,100.0,41161347080.0
2018-11-05,ZCH08B9K,ST12000NM0007,12000138625024,0,83,213009376,90.0,0.0,100.0,8.0,100.0,0.0,89.0,776127994.0,91,8599,100.0,0.0,100,7,,,,,100.0,0.0,100.0,0.0,,,70.0,30.0,,,100.0,107.0,99.0,3077.0,30,30,100.0,0.0,100.0,0.0,200.0,0.0,100.0,7694.0,100.0,46038841488.0,100.0,41332907224.0
2018-11-06,ZCH08B9K,ST12000NM0007,12000138625024,0,67.0,5162016.0,90.0,0.0,100.0,8.0,100.0,0.0,89.0,778196086.0,91.0,8623.0,100.0,0.0,100.0,7.0,,,,,100.0,0.0,100.0,0.0,,,71.0,29.0,,,100.0,107.0,99.0,3078.0,29.0,29.0,100.0,0.0,100.0,0.0,200.0,0.0,100.0,7719.0,100.0,46135539912.0,100.0,41516642752.0
2018-11-07,ZCH08B9K,ST12000NM0007,12000138625024,0,71.0,12037744.0,90.0,0.0,100.0,8.0,100.0,0.0,89.0,779887006.0,91.0,8647.0,100.0,0.0,100.0,7.0,,,,,100.0,0.0,100.0,0.0,,,71.0,29.0,,,100.0,108.0,99.0,3079.0,29.0,29.0,100.0,0.0,100.0,0.0,200.0,0.0,100.0,7742.0,100.0,46229282408.0,100.0,41673916704.0
2018-11-08,ZCH08B9K,ST12000NM0007,12000138625024,0,81.0,123958096.0,90.0,0.0,100.0,8.0,100.0,0.0,89.0,783183852.0,91.0,8671.0,100.0,0.0,100.0,7.0,,,,,100.0,0.0,100.0,0.0,,,70.0,30.0,,,100.0,109.0,99.0,3080.0,30.0,30.0,100.0,0.0,100.0,0.0,200.0,0.0,100.0,7766.0,100.0,46339625584.0,100.0,41919634512.0
2018-11-09,ZCH08B9K,ST12000NM0007,12000138625024,0,81,118510760,90.0,0.0,100.0,8.0,100.0,0.0,89.0,785128645.0,91,8695,100.0,0.0,100,7,,,,,100.0,0.0,100.0,0.0,,,70.0,30.0,,,100.0,109.0,99.0,3081.0,30,30,100.0,0.0,100.0,0.0,200.0,0.0,100.0,7789.0,100.0,46419450776.0,100.0,42078502704.0
2018-11-10,ZCH08B9K,ST12000NM0007,12000138625024,0,82,150212472,90.0,0.0,100.0,8.0,100.0,0.0,89.0,787683077.0,91,8717,100.0,0.0,100,7,,,,,100.0,0.0,100.0,0.0,,,70.0,30.0,,,100.0,110.0,99.0,3082.0,30,30,100.0,0.0,100.0,0.0,200.0,0.0,100.0,7812.0,100.0,46507862896.0,100.0,42265933184.0
2018-11-11,ZCH08B9K,ST12000NM0007,12000138625024,0,71,12582512,90.0,0.0,100.0,8.0,100.0,0.0,89.0,791040289.0,91,8742,100.0,0.0,100,7,,,,,100.0,0.0,100.0,0.0,,,71.0,29.0,,,100.0,111.0,99.0,3083.0,29,29,100.0,0.0,100.0,0.0,200.0,0.0,100.0,7837.0,100.0,46623171592.0,100.0,42501276008.0
2018-11-12,ZCH08B9K,ST12000NM0007,12000138625024,0,77,44746032,90.0,0.0,100.0,8.0,100.0,0.0,89.0,793331593.0,90,8766,100.0,0.0,100,7,,,,,100.0,0.0,100.0,0.0,,,71.0,29.0,,,100.0,111.0,99.0,3084.0,29,29,100.0,0.0,100.0,0.0,200.0,0.0,100.0,7861.0,100.0,46700376448.0,100.0,42700375432.0
2018-11-13,ZCH08B9K,ST12000NM0007,12000138625024,0,78,58396144,90.0,0.0,100.0,8.0,100.0,0.0,89.0,795547753.0,90,8789,100.0,0.0,100,7,,,,,100.0,0.0,100.0,0.0,,,71.0,29.0,,,100.0,111.0,99.0,3085.0,29,29,100.0,0.0,100.0,0.0,200.0,0.0,100.0,7884.0,100.0,46790598904.0,100.0,42867943952.0
2018-11-14,ZCH08B9K,ST12000NM0007,12000138625024,0,79,85775624,90.0,0.0,100.0,8.0,100.0,0.0,89.0,797666874.0,90,8814,100.0,0.0,100,7,,,,,100.0,0.0,100.0,0.0,,,71.0,29.0,,,100.0,111.0,99.0,3086.0,29,29,100.0,0.0,100.0,0.0,200.0,0.0,100.0,7908.0,100.0,46871304632.0,100.0,43058758832.0
2018-11-15,ZCH08B9K,ST12000NM0007,12000138625024,0,83,212264096,90.0,0.0,100.0,8.0,100.0,0.0,89.0,800954936.0,90,8839,100.0,0.0,100,7,,,,,100.0,0.0,100.0,0.0,,,70.0,30.0,,,100.0,112.0,99.0,3087.0,30,30,100.0,0.0,100.0,0.0,200.0,0.0,100.0,7933.0,100.0,46966805464.0,100.0,43333888760.0
2018-11-16,ZCH08B9K,ST12000NM0007,12000138625024,0,83,220277424,90.0,0.0,100.0,8.0,100.0,0.0,89.0,802901785.0,90,8863,100.0,0.0,100,7,,,,,100.0,0.0,100.0,0.0,,,70.0,30.0,,,100.0,113.0,99.0,3088.0,30,30,100.0,0.0,100.0,0.0,200.0,0.0,100.0,7956.0,100.0,47043150032.0,100.0,43509698400.0
2018-11-17,ZCH08B9K,ST12000NM0007,12000138625024,0,68.0,6588672.0,90.0,0.0,100.0,8.0,100.0,0.0,89.0,805391934.0,90.0,8885.0,100.0,0.0,100.0,7.0,,,,,100.0,0.0,100.0,0.0,,,70.0,30.0,,,100.0,113.0,99.0,3089.0,30.0,30.0,100.0,0.0,100.0,0.0,200.0,0.0,100.0,7979.0,100.0,47137765760.0,100.0,43689675576.0
2018-11-18,ZCH08B9K,ST12000NM0007,12000138625024,0,78,69919984,90.0,0.0,100.0,8.0,100.0,0.0,89.0,808088794.0,90,8910,100.0,0.0,100,7,,,,,100.0,0.0,100.0,0.0,,,70.0,30.0,,,100.0,113.0,99.0,3090.0,30,30,100.0,0.0,100.0,0.0,200.0,0.0,100.0,8003.0,100.0,47244397816.0,100.0,43890515712.0
2018-11-19,ZCH08B9K,ST12000NM0007,12000138625024,0,78,66826264,90.0,0.0,100.0,8.0,100.0,0.0,89.0,810054365.0,90,8935,100.0,0.0,100,7,,,,,100.0,0.0,100.0,0.0,,,70.0,30.0,,,100.0,113.0,99.0,3091.0,30,30,100.0,0.0,100.0,0.0,200.0,0.0,100.0,8028.0,100.0,47323357688.0,100.0,44052602848.0
2018-11-20,ZCH08B9K,ST12000NM0007,12000138625024,0,79,71370104,90.0,0.0,100.0,8.0,100.0,0.0,89.0,811995058.0,90,8958,100.0,0.0,100,7,,,,,100.0,0.0,100.0,0.0,,,70.0,30.0,,,100.0,113.0,99.0,3092.0,30,30,100.0,0.0,100.0,0.0,200.0,0.0,100.0,8051.0,100.0,47407203344.0,100.0,44217441976.0
2018-11-21,ZCH08B9K,ST12000NM0007,12000138625024,0,79,88648088,90.0,0.0,100.0,8.0,100.0,0.0,89.0,814205660.0,90,8982,100.0,0.0,100,7,,,,,100.0,0.0,100.0,0.0,,,70.0,30.0,,,100.0,114.0,99.0,3093.0,30,30,100.0,0.0,100.0,0.0,200.0,0.0,100.0,8075.0,100.0,47487572000.0,100.0,44398492136.0
2018-11-22,ZCH08B9K,ST12000NM0007,12000138625024,0,83,183482248,90.0,0.0,100.0,8.0,100.0,0.0,89.0,817138382.0,90,9007,100.0,0.0,100,7,,,,,100.0,0.0,100.0,0.0,,,70.0,30.0,,,100.0,114.0,99.0,3094.0,30,30,100.0,0.0,100.0,0.0,200.0,0.0,100.0,8099.0,100.0,47590222024.0,100.0,44634816968.0
2018-11-23,ZCH08B9K,ST12000NM0007,12000138625024,0,82,173121800,90.0,0.0,100.0,8.0,100.0,0.0,89.0,819047477.0,90,9030,100.0,0.0,100,7,,,,,100.0,0.0,100.0,0.0,,,70.0,30.0,,,100.0,114.0,99.0,3095.0,30,30,100.0,0.0,100.0,0.0,200.0,0.0,100.0,8122.0,100.0,47655834584.0,100.0,44802984624.0
2018-11-24,ZCH08B9K,ST12000NM0007,12000138625024,0,83,209194352,90.0,0.0,100.0,8.0,100.0,0.0,89.0,821427817.0,90,9053,100.0,0.0,100,7,,,,,100.0,0.0,100.0,0.0,,,70.0,30.0,,,100.0,114.0,99.0,3096.0,30,30,100.0,0.0,100.0,0.0,200.0,0.0,100.0,8146.0,100.0,47741310816.0,100.0,44997721736.0
2018-11-25,ZCH08B9K,ST12000NM0007,12000138625024,0,76,43751200,90.0,0.0,100.0,8.0,100.0,0.0,89.0,824165050.0,90,9078,100.0,0.0,100,7,,,,,100.0,0.0,100.0,0.0,,,70.0,30.0,,,100.0,115.0,99.0,3097.0,30,30,100.0,0.0,100.0,0.0,200.0,0.0,100.0,8170.0,100.0,47844091496.0,100.0,45217779744.0
2018-11-26,ZCH08B9K,ST12000NM0007,12000138625024,0,79,73070456,90.0,0.0,100.0,8.0,100.0,0.0,89.0,826226296.0,90,9102,100.0,0.0,100,7,,,,,100.0,0.0,100.0,0.0,,,70.0,30.0,,,100.0,115.0,99.0,3098.0,30,30,100.0,0.0,100.0,0.0,200.0,0.0,100.0,8194.0,100.0,47933772888.0,100.0,45401558384.0
2018-11-27,ZCH08B9K,ST12000NM0007,12000138625024,0,78,69456440,90.0,0.0,100.0,8.0,100.0,0.0,89.0,828307065.0,90,9127,100.0,0.0,100,7,,,,,100.0,0.0,100.0,0.0,,,70.0,30.0,,,100.0,115.0,99.0,3099.0,30,30,100.0,0.0,100.0,0.0,200.0,0.0,100.0,8219.0,100.0,48018397952.0,100.0,45557459960.0
2018-11-28,ZCH08B9K,ST12000NM0007,12000138625024,0,79,74950128,90.0,0.0,100.0,8.0,100.0,0.0,89.0,830349329.0,90,9150,100.0,0.0,100,7,,,,,100.0,0.0,100.0,0.0,,,70.0,30.0,,,100.0,115.0,99.0,3100.0,30,30,100.0,0.0,100.0,0.0,200.0,0.0,100.0,8242.0,100.0,48106956640.0,100.0,45718536096.0
2018-11-29,ZCH08B9K,ST12000NM0007,12000138625024,0,82,158003568,90.0,0.0,100.0,8.0,100.0,0.0,89.0,833473309.0,90,9174,100.0,0.0,100,7,,,,,100.0,0.0,100.0,0.0,,,70.0,30.0,,,100.0,115.0,99.0,3100.0,30,30,100.0,0.0,100.0,0.0,200.0,0.0,100.0,8266.0,100.0,48210990376.0,100.0,45941696432.0
2018-11-30,ZCH08B9K,ST12000NM0007,12000138625024,0,82,149787136,90.0,0.0,100.0,8.0,100.0,0.0,89.0,835362661.0,90,9198,100.0,0.0,100,7,,,,,100.0,0.0,100.0,0.0,,,70.0,30.0,,,100.0,116.0,99.0,3102.0,30,30,100.0,0.0,100.0,0.0,200.0,0.0,100.0,8289.0,100.0,48274811304.0,100.0,46113799992.0
2018-12-01,ZCH08B9K,ST12000NM0007,12000138625024,0,83,180742880,90.0,0.0,100.0,8.0,100.0,0.0,89.0,837800839.0,90,9222,100.0,0.0,100,7,,,,,100.0,0.0,100.0,0.0,,,70.0,30.0,,,100.0,116.0,99.0,3102.0,30,30,100.0,0.0,100.0,0.0,200.0,0.0,100.0,8313.0,100.0,48365530416.0,100.0,46298177480.0
2018-12-02,ZCH08B9K,ST12000NM0007,12000138625024,0,100,1664416,90.0,0.0,100.0,8.0,100.0,0.0,89.0,840875090.0,90,9247,100.0,0.0,100,7,,,,,100.0,0.0,100.0,0.0,,,70.0,30.0,,,100.0,117.0,99.0,3104.0,30,30,100.0,0.0,100.0,0.0,200.0,0.0,100.0,8338.0,100.0,48477022400.0,100.0,46495888680.0
2018-12-03,ZCH08B9K,ST12000NM0007,12000138625024,0,76,39625632,90.0,0.0,100.0,8.0,100.0,0.0,89.0,843609828.0,90,9270,100.0,0.0,100,7,,,,,100.0,0.0,100.0,0.0,,,70.0,30.0,,,100.0,117.0,99.0,3105.0,30,30,100.0,0.0,100.0,0.0,200.0,0.0,100.0,8362.0,100.0,48554446328.0,100.0,46700566640.0
2018-12-04,ZCH08B9K,ST12000NM0007,12000138625024,0,77,49039872,90.0,0.0,100.0,8.0,100.0,0.0,89.0,845597170.0,90,9294,100.0,0.0,100,7,,,,,100.0,0.0,100.0,0.0,,,71.0,29.0,,,100.0,117.0,99.0,3106.0,29,29,100.0,0.0,100.0,0.0,200.0,0.0,100.0,8385.0,100.0,48624186184.0,100.0,46884381656.0
2018-12-05,ZCH08B9K,ST12000NM0007,12000138625024,0,77.0,52807704.0,90.0,0.0,100.0,8.0,100.0,0.0,89.0,847546288.0,90.0,9318.0,100.0,0.0,100.0,7.0,,,,,100.0,0.0,100.0,0.0,,,70.0,30.0,,,100.0,117.0,99.0,3107.0,30.0,30.0,100.0,0.0,100.0,0.0,200.0,0.0,100.0,8409.0,100.0,48700910104.0,100.0,47055566368.0
2018-12-06,ZCH08B9K,ST12000NM0007,12000138625024,0,82,157328312,90.0,0.0,100.0,8.0,100.0,0.0,89.0,850954941.0,90,9343,100.0,0.0,100,7,,,,,100.0,0.0,100.0,0.0,,,70.0,30.0,,,100.0,118.0,99.0,3108.0,30,30,100.0,0.0,100.0,0.0,200.0,0.0,100.0,8434.0,100.0,48810409656.0,100.0,47294728056.0
2018-12-07,ZCH08B9K,ST12000NM0007,12000138625024,0,81,133428760,90.0,0.0,100.0,8.0,100.0,0.0,89.0,852908205.0,90,9366,100.0,0.0,100,7,,,,,100.0,0.0,100.0,0.0,,,70.0,30.0,,,100.0,118.0,99.0,3109.0,30,30,100.0,0.0,100.0,0.0,200.0,0.0,100.0,8457.0,100.0,48888843496.0,100.0,47436535392.0
2018-12-08,ZCH08B9K,ST12000NM0007,12000138625024,0,82,165576552,90.0,0.0,100.0,8.0,100.0,0.0,89.0,855635254.0,90,9390,100.0,0.0,100,7,,,,,100.0,0.0,100.0,0.0,,,70.0,30.0,,,100.0,118.0,99.0,3110.0,30,30,100.0,0.0,100.0,0.0,200.0,0.0,100.0,8481.0,100.0,48980278472.0,100.0,47621388864.0
2018-12-09,ZCH08B9K,ST12000NM0007,12000138625024,0,84,225494904,90.0,0.0,100.0,8.0,100.0,0.0,89.0,858989355.0,90,9415,100.0,0.0,100,7,,,,,100.0,0.0,100.0,0.0,,,70.0,30.0,,,100.0,118.0,99.0,3111.0,30,30,100.0,0.0,100.0,0.0,200.0,0.0,100.0,8506.0,100.0,49083664096.0,100.0,47822062752.0
2018-12-10,ZCH08B9K,ST12000NM0007,12000138625024,0,74,23230992,90.0,0.0,100.0,8.0,100.0,0.0,89.0,861856701.0,90,9439,100.0,0.0,100,7,,,,,100.0,0.0,100.0,0.0,,,70.0,30.0,,,100.0,119.0,99.0,3112.0,30,30,100.0,0.0,100.0,0.0,200.0,0.0,100.0,8530.0,100.0,49156885744.0,100.0,48034858968.0
2018-12-11,ZCH08B9K,ST12000NM0007,12000138625024,0,79,86239832,90.0,0.0,100.0,8.0,100.0,0.0,89.0,864430686.0,90,9463,100.0,0.0,100,7,,,,,100.0,0.0,100.0,0.0,,,69.0,31.0,,,100.0,120.0,99.0,3113.0,31,31,100.0,0.0,100.0,0.0,200.0,0.0,100.0,8554.0,100.0,49248478712.0,100.0,48250415656.0
2018-12-12,ZCH08B9K,ST12000NM0007,12000138625024,0,78,63443184,90.0,0.0,100.0,8.0,100.0,0.0,89.0,866550020.0,90,9487,100.0,0.0,100,7,,,,,100.0,0.0,100.0,0.0,,,70.0,30.0,,,100.0,120.0,99.0,3114.0,30,30,100.0,0.0,100.0,0.0,200.0,0.0,100.0,8577.0,100.0,49316947896.0,100.0,48403290816.0
2018-12-13,ZCH08B9K,ST12000NM0007,12000138625024,0,81,128204800,90.0,0.0,100.0,8.0,100.0,0.0,89.0,869799288.0,90,9511,100.0,0.0,100,7,,,,,100.0,0.0,100.0,0.0,,,70.0,30.0,,,100.0,121.0,99.0,3115.0,30,30,100.0,0.0,100.0,0.0,200.0,0.0,100.0,8601.0,100.0,49408578480.0,100.0,48620562488.0
2018-12-14,ZCH08B9K,ST12000NM0007,12000138625024,0,77,51692264,90.0,0.0,100.0,8.0,100.0,0.0,89.0,871603556.0,90,9534,100.0,0.0,100,7,,,,,100.0,0.0,100.0,0.0,,,70.0,30.0,,,100.0,122.0,99.0,3116.0,30,30,100.0,0.0,100.0,0.0,200.0,0.0,100.0,8624.0,100.0,49467915656.0,100.0,48728853488.0
2018-12-15,ZCH08B9K,ST12000NM0007,12000138625024,0,83,214189864,90.0,0.0,100.0,8.0,100.0,0.0,89.0,874050229.0,90,9559,100.0,0.0,100,7,,,,,100.0,0.0,100.0,0.0,,,69.0,31.0,,,100.0,123.0,99.0,3117.0,31,31,100.0,0.0,100.0,0.0,200.0,0.0,100.0,8648.0,100.0,49549540312.0,100.0,48809726432.0
2018-12-16,ZCH08B9K,ST12000NM0007,12000138625024,0,74,22578976,90.0,0.0,100.0,8.0,100.0,0.0,89.0,877120421.0,90,9583,100.0,0.0,100,7,,,,,100.0,0.0,100.0,0.0,,,69.0,31.0,,,100.0,124.0,99.0,3118.0,31,31,100.0,0.0,100.0,0.0,200.0,0.0,100.0,8673.0,100.0,49626307640.0,100.0,49029629704.0
2018-12-17,ZCH08B9K,ST12000NM0007,12000138625024,0,75,32470832,90.0,0.0,100.0,8.0,100.0,0.0,89.0,879629554.0,90,9607,100.0,0.0,100,7,,,,,100.0,0.0,100.0,0.0,,,69.0,31.0,,,100.0,124.0,99.0,3119.0,31,31,100.0,0.0,100.0,0.0,200.0,0.0,100.0,8696.0,100.0,49703655168.0,100.0,49206314808.0
2018-12-18,ZCH08B9K,ST12000NM0007,12000138625024,0,84,237670120,90.0,0.0,100.0,8.0,100.0,0.0,89.0,881952146.0,90,9631,100.0,0.0,100,7,,,,,100.0,0.0,100.0,0.0,,,70.0,30.0,,,100.0,125.0,99.0,3120.0,30,30,100.0,0.0,100.0,0.0,200.0,0.0,100.0,8720.0,100.0,49782430408.0,100.0,49332738856.0
2018-12-19,ZCH08B9K,ST12000NM0007,12000138625024,0,83,188030192,90.0,0.0,100.0,8.0,100.0,0.0,89.0,883940768.0,89,9655,100.0,0.0,100,7,,,,,100.0,0.0,100.0,0.0,,,70.0,30.0,,,100.0,125.0,99.0,3121.0,30,30,100.0,0.0,100.0,0.0,200.0,0.0,100.0,8744.0,100.0,49857777824.0,100.0,49451892168.0
2018-12-20,ZCH08B9K,ST12000NM0007,12000138625024,0,78,62646952,90.0,0.0,100.0,8.0,100.0,0.0,89.0,887495505.0,89,9679,100.0,0.0,100,7,,,,,100.0,0.0,100.0,0.0,,,70.0,30.0,,,100.0,125.0,99.0,3122.0,30,30,100.0,0.0,100.0,0.0,200.0,0.0,100.0,8768.0,100.0,49969496096.0,100.0,49703072216.0
2018-12-21,ZCH08B9K,ST12000NM0007,12000138625024,0,79,81067584,90.0,0.0,100.0,8.0,100.0,0.0,89.0,889922709.0,89,9703,100.0,0.0,100,7,,,,,100.0,0.0,100.0,0.0,,,69.0,31.0,,,100.0,125.0,99.0,3123.0,31,31,100.0,0.0,100.0,0.0,200.0,0.0,100.0,8791.0,100.0,50065224216.0,100.0,49869905592.0
2018-12-22,ZCH08B9K,ST12000NM0007,12000138625024,0,80,103925632,90.0,0.0,100.0,8.0,100.0,0.0,90.0,892739407.0,89,9727,100.0,0.0,100,7,,,,,100.0,0.0,100.0,0.0,,,69.0,31.0,,,100.0,125.0,99.0,3124.0,31,31,100.0,0.0,100.0,0.0,200.0,0.0,100.0,8815.0,100.0,50153618584.0,100.0,50048509952.0
2018-12-23,ZCH08B9K,ST12000NM0007,12000138625024,0,81,132150528,90.0,0.0,100.0,8.0,100.0,0.0,90.0,895735911.0,89,9750,100.0,0.0,100,7,,,,,100.0,0.0,100.0,0.0,,,69.0,31.0,,,100.0,125.0,99.0,3125.0,31,31,100.0,0.0,100.0,0.0,200.0,0.0,100.0,8838.0,100.0,50249803800.0,100.0,50224690488.0
2018-12-24,ZCH08B9K,ST12000NM0007,12000138625024,0,81,136158264,90.0,0.0,100.0,8.0,100.0,0.0,90.0,898483068.0,89,9774,100.0,0.0,100,7,,,,,100.0,0.0,100.0,0.0,,,69.0,31.0,,,100.0,126.0,99.0,3126.0,31,31,100.0,0.0,100.0,0.0,200.0,0.0,100.0,8862.0,100.0,50321972632.0,100.0,50400670184.0
2018-12-25,ZCH08B9K,ST12000NM0007,12000138625024,0,81,126271040,90.0,0.0,100.0,8.0,100.0,0.0,90.0,900764457.0,89,9799,100.0,0.0,100,7,,,,,100.0,0.0,100.0,0.0,,,69.0,31.0,,,100.0,127.0,99.0,3127.0,31,31,100.0,0.0,100.0,0.0,200.0,0.0,100.0,8886.0,100.0,50401923456.0,100.0,50554973056.0
2018-12-26,ZCH08B9K,ST12000NM0007,12000138625024,0,80,111777048,90.0,0.0,100.0,8.0,100.0,0.0,90.0,902754014.0,89,9823,100.0,0.0,100,7,,,,,100.0,0.0,100.0,0.0,,,70.0,30.0,,,100.0,127.0,99.0,3128.0,30,30,100.0,0.0,100.0,0.0,200.0,0.0,100.0,8911.0,100.0,50454789064.0,100.0,50731754112.0
2018-12-27,ZCH08B9K,ST12000NM0007,12000138625024,0,82,166435096,90.0,0.0,100.0,8.0,100.0,0.0,90.0,905842655.0,89,9847,100.0,0.0,100,7,,,,,100.0,0.0,100.0,0.0,,,70.0,30.0,,,100.0,128.0,99.0,3129.0,30,30,100.0,0.0,100.0,0.0,200.0,0.0,100.0,8934.0,100.0,50565063072.0,100.0,50920278848.0
2018-12-28,ZCH08B9K,ST12000NM0007,12000138625024,0,82,161842624,90.0,0.0,100.0,8.0,100.0,0.0,90.0,907653863.0,89,9871,100.0,0.0,100,7,,,,,100.0,0.0,100.0,0.0,,,69.0,31.0,,,100.0,129.0,99.0,3130.0,31,31,100.0,0.0,100.0,0.0,200.0,0.0,100.0,8958.0,100.0,50646355976.0,100.0,51078534320.0
2018-12-29,ZCH08B9K,ST12000NM0007,12000138625024,0,82,162854224,90.0,0.0,100.0,8.0,100.0,0.0,90.0,910053432.0,89,9895,100.0,0.0,100,7,,,,,100.0,0.0,100.0,0.0,,,69.0,31.0,,,100.0,129.0,99.0,3131.0,31,31,100.0,0.0,100.0,0.0,200.0,0.0,100.0,8982.0,100.0,50722578264.0,100.0,51247464392.0
2018-12-30,ZCH08B9K,ST12000NM0007,12000138625024,0,83,197800464,90.0,0.0,100.0,8.0,100.0,0.0,90.0,912659154.0,89,9918,100.0,0.0,100,7,,,,,100.0,0.0,100.0,0.0,,,69.0,31.0,,,100.0,129.0,99.0,3132.0,31,31,100.0,0.0,100.0,0.0,200.0,0.0,100.0,9005.0,100.0,50799243296.0,100.0,51449886296.0
2018-12-31,ZCH08B9K,ST12000NM0007,12000138625024,0,84,233896008,90.0,0.0,100.0,8.0,100.0,0.0,90.0,915371470.0,89,9943,100.0,0.0,100,7,,,,,100.0,0.0,100.0,0.0,,,69.0,31.0,,,100.0,129.0,99.0,3133.0,31,31,100.0,0.0,100.0,0.0,200.0,0.0,100.0,9030.0,100.0,50876282920.0,100.0,51653082848.0
