2018-01-01,ZCH06MPF,ST12000NM0007,12000138625024,0,83,209342872,96,0,100,3,100,0,82,174274627,99,1723,100,0,100,3,,,,,100.0,0.0,100.0,0.0,,,69.0,31.0,,,100.0,7.0,100.0,1125.0,31,31,100,0,100,0,200,0,100.0,1300.0,100.0,15700368080.0,100.0,14294210192.0
2018-01-02,ZCH06MPF,ST12000NM0007,12000138625024,0,83,220914984,96,0,100,3,100,0,82,175975019,99,1735,100,0,100,3,,,,,100.0,0.0,100.0,0.0,,,69.0,31.0,,,100.0,7.0,100.0,1125.0,31,31,100,0,100,0,200,0,100.0,1312.0,100.0,15806003592.0,100.0,14444287632.0
2018-01-03,ZCH06MPF,ST12000NM0007,12000138625024,0,83,192340536,96,0,100,3,100,0,83,179484308,98,1771,100,0,100,3,,,,,100.0,0.0,100.0,0.0,,,70.0,30.0,,,100.0,8.0,100.0,1127.0,30,30,100,0,100,0,200,0,100.0,1347.0,100.0,15929374592.0,100.0,14780623880.0
2018-01-04,ZCH06MPF,ST12000NM0007,12000138625024,0,80,90776504,96,0,100,3,100,0,83,181894562,98,1787,100,0,100,3,,,,,100.0,0.0,100.0,0.0,,,69.0,31.0,,,100.0,8.0,100.0,1127.0,31,31,100,0,100,0,200,0,100.0,1363.0,100.0,16108960968.0,100.0,14987755136.0
2018-01-05,ZCH06MPF,ST12000NM0007,12000138625024,0,83.0,209904224.0,96.0,0.0,100.0,3.0,100.0,0.0,83.0,185603555.0,98.0,1811.0,100.0,0.0,100.0,3.0,,,,,100.0,0.0,100.0,0.0,,,70.0,30.0,,,100.0,8.0,100.0,1128.0,30.0,30.0,100.0,0.0,100.0,0.0,200.0,0.0,100.0,1387.0,100.0,16379751208.0,100.0,15324374184.0
2018-01-06,ZCH06MPF,ST12000NM0007,12000138625024,0,78,66160680,96,0,100,3,100,0,83,189400092,98,1835,100,0,100,3,,,,,100.0,0.0,100.0,0.0,,,72.0,28.0,,,100.0,9.0,100.0,1129.0,28,28,100,0,100,0,200,0,100.0,1411.0,100.0,16667854296.0,100.0,15624950168.0
2018-01-07,ZCH06MPF,ST12000NM0007,12000138625024,0,82,168749968,96,0,100,3,100,0,83,193136010,98,1860,100,0,100,3,,,,,100.0,0.0,100.0,0.0,,,71.0,29.0,,,100.0,10.0,100.0,1130.0,29,29,100,0,100,0,200,0,100.0,1436.0,100.0,16950107264.0,100.0,15933567928.0
2018-01-08,ZCH06MPF,ST12000NM0007,12000138625024,0,77,55763496,96,0,100,3,100,0,83,196960564,98,1884,100,0,100,3,,,,,100.0,0.0,100.0,0.0,,,71.0,29.0,,,100.0,10.0,100.0,1131.0,29,29,100,0,100,0,200,0,100.0,1460.0,100.0,17265414896.0,100.0,16237695912.0
2018-01-09,ZCH06MPF,ST12000NM0007,12000138625024,0,80,103403608,96,0,100,3,100,0,83,200422014,98,1906,100,0,100,3,,,,,100.0,0.0,100.0,0.0,,,70.0,30.0,,,100.0,10.0,100.0,1132.0,30,30,100,0,100,0,200,0,100.0,1482.0,100.0,17525901584.0,100.0,16513131152.0
2018-01-10,ZCH06MPF,ST12000NM0007,12000138625024,0,80,92034352,96,0,100,3,100,0,83,204973981,98,1935,100,0,100,3,,,,,100.0,0.0,100.0,0.0,,,69.0,31.0,,,100.0,10.0,100.0,1133.0,31,31,100,0,100,0,200,0,100.0,1511.0,100.0,17873631904.0,100.0,16886453608.0
2018-01-11,ZCH06MPF,ST12000NM0007,12000138625024,0,76,43605424,96,0,100,3,100,0,83,209503684,98,1964,100,0,100,3,,,,,100.0,0.0,100.0,0.0,,,71.0,29.0,,,100.0,10.0,100.0,1135.0,29,29,100,0,100,0,200,0,100.0,1540.0,100.0,18183960032.0,100.0,17260118864.0
2018-01-12,ZCH06MPF,ST12000NM0007,12000138625024,0,84,230288792,96,0,100,3,100,0,83,213430942,98,1988,100,0,100,3,,,,,100.0,0.0,100.0,0.0,,,71.0,29.0,,,100.0,10.0,100.0,1136.0,29,29,100,0,100,0,200,0,100.0,1564.0,100.0,18505515096.0,100.0,17613528592.0
2018-01-13,ZCH06MPF,ST12000NM0007,12000138625024,0,82.0,167590296.0,96.0,0.0,100.0,3.0,100,0,83.0,217502470.0,98,2013,100.0,0.0,100,3,,,,,100.0,0.0,100.0,0.0,,,71.0,29.0,,,100.0,10.0,100.0,1137.0,29.0,29.0,100.0,0.0,100.0,0.0,200,0,100.0,1588.0,100.0,18832942280.0,100.0,17955825352.0
2018-01-14,ZCH06MPF,ST12000NM0007,12000138625024,0,78.0,56299864.0,96.0,0.0,100.0,3.0,100,0,83.0,221368452.0,98,2037,100.0,0.0,100,3,,,,,100.0,0.0,100.0,0.0,,,70.0,30.0,,,100.0,10.0,100.0,1138.0,30.0,30.0,100.0,0.0,100.0,0.0,200,0,100.0,1612.0,100.0,19146399896.0,100.0,18263499656.0
2018-01-15,ZCH06MPF,ST12000NM0007,12000138625024,0,83.0,219611744.0,96.0,0.0,100.0,3.0,100,0,84.0,225239561.0,98,2061,100.0,0.0,100,3,,,,,100.0,0.0,100.0,0.0,,,70.0,30.0,,,100.0,11.0,100.0,1139.0,30.0,30.0,100.0,0.0,100.0,0.0,200,0,100.0,1637.0,100.0,19467752256.0,100.0,18593741000.0
2018-01-16,ZCH06MPF,ST12000NM0007,12000138625024,0,82.0,146926024.0,96.0,0.0,100.0,3.0,100,0,84.0,229245963.0,98,2085,100.0,0.0,100,3,,,,,100.0,0.0,100.0,0.0,,,70.0,30.0,,,100.0,11.0,100.0,1140.0,30.0,30.0,100.0,0.0,100.0,0.0,200,0,100.0,1660.0,100.0,19787105072.0,100.0,18934125168.0
2018-01-17,ZCH06MPF,ST12000NM0007,12000138625024,0,76.0,43780160.0,96.0,0.0,100.0,3.0,100,0,84.0,233119858.0,98,2109,100.0,0.0,100,3,,,,,100.0,0.0,100.0,0.0,,,71.0,29.0,,,100.0,11.0,100.0,1141.0,29.0,29.0,100.0,0.0,100.0,0.0,200,0,100.0,1684.0,100.0,20107283136.0,100.0,19243223720.0
2018-01-18,ZCH06MPF,ST12000NM0007,12000138625024,0,82.0,164250008.0,96.0,0.0,100.0,3.0,100.0,0.0,84.0,235403242.0,98.0,2123.0,100.0,0.0,100.0,3.0,,,,,100.0,0.0,100.0,0.0,,,71.0,29.0,,,100.0,11.0,100.0,1141.0,29.0,29.0,100.0,0.0,100.0,0.0,200.0,0.0,100.0,1698.0,100.0,20288953400.0,100.0,19426164216.0
2018-01-19,ZCH06MPF,ST12000NM0007,12000138625024,0,79.0,75343816.0,96.0,0.0,100.0,3.0,100.0,0.0,84.0,239338447.0,98.0,2147.0,100.0,0.0,100.0,3.0,,,,,100.0,0.0,100.0,0.0,,,65.0,35.0,,,100.0,11.0,100.0,1142.0,35.0,35.0,100.0,0.0,100.0,0.0,200.0,0.0,100.0,1722.0,100.0,20593350216.0,100.0,19765283256.0
2018-01-20,ZCH06MPF,ST12000NM0007,12000138625024,0,83.0,183625344.0,96.0,0.0,100.0,3.0,100,0,84.0,243187618.0,98,2172,100.0,0.0,100,3,,,,,100.0,0.0,100.0,0.0,,,71.0,29.0,,,100.0,11.0,100.0,1143.0,29.0,29.0,100.0,0.0,100.0,0.0,200,0,100.0,1747.0,100.0,20886140928.0,100.0,20069055472.0
2018-01-21,ZCH06MPF,ST12000NM0007,12000138625024,0,79.0,80894144.0,96.0,0.0,100.0,3.0,100,0,84.0,247046002.0,98,2196,100.0,0.0,100,3,,,,,100.0,0.0,100.0,0.0,,,72.0,28.0,,,100.0,11.0,100.0,1144.0,28.0,28.0,100.0,0.0,100.0,0.0,200,0,100.0,1771.0,100.0,21181774600.0,100.0,20403112728.0
2018-01-22,ZCH06MPF,ST12000NM0007,12000138625024,0,83.0,203687312.0,96.0,0.0,100.0,3.0,100,0,84.0,250889035.0,98,2220,100.0,0.0,100,3,,,,,100.0,0.0,100.0,0.0,,,71.0,29.0,,,100.0,11.0,100.0,1145.0,29.0,29.0,100.0,0.0,100.0,0.0,200,0,100.0,1795.0,100.0,21494108616.0,100.0,20701853360.0
2018-01-23,ZCH06MPF,ST12000NM0007,12000138625024,0,81.0,123195696.0,96.0,0.0,100.0,3.0,100,0,84.0,254872672.0,98,2245,100.0,0.0,100,3,,,,,100.0,0.0,100.0,0.0,,,71.0,29.0,,,100.0,11.0,100.0,1146.0,29.0,29.0,100.0,0.0,100.0,0.0,200,0,100.0,1819.0,100.0,21814488104.0,100.0,21033404688.0
2018-01-24,ZCH06MPF,ST12000NM0007,12000138625024,0,82.0,151273288.0,96.0,0.0,100.0,3.0,100,0,84.0,259817849.0,98,2275,100.0,0.0,100,3,,,,,100.0,0.0,100.0,0.0,,,70.0,30.0,,,100.0,11.0,100.0,1148.0,30.0,30.0,100.0,0.0,100.0,0.0,200,0,100.0,1849.0,100.0,22193175800.0,100.0,21415216872.0
2018-01-25,ZCH06MPF,ST12000NM0007,12000138625024,0,83.0,209330264.0,96.0,0.0,100.0,3.0,100,0,84.0,261846336.0,98,2288,100.0,0.0,100,3,,,,,100.0,0.0,100.0,0.0,,,71.0,29.0,,,100.0,11.0,100.0,1148.0,29.0,29.0,100.0,0.0,100.0,0.0,200,0,100.0,1863.0,100.0,22341779032.0,100.0,21568811480.0
2018-01-26,ZCH06MPF,ST12000NM0007,12000138625024,0,82.0,151251528.0,96.0,0.0,100.0,3.0,100,0,84.0,266151577.0,98,2316,100.0,0.0,100,3,,,,,100.0,0.0,100.0,0.0,,,71.0,29.0,,,100.0,11.0,100.0,1149.0,29.0,29.0,100.0,0.0,100.0,0.0,200,0,100.0,1890.0,100.0,22663179176.0,100.0,21921755024.0
2018-01-27,ZCH06MPF,ST12000NM0007,12000138625024,0,67.0,4612920.0,96.0,0.0,100.0,3.0,100,0,84.0,269936365.0,98,2340,100.0,0.0,100,3,,,,,100.0,0.0,100.0,0.0,,,72.0,28.0,,,100.0,11.0,100.0,1150.0,28.0,28.0,100.0,0.0,100.0,0.0,200,0,100.0,1914.0,100.0,22942556728.0,100.0,22228161440.0
2018-01-28,ZCH06MPF,ST12000NM0007,12000138625024,0,84.0,242016528.0,96.0,0.0,100.0,3.0,100,0,84.0,273514139.0,98,2364,100.0,0.0,100,3,,,,,100.0,0.0,100.0,0.0,,,71.0,29.0,,,100.0,11.0,100.0,1151.0,29.0,29.0,100.0,0.0,100.0,0.0,200,0,100.0,1938.0,100.0,23167597760.0,100.0,22484664784.0
2018-01-29,ZCH06MPF,ST12000NM0007,12000138625024,0,83.0,180249256.0,96.0,0.0,100.0,3.0,100,0,84.0,276946944.0,98,2389,100.0,0.0,100,3,,,,,100.0,0.0,100.0,0.0,,,71.0,29.0,,,100.0,11.0,100.0,1152.0,29.0,29.0,100.0,0.0,100.0,0.0,200,0,100.0,1962.0,100.0,23356764728.0,100.0,22722012008.0
2018-01-30,ZCH06MPF,ST12000NM0007,12000138625024,0,78.0,59670368.0,96.0,0.0,100.0,3.0,100,0,84.0,281619291.0,98,2420,100.0,0.0,100,3,,,,,100.0,0.0,100.0,0.0,,,71.0,29.0,,,100.0,11.0,100.0,1154.0,29.0,29.0,100.0,0.0,100.0,0.0,200,0,100.0,1994.0,100.0,23641449984.0,100.0,23049170464.0
2018-01-31,ZCH06MPF,ST12000NM0007,12000138625024,0,78.0,69210248.0,96.0,0.0,100.0,3.0,100.0,0.0,85.0,285422245.0,98.0,2446.0,100.0,0.0,100.0,3.0,,,,,100.0,0.0,100.0,0.0,,,70.0,30.0,,,100.0,11.0,100.0,1155.0,30.0,30.0,100.0,0.0,100.0,0.0,200.0,0.0,100.0,2019.0,100.0,23871516712.0,100.0,23316925208.0
2018-02-01,ZCH06MPF,ST12000NM0007,12000138625024,0,75.0,33414304.0,96.0,0.0,100.0,3.0,100,0,85.0,288931119.0,98,2469,100.0,0.0,100,3,,,,,100.0,0.0,100.0,0.0,,,71.0,29.0,,,100.0,11.0,100.0,1156.0,29.0,29.0,100.0,0.0,100.0,0.0,200,0,100.0,2043.0,100.0,24078463000.0,100.0,23562464312.0
2018-02-02,ZCH06MPF,ST12000NM0007,12000138625024,0,84.0,233007832.0,96.0,0.0,100.0,3.0,100,0,85.0,292271165.0,98,2492,100.0,0.0,100,3,,,,,100.0,0.0,100.0,0.0,,,71.0,29.0,,,100.0,11.0,100.0,1157.0,29.0,29.0,100.0,0.0,100.0,0.0,200,0,100.0,2066.0,100.0,24275397312.0,100.0,23809264160.0
2018-02-03,ZCH06MPF,ST12000NM0007,12000138625024,0,75.0,33544480.0,96.0,0.0,100.0,3.0,100,0,85.0,296172534.0,98,2516,100.0,0.0,100,3,,,,,100.0,0.0,100.0,0.0,,,71.0,29.0,,,100.0,11.0,100.0,1158.0,29.0,29.0,100.0,0.0,100.0,0.0,200,0,100.0,2090.0,100.0,24540333008.0,100.0,24077287248.0
2018-02-04,ZCH06MPF,ST12000NM0007,12000138625024,0,82.0,154952576.0,96.0,0.0,100.0,3.0,100,0,85.0,299108130.0,98,2537,100.0,0.0,100,3,,,,,100.0,0.0,100.0,0.0,,,71.0,29.0,,,100.0,11.0,100.0,1159.0,29.0,29.0,100.0,0.0,100.0,0.0,200,0,100.0,2110.0,100.0,24709280784.0,100.0,24273888336.0
2018-02-05,ZCH06MPF,ST12000NM0007,12000138625024,0,82.0,171386768.0,96.0,0.0,100.0,3.0,100,0,85.0,302941147.0,98,2561,100.0,0.0,100,3,,,,,100.0,0.0,100.0,0.0,,,69.0,31.0,,,100.0,11.0,100.0,1160.0,31.0,31.0,100.0,0.0,100.0,0.0,200,0,100.0,2134.0,100.0,24946793544.0,100.0,24541091248.0
2018-02-06,ZCH06MPF,ST12000NM0007,12000138625024,0,83.0,208377800.0,96.0,0.0,100.0,3.0,100,0,85.0,306879047.0,98,2586,100.0,0.0,100,3,,,,,100.0,0.0,100.0,0.0,,,69.0,31.0,,,100.0,11.0,100.0,1161.0,31.0,31.0,100.0,0.0,100.0,0.0,200,0,100.0,2159.0,100.0,25192433192.0,100.0,24820724080.0
2018-02-07,ZCH06MPF,ST12000NM0007,12000138625024,0,83.0,190027656.0,96.0,0.0,100.0,3.0,100,0,85.0,310519976.0,98,2608,100.0,0.0,100,3,,,,,100.0,0.0,100.0,0.0,,,70.0,30.0,,,100.0,11.0,100.0,1162.0,30.0,30.0,100.0,0.0,100.0,0.0,200,0,100.0,2181.0,100.0,25411445112.0,100.0,25071643848.0
2018-02-08,ZCH06MPF,ST12000NM0007,12000138625024,0,83.0,192038720.0,96.0,0.0,100.0,3.0,100,0,85.0,314658337.0,97,2634,100.0,0.0,100,3,,,,,100.0,0.0,100.0,0.0,,,70.0,30.0,,,100.0,11.0,100.0,1163.0,30.0,30.0,100.0,0.0,100.0,0.0,200,0,100.0,2207.0,100.0,25643817232.0,100.0,25329564408.0
2018-02-09,ZCH06MPF,ST12000NM0007,12000138625024,0,82,172647840,96,0,100,3,100,0,85,318437100,97,2658,100,0,100,3,,,,,100.0,0.0,100.0,0.0,,,69.0,31.0,,,100.0,11.0,100.0,1164.0,31,31,100,0,100,0,200,0,100.0,2231.0,100.0,25862409416.0,100.0,25579863064.0
2018-02-10,ZCH06MPF,ST12000NM0007,12000138625024,0,81.0,135725816.0,96.0,0.0,100.0,3.0,100.0,0.0,85.0,322178787.0,97.0,2683.0,100.0,0.0,100.0,3.0,,,,,100.0,0.0,100.0,0.0,,,72.0,28.0,,,100.0,11.0,100.0,1165.0,28.0,28.0,100.0,0.0,100.0,0.0,200.0,0.0,100.0,2256.0,100.0,26061600488.0,100.0,25832031560.0
2018-02-11,ZCH06MPF,ST12000NM0007,12000138625024,0,69,7944024,96,0,100,3,100,0,85,325452302,97,2707,100,0,100,3,,,,,100.0,0.0,100.0,0.0,,,72.0,28.0,,,100.0,11.0,100.0,1166.0,28,28,100,0,100,0,200,0,100.0,2279.0,100.0,26230174656.0,100.0,26023956992.0
2018-02-12,ZCH06MPF,ST12000NM0007,12000138625024,0,83,185072616,96,0,100,3,100,0,85,328875098,97,2730,100,0,100,3,,,,,100.0,0.0,100.0,0.0,,,71.0,29.0,,,100.0,11.0,100.0,1167.0,29,29,100,0,100,0,200,0,100.0,2302.0,100.0,26426421472.0,100.0,26248979432.0
2018-02-13,ZCH06MPF,ST12000NM0007,12000138625024,0,82,166699544,96,0,100,3,100,0,85,332626199,97,2754,100,0,100,3,,,,,100.0,0.0,100.0,0.0,,,71.0,29.0,,,100.0,11.0,100.0,1168.0,29,29,100,0,100,0,200,0,100.0,2326.0,100.0,26641544208.0,100.0,26503765112.0
2018-02-14,ZCH06MPF,ST12000NM0007,12000138625024,0,80,92500176,96,0,100,3,100,0,85,335868739,97,2778,100,0,100,3,,,,,100.0,0.0,100.0,0.0,,,71.0,29.0,,,100.0,11.0,100.0,1169.0,29,29,100,0,100,0,200,0,100.0,2350.0,100.0,26827888144.0,100.0,26731503392.0
2018-02-15,ZCH06MPF,ST12000NM0007,12000138625024,0,73,21052464,96,0,100,3,100,0,85,339344814,97,2802,100,0,100,3,,,,,100.0,0.0,100.0,0.0,,,72.0,28.0,,,100.0,11.0,100.0,1170.0,28,28,100,0,100,0,200,0,100.0,2374.0,100.0,27016602800.0,100.0,26959622608.0
2018-02-16,ZCH06MPF,ST12000NM0007,12000138625024,0,84,243001640,96,0,100,3,100,0,85,343186028,97,2827,100,0,100,3,,,,,100.0,0.0,100.0,0.0,,,73.0,27.0,,,100.0,11.0,100.0,1171.0,27,27,100,0,100,0,200,0,100.0,2399.0,100.0,27220334664.0,100.0,27221980568.0
2018-02-17,ZCH06MPF,ST12000NM0007,12000138625024,0,83,193981112,96,0,100,3,100,0,85,346705220,97,2851,100,0,100,3,,,,,100.0,0.0,100.0,0.0,,,72.0,28.0,,,100.0,11.0,100.0,1172.0,28,28,100,0,100,0,200,0,100.0,2423.0,100.0,27442468896.0,100.0,27439107368.0
2018-02-18,ZCH06MPF,ST12000NM0007,12000138625024,0,78,69808816,96,0,100,3,100,0,85,349970849,97,2875,100,0,100,3,,,,,100.0,0.0,100.0,0.0,,,72.0,28.0,,,100.0,11.0,100.0,1173.0,28,28,100,0,100,0,200,0,100.0,2447.0,100.0,27603006136.0,100.0,27642679280.0
2018-02-19,ZCH06MPF,ST12000NM0007,12000138625024,0,82,142247440,96,0,100,3,100,0,85,352780353,97,2898,100,0,100,3,,,,,100.0,0.0,100.0,0.0,,,73.0,27.0,,,100.0,12.0,100.0,1174.0,27,27,100,0,100,0,200,0,100.0,2470.0,100.0,27731828896.0,100.0,27830435952.0
2018-02-20,ZCH06MPF,ST12000NM0007,12000138625024,0,78,61002136,96,0,100,3,100,0,86,356239153,97,2922,100,0,100,3,,,,,100.0,0.0,100.0,0.0,,,72.0,28.0,,,100.0,12.0,100.0,1175.0,28,28,100,0,100,0,200,0,100.0,2494.0,100.0,27934480536.0,100.0,28034820536.0
2018-02-21,ZCH06MPF,ST12000NM0007,12000138625024,0,83,185102136,96,0,100,3,100,0,86,359401615,97,2947,100,0,100,3,,,,,100.0,0.0,100.0,0.0,,,72.0,28.0,,,100.0,12.0,100.0,1176.0,28,28,100,0,100,0,200,0,100.0,2519.0,100.0,28096772968.0,100.0,28240769208.0
2018-02-22,ZCH06MPF,ST12000NM0007,12000138625024,0,75,32437032,96,0,100,3,100,0,86,362310375,97,2969,100,0,100,3,,,,,100.0,0.0,100.0,0.0,,,73.0,27.0,,,100.0,12.0,100.0,1177.0,27,27,100,0,100,0,200,0,100.0,2541.0,100.0,28240586232.0,100.0,28432572184.0
2018-02-23,ZCH06MPF,ST12000NM0007,12000138625024,0,82,156867544,96,0,100,3,100,0,86,365466629,97,2993,100,0,100,3,,,,,100.0,0.0,100.0,0.0,,,72.0,28.0,,,100.0,12.0,100.0,1178.0,28,28,100,0,100,0,200,0,100.0,2564.0,100.0,28388541216.0,100.0,28653188464.0
2018-02-24,ZCH06MPF,ST12000NM0007,12000138625024,0,80,106107944,96,0,100,3,100,0,86,369152646,97,3018,100,0,100,3,,,,,100.0,0.0,100.0,0.0,,,72.0,28.0,,,100.0,12.0,100.0,1179.0,28,28,100,0,100,0,200,0,100.0,2589.0,100.0,28589989848.0,100.0,28889261952.0
2018-02-25,ZCH06MPF,ST12000NM0007,12000138625024,0,83,202165304,96,0,100,3,100,0,86,372348322,97,3042,100,0,100,3,,,,,100.0,0.0,100.0,0.0,,,72.0,28.0,,,100.0,12.0,100.0,1180.0,28,28,100,0,100,0,200,0,100.0,2614.0,100.0,28727033472.0,100.0,29092416448.0
2018-02-26,ZCH06MPF,ST12000NM0007,12000138625024,0,78,69136072,96,0,100,3,100,0,86,375656857,97,3066,100,0,100,3,,,,,100.0,0.0,100.0,0.0,,,72.0,28.0,,,100.0,12.0,100.0,1181.0,28,28,100,0,100,0,200,0,100.0,2637.0,100.0,28865252088.0,100.0,29309450064.0
2018-02-27,ZCH06MPF,ST12000NM0007,12000138625024,0,83,190973640,96,0,100,3,100,0,86,379009942,97,3090,100,0,100,3,,,,,100.0,0.0,100.0,0.0,,,71.0,29.0,,,100.0,12.0,100.0,1182.0,29,29,100,0,100,0,200,0,100.0,2661.0,100.0,29003490840.0,100.0,29537189608.0
2018-02-28,ZCH06MPF,ST12000NM0007,12000138625024,0,73,21456312,96,0,100,3,100,0,86,382141411,97,3114,100,0,100,3,,,,,100.0,0.0,100.0,0.0,,,72.0,28.0,,,100.0,12.0,100.0,1183.0,28,28,100,0,100,0,200,0,100.0,2685.0,100.0,29113515184.0,100.0,29745929608.0
2018-03-01,ZCH06MPF,ST12000NM0007,12000138625024,0,82,157811320,96,0,100,3,100,0,86,385730401,97,3141,100,0,100,3,,,,,100.0,0.0,100.0,0.0,,,72.0,28.0,,,100.0,12.0,100.0,1184.0,28,28,100,0,100,0,200,0,100.0,2712.0,100.0,29255213928.0,100.0,29984726728.0
2018-03-02,ZCH06MPF,ST12000NM0007,12000138625024,0,73,20281608,96,0,100,3,100,0,86,389196405,97,3164,100,0,100,3,,,,,100.0,0.0,100.0,0.0,,,72.0,28.0,,,100.0,12.0,100.0,1185.0,28,28,100,0,100,0,200,0,100.0,2735.0,100.0,29370546920.0,100.0,30220145416.0
2018-03-03,ZCH06MPF,ST12000NM0007,12000138625024,0,79,80060112,96,0,100,3,100,0,86,391977725,97,3188,100,0,100,3,,,,,100.0,0.0,100.0,0.0,,,72.0,28.0,,,100.0,12.0,100.0,1186.0,28,28,100,0,100,0,200,0,100.0,2759.0,100.0,29483215520.0,100.0,30411396224.0
2018-03-04,ZCH06MPF,ST12000NM0007,12000138625024,0,82,162136336,96,0,100,3,100,0,86,394913310,97,3212,100,0,100,3,,,,,100.0,0.0,100.0,0.0,,,72.0,28.0,,,100.0,12.0,100.0,1187.0,28,28,100,0,100,0,200,0,100.0,2783.0,100.0,29596834048.0,100.0,30623994672.0
2018-03-05,ZCH06MPF,ST12000NM0007,12000138625024,0,83,211628144,96,0,100,3,100,0,86,397617359,97,3237,100,0,100,3,,,,,100.0,0.0,100.0,0.0,,,72.0,28.0,,,100.0,12.0,100.0,1188.0,28,28,100,0,100,0,200,0,100.0,2808.0,100.0,29695052280.0,100.0,30819408984.0
2018-03-06,ZCH06MPF,ST12000NM0007,12000138625024,0,77,51376640,96,0,100,3,100,0,86,400491958,97,3263,100,0,100,3,,,,,100.0,0.0,100.0,0.0,,,71.0,29.0,,,100.0,13.0,100.0,1189.0,29,29,100,0,100,0,200,0,100.0,2833.0,100.0,29802545448.0,100.0,31039946104.0
2018-03-07,ZCH06MPF,ST12000NM0007,12000138625024,0,80.0,97223000.0,96.0,0.0,100.0,3.0,100.0,0.0,86.0,403035581.0,97.0,3287.0,100.0,0.0,100.0,3.0,,,,,100.0,0.0,100.0,0.0,,,72.0,28.0,,,100.0,13.0,100.0,1190.0,28.0,28.0,100.0,0.0,100.0,0.0,200.0,0.0,100.0,2857.0,100.0,29890812968.0,100.0,31241665592.0
2018-03-08,ZCH06MPF,ST12000NM0007,12000138625024,0,81,120171952,96,0,100,3,100,0,86,405258082,97,3307,100,0,100,3,,,,,100.0,0.0,100.0,0.0,,,72.0,28.0,,,100.0,13.0,100.0,1191.0,28,28,100,0,100,0,200,0,100.0,2878.0,100.0,29968411400.0,100.0,31431156856.0
2018-03-09,ZCH06MPF,ST12000NM0007,12000138625024,0,84,229019304,96,0,100,3,100,0,86,408170116,97,3332,100,0,100,3,,,,,100.0,0.0,100.0,0.0,,,72.0,28.0,,,100.0,13.0,100.0,1192.0,28,28,100,0,100,0,200,0,100.0,2902.0,100.0,30070673536.0,100.0,31681882728.0
2018-03-10,ZCH06MPF,ST12000NM0007,12000138625024,0,78,60989408,96,0,100,3,100,0,86,411319164,97,3356,100,0,100,3,,,,,100.0,0.0,100.0,0.0,,,73.0,27.0,,,100.0,14.0,100.0,1193.0,27,27,100,0,100,0,200,0,100.0,2926.0,100.0,30175292768.0,100.0,31897514904.0
2018-03-11,ZCH06MPF,ST12000NM0007,12000138625024,0,80,111850576,96,0,100,3,100,0,86,413984323,97,3379,100,0,100,3,,,,,100.0,0.0,100.0,0.0,,,72.0,28.0,,,100.0,14.0,100.0,1194.0,28,28,100,0,100,0,200,0,100.0,2949.0,100.0,30252115024.0,100.0,32115694488.0
2018-03-12,ZCH06MPF,ST12000NM0007,12000138625024,0,82,151134280,96,0,100,3,100,0,86,416419050,97,3403,100,0,100,3,,,,,100.0,0.0,100.0,0.0,,,73.0,27.0,,,100.0,14.0,100.0,1195.0,27,27,100,0,100,0,200,0,100.0,2973.0,100.0,30325849312.0,100.0,32325384808.0
2018-03-13,ZCH06MPF,ST12000NM0007,12000138625024,0,82,173252616,96,0,100,3,100,0,86,418672695,97,3427,100,0,100,3,,,,,100.0,0.0,100.0,0.0,,,72.0,28.0,,,100.0,14.0,100.0,1196.0,28,28,100,0,100,0,200,0,100.0,2997.0,100.0,30410104656.0,100.0,32507388600.0
2018-03-14,ZCH06MPF,ST12000NM0007,12000138625024,0,83,215912960,96,0,100,3,100,0,86,421177838,97,3451,100,0,100,3,,,,,100.0,0.0,100.0,0.0,,,72.0,28.0,,,100.0,14.0,100.0,1197.0,28,28,100,0,100,0,200,0,100.0,3021.0,100.0,30499858408.0,100.0,32704436120.0
2018-03-15,ZCH06MPF,ST12000NM0007,12000138625024,0,66,3670824,96,0,100,3,100,0,86,423496425,97,3476,100,0,100,3,,,,,100.0,0.0,100.0,0.0,,,72.0,28.0,,,100.0,14.0,100.0,1198.0,28,28,100,0,100,0,200,0,100.0,3045.0,100.0,30578219208.0,100.0,32902116424.0
2018-03-16,ZCH06MPF,ST12000NM0007,12000138625024,0,78.0,64390512.0,96.0,0.0,100.0,3.0,100.0,0.0,86.0,426020738.0,97.0,3500.0,100.0,0.0,100.0,3.0,,,,,100.0,0.0,100.0,0.0,,,72.0,28.0,,,100.0,15.0,100.0,1199.0,28.0,28.0,100.0,0.0,100.0,0.0,200.0,0.0,100.0,3069.0,100.0,30662491440.0,100.0,33122704680.0
2018-03-17,ZCH06MPF,ST12000NM0007,12000138625024,0,79,70797128,96,0,100,3,100,0,86,428202923,96,3524,100,0,100,3,,,,,100.0,0.0,100.0,0.0,,,72.0,28.0,,,100.0,15.0,100.0,1200.0,28,28,100,0,100,0,200,0,100.0,3093.0,100.0,30732081512.0,100.0,33303662096.0
2018-03-18,ZCH06MPF,ST12000NM0007,12000138625024,0,82,150703264,96,0,100,3,100,0,86,430888570,96,3548,100,0,100,3,,,,,100.0,0.0,100.0,0.0,,,72.0,28.0,,,100.0,15.0,100.0,1201.0,28,28,100,0,100,0,200,0,100.0,3118.0,100.0,30833539624.0,100.0,33526250800.0
2018-03-19,ZCH06MPF,ST12000NM0007,12000138625024,0,84,224198880,96,0,100,3,100,0,86,433685532,96,3572,100,0,100,3,,,,,100.0,0.0,100.0,0.0,,,73.0,27.0,,,100.0,15.0,100.0,1202.0,27,27,100,0,100,0,200,0,100.0,3142.0,100.0,30910195840.0,100.0,33767231016.0
2018-03-20,ZCH06MPF,ST12000NM0007,12000138625024,0,68,5626544,96,0,100,3,100,0,86,436084544,96,3596,100,0,100,3,,,,,100.0,0.0,100.0,0.0,,,72.0,28.0,,,100.0,15.0,100.0,1203.0,28,28,100,0,100,0,200,0,100.0,3165.0,100.0,30992139672.0,100.0,33954996264.0
2018-03-21,ZCH06MPF,ST12000NM0007,12000138625024,0,78,59271448,96,0,100,4,100,0,86,438831980,96,3623,100,0,100,3,,,,,100.0,0.0,100.0,0.0,,,72.0,28.0,,,100.0,15.0,100.0,1207.0,28,28,100,0,100,0,200,0,100.0,3192.0,100.0,31073040728.0,100.0,34171881154.0
2018-03-22,ZCH06MPF,ST12000NM0007,12000138625024,0,80,105282392,96,0,100,4,100,0,86,441576382,96,3647,100,0,100,3,,,,,100.0,0.0,100.0,0.0,,,72.0,28.0,,,100.0,15.0,100.0,1208.0,28,28,100,0,100,0,200,0,100.0,3215.0,100.0,31181439784.0,100.0,34353633698.0
2018-03-23,ZCH06MPF,ST12000NM0007,12000138625024,0,83,183698968,96,0,100,4,100,0,86,444511072,96,3671,100,0,100,3,,,,,100.0,0.0,100.0,0.0,,,73.0,27.0,,,100.0,15.0,100.0,1209.0,27,27,100,0,100,0,200,0,100.0,3240.0,100.0,31286871472.0,100.0,34570759266.0
2018-03-24,ZCH06MPF,ST12000NM0007,12000138625024,0,83,212156160,96,0,100,4,100,0,87,447100649,96,3695,100,0,100,3,,,,,100.0,0.0,100.0,0.0,,,73.0,27.0,,,100.0,15.0,100.0,1210.0,27,27,100,0,100,0,200,0,100.0,3263.0,100.0,31373883944.0,100.0,34756344706.0
2018-03-25,ZCH06MPF,ST12000NM0007,12000138625024,0,80,91866904,96,0,100,4,100,0,87,450504756,96,3719,100,0,100,3,,,,,100.0,0.0,100.0,0.0,,,72.0,28.0,,,100.0,15.0,100.0,1211.0,28,28,100,0,100,0,200,0,100.0,3287.0,100.0,31452251776.0,100.0,35045969322.0
2018-03-26,ZCH06MPF,ST12000NM0007,12000138625024,0,81,127599456,96,0,100,4,100,0,87,453134411,96,3742,100,0,100,3,,,,,100.0,0.0,100.0,0.0,,,72.0,28.0,,,100.0,16.0,100.0,1212.0,28,28,100,0,100,0,200,0,100.0,3311.0,100.0,31555473056.0,100.0,35222621258.0
2018-03-27,ZCH06MPF,ST12000NM0007,12000138625024,0,83,192895680,96,0,100,4,100,0,87,455898756,96,3766,100,0,100,3,,,,,100.0,0.0,100.0,0.0,,,72.0,28.0,,,100.0,17.0,100.0,1213.0,28,28,100,0,100,0,200,0,100.0,3335.0,100.0,31654772784.0,100.0,35432758602.0
2018-03-28,ZCH06MPF,ST12000NM0007,12000138625024,0,83,187444680,96,0,100,4,100,0,87,458331313,96,3791,100,0,100,3,,,,,100.0,0.0,100.0,0.0,,,71.0,29.0,,,100.0,17.0,100.0,1214.0,29,29,100,0,100,0,200,0,100.0,3359.0,100.0,31739850096.0,100.0,35586370978.0
2018-03-29,ZCH06MPF,ST12000NM0007,12000138625024,0,83,215174576,96,0,100,4,100,0,87,460586850,96,3811,100,0,100,3,,,,,100.0,0.0,100.0,0.0,,,72.0,28.0,,,100.0,17.0,100.0,1216.0,28,28,100,0,100,0,200,0,100.0,3379.0,100.0,31821071432.0,100.0,35777020178.0
2018-03-30,ZCH06MPF,ST12000NM0007,12000138625024,0,79,80203936,96,0,100,4,100,0,87,464091501,96,3836,100,0,100,3,,,,,100.0,0.0,100.0,0.0,,,73.0,27.0,,,100.0,17.0,100.0,1217.0,27,27,100,0,100,0,200,0,100.0,3403.0,100.0,31942984400.0,100.0,36008418138.0
2018-03-31,ZCH06MPF,ST12000NM0007,12000138625024,0,78,66493912,96,0,100,4,100,0,87,466561853,96,3860,100,0,100,3,,,,,100.0,0.0,100.0,0.0,,,72.0,28.0,,,100.0,17.0,100.0,1218.0,28,28,100,0,100,0,200,0,100.0,3427.0,100.0,32031066696.0,100.0,36150766554.0
2018-04-01,ZCH06MPF,ST12000NM0007,12000138625024,0,80,109123096,96,0,100,4,100,0,87,469487896,96,3883,100,0,100,3,,,,,100.0,0.0,100.0,0.0,,,73.0,27.0,,,100.0,17.0,100.0,1219.0,27,27,100,0,100,0,200,0,100.0,3451.0,100.0,32137200024.0,100.0,36331403114.0
2018-04-02,ZCH06MPF,ST12000NM0007,12000138625024,0,81,115899400,96,0,100,4,100,0,87,472086953,96,3907,100,0,100,3,,,,,100.0,0.0,100.0,0.0,,,73.0,27.0,,,100.0,17.0,100.0,1220.0,27,27,100,0,100,0,200,0,100.0,3475.0,100.0,32208380688.0,100.0,36511139418.0
2018-04-03,ZCH06MPF,ST12000NM0007,12000138625024,0,81,126638280,96,0,100,4,100,0,87,474786383,96,3931,100,0,100,3,,,,,100.0,0.0,100.0,0.0,,,72.0,28.0,,,100.0,17.0,100.0,1221.0,28,28,100,0,100,0,200,0,100.0,3498.0,100.0,32310540112.0,100.0,36663859650.0
2018-04-04,ZCH06MPF,ST12000NM0007,12000138625024,0,82,144278776,96,0,100,4,100,0,87,477714470,96,3956,100,0,100,3,,,,,100.0,0.0,100.0,0.0,,,72.0,28.0,,,100.0,17.0,100.0,1222.0,28,28,100,0,100,0,200,0,100.0,3523.0,100.0,32416316800.0,100.0,36819864314.0
2018-04-05,ZCH06MPF,ST12000NM0007,12000138625024,0,81,131179864,96,0,100,4,100,0,87,480368591,96,3980,100,0,100,3,,,,,100.0,0.0,100.0,0.0,,,71.0,29.0,,,100.0,18.0,100.0,1223.0,29,29,100,0,100,0,200,0,100.0,3547.0,100.0,32501257544.0,100.0,36965965394.0
2018-04-06,ZCH06MPF,ST12000NM0007,12000138625024,0,82,176191432,96,0,100,4,100,0,87,483390206,96,4003,100,0,100,3,,,,,100.0,0.0,100.0,0.0,,,71.0,29.0,,,100.0,18.0,100.0,1224.0,29,29,100,0,100,0,200,0,100.0,3570.0,100.0,32595659352.0,100.0,37160715906.0
2018-04-07,ZCH06MPF,ST12000NM0007,12000138625024,0,84.0,227605776.0,96.0,0.0,100.0,4.0,100.0,0.0,87.0,486706078.0,96.0,4027.0,100.0,0.0,100.0,3.0,,,,,100.0,0.0,100.0,0.0,,,71.0,29.0,,,100.0,18.0,100.0,1225.0,29.0,29.0,100.0,0.0,100.0,0.0,200.0,0.0,100.0,3594.0,100.0,32724567568.0,100.0,37327362698.0
2018-04-08,ZCH06MPF,ST12000NM0007,12000138625024,0,84,224927920,96,0,100,4,100,0,87,489457454,96,4052,100,0,100,3,,,,,100.0,0.0,100.0,0.0,,,71.0,29.0,,,100.0,19.0,100.0,1226.0,29,29,100,0,100,0,200,0,100.0,3618.0,100.0,32804793024.0,100.0,37488600250.0
2018-04-09,ZCH06MPF,ST12000NM0007,12000138625024,0,77,46709392,96,0,100,4,100,0,87,492801043,96,4076,100,0,100,3,,,,,100.0,0.0,100.0,0.0,,,71.0,29.0,,,100.0,19.0,100.0,1227.0,29,29,100,0,100,0,200,0,100.0,3642.0,100.0,32900010760.0,100.0,37703445266.0
2018-04-10,ZCH06MPF,ST12000NM0007,12000138625024,0,78,67264288,96,0,100,4,100,0,87,495562340,96,4099,100,0,100,3,,,,,100.0,0.0,100.0,0.0,,,71.0,29.0,,,100.0,19.0,100.0,1228.0,29,29,100,0,100,0,200,0,100.0,3665.0,100.0,32971994072.0,100.0,37896157578.0
2018-04-11,ZCH06MPF,ST12000NM0007,12000138625024,0,77,53000200,96,0,100,4,100,0,87,498344497,96,4123,100,0,100,3,,,,,100.0,0.0,100.0,0.0,,,72.0,28.0,,,100.0,19.0,100.0,1229.0,28,28,100,0,100,0,200,0,100.0,3690.0,100.0,33057220992.0,100.0,38040807266.0
2018-04-12,ZCH06MPF,ST12000NM0007,12000138625024,0,81,124586992,96,0,100,4,100,0,87,502062175,96,4148,100,0,100,3,,,,,100.0,0.0,100.0,0.0,,,72.0,28.0,,,100.0,19.0,100.0,1231.0,28,28,100,0,100,0,200,0,100.0,3714.0,100.0,33150999568.0,100.0,38262756162.0
2018-04-13,ZCH06MPF,ST12000NM0007,12000138625024,0,82,173730712,96,0,100,4,100,0,87,505211292,96,4171,100,0,100,3,,,,,100.0,0.0,100.0,0.0,,,71.0,29.0,,,100.0,19.0,100.0,1232.0,29,29,100,0,100,0,200,0,100.0,3738.0,100.0,33266617472.0,100.0,38440422666.0
2018-04-14,ZCH06MPF,ST12000NM0007,12000138625024,0,84,242960768,96,0,100,4,100,0,87,509121053,96,4196,100,0,100,3,,,,,100.0,0.0,100.0,0.0,,,72.0,28.0,,,100.0,19.0,100.0,1233.0,28,28,100,0,100,0,200,0,100.0,3762.0,100.0,33403158776.0,100.0,38617252210.0
2018-04-15,ZCH06MPF,ST12000NM0007,12000138625024,0,70,10020544,96,0,100,4,100,0,87,511992914,96,4220,100,0,100,3,,,,,100.0,0.0,100.0,0.0,,,72.0,28.0,,,100.0,20.0,100.0,1234.0,28,28,100,0,100,0,200,0,100.0,3786.0,100.0,33497536128.0,100.0,38778216146.0
2018-04-16,ZCH06MPF,ST12000NM0007,12000138625024,0,73,19085472,96,0,100,4,100,0,87,514965534,96,4244,100,0,100,3,,,,,100.0,0.0,100.0,0.0,,,72.0,28.0,,,100.0,20.0,100.0,1235.0,28,28,100,0,100,0,200,0,100.0,3810.0,100.0,33591108392.0,100.0,38937849466.0
2018-04-17,ZCH06MPF,ST12000NM0007,12000138625024,0,80,103383736,96,0,100,4,100,0,87,518397383,96,4267,100,0,100,3,,,,,100.0,0.0,100.0,0.0,,,72.0,28.0,,,100.0,20.0,100.0,1236.0,28,28,100,0,100,0,200,0,100.0,3833.0,100.0,33736415504.0,100.0,39120981250.0
2018-04-18,ZCH06MPF,ST12000NM0007,12000138625024,0,80,103962752,96,0,100,4,100,0,87,521121239,96,4291,100,0,100,3,,,,,100.0,0.0,100.0,0.0,,,72.0,28.0,,,100.0,20.0,100.0,1237.0,28,28,100,0,100,0,200,0,100.0,3857.0,100.0,33822381568.0,100.0,39279734938.0
2018-04-19,ZCH06MPF,ST12000NM0007,12000138625024,0,80,92266240,96,0,100,4,100,0,87,523757140,96,4315,100,0,100,3,,,,,100.0,0.0,100.0,0.0,,,72.0,28.0,,,100.0,21.0,100.0,1238.0,28,28,100,0,100,0,200,0,100.0,3881.0,100.0,33890478648.0,100.0,39444082034.0
2018-04-20,ZCH06MPF,ST12000NM0007,12000138625024,0,78,66199992,96,0,100,4,100,0,87,526634107,96,4339,100,0,100,3,,,,,100.0,0.0,100.0,0.0,,,71.0,29.0,,,100.0,22.0,100.0,1239.0,29,29,100,0,100,0,200,0,100.0,3905.0,100.0,33978131304.0,100.0,39574503834.0
2018-04-21,ZCH06MPF,ST12000NM0007,12000138625024,0,79,87401400,96,0,100,4,100,0,87,529742762,96,4363,100,0,100,3,,,,,100.0,0.0,100.0,0.0,,,71.0,29.0,,,100.0,23.0,100.0,1240.0,29,29,100,0,100,0,200,0,100.0,3929.0,100.0,34091698568.0,100.0,39726278658.0
2018-04-22,ZCH06MPF,ST12000NM0007,12000138625024,0,80,105872872,96,0,100,4,100,0,87,532733335,95,4387,100,0,100,3,,,,,100.0,0.0,100.0,0.0,,,71.0,29.0,,,100.0,24.0,100.0,1241.0,29,29,100,0,100,0,200,0,100.0,3953.0,100.0,34173912744.0,100.0,39906676658.0
2018-04-23,ZCH06MPF,ST12000NM0007,12000138625024,0,80,103195688,96,0,100,4,100,0,87,535566933,95,4411,100,0,100,3,,,,,100.0,0.0,100.0,0.0,,,70.0,30.0,,,100.0,24.0,100.0,1242.0,30,30,100,0,100,0,200,0,100.0,3976.0,100.0,34263237312.0,100.0,40058815578.0
2018-04-24,ZCH06MPF,ST12000NM0007,12000138625024,0,80,100509120,96,0,100,4,100,0,87,538348458,95,4435,100,0,100,3,,,,,100.0,0.0,100.0,0.0,,,70.0,30.0,,,100.0,24.0,100.0,1243.0,30,30,100,0,100,0,200,0,100.0,4000.0,100.0,34356338688.0,100.0,40207168402.0
2018-04-25,ZCH06MPF,ST12000NM0007,12000138625024,0,81,126107952,96,0,100,4,100,0,87,541838757,95,4460,100,0,100,3,,,,,100.0,0.0,100.0,0.0,,,71.0,29.0,,,100.0,25.0,100.0,1244.0,29,29,100,0,100,0,200,0,100.0,4025.0,100.0,34447533944.0,100.0,40385712658.0
2018-04-26,ZCH06MPF,ST12000NM0007,12000138625024,0,82,149805888,96,0,100,4,100,0,87,544915045,95,4485,100,0,100,3,,,,,100.0,0.0,100.0,0.0,,,71.0,29.0,,,100.0,25.0,100.0,1246.0,29,29,100,0,100,0,200,0,100.0,4050.0,100.0,34540569112.0,100.0,40560516074.0
2018-04-27,ZCH06MPF,ST12000NM0007,12000138625024,0,82,169508528,96,0,100,4,100,0,87,547992097,95,4510,100,0,100,3,,,,,100.0,0.0,100.0,0.0,,,72.0,28.0,,,100.0,25.0,100.0,1247.0,28,28,100,0,100,0,200,0,100.0,4074.0,100.0,34628298056.0,100.0,40736630426.0
2018-04-28,ZCH06MPF,ST12000NM0007,12000138625024,0,83,206367216,96,0,100,4,100,0,87,551125611,95,4534,100,0,100,3,,,,,100.0,0.0,100.0,0.0,,,72.0,28.0,,,100.0,25.0,100.0,1248.0,28,28,100,0,100,0,200,0,100.0,4098.0,100.0,34720118280.0,100.0,40925809530.0
2018-04-29,ZCH06MPF,ST12000NM0007,12000138625024,0,84,224316928,96,0,100,4,100,0,87,554043173,95,4557,100,0,100,3,,,,,100.0,0.0,100.0,0.0,,,71.0,29.0,,,100.0,26.0,100.0,1249.0,29,29,100,0,100,0,200,0,100.0,4122.0,100.0,34802757808.0,100.0,41105260402.0
2018-04-30,ZCH06MPF,ST12000NM0007,12000138625024,0,75,28572064,96,0,100,4,100,0,87,557227365,95,4582,100,0,100,3,,,,,100.0,0.0,100.0,0.0,,,71.0,29.0,,,100.0,26.0,100.0,1250.0,29,29,100,0,100,0,200,0,100.0,4146.0,100.0,34903089384.0,100.0,41297465322.0
2018-05-01,ZCH06MPF,ST12000NM0007,12000138625024,0,75,34520504,96,0,100,4,100,0,87,560012079,95,4605,100,0,100,3,,,,,100.0,0.0,100.0,0.0,,,72.0,28.0,,,100.0,26.0,100.0,1251.0,28,28,100,0,100,0,200,0,100.0,4169.0,100.0,34986678504.0,100.0,41463965274.0
2018-05-02,ZCH06MPF,ST12000NM0007,12000138625024,0,73.0,18384376.0,96.0,0.0,100.0,4.0,100.0,0.0,88.0,562690858.0,95.0,4630.0,100.0,0.0,100.0,3.0,,,,,100.0,0.0,100.0,0.0,,,72.0,28.0,,,100.0,26.0,100.0,1252.0,28.0,28.0,100.0,0.0,100.0,0.0,200.0,0.0,100.0,4194.0,100.0,35056022400.0,100.0,41622625970.0
2018-05-03,ZCH06MPF,ST12000NM0007,12000138625024,0,83,207396216,96,0,100,4,100,0,88,565018508,95,4652,100,0,100,3,,,,,100.0,0.0,100.0,0.0,,,71.0,29.0,,,100.0,26.0,100.0,1253.0,29,29,100,0,100,0,200,0,100.0,4215.0,100.0,35125845448.0,100.0,41741814762.0
2018-05-04,ZCH06MPF,ST12000NM0007,12000138625024,0,83,208855888,96,0,100,4,100,0,88,567964032,95,4675,100,0,100,3,,,,,100.0,0.0,100.0,0.0,,,73.0,27.0,,,100.0,26.0,100.0,1254.0,27,27,100,0,100,0,200,0,100.0,4239.0,100.0,35204075760.0,100.0,41909184834.0
2018-05-05,ZCH06MPF,ST12000NM0007,12000138625024,0,81,117255016,96,0,100,4,100,0,88,570228169,95,4700,100,0,100,3,,,,,100.0,0.0,100.0,0.0,,,72.0,28.0,,,100.0,26.0,100.0,1255.0,28,28,100,0,100,0,200,0,100.0,4263.0,100.0,35265303344.0,100.0,42000497058.0
2018-05-06,ZCH06MPF,ST12000NM0007,12000138625024,0,81,127689936,96,0,100,4,100,0,88,573234054,95,4723,100,0,100,3,,,,,100.0,0.0,100.0,0.0,,,71.0,29.0,,,100.0,26.0,100.0,1256.0,29,29,100,0,100,0,200,0,100.0,4287.0,100.0,35351005632.0,100.0,42169370538.0
2018-05-07,ZCH06MPF,ST12000NM0007,12000138625024,0,77,52752560,96,0,100,4,100,0,88,575515354,95,4748,100,0,100,3,,,,,100.0,0.0,100.0,0.0,,,71.0,29.0,,,100.0,27.0,100.0,1257.0,29,29,100,0,100,0,200,0,100.0,4311.0,100.0,35402482576.0,100.0,42287096970.0
2018-05-08,ZCH06MPF,ST12000NM0007,12000138625024,0,79,72849376,96,0,100,4,100,0,88,578771302,95,4772,100,0,100,3,,,,,100.0,0.0,100.0,0.0,,,71.0,29.0,,,100.0,28.0,100.0,1258.0,29,29,100,0,100,0,200,0,100.0,4335.0,100.0,35476669312.0,100.0,42477147714.0
2018-05-09,ZCH06MPF,ST12000NM0007,12000138625024,0,81,112261448,96,0,100,4,100,0,88,581946948,95,4796,100,0,100,3,,,,,100.0,0.0,100.0,0.0,,,71.0,29.0,,,100.0,29.0,100.0,1259.0,29,29,100,0,100,0,200,0,100.0,4359.0,100.0,35576494752.0,100.0,42660875002.0
2018-05-10,ZCH06MPF,ST12000NM0007,12000138625024,0,81,120849768,96,0,100,4,100,0,88,584875058,95,4821,100,0,100,3,,,,,100.0,0.0,100.0,0.0,,,71.0,29.0,,,100.0,29.0,100.0,1260.0,29,29,100,0,100,0,200,0,100.0,4383.0,100.0,35667705536.0,100.0,42822393402.0
2018-05-11,ZCH06MPF,ST12000NM0007,12000138625024,0,82,162518584,96,0,100,4,100,0,88,587937403,95,4844,100,0,100,3,,,,,100.0,0.0,100.0,0.0,,,70.0,30.0,,,100.0,30.0,100.0,1261.0,30,30,100,0,100,0,200,0,100.0,4407.0,100.0,35729283376.0,100.0,43046625114.0
2018-05-12,ZCH06MPF,ST12000NM0007,12000138625024,0,82,154199944,96,0,100,4,100,0,88,590539772,95,4868,100,0,100,3,,,,,100.0,0.0,100.0,0.0,,,71.0,29.0,,,100.0,30.0,100.0,1262.0,29,29,100,0,100,0,200,0,100.0,4430.0,100.0,35786482336.0,100.0,43225248154.0
2018-05-13,ZCH06MPF,ST12000NM0007,12000138625024,0,82,161627496,96,0,100,4,100,0,88,593389081,95,4892,100,0,100,3,,,,,100.0,0.0,100.0,0.0,,,71.0,29.0,,,100.0,30.0,100.0,1263.0,29,29,100,0,100,0,200,0,100.0,4454.0,100.0,35858775456.0,100.0,43404523258.0
2018-05-14,ZCH06MPF,ST12000NM0007,12000138625024,0,83,193095136,96,0,100,4,100,0,88,596300322,95,4916,100,0,100,3,,,,,100.0,0.0,100.0,0.0,,,72.0,28.0,,,100.0,30.0,100.0,1264.0,28,28,100,0,100,0,200,0,100.0,4478.0,100.0,35935953224.0,100.0,43602953762.0
2018-05-15,ZCH06MPF,ST12000NM0007,12000138625024,0,83.0,187029816.0,96.0,0.0,100.0,4.0,100.0,0.0,88.0,598937520.0,95.0,4940.0,100.0,0.0,100.0,3.0,,,,,100.0,0.0,100.0,0.0,,,70.0,30.0,,,100.0,30.0,100.0,1265.0,30.0,30.0,100.0,0.0,100.0,0.0,200.0,0.0,100.0,4502.0,100.0,35998025760.0,100.0,43778956698.0
2018-05-16,ZCH06MPF,ST12000NM0007,12000138625024,0,83,208052728,96,0,100,4,100,0,88,601744846,95,4964,100,0,100,3,,,,,100.0,0.0,100.0,0.0,,,71.0,29.0,,,100.0,30.0,100.0,1266.0,29,29,100,0,100,0,200,0,100.0,4526.0,100.0,36072920120.0,100.0,43969226018.0
2018-05-17,ZCH06MPF,ST12000NM0007,12000138625024,0,83,210209880,96,0,100,4,100,0,88,604389526,95,4987,100,0,100,3,,,,,100.0,0.0,100.0,0.0,,,71.0,29.0,,,100.0,30.0,100.0,1267.0,29,29,100,0,100,0,200,0,100.0,4548.0,100.0,36141050712.0,100.0,44147393258.0
2018-05-18,ZCH06MPF,ST12000NM0007,12000138625024,0,83,198428832,96,0,100,4,100,0,88,607153921,95,5011,100,0,100,3,,,,,100.0,0.0,100.0,0.0,,,71.0,29.0,,,100.0,31.0,100.0,1268.0,29,29,100,0,100,0,200,0,100.0,4572.0,100.0,36207512392.0,100.0,44313291386.0
2018-05-19,ZCH06MPF,ST12000NM0007,12000138625024,0,82,162890488,96,0,100,4,100,0,88,609596357,95,5035,100,0,100,3,,,,,100.0,0.0,100.0,0.0,,,71.0,29.0,,,100.0,32.0,100.0,1269.0,29,29,100,0,100,0,200,0,100.0,4596.0,100.0,36270190424.0,100.0,44459215746.0
2018-05-20,ZCH06MPF,ST12000NM0007,12000138625024,0,81,132298472,96,0,100,4,100,0,88,612126647,95,5059,100,0,100,3,,,,,100.0,0.0,100.0,0.0,,,72.0,28.0,,,100.0,32.0,100.0,1270.0,28,28,100,0,100,0,200,0,100.0,4620.0,100.0,36322111352.0,100.0,44620843442.0
2018-05-21,ZCH06MPF,ST12000NM0007,12000138625024,0,81,118615752,96,0,100,4,100,0,88,615278430,95,5083,100,0,100,3,,,,,100.0,0.0,100.0,0.0,,,71.0,29.0,,,100.0,33.0,100.0,1271.0,29,29,100,0,100,0,200,0,100.0,4644.0,100.0,36385401600.0,100.0,44788011290.0
2018-05-22,ZCH06MPF,ST12000NM0007,12000138625024,0,78,70502728,96,0,100,4,100,0,88,617517595,95,5107,100,0,100,3,,,,,100.0,0.0,100.0,0.0,,,71.0,29.0,,,100.0,33.0,100.0,1272.0,29,29,100,0,100,0,200,0,100.0,4667.0,100.0,36434884304.0,100.0,44934556346.0
2018-05-23,ZCH06MPF,ST12000NM0007,12000138625024,0,68,6866448,96,0,100,4,100,0,88,619718302,95,5131,100,0,100,3,,,,,100.0,0.0,100.0,0.0,,,71.0,29.0,,,100.0,34.0,100.0,1273.0,29,29,100,0,100,0,200,0,100.0,4691.0,100.0,36487015832.0,100.0,45062929266.0
2018-05-24,ZCH06MPF,ST12000NM0007,12000138625024,0,73,21385680,96,0,100,4,100,0,88,622714720,95,5156,100,0,100,3,,,,,100.0,0.0,100.0,0.0,,,71.0,29.0,,,100.0,34.0,100.0,1274.0,29,29,100,0,100,0,200,0,100.0,4716.0,100.0,36555492392.0,100.0,45253112586.0
2018-05-25,ZCH06MPF,ST12000NM0007,12000138625024,0,79,86753584,96,0,100,4,100,0,88,625996491,95,5180,100,0,100,3,,,,,100.0,0.0,100.0,0.0,,,71.0,29.0,,,100.0,35.0,100.0,1276.0,29,29,100,0,100,0,200,0,100.0,4740.0,100.0,36637626704.0,100.0,45480486818.0
2018-05-26,ZCH06MPF,ST12000NM0007,12000138625024,0,78,68264368,96,0,100,4,100,0,88,628600190,95,5204,100,0,100,3,,,,,100.0,0.0,100.0,0.0,,,71.0,29.0,,,100.0,35.0,100.0,1277.0,29,29,100,0,100,0,200,0,100.0,4763.0,100.0,36706363776.0,100.0,45637401226.0
2018-05-27,ZCH06MPF,ST12000NM0007,12000138625024,0,81,114879080,96,0,100,4,100,0,88,632023332,95,5231,100,0,100,3,,,,,100.0,0.0,100.0,0.0,,,71.0,29.0,,,100.0,35.0,100.0,1278.0,29,29,100,0,100,0,200,0,100.0,4790.0,100.0,36776837936.0,100.0,45857682618.0
2018-05-28,ZCH06MPF,ST12000NM0007,12000138625024,0,80,107074728,96,0,100,4,100,0,88,634802577,94,5256,100,0,100,3,,,,,100.0,0.0,100.0,0.0,,,71.0,29.0,,,100.0,35.0,100.0,1279.0,29,29,100,0,100,0,200,0,100.0,4815.0,100.0,36847277384.0,100.0,46023579482.0
2018-05-29,ZCH06MPF,ST12000NM0007,12000138625024,0,79,74255400,96,0,100,4,100,0,88,637357254,94,5280,100,0,100,3,,,,,100.0,0.0,100.0,0.0,,,71.0,29.0,,,100.0,35.0,100.0,1280.0,29,29,100,0,100,0,200,0,100.0,4839.0,100.0,36911956408.0,100.0,46170221914.0
2018-05-30,ZCH06MPF,ST12000NM0007,12000138625024,0,77,51394752,96,0,100,4,100,0,88,640140883,94,5304,100,0,100,3,,,,,100.0,0.0,100.0,0.0,,,71.0,29.0,,,100.0,35.0,100.0,1281.0,29,29,100,0,100,0,200,0,100.0,4863.0,100.0,36969414288.0,100.0,46334044114.0
2018-05-31,ZCH06MPF,ST12000NM0007,12000138625024,0,78,60432736,96,0,100,4,100,0,88,643565221,94,5326,100,0,100,3,,,,,100.0,0.0,100.0,0.0,,,71.0,29.0,,,100.0,35.0,100.0,1283.0,29,29,100,0,100,0,200,0,100.0,4885.0,100.0,37029112744.0,100.0,46527524330.0
2018-06-01,ZCH06MPF,ST12000NM0007,12000138625024,0,80,93140984,96,0,100,4,100,0,88,646460935,94,5349,100,0,100,3,,,,,100.0,0.0,100.0,0.0,,,71.0,29.0,,,100.0,35.0,100.0,1284.0,29,29,100,0,100,0,200,0,100.0,4908.0,100.0,37090337488.0,100.0,46743148714.0
2018-06-02,ZCH06MPF,ST12000NM0007,12000138625024,0,81,119828768,96,0,100,4,100,0,88,649395568,94,5374,100,0,100,3,,,,,100.0,0.0,100.0,0.0,,,71.0,29.0,,,100.0,35.0,100.0,1285.0,29,29,100,0,100,0,200,0,100.0,4932.0,100.0,37162493560.0,100.0,46941821266.0
2018-06-03,ZCH06MPF,ST12000NM0007,12000138625024,0,82,141904784,96,0,100,4,100,0,88,652343999,94,5397,100,0,100,3,,,,,100.0,0.0,100.0,0.0,,,71.0,29.0,,,100.0,35.0,100.0,1286.0,29,29,100,0,100,0,200,0,100.0,4956.0,100.0,37227978512.0,100.0,47142552962.0
2018-06-04,ZCH06MPF,ST12000NM0007,12000138625024,0,81,141244376,96,0,100,4,100,0,88,655123880,94,5422,100,0,100,3,,,,,100.0,0.0,100.0,0.0,,,71.0,29.0,,,100.0,36.0,100.0,1287.0,29,29,100,0,100,0,200,0,100.0,4980.0,100.0,37302802800.0,100.0,47311208986.0
2018-06-05,ZCH06MPF,ST12000NM0007,12000138625024,0,81,119401800,96,0,100,4,100,0,88,657688615,94,5446,100,0,100,3,,,,,100.0,0.0,100.0,0.0,,,71.0,29.0,,,100.0,36.0,100.0,1288.0,29,29,100,0,100,0,200,0,100.0,5004.0,100.0,37368820648.0,100.0,47467489226.0
2018-06-06,ZCH06MPF,ST12000NM0007,12000138625024,0,82,164065192,96,0,100,4,100,0,88,660770520,94,5469,100,0,100,3,,,,,100.0,0.0,100.0,0.0,,,71.0,29.0,,,100.0,36.0,100.0,1289.0,29,29,100,0,100,0,200,0,100.0,5027.0,100.0,37488748720.0,100.0,47636365370.0
2018-06-07,ZCH06MPF,ST12000NM0007,12000138625024,0,82,172528696,96,0,100,4,100,0,88,663689292,94,5494,100,0,100,3,,,,,100.0,0.0,100.0,0.0,,,71.0,29.0,,,100.0,36.0,100.0,1290.0,29,29,100,0,100,0,200,0,100.0,5051.0,100.0,37552666320.0,100.0,47825052098.0
2018-06-08,ZCH06MPF,ST12000NM0007,12000138625024,0,83,205346944,96,0,100,4,100,0,88,666833680,94,5517,100,0,100,3,,,,,100.0,0.0,100.0,0.0,,,71.0,29.0,,,100.0,36.0,100.0,1291.0,29,29,100,0,100,0,200,0,100.0,5074.0,100.0,37628800936.0,100.0,48025876362.0
2018-06-09,ZCH06MPF,ST12000NM0007,12000138625024,0,83,191617792,96,0,100,4,100,0,88,669555326,94,5540,100,0,100,3,,,,,100.0,0.0,100.0,0.0,,,73.0,27.0,,,100.0,37.0,100.0,1292.0,27,27,100,0,100,0,200,0,100.0,5098.0,100.0,37701012264.0,100.0,48184076618.0
2018-06-10,ZCH06MPF,ST12000NM0007,12000138625024,0,83,216156040,96,0,100,4,100,0,88,672746396,94,5565,100,0,100,3,,,,,100.0,0.0,100.0,0.0,,,73.0,27.0,,,100.0,37.0,100.0,1293.0,27,27,100,0,100,0,200,0,100.0,5122.0,100.0,37785499800.0,100.0,48368268034.0
2018-06-11,ZCH06MPF,ST12000NM0007,12000138625024,0,84,236043240,96,0,100,4,100,0,88,675567938,94,5589,100,0,100,3,,,,,100.0,0.0,100.0,0.0,,,73.0,27.0,,,100.0,37.0,100.0,1294.0,27,27,100,0,100,0,200,0,100.0,5146.0,100.0,37846206504.0,100.0,48571589218.0
2018-06-12,ZCH06MPF,ST12000NM0007,12000138625024,0,76,39045008,96,0,100,4,100,0,88,678627374,94,5613,100,0,100,3,,,,,100.0,0.0,100.0,0.0,,,73.0,27.0,,,100.0,37.0,100.0,1295.0,27,27,100,0,100,0,200,0,100.0,5170.0,100.0,37919895352.0,100.0,48789183426.0
2018-06-13,ZCH06MPF,ST12000NM0007,12000138625024,0,74,25308936,96,0,100,4,100,0,88,681586191,94,5636,100,0,100,3,,,,,100.0,0.0,100.0,0.0,,,74.0,26.0,,,100.0,37.0,100.0,1296.0,26,26,100,0,100,0,200,0,100.0,5193.0,100.0,37987051360.0,100.0,48952431994.0
2018-06-14,ZCH06MPF,ST12000NM0007,12000138625024,0,83,202538336,96,0,100,4,100,0,88,683932566,94,5661,100,0,100,3,,,,,100.0,0.0,100.0,0.0,,,72.0,28.0,,,100.0,38.0,100.0,1298.0,28,28,100,0,100,0,200,0,100.0,5217.0,100.0,38060331024.0,100.0,49056381730.0
2018-06-15,ZCH06MPF,ST12000NM0007,12000138625024,0,83.0,211982304.0,96.0,0.0,100.0,4.0,100.0,0.0,88.0,686881979.0,94.0,5684.0,100.0,0.0,100.0,3.0,,,,,100.0,0.0,100.0,0.0,,,72.0,28.0,,,100.0,39.0,100.0,1299.0,28.0,28.0,100.0,0.0,100.0,0.0,200.0,0.0,100.0,5241.0,100.0,38126441200.0,100.0,49243856154.0
2018-06-16,ZCH06MPF,ST12000NM0007,12000138625024,0,82.0,168604320.0,96.0,0.0,100.0,4.0,100.0,0.0,88.0,689305977.0,94.0,5709.0,100.0,0.0,100.0,3.0,,,,,100.0,0.0,100.0,0.0,,,72.0,28.0,,,100.0,39.0,100.0,1300.0,28.0,28.0,100.0,0.0,100.0,0.0,200.0,0.0,100.0,5265.0,100.0,38192935984.0,100.0,49378124018.0
2018-06-17,ZCH06MPF,ST12000NM0007,12000138625024,0,81.0,133459272.0,96.0,0.0,100.0,4.0,100.0,0.0,88.0,692033566.0,94.0,5733.0,100.0,0.0,100.0,3.0,,,,,100.0,0.0,100.0,0.0,,,73.0,27.0,,,100.0,39.0,100.0,1301.0,27.0,27.0,100.0,0.0,100.0,0.0,200.0,0.0,100.0,5289.0,100.0,38270513408.0,100.0,49509542450.0
2018-06-18,ZCH06MPF,ST12000NM0007,12000138625024,0,81.0,113981488.0,96.0,0.0,100.0,4.0,100.0,0.0,88.0,694441308.0,94.0,5756.0,100.0,0.0,100.0,3.0,,,,,100.0,0.0,100.0,0.0,,,74.0,26.0,,,100.0,39.0,100.0,1302.0,26.0,26.0,100.0,0.0,100.0,0.0,200.0,0.0,100.0,5313.0,100.0,38324305384.0,100.0,49680413546.0
2018-06-19,ZCH06MPF,ST12000NM0007,12000138625024,0,81,129878272,96,0,100,4,100,0,88,697102455,94,5780,100,0,100,3,,,,,100.0,0.0,100.0,0.0,,,74.0,26.0,,,100.0,39.0,100.0,1303.0,26,26,100,0,100,0,200,0,100.0,5336.0,100.0,38388317776.0,100.0,49876438594.0
2018-06-20,ZCH06MPF,ST12000NM0007,12000138625024,0,80,111176232,96,0,100,4,100,0,88,699680577,94,5804,100,0,100,3,,,,,100.0,0.0,100.0,0.0,,,74.0,26.0,,,100.0,40.0,100.0,1304.0,26,26,100,0,100,0,200,0,100.0,5360.0,100.0,38455021192.0,100.0,50035173882.0
2018-06-21,ZCH06MPF,ST12000NM0007,12000138625024,0,77,53431744,96,0,100,4,100,0,88,702086881,94,5828,100,0,100,3,,,,,100.0,0.0,100.0,0.0,,,74.0,26.0,,,100.0,40.0,100.0,1305.0,26,26,100,0,100,0,200,0,100.0,5385.0,100.0,38524289264.0,100.0,50152302034.0
2018-06-22,ZCH06MPF,ST12000NM0007,12000138625024,0,80,93677776,96,0,100,4,100,0,88,705082905,94,5852,100,0,100,3,,,,,100.0,0.0,100.0,0.0,,,74.0,26.0,,,100.0,41.0,100.0,1306.0,26,26,100,0,100,0,200,0,100.0,5408.0,100.0,38610537496.0,100.0,50350440506.0
2018-06-23,ZCH06MPF,ST12000NM0007,12000138625024,0,81,117093384,96,0,100,4,100,0,88,707921218,94,5877,100,0,100,3,,,,,100.0,0.0,100.0,0.0,,,74.0,26.0,,,100.0,41.0,100.0,1307.0,26,26,100,0,100,0,200,0,100.0,5432.0,100.0,38689374296.0,100.0,50539159954.0
2018-06-24,ZCH06MPF,ST12000NM0007,12000138625024,0,80,111292960,96,0,100,4,100,0,89,710703859,94,5901,100,0,100,3,,,,,100.0,0.0,100.0,0.0,,,74.0,26.0,,,100.0,41.0,100.0,1308.0,26,26,100,0,100,0,200,0,100.0,5456.0,100.0,38761322392.0,100.0,50705552090.0
2018-06-25,ZCH06MPF,ST12000NM0007,12000138625024,0,81,113446368,96,0,100,4,100,0,89,713453512,94,5924,100,0,100,3,,,,,100.0,0.0,100.0,0.0,,,73.0,27.0,,,100.0,42.0,100.0,1309.0,27,27,100,0,100,0,200,0,100.0,5479.0,100.0,38819193504.0,100.0,50893975066.0
2018-06-26,ZCH06MPF,ST12000NM0007,12000138625024,0,81,123141496,96,0,100,4,100,0,89,716786183,94,5949,100,0,100,3,,,,,100.0,0.0,100.0,0.0,,,74.0,26.0,,,100.0,42.0,100.0,1310.0,26,26,100,0,100,0,200,0,100.0,5504.0,100.0,38894985488.0,100.0,51072018850.0
2018-06-27,ZCH06MPF,ST12000NM0007,12000138625024,0,81,126939552,96,0,100,4,100,0,89,719478576,94,5973,100,0,100,3,,,,,100.0,0.0,100.0,0.0,,,74.0,26.0,,,100.0,42.0,100.0,1311.0,26,26,100,0,100,0,200,0,100.0,5528.0,100.0,38972562112.0,100.0,51242381466.0
2018-06-28,ZCH06MPF,ST12000NM0007,12000138625024,0,81,116890736,96,0,100,4,100,0,89,722113427,94,5996,100,0,100,3,,,,,100.0,0.0,100.0,0.0,,,74.0,26.0,,,100.0,42.0,100.0,1312.0,26,26,100,0,100,0,200,0,100.0,5551.0,100.0,39052596728.0,100.0,51396438754.0
2018-06-29,ZCH06MPF,ST12000NM0007,12000138625024,0,80,112154928,96,0,100,4,100,0,89,725068907,94,6020,100,0,100,3,,,,,100.0,0.0,100.0,0.0,,,74.0,26.0,,,100.0,42.0,100.0,1313.0,26,26,100,0,100,0,200,0,100.0,5575.0,100.0,39148558464.0,100.0,51539881930.0
2018-06-30,ZCH06MPF,ST12000NM0007,12000138625024,0,82,170157080,96,0,100,4,100,0,89,728182292,94,6046,100,0,100,3,,,,,100.0,0.0,100.0,0.0,,,74.0,26.0,,,100.0,42.0,100.0,1314.0,26,26,100,0,100,0,200,0,100.0,5600.0,100.0,39235679776.0,100.0,51754903570.0
2018-07-01,ZCH06MPF,ST12000NM0007,12000138625024,0,83,202385160,96,0,100,4,100,0,89,731176567,94,6069,100,0,100,3,,,,,100.0,0.0,100.0,0.0,,,74.0,26.0,,,100.0,42.0,100.0,1315.0,26,26,100,0,100,0,200,0,100.0,5624.0,100.0,39311474264.0,100.0,51955477986.0
2018-07-02,ZCH06MPF,ST12000NM0007,12000138625024,0,83,210001744,96,0,100,4,100,0,89,733708300,94,6094,100,0,100,3,,,,,100.0,0.0,100.0,0.0,,,74.0,26.0,,,100.0,43.0,100.0,1316.0,26,26,100,0,100,0,200,0,100.0,5648.0,100.0,39394568200.0,100.0,52124141434.0
2018-07-03,ZCH06MPF,ST12000NM0007,12000138625024,0,84,229253840,96,0,100,4,100,0,89,736279852,94,6118,100,0,100,3,,,,,100.0,0.0,100.0,0.0,,,74.0,26.0,,,100.0,44.0,100.0,1317.0,26,26,100,0,100,0,200,0,100.0,5672.0,100.0,39486371360.0,100.0,52295731290.0
2018-07-04,ZCH06MPF,ST12000NM0007,12000138625024,0,84,234710744,96,0,100,4,100,0,89,738822314,93,6142,100,0,100,3,,,,,100.0,0.0,100.0,0.0,,,74.0,26.0,,,100.0,44.0,100.0,1318.0,26,26,100,0,100,0,200,0,100.0,5696.0,100.0,39558579424.0,100.0,52473120794.0
2018-07-05,ZCH06MPF,ST12000NM0007,12000138625024,0,84,226189768,96,0,100,4,100,0,89,741233634,93,6166,100,0,100,3,,,,,100.0,0.0,100.0,0.0,,,74.0,26.0,,,100.0,44.0,100.0,1319.0,26,26,100,0,100,0,200,0,100.0,5720.0,100.0,39625975336.0,100.0,52641344770.0
2018-07-06,ZCH06MPF,ST12000NM0007,12000138625024,0,74,22499216,96,0,100,4,100,0,89,744041353,93,6190,100,0,100,3,,,,,100.0,0.0,100.0,0.0,,,74.0,26.0,,,100.0,44.0,100.0,1320.0,26,26,100,0,100,0,200,0,100.0,5743.0,100.0,39701771976.0,100.0,52850139114.0
2018-07-07,ZCH06MPF,ST12000NM0007,12000138625024,0,73,19078064,96,0,100,4,100,0,89,746400052,93,6213,100,0,100,3,,,,,100.0,0.0,100.0,0.0,,,74.0,26.0,,,100.0,44.0,100.0,1321.0,26,26,100,0,100,0,200,0,100.0,5767.0,100.0,39770305704.0,100.0,53022324866.0
2018-07-08,ZCH06MPF,ST12000NM0007,12000138625024,0,76,35782160,96,0,100,4,100,0,89,749125826,93,6238,100,0,100,3,,,,,100.0,0.0,100.0,0.0,,,74.0,26.0,,,100.0,44.0,100.0,1322.0,26,26,100,0,100,0,200,0,100.0,5792.0,100.0,39840043952.0,100.0,53213431794.0
2018-07-09,ZCH06MPF,ST12000NM0007,12000138625024,0,78,58693192,96,0,100,4,100,0,89,752208776,93,6262,100,0,100,3,,,,,100.0,0.0,100.0,0.0,,,74.0,26.0,,,100.0,44.0,100.0,1323.0,26,26,100,0,100,0,200,0,100.0,5815.0,100.0,39909785176.0,100.0,53410742274.0
2018-07-10,ZCH06MPF,ST12000NM0007,12000138625024,0,79.0,79613088.0,96.0,0.0,100.0,4.0,100.0,0.0,89.0,754767722.0,93.0,6286.0,100.0,0.0,100.0,3.0,,,,,100.0,0.0,100.0,0.0,,,74.0,26.0,,,100.0,44.0,100.0,1324.0,26.0,26.0,100.0,0.0,100.0,0.0,200.0,0.0,100.0,5839.0,100.0,39995104296.0,100.0,53590483834.0
2018-07-11,ZCH06MPF,ST12000NM0007,12000138625024,0,79,86906880,96,0,100,4,100,0,89,757261749,93,6309,100,0,100,3,,,,,100.0,0.0,100.0,0.0,,,74.0,26.0,,,100.0,44.0,100.0,1325.0,26,26,100,0,100,0,200,0,100.0,5863.0,100.0,40070155104.0,100.0,53766867466.0
2018-07-12,ZCH06MPF,ST12000NM0007,12000138625024,0,76,39170856,96,0,100,4,100,0,89,759121838,93,6328,100,0,100,3,,,,,100.0,0.0,100.0,0.0,,,74.0,26.0,,,100.0,44.0,100.0,1326.0,26,26,100,0,100,0,200,0,100.0,5881.0,100.0,40128270968.0,100.0,53905156410.0
2018-07-13,ZCH06MPF,ST12000NM0007,12000138625024,0,80,101312480,96,0,100,4,100,0,89,762392422,93,6351,100,0,100,3,,,,,100.0,0.0,100.0,0.0,,,74.0,26.0,,,100.0,44.0,100.0,1327.0,26,26,100,0,100,0,200,0,100.0,5904.0,100.0,40211361664.0,100.0,54128348050.0
2018-07-14,ZCH06MPF,ST12000NM0007,12000138625024,0,79,86561768,96,0,100,4,100,0,89,765029287,93,6375,100,0,100,3,,,,,100.0,0.0,100.0,0.0,,,74.0,26.0,,,100.0,45.0,100.0,1328.0,26,26,100,0,100,0,200,0,100.0,5928.0,100.0,40286045416.0,100.0,54283054522.0
2018-07-15,ZCH06MPF,ST12000NM0007,12000138625024,0,80,105429536,96,0,100,4,100,0,89,767988994,93,6399,100,0,100,3,,,,,100.0,0.0,100.0,0.0,,,74.0,26.0,,,100.0,45.0,100.0,1330.0,26,26,100,0,100,0,200,0,100.0,5952.0,100.0,40355018832.0,100.0,54477089674.0
2018-07-16,ZCH06MPF,ST12000NM0007,12000138625024,0,82,144619776,96,0,100,4,100,0,89,770928354,93,6424,100,0,100,3,,,,,100.0,0.0,100.0,0.0,,,74.0,26.0,,,100.0,46.0,100.0,1331.0,26,26,100,0,100,0,200,0,100.0,5976.0,100.0,40434658888.0,100.0,54680780682.0
2018-07-17,ZCH06MPF,ST12000NM0007,12000138625024,0,83,194392600,96,0,100,4,100,0,89,774022616,93,6448,100,0,100,3,,,,,100.0,0.0,100.0,0.0,,,74.0,26.0,,,100.0,46.0,100.0,1332.0,26,26,100,0,100,0,200,0,100.0,6000.0,100.0,40542833816.0,100.0,54866519250.0
2018-07-18,ZCH06MPF,ST12000NM0007,12000138625024,0,84,231423128,96,0,100,4,100,0,89,776922451,93,6472,100,0,100,3,,,,,100.0,0.0,100.0,0.0,,,74.0,26.0,,,100.0,46.0,100.0,1333.0,26,26,100,0,100,0,200,0,100.0,6023.0,100.0,40620946144.0,100.0,55069578290.0
2018-07-19,ZCH06MPF,ST12000NM0007,12000138625024,0,78,63737936,96,0,100,4,100,0,89,780059290,93,6496,100,0,100,3,,,,,100.0,0.0,100.0,0.0,,,74.0,26.0,,,100.0,46.0,100.0,1334.0,26,26,100,0,100,0,200,0,100.0,6047.0,100.0,40707217040.0,100.0,55303903682.0
2018-07-20,ZCH06MPF,ST12000NM0007,12000138625024,0,83,195780080,96,0,100,4,100,0,89,783860449,93,6520,100,0,100,3,,,,,100.0,0.0,100.0,0.0,,,74.0,26.0,,,100.0,46.0,100.0,1334.0,26,26,100,0,100,0,200,0,100.0,6071.0,100.0,40830957304.0,100.0,55556346234.0
2018-07-21,ZCH06MPF,ST12000NM0007,12000138625024,0,83,207272056,96,0,100,4,100,0,89,786404543,93,6544,100,0,100,3,,,,,100.0,0.0,100.0,0.0,,,74.0,26.0,,,100.0,47.0,100.0,1335.0,26,26,100,0,100,0,200,0,100.0,6096.0,100.0,40911882976.0,100.0,55731053466.0
2018-07-22,ZCH06MPF,ST12000NM0007,12000138625024,0,84,232418720,96,0,100,4,100,0,89,789085296,93,6568,100,0,100,3,,,,,100.0,0.0,100.0,0.0,,,75.0,25.0,,,100.0,47.0,100.0,1336.0,25,25,100,0,100,0,200,0,100.0,6120.0,100.0,40976355048.0,100.0,55935868866.0
2018-07-23,ZCH06MPF,ST12000NM0007,12000138625024,0,71,13017856,96,0,100,4,100,0,89,792279162,93,6592,100,0,100,3,,,,,100.0,0.0,100.0,0.0,,,74.0,26.0,,,100.0,48.0,100.0,1337.0,26,26,100,0,100,0,200,0,100.0,6144.0,100.0,41044561744.0,100.0,56136542954.0
2018-07-24,ZCH06MPF,ST12000NM0007,12000138625024,0,74,22516696,96,0,100,4,100,0,89,794786549,93,6616,100,0,100,3,,,,,100.0,0.0,100.0,0.0,,,74.0,26.0,,,100.0,48.0,100.0,1338.0,26,26,100,0,100,0,200,0,100.0,6167.0,100.0,41127087720.0,100.0,56307656514.0
2018-07-25,ZCH06MPF,ST12000NM0007,12000138625024,0,76.0,36332696.0,96.0,0.0,100.0,4.0,100.0,0.0,89.0,797173597.0,93.0,6640.0,100.0,0.0,100.0,3.0,,,,,100.0,0.0,100.0,0.0,,,74.0,26.0,,,100.0,48.0,100.0,1339.0,26.0,26.0,100.0,0.0,100.0,0.0,200.0,0.0,100.0,6191.0,100.0,41192953664.0,100.0,56499747218.0
2018-07-26,ZCH06MPF,ST12000NM0007,12000138625024,0,79,74132976,96,0,100,4,100,0,89,799744032,93,6663,100,0,100,3,,,,,100.0,0.0,100.0,0.0,,,74.0,26.0,,,100.0,48.0,100.0,1340.0,26,26,100,0,100,0,200,0,100.0,6215.0,100.0,41265954392.0,100.0,56708687658.0
2018-07-27,ZCH06MPF,ST12000NM0007,12000138625024,0,83,197982816,96,0,100,4,100,0,89,803336825,93,6690,100,0,100,3,,,,,100.0,0.0,100.0,0.0,,,74.0,26.0,,,100.0,48.0,100.0,1342.0,26,26,100,0,100,0,200,0,100.0,6240.0,100.0,41350625728.0,100.0,56992006794.0
2018-07-28,ZCH06MPF,ST12000NM0007,12000138625024,0,84,233466488,96,0,100,4,100,0,89,806290813,93,6714,100,0,100,3,,,,,100.0,0.0,100.0,0.0,,,74.0,26.0,,,100.0,49.0,100.0,1343.0,26,26,100,0,100,0,200,0,100.0,6265.0,100.0,41419543368.0,100.0,57202713466.0
2018-07-29,ZCH06MPF,ST12000NM0007,12000138625024,0,75,29003840,96,0,100,4,100,0,89,809405161,93,6738,100,0,100,3,,,,,100.0,0.0,100.0,0.0,,,74.0,26.0,,,100.0,49.0,100.0,1344.0,26,26,100,0,100,0,200,0,100.0,6289.0,100.0,41499172480.0,100.0,57406903258.0
2018-07-30,ZCH06MPF,ST12000NM0007,12000138625024,0,73,22338688,96,0,100,4,100,0,89,811989136,93,6762,100,0,100,3,,,,,100.0,0.0,100.0,0.0,,,74.0,26.0,,,100.0,50.0,100.0,1345.0,26,26,100,0,100,0,200,0,100.0,6312.0,100.0,41550125432.0,100.0,57593425994.0
2018-07-31,ZCH06MPF,ST12000NM0007,12000138625024,0,72,16479096,96,0,100,4,100,0,89,814477709,93,6786,100,0,100,3,,,,,100.0,0.0,100.0,0.0,,,74.0,26.0,,,100.0,51.0,100.0,1346.0,26,26,100,0,100,0,200,0,100.0,6336.0,100.0,41627588760.0,100.0,57754244050.0
2018-08-01,ZCH06MPF,ST12000NM0007,12000138625024,0,74,26349016,96,0,100,4,100,0,89,816772452,93,6810,100,0,100,3,,,,,100.0,0.0,100.0,0.0,,,74.0,26.0,,,100.0,51.0,100.0,1347.0,26,26,100,0,100,0,200,0,100.0,6361.0,100.0,41696683864.0,100.0,57939159666.0
2018-08-02,ZCH06MPF,ST12000NM0007,12000138625024,0,78,58601232,96,0,100,4,100,0,89,820081561,93,6834,100,0,100,3,,,,,100.0,0.0,100.0,0.0,,,74.0,26.0,,,100.0,51.0,100.0,1348.0,26,26,100,0,100,0,200,0,100.0,6384.0,100.0,41767228856.0,100.0,58145007538.0
2018-08-03,ZCH06MPF,ST12000NM0007,12000138625024,0,81,121182856,96,0,100,4,100,0,89,822819676,93,6859,100,0,100,3,,,,,100.0,0.0,100.0,0.0,,,74.0,26.0,,,100.0,51.0,100.0,1349.0,26,26,100,0,100,0,200,0,100.0,6409.0,100.0,41817423600.0,100.0,58401535266.0
2018-08-04,ZCH06MPF,ST12000NM0007,12000138625024,0,72,14327576,96,0,100,4,100,0,89,826148311,93,6887,100,0,100,3,,,,,100.0,0.0,100.0,0.0,,,74.0,26.0,,,100.0,51.0,100.0,1350.0,26,26,100,0,100,0,200,0,100.0,6437.0,100.0,41886895832.0,100.0,58713489050.0
2018-08-05,ZCH06MPF,ST12000NM0007,12000138625024,0,76,44019176,96,0,100,4,100,0,89,829151741,93,6911,100,0,100,3,,,,,100.0,0.0,100.0,0.0,,,74.0,26.0,,,100.0,51.0,100.0,1351.0,26,26,100,0,100,0,200,0,100.0,6461.0,100.0,41961709880.0,100.0,58912507378.0
2018-08-06,ZCH06MPF,ST12000NM0007,12000138625024,0,78,63156848,96,0,100,4,100,0,89,831593746,93,6936,100,0,100,3,,,,,100.0,0.0,100.0,0.0,,,74.0,26.0,,,100.0,52.0,100.0,1352.0,26,26,100,0,100,0,200,0,100.0,6485.0,100.0,42022437464.0,100.0,59115058234.0
2018-08-07,ZCH06MPF,ST12000NM0007,12000138625024,0,81,127601072,96,0,100,4,100,0,89,834227000,93,6959,100,0,100,3,,,,,100.0,0.0,100.0,0.0,,,75.0,25.0,,,100.0,52.0,100.0,1353.0,25,25,100,0,100,0,200,0,100.0,6509.0,100.0,42088160672.0,100.0,59357919914.0
2018-08-08,ZCH06MPF,ST12000NM0007,12000138625024,0,82,149588168,96,0,100,4,100,0,89,836749506,93,6984,100,0,100,3,,,,,100.0,0.0,100.0,0.0,,,75.0,25.0,,,100.0,53.0,100.0,1354.0,25,25,100,0,100,0,200,0,100.0,6533.0,100.0,42173870960.0,100.0,59538337602.0
2018-08-09,ZCH06MPF,ST12000NM0007,12000138625024,0,82,146560744,96,0,100,4,100,0,89,839111265,93,7006,100,0,100,3,,,,,100.0,0.0,100.0,0.0,,,74.0,26.0,,,100.0,54.0,100.0,1357.0,26,26,100,0,100,0,200,0,100.0,6555.0,100.0,42235528040.0,100.0,59717793810.0
2018-08-10,ZCH06MPF,ST12000NM0007,12000138625024,0,83,179935200,96,0,100,4,100,0,89,842280587,92,7030,100,0,100,3,,,,,100.0,0.0,100.0,0.0,,,74.0,26.0,,,100.0,54.0,100.0,1358.0,26,26,100,0,100,0,200,0,100.0,6579.0,100.0,42309154384.0,100.0,59921682978.0
2018-08-11,ZCH06MPF,ST12000NM0007,12000138625024,0,82,169376208,96,0,100,4,100,0,89,844784863,92,7054,100,0,100,3,,,,,100.0,0.0,100.0,0.0,,,74.0,26.0,,,100.0,55.0,100.0,1359.0,26,26,100,0,100,0,200,0,100.0,6602.0,100.0,42374656024.0,100.0,60089763250.0
2018-08-12,ZCH06MPF,ST12000NM0007,12000138625024,0,83,179856728,96,0,100,4,100,0,89,847415938,92,7078,100,0,100,3,,,,,100.0,0.0,100.0,0.0,,,74.0,26.0,,,100.0,55.0,100.0,1360.0,26,26,100,0,100,0,200,0,100.0,6627.0,100.0,42438949504.0,100.0,60280091186.0
2018-08-13,ZCH06MPF,ST12000NM0007,12000138625024,0,82,175239480,96,0,100,4,100,0,89,849768706,92,7102,100,0,100,3,,,,,100.0,0.0,100.0,0.0,,,74.0,26.0,,,100.0,56.0,100.0,1361.0,26,26,100,0,100,0,200,0,100.0,6650.0,100.0,42492269824.0,100.0,60466294282.0
2018-08-14,ZCH06MPF,ST12000NM0007,12000138625024,0,83.0,195982848.0,96.0,0.0,100.0,4.0,100.0,0.0,89.0,852506379.0,92.0,7126.0,100.0,0.0,100.0,3.0,,,,,100.0,0.0,100.0,0.0,,,74.0,26.0,,,100.0,56.0,100.0,1362.0,26.0,26.0,100.0,0.0,100.0,0.0,200.0,0.0,100.0,6674.0,100.0,42571098216.0,100.0,60652350122.0
2018-08-15,ZCH06MPF,ST12000NM0007,12000138625024,0,84.0,230018296.0,96.0,0.0,100.0,4.0,100.0,0.0,89.0,855594151.0,92.0,7148.0,100.0,0.0,100.0,3.0,,,,,100.0,0.0,100.0,0.0,,,73.0,27.0,,,100.0,57.0,100.0,1364.0,27.0,27.0,100.0,0.0,100.0,0.0,200.0,0.0,100.0,6696.0,100.0,42636767168.0,100.0,60864857666.0
2018-08-16,ZCH06MPF,ST12000NM0007,12000138625024,0,82,175660376,96,0,100,4,100,0,89,858392310,92,7172,100,0,100,3,,,,,100.0,0.0,100.0,0.0,,,74.0,26.0,,,100.0,57.0,100.0,1365.0,26,26,100,0,100,0,200,0,100.0,6720.0,100.0,42718653256.0,100.0,60972754362.0
2018-08-17,ZCH06MPF,ST12000NM0007,12000138625024,0,82,177827112,96,0,100,4,100,0,89,861369126,92,7197,100,0,100,3,,,,,100.0,0.0,100.0,0.0,,,74.0,26.0,,,100.0,58.0,100.0,1366.0,26,26,100,0,100,0,200,0,100.0,6744.0,100.0,42795779032.0,100.0,61141936050.0
2018-08-18,ZCH06MPF,ST12000NM0007,12000138625024,0,84,235300552,96,0,100,4,100,0,89,864486135,92,7220,100,0,100,3,,,,,100.0,0.0,100.0,0.0,,,74.0,26.0,,,100.0,58.0,100.0,1367.0,26,26,100,0,100,0,200,0,100.0,6768.0,100.0,42868046456.0,100.0,61371282738.0
2018-08-19,ZCH06MPF,ST12000NM0007,12000138625024,0,77,47990792,96,0,100,4,100,0,89,867673055,92,7246,100,0,100,3,,,,,100.0,0.0,100.0,0.0,,,74.0,26.0,,,100.0,58.0,100.0,1369.0,26,26,100,0,100,0,200,0,100.0,6793.0,100.0,42955970672.0,100.0,61584330322.0
2018-08-20,ZCH06MPF,ST12000NM0007,12000138625024,0,81,120615840,96,0,100,4,100,0,89,870766005,92,7271,100,0,100,3,,,,,100.0,0.0,100.0,0.0,,,74.0,26.0,,,100.0,58.0,100.0,1370.0,26,26,100,0,100,0,200,0,100.0,6818.0,100.0,43052245016.0,100.0,61804821658.0
2018-08-21,ZCH06MPF,ST12000NM0007,12000138625024,0,82,147608128,96,0,100,4,100,0,89,873398628,92,7294,100,0,100,3,,,,,100.0,0.0,100.0,0.0,,,74.0,26.0,,,100.0,58.0,100.0,1371.0,26,26,100,0,100,0,200,0,100.0,6842.0,100.0,43124276464.0,100.0,62003923170.0
2018-08-22,ZCH06MPF,ST12000NM0007,12000138625024,0,83,184891552,96,0,100,4,100,0,89,876126628,92,7318,100,0,100,3,,,,,100.0,0.0,100.0,0.0,,,74.0,26.0,,,100.0,58.0,100.0,1372.0,26,26,100,0,100,0,200,0,100.0,6865.0,100.0,43206174152.0,100.0,62203449546.0
2018-08-23,ZCH06MPF,ST12000NM0007,12000138625024,0,77,47057312,96,0,100,4,100,0,89,879295171,92,7343,100,0,100,3,,,,,100.0,0.0,100.0,0.0,,,74.0,26.0,,,100.0,58.0,100.0,1373.0,26,26,100,0,100,0,200,0,100.0,6890.0,100.0,43300840688.0,100.0,62459230066.0
2018-08-24,ZCH06MPF,ST12000NM0007,12000138625024,0,81,118416840,96,0,100,4,100,0,89,882484481,92,7366,100,0,100,3,,,,,100.0,0.0,100.0,0.0,,,74.0,26.0,,,100.0,58.0,100.0,1374.0,26,26,100,0,100,0,200,0,100.0,6913.0,100.0,43381432056.0,100.0,62694138914.0
2018-08-25,ZCH06MPF,ST12000NM0007,12000138625024,0,83,179342288,96,0,100,4,100,0,89,885562094,92,7391,100,0,100,3,,,,,100.0,0.0,100.0,0.0,,,74.0,26.0,,,100.0,58.0,100.0,1375.0,26,26,100,0,100,0,200,0,100.0,6937.0,100.0,43457328600.0,100.0,62923309058.0
2018-08-26,ZCH06MPF,ST12000NM0007,12000138625024,0,83,219159664,96,0,100,4,100,0,89,888902211,92,7415,100,0,100,3,,,,,100.0,0.0,100.0,0.0,,,74.0,26.0,,,100.0,58.0,100.0,1376.0,26,26,100,0,100,0,200,0,100.0,6962.0,100.0,43547826416.0,100.0,63116769282.0
2018-08-27,ZCH06MPF,ST12000NM0007,12000138625024,0,84,242142208,96,0,100,4,100,0,90,891490914,92,7439,100,0,100,3,,,,,100.0,0.0,100.0,0.0,,,74.0,26.0,,,100.0,58.0,100.0,1377.0,26,26,100,0,100,0,200,0,100.0,6985.0,100.0,43606615736.0,100.0,63325103378.0
2018-08-28,ZCH06MPF,ST12000NM0007,12000138625024,0,76,43207656,96,0,100,4,100,0,90,894372297,92,7463,100,0,100,3,,,,,100.0,0.0,100.0,0.0,,,74.0,26.0,,,100.0,58.0,100.0,1378.0,26,26,100,0,100,0,200,0,100.0,7009.0,100.0,43694395168.0,100.0,63526671074.0
2018-08-29,ZCH06MPF,ST12000NM0007,12000138625024,0,81,120354920,96,0,100,4,100,0,90,897454500,92,7486,100,0,100,3,,,,,100.0,0.0,100.0,0.0,,,74.0,26.0,,,100.0,59.0,100.0,1379.0,26,26,100,0,100,0,200,0,100.0,7033.0,100.0,43809374552.0,100.0,63732979762.0
2018-08-30,ZCH06MPF,ST12000NM0007,12000138625024,0,83,178207912,96,0,100,4,100,0,90,900615756,92,7512,100,0,100,3,,,,,100.0,0.0,100.0,0.0,,,74.0,26.0,,,100.0,59.0,100.0,1380.0,26,26,100,0,100,0,200,0,100.0,7058.0,100.0,43921431864.0,100.0,63922916210.0
2018-08-31,ZCH06MPF,ST12000NM0007,12000138625024,0,77,48658976,96,0,100,4,100,0,90,905166211,92,7535,100,0,100,3,,,,,100.0,0.0,100.0,0.0,,,74.0,26.0,,,100.0,59.0,100.0,1381.0,26,26,100,0,100,0,200,0,100.0,7081.0,100.0,44001863392.0,100.0,64201217282.0
2018-09-01,ZCH06MPF,ST12000NM0007,12000138625024,0,80,105913280,96,0,100,4,100,0,90,908419893,92,7560,100,0,100,3,,,,,100.0,0.0,100.0,0.0,,,74.0,26.0,,,100.0,59.0,100.0,1382.0,26,26,100,0,100,0,200,0,100.0,7106.0,100.0,44088524808.0,100.0,64415951042.0
2018-09-02,ZCH06MPF,ST12000NM0007,12000138625024,0,80,109155272,96,0,100,4,100,0,90,911617222,92,7583,100,0,100,3,,,,,100.0,0.0,100.0,0.0,,,74.0,26.0,,,100.0,59.0,100.0,1383.0,26,26,100,0,100,0,200,0,100.0,7129.0,100.0,44173154240.0,100.0,64578704266.0
2018-09-03,ZCH06MPF,ST12000NM0007,12000138625024,0,78,56295320,96,0,100,4,100,0,90,914234254,92,7607,100,0,100,3,,,,,100.0,0.0,100.0,0.0,,,74.0,26.0,,,100.0,59.0,100.0,1384.0,26,26,100,0,100,0,200,0,100.0,7153.0,100.0,44255662888.0,100.0,64687476330.0
2018-09-04,ZCH06MPF,ST12000NM0007,12000138625024,0,80,90014512,96,0,100,4,100,0,90,917440093,92,7631,100,0,100,3,,,,,100.0,0.0,100.0,0.0,,,74.0,26.0,,,100.0,60.0,100.0,1385.0,26,26,100,0,100,0,200,0,100.0,7177.0,100.0,44363409056.0,100.0,64857590258.0
2018-09-05,ZCH06MPF,ST12000NM0007,12000138625024,0,82,155535216,96,0,100,4,100,0,90,920816607,92,7655,100,0,100,3,,,,,100.0,0.0,100.0,0.0,,,74.0,26.0,,,100.0,60.0,100.0,1386.0,26,26,100,0,100,0,200,0,100.0,7201.0,100.0,44446990104.0,100.0,65083670618.0
2018-09-06,ZCH06MPF,ST12000NM0007,12000138625024,0,83,186407800,96,0,100,4,100,0,90,923747650,92,7677,100,0,100,3,,,,,100.0,0.0,100.0,0.0,,,74.0,26.0,,,100.0,60.0,100.0,1387.0,26,26,100,0,100,0,200,0,100.0,7222.0,100.0,44528328240.0,100.0,65277345986.0
2018-09-07,ZCH06MPF,ST12000NM0007,12000138625024,0,83,210441448,96,0,100,4,100,0,90,927110384,92,7701,100,0,100,3,,,,,100.0,0.0,100.0,0.0,,,74.0,26.0,,,100.0,60.0,100.0,1388.0,26,26,100,0,100,0,200,0,100.0,7246.0,100.0,44620968880.0,100.0,65452879626.0
2018-09-08,ZCH06MPF,ST12000NM0007,12000138625024,0,73,20709424,96,0,100,4,100,0,90,930308666,92,7724,100,0,100,3,,,,,100.0,0.0,100.0,0.0,,,74.0,26.0,,,100.0,60.0,100.0,1389.0,26,26,100,0,100,0,200,0,100.0,7269.0,100.0,44711077024.0,100.0,65661321050.0
2018-09-09,ZCH06MPF,ST12000NM0007,12000138625024,0,76,41387736,96,0,100,4,100,0,90,933564985,92,7748,100,0,100,3,,,,,100.0,0.0,100.0,0.0,,,74.0,26.0,,,100.0,61.0,100.0,1390.0,26,26,100,0,100,0,200,0,100.0,7293.0,100.0,44777068528.0,100.0,65860148610.0
2018-09-10,ZCH06MPF,ST12000NM0007,12000138625024,0,80,110163024,96,0,100,4,100,0,90,936953181,92,7773,100,0,100,3,,,,,100.0,0.0,100.0,0.0,,,74.0,26.0,,,100.0,61.0,100.0,1391.0,26,26,100,0,100,0,200,0,100.0,7317.0,100.0,44866926424.0,100.0,66083206938.0
2018-09-11,ZCH06MPF,ST12000NM0007,12000138625024,0,82,156184512,96,0,100,4,100,0,90,940125552,92,7797,100,0,100,3,,,,,100.0,0.0,100.0,0.0,,,74.0,26.0,,,100.0,61.0,100.0,1392.0,26,26,100,0,100,0,200,0,100.0,7341.0,100.0,44936385936.0,100.0,66303909570.0
2018-09-12,ZCH06MPF,ST12000NM0007,12000138625024,0,83,190862032,96,0,100,4,100,0,90,943005505,92,7821,100,0,100,3,,,,,100.0,0.0,100.0,0.0,,,74.0,26.0,,,100.0,61.0,100.0,1393.0,26,26,100,0,100,0,200,0,100.0,7365.0,100.0,45008912080.0,100.0,66510201754.0
2018-09-13,ZCH06MPF,ST12000NM0007,12000138625024,0,83,191527432,96,0,100,4,100,0,90,945462210,92,7842,100,0,100,3,,,,,100.0,0.0,100.0,0.0,,,74.0,26.0,,,100.0,62.0,100.0,1394.0,26,26,100,0,100,0,200,0,100.0,7386.0,100.0,45073404584.0,100.0,66690515434.0
2018-09-14,ZCH06MPF,ST12000NM0007,12000138625024,0,77,50075304,96,0,100,4,100,0,90,949758255,92,7866,100,0,100,3,,,,,100.0,0.0,100.0,0.0,,,70.0,30.0,,,100.0,63.0,100.0,1395.0,30,30,100,0,100,0,200,0,100.0,7409.0,100.0,45175946384.0,100.0,66934802770.0
2018-09-15,ZCH06MPF,ST12000NM0007,12000138625024,0,79,83871328,96,0,100,4,100,0,90,952736086,91,7890,100,0,100,3,,,,,100.0,0.0,100.0,0.0,,,71.0,29.0,,,100.0,63.0,100.0,1396.0,29,29,100,0,100,0,200,0,100.0,7434.0,100.0,45265435416.0,100.0,67123250418.0
2018-09-16,ZCH06MPF,ST12000NM0007,12000138625024,0,81,138228000,96,0,100,4,100,0,90,955872449,91,7914,100,0,100,3,,,,,100.0,0.0,100.0,0.0,,,71.0,29.0,,,100.0,63.0,100.0,1397.0,29,29,100,0,100,0,200,0,100.0,7458.0,100.0,45355471400.0,100.0,67331711938.0
2018-09-17,ZCH06MPF,ST12000NM0007,12000138625024,0,82,157191184,96,0,100,4,100,0,90,958295971,91,7937,100,0,100,3,,,,,100.0,0.0,100.0,0.0,,,71.0,29.0,,,100.0,64.0,100.0,1398.0,29,29,100,0,100,0,200,0,100.0,7481.0,100.0,45415977376.0,100.0,67534310130.0
2018-09-18,ZCH06MPF,ST12000NM0007,12000138625024,0,83,222760600,96,0,100,4,100,0,90,961275463,91,7962,100,0,100,3,,,,,100.0,0.0,100.0,0.0,,,72.0,28.0,,,100.0,64.0,100.0,1399.0,28,28,100,0,100,0,200,0,100.0,7506.0,100.0,45505723976.0,100.0,67754273586.0
2018-09-19,ZCH06MPF,ST12000NM0007,12000138625024,0,76,40823544,96,0,100,4,100,0,90,964065123,91,7986,100,0,100,3,,,,,100.0,0.0,100.0,0.0,,,72.0,28.0,,,100.0,64.0,100.0,1400.0,28,28,100,0,100,0,200,0,100.0,7530.0,100.0,45586366520.0,100.0,67979975338.0
2018-09-20,ZCH06MPF,ST12000NM0007,12000138625024,0,79,74511336,96,0,100,4,100,0,90,966849229,91,8010,100,0,100,3,,,,,100.0,0.0,100.0,0.0,,,73.0,27.0,,,100.0,64.0,100.0,1401.0,27,27,100,0,100,0,200,0,100.0,7553.0,100.0,45679163024.0,100.0,68165007722.0
2018-09-21,ZCH06MPF,ST12000NM0007,12000138625024,0,82,162825992,96,0,100,4,100,0,90,970148096,91,8034,100,0,100,3,,,,,100.0,0.0,100.0,0.0,,,73.0,27.0,,,100.0,64.0,100.0,1402.0,27,27,100,0,100,0,200,0,100.0,7577.0,100.0,45773241880.0,100.0,68403384234.0
2018-09-22,ZCH06MPF,ST12000NM0007,12000138625024,0,83,208049816,96,0,100,4,100,0,90,973226141,91,8058,100,0,100,3,,,,,100.0,0.0,100.0,0.0,,,73.0,27.0,,,100.0,64.0,100.0,1403.0,27,27,100,0,100,0,200,0,100.0,7601.0,100.0,45879255112.0,100.0,68586735482.0
2018-09-23,ZCH06MPF,ST12000NM0007,12000138625024,0,79,76541096,96,0,100,4,100,0,90,977212431,91,8082,100,0,100,3,,,,,100.0,0.0,100.0,0.0,,,72.0,28.0,,,100.0,64.0,100.0,1404.0,28,28,100,0,100,0,200,0,100.0,7625.0,100.0,45997584608.0,100.0,68825178730.0
2018-09-24,ZCH06MPF,ST12000NM0007,12000138625024,0,80,105777296,96,0,100,4,100,0,90,979856721,91,8106,100,0,100,3,,,,,100.0,0.0,100.0,0.0,,,73.0,27.0,,,100.0,64.0,100.0,1405.0,27,27,100,0,100,0,200,0,100.0,7649.0,100.0,46068847120.0,100.0,69027293226.0
2018-09-25,ZCH06MPF,ST12000NM0007,12000138625024,0,81,136215448,96,0,100,4,100,0,90,982401208,91,8130,100,0,100,3,,,,,100.0,0.0,100.0,0.0,,,73.0,27.0,,,100.0,64.0,100.0,1406.0,27,27,100,0,100,0,200,0,100.0,7672.0,100.0,46140000800.0,100.0,69230718354.0
2018-09-26,ZCH06MPF,ST12000NM0007,12000138625024,0,83,196442760,96,0,100,4,100,0,90,985212047,91,8154,100,0,100,3,,,,,100.0,0.0,100.0,0.0,,,72.0,28.0,,,100.0,64.0,100.0,1407.0,28,28,100,0,100,0,200,0,100.0,7697.0,100.0,46224839784.0,100.0,69450247714.0
2018-09-27,ZCH06MPF,ST12000NM0007,12000138625024,0,83,220676232,96,0,100,4,100,0,90,987996939,91,8178,100,0,100,3,,,,,100.0,0.0,100.0,0.0,,,73.0,27.0,,,100.0,65.0,100.0,1408.0,27,27,100,0,100,0,200,0,100.0,7720.0,100.0,46307373048.0,100.0,69636089298.0
2018-09-28,ZCH06MPF,ST12000NM0007,12000138625024,0,80,92570440,96,0,100,4,100,0,90,991715162,91,8202,100,0,100,3,,,,,100.0,0.0,100.0,0.0,,,72.0,28.0,,,100.0,66.0,100.0,1409.0,28,28,100,0,100,0,200,0,100.0,7744.0,100.0,46410521480.0,100.0,69893116378.0
2018-09-29,ZCH06MPF,ST12000NM0007,12000138625024,0,82,148231864,96,0,100,4,100,0,90,995324836,91,8226,100,0,100,3,,,,,100.0,0.0,100.0,0.0,,,72.0,28.0,,,100.0,66.0,100.0,1410.0,28,28,100,0,100,0,200,0,100.0,7768.0,100.0,46481977600.0,100.0,70121462354.0
2018-09-30,ZCH06MPF,ST12000NM0007,12000138625024,0,82,164343504,96,0,100,4,100,0,90,998122084,91,8247,100,0,100,3,,,,,100.0,0.0,100.0,0.0,,,72.0,28.0,,,100.0,66.0,100.0,1411.0,28,28,100,0,100,0,200,0,100.0,7789.0,100.0,46553761384.0,100.0,70309931042.0
2018-10-01,ZCH06MPF,ST12000NM0007,12000138625024,0,84,230398336,96,0,100,4,100,0,63,1949667,91,8272,100,0,100,3,,,,,100.0,0.0,100.0,0.0,,,73.0,27.0,,,100.0,66.0,100.0,1412.0,27,27,100,0,100,0,200,0,100.0,7814.0,100.0,46630642072.0,100.0,70543245818.0
2018-10-02,ZCH06MPF,ST12000NM0007,12000138625024,0,75,35471120,96,0,100,4,100,0,67,5215612,91,8296,100,0,100,3,,,,,100.0,0.0,100.0,0.0,,,72.0,28.0,,,100.0,66.0,100.0,1413.0,28,28,100,0,100,0,200,0,100.0,7838.0,100.0,46714899160.0,100.0,70752343066.0
2018-10-03,ZCH06MPF,ST12000NM0007,12000138625024,0,76,40807568,96,0,100,4,100,0,69,8113154,91,8319,100,0,100,3,,,,,100.0,0.0,100.0,0.0,,,73.0,27.0,,,100.0,67.0,100.0,1414.0,27,27,100,0,100,0,200,0,100.0,7861.0,100.0,46778356448.0,100.0,70938362890.0
2018-10-04,ZCH06MPF,ST12000NM0007,12000138625024,0,67.0,5528984.0,96.0,0.0,100.0,4.0,100.0,0.0,70.0,10878133.0,91.0,8344.0,100.0,0.0,100.0,3.0,,,,,100.0,0.0,100.0,0.0,,,73.0,27.0,,,100.0,67.0,100.0,1415.0,27.0,27.0,100.0,0.0,100.0,0.0,200.0,0.0,100.0,7885.0,100.0,46854473616.0,100.0,71071107818.0
2018-10-05,ZCH06MPF,ST12000NM0007,12000138625024,0,68,6181272,96,0,100,4,100,0,72,14280712,91,8368,100,0,100,3,,,,,100.0,0.0,100.0,0.0,,,73.0,27.0,,,100.0,67.0,100.0,1416.0,27,27,100,0,100,0,200,0,100.0,7909.0,100.0,46949737760.0,100.0,71220636594.0
2018-10-06,ZCH06MPF,ST12000NM0007,12000138625024,0,79,77765000,96,0,100,4,100,0,73,17863056,91,8392,100,0,100,3,,,,,100.0,0.0,100.0,0.0,,,73.0,27.0,,,100.0,68.0,100.0,1417.0,27,27,100,0,100,0,200,0,100.0,7933.0,100.0,47050538512.0,100.0,71435560234.0
2018-10-07,ZCH06MPF,ST12000NM0007,12000138625024,0,83,204996720,96,0,100,4,100,0,73,21905362,91,8415,100,0,100,3,,,,,100.0,0.0,100.0,0.0,,,73.0,27.0,,,100.0,68.0,100.0,1418.0,27,27,100,0,100,0,200,0,100.0,7956.0,100.0,47205881768.0,100.0,71651589386.0
2018-10-08,ZCH06MPF,ST12000NM0007,12000138625024,0,75,33091640,96,0,100,4,100,0,74,25646245,91,8439,100,0,100,3,,,,,100.0,0.0,100.0,0.0,,,72.0,28.0,,,100.0,69.0,100.0,1419.0,28,28,100,0,100,0,200,0,100.0,7980.0,100.0,47311511456.0,100.0,71862336218.0
2018-10-09,ZCH06MPF,ST12000NM0007,12000138625024,0,81.0,118296776.0,96.0,0.0,100.0,4.0,100.0,0.0,75.0,29385945.0,91.0,8464.0,100.0,0.0,100.0,3.0,,,,,100.0,0.0,100.0,0.0,,,72.0,28.0,,,100.0,70.0,100.0,1420.0,28.0,28.0,100.0,0.0,100.0,0.0,200.0,0.0,100.0,8004.0,100.0,47419600648.0,100.0,72083592818.0
2018-10-10,ZCH06MPF,ST12000NM0007,12000138625024,0,81,117004360,96,0,100,4,100,0,75,32314142,91,8487,100,0,100,3,,,,,100.0,0.0,100.0,0.0,,,72.0,28.0,,,100.0,70.0,100.0,1421.0,28,28,100,0,100,0,200,0,100.0,8027.0,100.0,47491064832.0,100.0,72254976986.0
2018-10-11,ZCH06MPF,ST12000NM0007,12000138625024,0,83,184042480,96,0,100,4,100,0,76,35856971,91,8511,100,0,100,3,,,,,100.0,0.0,100.0,0.0,,,72.0,28.0,,,100.0,71.0,100.0,1422.0,28,28,100,0,100,0,200,0,100.0,8051.0,100.0,47607633888.0,100.0,72449586802.0
2018-10-12,ZCH06MPF,ST12000NM0007,12000138625024,0,80,104592664,96,0,100,4,100,0,76,40321163,91,8535,100,0,100,3,,,,,100.0,0.0,100.0,0.0,,,72.0,28.0,,,100.0,71.0,100.0,1423.0,28,28,100,0,100,0,200,0,100.0,8075.0,100.0,47728459608.0,100.0,72737592738.0
2018-10-13,ZCH06MPF,ST12000NM0007,12000138625024,0,65,2960160,96,0,100,4,100,0,76,44119126,91,8559,100,0,100,3,,,,,100.0,0.0,100.0,0.0,,,72.0,28.0,,,100.0,71.0,100.0,1424.0,28,28,100,0,100,0,200,0,100.0,8098.0,100.0,47849019368.0,100.0,73003682082.0
2018-10-14,ZCH06MPF,ST12000NM0007,12000138625024,0,75,31975152,96,0,100,4,100,0,77,51829110,91,8583,100,0,100,3,,,,,100.0,0.0,100.0,0.0,,,72.0,28.0,,,100.0,72.0,100.0,1425.0,28,28,100,0,100,0,200,0,100.0,8122.0,100.0,48120291664.0,100.0,73249706418.0
2018-10-15,ZCH06MPF,ST12000NM0007,12000138625024,0,81,124391104,96,0,100,4,100,0,78,59161877,91,8607,100,0,100,3,,,,,100.0,0.0,100.0,0.0,,,72.0,28.0,,,100.0,72.0,100.0,1426.0,28,28,100,0,100,0,200,0,100.0,8147.0,100.0,48477745728.0,100.0,73472949682.0
2018-10-16,ZCH06MPF,ST12000NM0007,12000138625024,0,83,183852496,96,0,100,4,100,0,78,66240000,91,8632,100,0,100,3,,,,,100.0,0.0,100.0,0.0,,,72.0,28.0,,,100.0,72.0,100.0,1427.0,28,28,100,0,100,0,200,0,100.0,8171.0,100.0,48793299664.0,100.0,73705138538.0
2018-10-17,ZCH06MPF,ST12000NM0007,12000138625024,0,81,127467968,96,0,100,4,100,0,79,72143087,91,8655,100,0,100,3,,,,,100.0,0.0,100.0,0.0,,,72.0,28.0,,,100.0,73.0,100.0,1428.0,28,28,100,0,100,0,200,0,100.0,8194.0,100.0,49045701336.0,100.0,73884633770.0
2018-10-18,ZCH06MPF,ST12000NM0007,12000138625024,0,83,182093824,96,0,100,4,100,0,79,79973365,91,8684,100,0,100,3,,,,,100.0,0.0,100.0,0.0,,,72.0,28.0,,,100.0,73.0,100.0,1429.0,28,28,100,0,100,0,200,0,100.0,8223.0,100.0,49331494968.0,100.0,74141747338.0
2018-10-19,ZCH06MPF,ST12000NM0007,12000138625024,0,80,112104552,96,0,100,4,100,0,79,86180063,91,8707,100,0,100,3,,,,,100.0,0.0,100.0,0.0,,,72.0,28.0,,,100.0,73.0,100.0,1430.0,28,28,100,0,100,0,200,0,100.0,8246.0,100.0,49570278648.0,100.0,74321255770.0
2018-10-20,ZCH06MPF,ST12000NM0007,12000138625024,0,73,20990008,96,0,100,4,100,0,80,91985505,91,8732,100,0,100,3,,,,,100.0,0.0,100.0,0.0,,,72.0,28.0,,,100.0,73.0,100.0,1431.0,28,28,100,0,100,0,200,0,100.0,8271.0,100.0,49749511680.0,100.0,74539189738.0
2018-10-21,ZCH06MPF,ST12000NM0007,12000138625024,0,100,173464,96,0,100,4,100,0,80,97428680,91,8755,100,0,100,3,,,,,100.0,0.0,100.0,0.0,,,72.0,28.0,,,100.0,73.0,100.0,1432.0,28,28,100,0,100,0,200,0,100.0,8294.0,100.0,49764737792.0,100.0,74747287866.0
2018-10-22,ZCH06MPF,ST12000NM0007,12000138625024,0,78,65708984,96,0,100,4,100,0,80,101771186,90,8780,100,0,100,3,,,,,100.0,0.0,100.0,0.0,,,73.0,27.0,,,100.0,73.0,100.0,1433.0,27,27,100,0,100,0,200,0,100.0,8318.0,100.0,49772712280.0,100.0,75048989546.0
2018-10-23,ZCH06MPF,ST12000NM0007,12000138625024,0,72,15214368,96,0,100,4,100,0,80,103551885,90,8804,100,0,100,3,,,,,100.0,0.0,100.0,0.0,,,73.0,27.0,,,100.0,74.0,100.0,1434.0,27,27,100,0,100,0,200,0,100.0,8343.0,100.0,49776817016.0,100.0,75238530914.0
2018-10-25,ZCH06MPF,ST12000NM0007,12000138625024,0,83,180086968,96,0,100,4,100,0,80,108498851,90,8853,100,0,100,3,,,,,100.0,0.0,100.0,0.0,,,73.0,27.0,,,100.0,76.0,100.0,1436.0,27,27,100,0,100,0,200,0,100.0,8391.0,100.0,49789549864.0,100.0,75634811394.0
2018-10-26,ZCH06MPF,ST12000NM0007,12000138625024,0,82,145191872,96,0,100,4,100,0,80,111085293,90,8876,100,0,100,3,,,,,100.0,0.0,100.0,0.0,,,73.0,27.0,,,100.0,77.0,100.0,1437.0,27,27,100,0,100,0,200,0,100.0,8414.0,100.0,49801832568.0,100.0,75831774226.0
2018-10-27,ZCH06MPF,ST12000NM0007,12000138625024,0,78,59939368,96,0,100,4,100,0,81,112356842,90,8901,100,0,100,3,,,,,100.0,0.0,100.0,0.0,,,73.0,27.0,,,100.0,77.0,100.0,1438.0,27,27,100,0,100,0,200,0,100.0,8439.0,100.0,49807766352.0,100.0,75984728690.0
2018-10-28,ZCH06MPF,ST12000NM0007,12000138625024,0,71,11360080,96,0,100,4,100,0,81,114947749,90,8925,100,0,100,3,,,,,100.0,0.0,100.0,0.0,,,73.0,27.0,,,100.0,77.0,100.0,1439.0,27,27,100,0,100,0,200,0,100.0,8463.0,100.0,49819852408.0,100.0,76168203978.0
2018-10-29,ZCH06MPF,ST12000NM0007,12000138625024,0,84,227423840,96,0,100,4,100,0,81,117531672,90,8949,100,0,100,3,,,,,100.0,0.0,100.0,0.0,,,73.0,27.0,,,100.0,78.0,100.0,1440.0,27,27,100,0,100,0,200,0,100.0,8487.0,100.0,49827194832.0,100.0,76376925322.0
2018-10-30,ZCH06MPF,ST12000NM0007,12000138625024,0,83,184158736,96,0,100,4,100,0,81,119145005,90,8974,100,0,100,3,,,,,100.0,0.0,100.0,0.0,,,73.0,27.0,,,100.0,79.0,100.0,1441.0,27,27,100,0,100,0,200,0,100.0,8511.0,100.0,49834127944.0,100.0,76570867914.0
2018-10-31,ZCH06MPF,ST12000NM0007,12000138625024,0,80,109568552,96.0,0.0,100.0,4.0,100.0,0.0,81.0,120262329.0,90,8996,100.0,0.0,100,3,,,,,100.0,0.0,100.0,0.0,,,73.0,27.0,,,100.0,80.0,100.0,1442.0,27,27,100.0,0.0,100.0,0.0,200.0,0.0,100.0,8533.0,100.0,49839109896.0,100.0,76735436658.0
2018-11-01,ZCH06MPF,ST12000NM0007,12000138625024,0,80,102094728,96.0,0.0,100.0,4.0,100.0,0.0,81.0,122623766.0,90,9022,100.0,0.0,100,3,,,,,100.0,0.0,100.0,0.0,,,72.0,28.0,,,100.0,80.0,100.0,1444.0,28,28,100.0,0.0,100.0,0.0,200.0,0.0,100.0,8560.0,100.0,49851493104.0,100.0,76959720370.0
2018-11-02,ZCH06MPF,ST12000NM0007,12000138625024,0,79,88053576,96.0,0.0,100.0,4.0,100.0,0.0,81.0,125344073.0,90,9047,100.0,0.0,100,3,,,,,100.0,0.0,100.0,0.0,,,72.0,28.0,,,100.0,80.0,100.0,1445.0,28,28,100.0,0.0,100.0,0.0,200.0,0.0,100.0,8584.0,100.0,49859821808.0,100.0,77181491154.0
2018-11-03,ZCH06MPF,ST12000NM0007,12000138625024,0,76,39385360,96.0,0.0,100.0,4.0,100.0,0.0,81.0,126831911.0,90,9071,100.0,0.0,100,3,,,,,100.0,0.0,100.0,0.0,,,73.0,27.0,,,100.0,80.0,100.0,1446.0,27,27,100.0,0.0,100.0,0.0,200.0,0.0,100.0,8608.0,100.0,49865628248.0,100.0,77371157242.0
2018-11-04,ZCH06MPF,ST12000NM0007,12000138625024,0,84,237931224,96.0,0.0,100.0,4.0,100.0,0.0,81.0,129572627.0,90,9095,100.0,0.0,100,3,,,,,100.0,0.0,100.0,0.0,,,73.0,27.0,,,100.0,80.0,100.0,1447.0,27,27,100.0,0.0,100.0,0.0,200.0,0.0,100.0,8632.0,100.0,49879691792.0,100.0,77555639562.0
2018-11-05,ZCH06MPF,ST12000NM0007,12000138625024,0,83,202617024,96.0,0.0,100.0,4.0,100.0,0.0,81.0,131204890.0,90,9120,100.0,0.0,100,3,,,,,100.0,0.0,100.0,0.0,,,73.0,27.0,,,100.0,81.0,100.0,1448.0,27,27,100.0,0.0,100.0,0.0,200.0,0.0,100.0,8656.0,100.0,49887349224.0,100.0,77756808578.0
2018-11-06,ZCH06MPF,ST12000NM0007,12000138625024,0,82.0,150759304.0,96.0,0.0,100.0,4.0,100.0,0.0,81.0,132717314.0,90.0,9144.0,100.0,0.0,100.0,3.0,,,,,100.0,0.0,100.0,0.0,,,73.0,27.0,,,100.0,82.0,100.0,1449.0,27.0,27.0,100.0,0.0,100.0,0.0,200.0,0.0,100.0,8680.0,100.0,49894029728.0,100.0,77942411194.0
2018-11-07,ZCH06MPF,ST12000NM0007,12000138625024,0,78.0,62233898.0,94.0,0.0,100.0,5.0,100.0,0.0,81.0,133870261.0,90.0,9161.0,100.0,0.0,100.0,4.0,,,,,100.0,0.0,100.0,0.0,,,73.0,27.0,,,100.0,83.0,100.0,1450.0,27.0,27.0,100.0,0.0,100.0,0.0,200.0,0.0,100.0,8698.0,100.0,49899138248.0,100.0,78092917948.0
2018-11-08,ZCH06MPF,ST12000NM0007,12000138625024,0,77.0,45922016.0,94.0,0.0,100.0,5.0,100.0,0.0,81.0,135518093.0,90.0,9189.0,100.0,0.0,100.0,4.0,,,,,100.0,0.0,100.0,0.0,,,73.0,27.0,,,100.0,84.0,100.0,1451.0,27.0,27.0,100.0,0.0,100.0,0.0,200.0,0.0,100.0,8725.0,100.0,49906184760.0,100.0,78313700412.0
2018-11-09,ZCH06MPF,ST12000NM0007,12000138625024,0,76,38445768,94.0,0.0,100.0,5.0,100.0,0.0,81.0,138174836.0,90,9213,100.0,0.0,100,4,,,,,100.0,0.0,100.0,0.0,,,74.0,26.0,,,100.0,84.0,100.0,1452.0,26,26,100.0,0.0,100.0,0.0,200.0,0.0,100.0,8749.0,100.0,49920974560.0,100.0,78535575172.0
2018-11-10,ZCH06MPF,ST12000NM0007,12000138625024,0,83,201128352,94.0,0.0,100.0,5.0,100.0,0.0,81.0,139626400.0,90,9237,100.0,0.0,100,4,,,,,100.0,0.0,100.0,0.0,,,74.0,26.0,,,100.0,84.0,100.0,1453.0,26,26,100.0,0.0,100.0,0.0,200.0,0.0,100.0,8773.0,100.0,49928600840.0,100.0,78690631476.0
2018-11-11,ZCH06MPF,ST12000NM0007,12000138625024,0,82,141593120,94.0,0.0,100.0,5.0,100.0,0.0,82.0,142290545.0,90,9260,100.0,0.0,100,4,,,,,100.0,0.0,100.0,0.0,,,73.0,27.0,,,100.0,84.0,100.0,1454.0,27,27,100.0,0.0,100.0,0.0,200.0,0.0,100.0,8796.0,100.0,49943171304.0,100.0,78860666876.0
2018-11-12,ZCH06MPF,ST12000NM0007,12000138625024,0,74,26954168,94.0,0.0,100.0,5.0,100.0,0.0,82.0,143591104.0,90,9284,100.0,0.0,100,4,,,,,100.0,0.0,100.0,0.0,,,74.0,26.0,,,100.0,85.0,100.0,1455.0,26,26,100.0,0.0,100.0,0.0,200.0,0.0,100.0,8820.0,100.0,49951171200.0,100.0,78982168884.0
2018-11-13,ZCH06MPF,ST12000NM0007,12000138625024,0,83,199144608,94.0,0.0,100.0,5.0,100.0,0.0,82.0,145090842.0,90,9308,100.0,0.0,100,4,,,,,100.0,0.0,100.0,0.0,,,74.0,26.0,,,100.0,85.0,100.0,1456.0,26,26,100.0,0.0,100.0,0.0,200.0,0.0,100.0,8844.0,100.0,49957615208.0,100.0,79147915316.0
2018-11-14,ZCH06MPF,ST12000NM0007,12000138625024,0,82,144190456,94.0,0.0,100.0,5.0,100.0,0.0,82.0,146633398.0,90,9332,100.0,0.0,100,4,,,,,100.0,0.0,100.0,0.0,,,73.0,27.0,,,100.0,86.0,100.0,1457.0,27,27,100.0,0.0,100.0,0.0,200.0,0.0,100.0,8868.0,100.0,49965427144.0,100.0,79329290100.0
2018-11-15,ZCH06MPF,ST12000NM0007,12000138625024,0,79,73584184,94.0,0.0,100.0,5.0,100.0,0.0,82.0,148187972.0,90,9357,100.0,0.0,100,4,,,,,100.0,0.0,100.0,0.0,,,73.0,27.0,,,100.0,87.0,100.0,1458.0,27,27,100.0,0.0,100.0,0.0,200.0,0.0,100.0,8893.0,100.0,49972852040.0,100.0,79495399732.0
2018-11-16,ZCH06MPF,ST12000NM0007,12000138625024,0,83,186697728,94.0,0.0,100.0,5.0,100.0,0.0,82.0,153242990.0,90,9381,100.0,0.0,100,4,,,,,100.0,0.0,100.0,0.0,,,72.0,28.0,,,100.0,87.0,100.0,1459.0,28,28,100.0,0.0,100.0,0.0,200.0,0.0,100.0,8916.0,100.0,50119795976.0,100.0,79705710324.0
2018-11-17,ZCH06MPF,ST12000NM0007,12000138625024,0,78.0,68997680.0,94.0,0.0,100.0,5.0,100.0,0.0,82.0,160911824.0,90.0,9405.0,100.0,0.0,100.0,4.0,,,,,100.0,0.0,100.0,0.0,,,72.0,28.0,,,100.0,88.0,100.0,1460.0,28.0,28.0,100.0,0.0,100.0,0.0,200.0,0.0,100.0,8940.0,100.0,50425692240.0,100.0,80014536020.0
2018-11-18,ZCH06MPF,ST12000NM0007,12000138625024,0,80,91778552,94.0,0.0,100.0,5.0,100.0,0.0,82.0,168341420.0,90,9427,100.0,0.0,100,4,,,,,100.0,0.0,100.0,0.0,,,72.0,28.0,,,100.0,88.0,100.0,1461.0,28,28,100.0,0.0,100.0,0.0,200.0,0.0,100.0,8963.0,100.0,50681966936.0,100.0,80269323668.0
2018-11-19,ZCH06MPF,ST12000NM0007,12000138625024,0,72,17256792,94.0,0.0,100.0,5.0,100.0,0.0,82.0,177118600.0,90,9452,100.0,0.0,100,4,,,,,100.0,0.0,100.0,0.0,,,72.0,28.0,,,100.0,88.0,100.0,1462.0,28,28,100.0,0.0,100.0,0.0,200.0,0.0,100.0,8987.0,100.0,50991134856.0,100.0,80618056100.0
2018-11-20,ZCH06MPF,ST12000NM0007,12000138625024,0,81,124171960,94.0,0.0,100.0,5.0,100.0,0.0,83.0,184883838.0,90,9476,100.0,0.0,100,4,,,,,100.0,0.0,100.0,0.0,,,72.0,28.0,,,100.0,88.0,100.0,1463.0,28,28,100.0,0.0,100.0,0.0,200.0,0.0,100.0,9011.0,100.0,51300257112.0,100.0,80904130308.0
2018-11-21,ZCH06MPF,ST12000NM0007,12000138625024,0,76,37833728,94.0,0.0,100.0,5.0,100.0,0.0,83.0,192772293.0,90,9500,100.0,0.0,100,4,,,,,100.0,0.0,100.0,0.0,,,72.0,28.0,,,100.0,88.0,100.0,1464.0,28,28,100.0,0.0,100.0,0.0,200.0,0.0,100.0,9035.0,100.0,51635152624.0,100.0,81215318900.0
2018-11-22,ZCH06MPF,ST12000NM0007,12000138625024,0,82,155665928,94.0,0.0,100.0,5.0,100.0,0.0,83.0,200621291.0,90,9525,100.0,0.0,100,4,,,,,100.0,0.0,100.0,0.0,,,69.0,31.0,,,100.0,88.0,100.0,1465.0,31,31,100.0,0.0,100.0,0.0,200.0,0.0,100.0,9060.0,100.0,51968257616.0,100.0,81488327628.0
2018-11-23,ZCH06MPF,ST12000NM0007,12000138625024,0,79,83813832,94.0,0.0,100.0,5.0,100.0,0.0,83.0,207791885.0,90,9548,100.0,0.0,100,4,,,,,100.0,0.0,100.0,0.0,,,72.0,28.0,,,100.0,88.0,100.0,1466.0,28,28,100.0,0.0,100.0,0.0,200.0,0.0,100.0,9083.0,100.0,52139163048.0,100.0,81733851364.0
2018-11-24,ZCH06MPF,ST12000NM0007,12000138625024,0,84,228050544,94.0,0.0,100.0,5.0,100.0,0.0,83.0,210695492.0,90,9573,100.0,0.0,100,4,,,,,100.0,0.0,100.0,0.0,,,73.0,27.0,,,100.0,88.0,100.0,1467.0,27,27,100.0,0.0,100.0,0.0,200.0,0.0,100.0,9107.0,100.0,52144611496.0,100.0,81872639628.0
2018-11-25,ZCH06MPF,ST12000NM0007,12000138625024,0,83,206212616,94.0,0.0,100.0,5.0,100.0,0.0,83.0,214423289.0,90,9596,100.0,0.0,100,4,,,,,100.0,0.0,100.0,0.0,,,72.0,28.0,,,100.0,89.0,100.0,1468.0,28,28,100.0,0.0,100.0,0.0,200.0,0.0,100.0,9130.0,100.0,52162535104.0,100.0,82077018836.0
2018-11-26,ZCH06MPF,ST12000NM0007,12000138625024,0,76,36890904,94.0,0.0,100.0,5.0,100.0,0.0,83.0,218973945.0,90,9621,100.0,0.0,100,4,,,,,100.0,0.0,100.0,0.0,,,73.0,27.0,,,100.0,89.0,100.0,1469.0,27,27,100.0,0.0,100.0,0.0,200.0,0.0,100.0,9155.0,100.0,52169066088.0,100.0,82389447420.0
2018-11-27,ZCH06MPF,ST12000NM0007,12000138625024,0,83,180525688,94.0,0.0,100.0,5.0,100.0,0.0,83.0,220400965.0,89,9645,100.0,0.0,100,4,,,,,100.0,0.0,100.0,0.0,,,73.0,27.0,,,100.0,90.0,100.0,1470.0,27,27,100.0,0.0,100.0,0.0,200.0,0.0,100.0,9179.0,100.0,52174417936.0,100.0,82527730356.0
2018-11-28,ZCH06MPF,ST12000NM0007,12000138625024,0,82,177209616,94.0,0.0,100.0,5.0,100.0,0.0,84.0,223895784.0,89,9669,100.0,0.0,100,4,,,,,100.0,0.0,100.0,0.0,,,73.0,27.0,,,100.0,90.0,100.0,1471.0,27,27,100.0,0.0,100.0,0.0,200.0,0.0,100.0,9203.0,100.0,52180472512.0,100.0,82762500340.0
2018-11-29,ZCH06MPF,ST12000NM0007,12000138625024,0,80,96928944,94.0,0.0,100.0,5.0,100.0,0.0,84.0,225434232.0,89,9693,100.0,0.0,100,4,,,,,100.0,0.0,100.0,0.0,,,74.0,26.0,,,100.0,91.0,100.0,1472.0,26,26,100.0,0.0,100.0,0.0,200.0,0.0,100.0,9227.0,100.0,52186180656.0,100.0,82920652340.0
2018-11-30,ZCH06MPF,ST12000NM0007,12000138625024,0,77,48322664,94.0,0.0,100.0,5.0,100.0,0.0,84.0,228592247.0,89,9717,100.0,0.0,100,4,,,,,100.0,0.0,100.0,0.0,,,75.0,25.0,,,100.0,92.0,100.0,1473.0,25,25,100.0,0.0,100.0,0.0,200.0,0.0,100.0,9251.0,100.0,52203324488.0,100.0,83099043028.0
2018-12-01,ZCH06MPF,ST12000NM0007,12000138625024,0,83,178415424,94.0,0.0,100.0,5.0,100.0,0.0,84.0,229855564.0,89,9741,100.0,0.0,100,4,,,,,100.0,0.0,100.0,0.0,,,75.0,25.0,,,100.0,93.0,100.0,1474.0,25,25,100.0,0.0,100.0,0.0,200.0,0.0,100.0,9275.0,100.0,52207595024.0,100.0,83224865252.0
2018-12-02,ZCH06MPF,ST12000NM0007,12000138625024,0,80,91179680,94.0,0.0,100.0,5.0,100.0,0.0,84.0,232689686.0,89,9764,100.0,0.0,100,4,,,,,100.0,0.0,100.0,0.0,,,75.0,25.0,,,100.0,93.0,100.0,1475.0,25,25,100.0,0.0,100.0,0.0,200.0,0.0,100.0,9298.0,100.0,52223800024.0,100.0,83365565140.0
2018-12-03,ZCH06MPF,ST12000NM0007,12000138625024,0,84,237339608,94.0,0.0,100.0,5.0,100.0,0.0,84.0,233981156.0,89,9788,100.0,0.0,100,4,,,,,100.0,0.0,100.0,0.0,,,75.0,25.0,,,100.0,94.0,100.0,1476.0,25,25,100.0,0.0,100.0,0.0,200.0,0.0,100.0,9322.0,100.0,52227924848.0,100.0,83507600244.0
2018-12-04,ZCH06MPF,ST12000NM0007,12000138625024,0,81,130922864,94.0,0.0,100.0,5.0,100.0,0.0,84.0,235240530.0,89,9811,100.0,0.0,100,4,,,,,100.0,0.0,100.0,0.0,,,75.0,25.0,,,100.0,95.0,100.0,1477.0,25,25,100.0,0.0,100.0,0.0,200.0,0.0,100.0,9345.0,100.0,52234952136.0,100.0,83638296972.0
2018-12-05,ZCH06MPF,ST12000NM0007,12000138625024,0,84.0,230078360.0,94.0,0.0,100.0,5.0,100.0,0.0,84.0,236446036.0,89.0,9836.0,100.0,0.0,100.0,4.0,,,,,100.0,0.0,100.0,0.0,,,75.0,25.0,,,100.0,96.0,100.0,1478.0,25.0,25.0,100.0,0.0,100.0,0.0,200.0,0.0,100.0,9369.0,100.0,52254648224.0,100.0,83717756380.0
2018-12-06,ZCH06MPF,ST12000NM0007,12000138625024,0,83,184192592,94.0,0.0,100.0,5.0,100.0,0.0,84.0,238256106.0,89,9862,100.0,0.0,100,4,,,,,100.0,0.0,100.0,0.0,,,75.0,25.0,,,100.0,97.0,100.0,1479.0,25,25,100.0,0.0,100.0,0.0,200.0,0.0,100.0,9396.0,100.0,52276723592.0,100.0,83893935900.0
2018-12-07,ZCH06MPF,ST12000NM0007,12000138625024,0,80,89747560,94.0,0.0,100.0,5.0,100.0,0.0,84.0,241477434.0,89,9887,100.0,0.0,100,4,,,,,100.0,0.0,100.0,0.0,,,75.0,25.0,,,100.0,97.0,100.0,1480.0,25,25,100.0,0.0,100.0,0.0,200.0,0.0,100.0,9420.0,100.0,52309693768.0,100.0,84010661324.0
2018-12-08,ZCH06MPF,ST12000NM0007,12000138625024,0,83,198907634,94.0,0.0,100.0,5.0,100.0,0.0,84.0,242672850.0,89,9907,100.0,0.0,100,4,,,,,100.0,0.0,100.0,0.0,,,75.0,25.0,,,100.0,97.0,100.0,1485.0,25,25,100.0,0.0,100.0,0.0,200.0,0.0,100.0,9439.0,100.0,52324271152.0,100.0,84105244014.0
2018-12-09,ZCH06MPF,ST12000NM0007,12000138625024,0,81,126266696,94.0,0.0,100.0,5.0,100.0,0.0,84.0,245906621.0,89,9933,100.0,0.0,100,4,,,,,100.0,0.0,100.0,0.0,,,75.0,25.0,,,100.0,98.0,100.0,1486.0,25,25,100.0,0.0,100.0,0.0,200.0,0.0,100.0,9465.0,100.0,52349117128.0,100.0,84251897846.0
2018-12-10,ZCH06MPF,ST12000NM0007,12000138625024,0,74,24508904,94.0,0.0,100.0,5.0,100.0,0.0,84.0,247470460.0,89,9957,100.0,0.0,100,4,,,,,100.0,0.0,100.0,0.0,,,75.0,25.0,,,100.0,98.0,100.0,1487.0,25,25,100.0,0.0,100.0,0.0,200.0,0.0,100.0,9489.0,100.0,52369599920.0,100.0,84373797974.0
2018-12-11,ZCH06MPF,ST12000NM0007,12000138625024,0,83,209802904,94.0,0.0,100.0,5.0,100.0,0.0,84.0,250296445.0,89,9980,100.0,0.0,100,4,,,,,100.0,0.0,100.0,0.0,,,75.0,25.0,,,100.0,99.0,100.0,1488.0,25,25,100.0,0.0,100.0,0.0,200.0,0.0,100.0,9512.0,100.0,52393700960.0,100.0,84534990934.0
2018-12-12,ZCH06MPF,ST12000NM0007,12000138625024,0,80,103130712,94.0,0.0,100.0,5.0,100.0,0.0,84.0,251698718.0,89,10003,100.0,0.0,100,4,,,,,100.0,0.0,100.0,0.0,,,75.0,25.0,,,100.0,99.0,100.0,1489.0,25,25,100.0,0.0,100.0,0.0,200.0,0.0,100.0,9535.0,100.0,52406746880.0,100.0,84659413510.0
2018-12-13,ZCH06MPF,ST12000NM0007,12000138625024,0,83,218949528,94.0,0.0,100.0,5.0,100.0,0.0,84.0,253152704.0,89,10029,100.0,0.0,100,4,,,,,100.0,0.0,100.0,0.0,,,74.0,26.0,,,100.0,100.0,100.0,1490.0,26,26,100.0,0.0,100.0,0.0,200.0,0.0,100.0,9560.0,100.0,52425148696.0,100.0,84756830510.0
2018-12-14,ZCH06MPF,ST12000NM0007,12000138625024,0,81,133747480,94.0,0.0,100.0,5.0,100.0,0.0,84.0,256333152.0,89,10052,100.0,0.0,100,4,,,,,100.0,0.0,100.0,0.0,,,74.0,26.0,,,100.0,101.0,100.0,1491.0,26,26,100.0,0.0,100.0,0.0,200.0,0.0,100.0,9583.0,100.0,52452156008.0,100.0,84888761782.0
2018-12-15,ZCH06MPF,ST12000NM0007,12000138625024,0,84,242963376,94.0,0.0,100.0,5.0,100.0,0.0,84.0,258478573.0,89,10075,100.0,0.0,100,4,,,,,100.0,0.0,100.0,0.0,,,72.0,28.0,,,100.0,102.0,100.0,1492.0,28,28,100.0,0.0,100.0,0.0,200.0,0.0,100.0,9607.0,100.0,52476261960.0,100.0,84973871726.0
2018-12-16,ZCH06MPF,ST12000NM0007,12000138625024,0,81,136425008,94.0,0.0,100.0,5.0,100.0,0.0,84.0,261932853.0,89,10101,100.0,0.0,100,4,,,,,100.0,0.0,100.0,0.0,,,74.0,26.0,,,100.0,102.0,100.0,1493.0,26,26,100.0,0.0,100.0,0.0,200.0,0.0,100.0,9632.0,100.0,52512082088.0,100.0,85075654910.0
2018-12-17,ZCH06MPF,ST12000NM0007,12000138625024,0,76,35765648,94.0,0.0,100.0,5.0,100.0,0.0,84.0,263589127.0,89,10124,100.0,0.0,100,4,,,,,100.0,0.0,100.0,0.0,,,74.0,26.0,,,100.0,102.0,100.0,1494.0,26,26,100.0,0.0,100.0,0.0,200.0,0.0,100.0,9656.0,100.0,52540510296.0,100.0,85190708062.0
2018-12-18,ZCH06MPF,ST12000NM0007,12000138625024,0,82,147979936,94.0,0.0,100.0,5.0,100.0,0.0,84.0,264993861.0,89,10147,100.0,0.0,100,4,,,,,100.0,0.0,100.0,0.0,,,74.0,26.0,,,100.0,103.0,100.0,1495.0,26,26,100.0,0.0,100.0,0.0,200.0,0.0,100.0,9678.0,100.0,52564419552.0,100.0,85279013094.0
2018-12-19,ZCH06MPF,ST12000NM0007,12000138625024,0,78,60654456,94.0,0.0,100.0,5.0,100.0,0.0,84.0,266662762.0,89,10171,100.0,0.0,100,4,,,,,100.0,0.0,100.0,0.0,,,73.0,27.0,,,100.0,104.0,100.0,1496.0,27,27,100.0,0.0,100.0,0.0,200.0,0.0,100.0,9701.0,100.0,52589119120.0,100.0,85411128774.0
2018-12-20,ZCH06MPF,ST12000NM0007,12000138625024,0,82,170347184,94.0,0.0,100.0,5.0,100.0,0.0,84.0,268267629.0,89,10196,100.0,0.0,100,4,,,,,100.0,0.0,100.0,0.0,,,74.0,26.0,,,100.0,105.0,100.0,1497.0,26,26,100.0,0.0,100.0,0.0,200.0,0.0,100.0,9726.0,100.0,52617707872.0,100.0,85492232750.0
2018-12-21,ZCH06MPF,ST12000NM0007,12000138625024,0,81,140220232,94.0,0.0,100.0,5.0,100.0,0.0,84.0,271775891.0,89,10221,100.0,0.0,100,4,,,,,100.0,0.0,100.0,0.0,,,74.0,26.0,,,100.0,106.0,100.0,1498.0,26,26,100.0,0.0,100.0,0.0,200.0,0.0,100.0,9752.0,100.0,52664513176.0,100.0,85659441126.0
2018-12-22,ZCH06MPF,ST12000NM0007,12000138625024,0,79,79740096,94.0,0.0,100.0,5.0,100.0,0.0,84.0,273701541.0,89,10245,100.0,0.0,100,4,,,,,100.0,0.0,100.0,0.0,,,73.0,27.0,,,100.0,107.0,100.0,1499.0,27,27,100.0,0.0,100.0,0.0,200.0,0.0,100.0,9775.0,100.0,52687335696.0,100.0,85820283782.0
2018-12-23,ZCH06MPF,ST12000NM0007,12000138625024,0,76,43917808,94.0,0.0,100.0,5.0,100.0,0.0,84.0,277053949.0,89,10268,100.0,0.0,100,4,,,,,100.0,0.0,100.0,0.0,,,73.0,27.0,,,100.0,107.0,100.0,1500.0,27,27,100.0,0.0,100.0,0.0,200.0,0.0,100.0,9798.0,100.0,52720738696.0,100.0,85995199126.0
2018-12-24,ZCH06MPF,ST12000NM0007,12000138625024,0,83,222580632,94.0,0.0,100.0,5.0,100.0,0.0,84.0,278776215.0,89,10292,100.0,0.0,100,4,,,,,100.0,0.0,100.0,0.0,,,74.0,26.0,,,100.0,107.0,100.0,1501.0,26,26,100.0,0.0,100.0,0.0,200.0,0.0,100.0,9822.0,100.0,52750988312.0,100.0,86143612334.0
2018-12-25,ZCH06MPF,ST12000NM0007,12000138625024,0,82,164922408,94.0,0.0,100.0,5.0,100.0,0.0,84.0,280677114.0,89,10317,100.0,0.0,100,4,,,,,100.0,0.0,100.0,0.0,,,73.0,27.0,,,100.0,108.0,100.0,1502.0,27,27,100.0,0.0,100.0,0.0,200.0,0.0,100.0,9847.0,100.0,52783583776.0,100.0,86297499318.0
2018-12-26,ZCH06MPF,ST12000NM0007,12000138625024,0,80,94234000,94.0,0.0,100.0,5.0,100.0,0.0,85.0,282356663.0,89,10339,100.0,0.0,100,4,,,,,100.0,0.0,100.0,0.0,,,73.0,27.0,,,100.0,109.0,100.0,1503.0,27,27,100.0,0.0,100.0,0.0,200.0,0.0,100.0,9868.0,100.0,52808851544.0,100.0,86445683958.0
2018-12-27,ZCH06MPF,ST12000NM0007,12000138625024,0,76,43742256,94.0,0.0,100.0,5.0,100.0,0.0,85.0,284045283.0,89,10364,100.0,0.0,100,4,,,,,100.0,0.0,100.0,0.0,,,74.0,26.0,,,100.0,110.0,100.0,1504.0,26,26,100.0,0.0,100.0,0.0,200.0,0.0,100.0,9893.0,100.0,52828075376.0,100.0,86620109014.0
2018-12-28,ZCH06MPF,ST12000NM0007,12000138625024,0,79,73759016,94.0,0.0,100.0,5.0,100.0,0.0,85.0,287923473.0,89,10389,100.0,0.0,100,4,,,,,100.0,0.0,100.0,0.0,,,73.0,27.0,,,100.0,110.0,100.0,1505.0,27,27,100.0,0.0,100.0,0.0,200.0,0.0,100.0,9918.0,100.0,52875342192.0,100.0,86846999590.0
2018-12-29,ZCH06MPF,ST12000NM0007,12000138625024,0,68,6561936,94.0,0.0,100.0,5.0,100.0,0.0,85.0,289737348.0,89,10411,100.0,0.0,100,4,,,,,100.0,0.0,100.0,0.0,,,74.0,26.0,,,100.0,111.0,100.0,1506.0,26,26,100.0,0.0,100.0,0.0,200.0,0.0,100.0,9940.0,100.0,52900869872.0,100.0,86998415542.0
2018-12-30,ZCH06MPF,ST12000NM0007,12000138625024,0,83,215003040,94.0,0.0,100.0,5.0,100.0,0.0,85.0,293159265.0,89,10437,100.0,0.0,100,4,,,,,100.0,0.0,100.0,0.0,,,74.0,26.0,,,100.0,111.0,100.0,1507.0,26,26,100.0,0.0,100.0,0.0,200.0,0.0,100.0,9966.0,100.0,52935134784.0,100.0,87172591734.0
2018-12-31,ZCH06MPF,ST12000NM0007,12000138625024,0,82,163732408,94.0,0.0,100.0,5.0,100.0,0.0,85.0,295227777.0,89,10460,100.0,0.0,100,4,,,,,100.0,0.0,100.0,0.0,,,74.0,26.0,,,100.0,111.0,100.0,1508.0,26,26,100.0,0.0,100.0,0.0,200.0,0.0,100.0,9989.0,100.0,52965606816.0,100.0,87334989782.0
