2018-04-27,ZCH0AERR,ST12000NM0007,12000138625024,0,81,137667780,99,0,100,1,100,0,62,1766040,100,57,100,0,100,1,,,,,100.0,0.0,100.0,0.0,,,75.0,25.0,,,100.0,0.0,100.0,70.0,25,25,100,0,100,0,200,0,100.0,30.0,100.0,602972504.0,100.0,267118430.0
2018-04-28,ZCH0AERR,ST12000NM0007,12000138625024,0,84,243726256,99,0,100,1,100,0,64,2571619,100,81,100,0,100,1,,,,,100.0,0.0,100.0,0.0,,,73.0,27.0,,,100.0,0.0,100.0,71.0,27,27,100,0,100,0,200,0,100.0,54.0,100.0,680230520.0,100.0,295918890.0
2018-04-29,ZCH0AERR,ST12000NM0007,12000138625024,0,82,148105104,99,0,100,1,100,0,67,5238923,100,104,100,0,100,1,,,,,100.0,0.0,100.0,0.0,,,72.0,28.0,,,100.0,0.0,100.0,72.0,28,28,100,0,100,0,200,0,100.0,77.0,100.0,908650368.0,100.0,460159434.0
2018-04-30,ZCH0AERR,ST12000NM0007,12000138625024,0,77,53923632,99,0,100,1,100,0,69,8754054,100,127,100,0,100,1,,,,,100.0,0.0,100.0,0.0,,,73.0,27.0,,,100.0,0.0,100.0,73.0,27,27,100,0,100,0,200,0,100.0,100.0,100.0,1279494176.0,100.0,727556554.0
2018-05-01,ZCH0AERR,ST12000NM0007,12000138625024,0,83,199325328,99,0,100,1,100,0,71,12417633,100,153,100,0,100,1,,,,,100.0,0.0,100.0,0.0,,,72.0,28.0,,,100.0,0.0,100.0,74.0,28,28,100,0,100,0,200,0,100.0,126.0,100.0,1621333304.0,100.0,1019400530.0
2018-05-02,ZCH0AERR,ST12000NM0007,12000138625024,0,78.0,69489104.0,99.0,0.0,100.0,1.0,100.0,0.0,72.0,15835480.0,100.0,177.0,100.0,0.0,100.0,1.0,,,,,100.0,0.0,100.0,0.0,,,72.0,28.0,,,100.0,0.0,100.0,75.0,28.0,28.0,100.0,0.0,100.0,0.0,200.0,0.0,100.0,150.0,100.0,1938914416.0,100.0,1304405218.0
2018-05-03,ZCH0AERR,ST12000NM0007,12000138625024,0,81,140166944,99,0,100,1,100,0,73,19013489,100,200,100,0,100,1,,,,,100.0,0.0,100.0,0.0,,,71.0,29.0,,,100.0,0.0,100.0,76.0,29,29,100,0,100,0,200,0,100.0,172.0,100.0,2209674968.0,100.0,1592604362.0
2018-05-04,ZCH0AERR,ST12000NM0007,12000138625024,0,76,39451584,99,0,100,1,100,0,74,22544067,100,223,100,0,100,1,,,,,100.0,0.0,100.0,0.0,,,71.0,29.0,,,100.0,0.0,100.0,77.0,29,29,100,0,100,0,200,0,100.0,196.0,100.0,2542111720.0,100.0,1891874474.0
2018-05-05,ZCH0AERR,ST12000NM0007,12000138625024,0,70,9387168,99,0,100,1,100,0,74,26286454,100,248,100,0,100,1,,,,,100.0,0.0,100.0,0.0,,,72.0,28.0,,,100.0,0.0,100.0,78.0,28,28,100,0,100,0,200,0,100.0,220.0,100.0,2904979680.0,100.0,2231364210.0
2018-05-06,ZCH0AERR,ST12000NM0007,12000138625024,0,83,210874848,99,0,100,1,100,0,75,29979974,100,272,100,0,100,1,,,,,100.0,0.0,100.0,0.0,,,72.0,28.0,,,100.0,0.0,100.0,79.0,28,28,100,0,100,0,200,0,100.0,244.0,100.0,3258789968.0,100.0,2567323386.0
2018-05-07,ZCH0AERR,ST12000NM0007,12000138625024,0,82,163150928,99,0,100,1,100,0,75,33632426,100,296,100,0,100,1,,,,,100.0,0.0,100.0,0.0,,,72.0,28.0,,,100.0,0.0,100.0,80.0,28,28,100,0,100,0,200,0,100.0,268.0,100.0,3610338912.0,100.0,2900472778.0
2018-05-08,ZCH0AERR,ST12000NM0007,12000138625024,0,82,149348976,99,0,100,1,100,0,76,37422587,100,320,100,0,100,1,,,,,100.0,0.0,100.0,0.0,,,71.0,29.0,,,100.0,0.0,100.0,81.0,29,29,100,0,100,0,200,0,100.0,292.0,100.0,3984675184.0,100.0,3244756882.0
2018-05-09,ZCH0AERR,ST12000NM0007,12000138625024,0,82,142894056,99,0,100,1,100,0,76,41247226,100,344,100,0,100,1,,,,,100.0,0.0,100.0,0.0,,,72.0,28.0,,,100.0,0.0,100.0,82.0,28,28,100,0,100,0,200,0,100.0,316.0,100.0,4367137528.0,100.0,3588261890.0
2018-05-10,ZCH0AERR,ST12000NM0007,12000138625024,0,77,49042952,99,0,100,1,100,0,77,44834554,100,368,100,0,100,1,,,,,100.0,0.0,100.0,0.0,,,72.0,28.0,,,100.0,0.0,100.0,84.0,28,28,100,0,100,0,200,0,100.0,340.0,100.0,4676151968.0,100.0,3917818394.0
2018-05-11,ZCH0AERR,ST12000NM0007,12000138625024,0,84,231867960,99,0,100,1,100,0,77,48600428,100,392,100,0,100,1,,,,,100.0,0.0,100.0,0.0,,,72.0,28.0,,,100.0,0.0,100.0,85.0,28,28,100,0,100,0,200,0,100.0,364.0,100.0,5021075560.0,100.0,4244001546.0
2018-05-12,ZCH0AERR,ST12000NM0007,12000138625024,0,83,206446672,99,0,100,1,100,0,77,52371285,100,416,100,0,100,1,,,,,100.0,0.0,100.0,0.0,,,73.0,27.0,,,100.0,0.0,100.0,86.0,27,27,100,0,100,0,200,0,100.0,388.0,100.0,5378117120.0,100.0,4593961002.0
2018-05-13,ZCH0AERR,ST12000NM0007,12000138625024,0,82,162285744,99,0,100,1,100,0,77,56109331,100,440,100,0,100,1,,,,,100.0,0.0,100.0,0.0,,,73.0,27.0,,,100.0,0.0,100.0,87.0,27,27,100,0,100,0,200,0,100.0,412.0,100.0,5724710544.0,100.0,4935629042.0
2018-05-14,ZCH0AERR,ST12000NM0007,12000138625024,0,78,59416952,99,0,100,1,100,0,78,59537388,100,464,100,0,100,1,,,,,100.0,0.0,100.0,0.0,,,72.0,28.0,,,100.0,0.0,100.0,88.0,28,28,100,0,100,0,200,0,100.0,435.0,100.0,6008622104.0,100.0,5281271082.0
2018-05-15,ZCH0AERR,ST12000NM0007,12000138625024,0,100.0,159808.0,99.0,0.0,100.0,1.0,100.0,0.0,78.0,63304857.0,100.0,488.0,100.0,0.0,100.0,1.0,,,,,100.0,0.0,100.0,0.0,,,72.0,28.0,,,100.0,0.0,100.0,89.0,28.0,28.0,100.0,0.0,100.0,0.0,200.0,0.0,100.0,459.0,100.0,6340426600.0,100.0,5622631922.0
2018-05-16,ZCH0AERR,ST12000NM0007,12000138625024,0,83,207230584,99,0,100,1,100,0,78,67166867,100,512,100,0,100,1,,,,,100.0,0.0,100.0,0.0,,,72.0,28.0,,,100.0,0.0,100.0,90.0,28,28,100,0,100,0,200,0,100.0,483.0,100.0,6689201544.0,100.0,5969209258.0
2018-05-17,ZCH0AERR,ST12000NM0007,12000138625024,0,81,137094776,99,0,100,1,100,0,79,71031282,100,536,100,0,100,1,,,,,100.0,0.0,100.0,0.0,,,73.0,27.0,,,100.0,0.0,100.0,91.0,27,27,100,0,100,0,200,0,100.0,507.0,100.0,7018970624.0,100.0,6301726738.0
2018-05-18,ZCH0AERR,ST12000NM0007,12000138625024,0,79,72530120,99,0,100,1,100,0,79,74918888,100,560,100,0,100,1,,,,,100.0,0.0,100.0,0.0,,,73.0,27.0,,,100.0,0.0,100.0,92.0,27,27,100,0,100,0,200,0,100.0,531.0,100.0,7355393568.0,100.0,6633161410.0
2018-05-19,ZCH0AERR,ST12000NM0007,12000138625024,0,74,26599016,99,0,100,1,100,0,79,78825559,100,583,100,0,100,1,,,,,100.0,0.0,100.0,0.0,,,74.0,26.0,,,100.0,0.0,100.0,93.0,26,26,100,0,100,0,200,0,100.0,554.0,100.0,7705148800.0,100.0,6969897322.0
2018-05-20,ZCH0AERR,ST12000NM0007,12000138625024,0,84,240653352,99,0,100,1,100,0,79,82896208,100,607,100,0,100,1,,,,,100.0,0.0,100.0,0.0,,,73.0,27.0,,,100.0,0.0,100.0,94.0,27,27,100,0,100,0,200,0,100.0,577.0,100.0,8074702768.0,100.0,7302678970.0
2018-05-21,ZCH0AERR,ST12000NM0007,12000138625024,0,82,161106320,99,0,100,1,100,0,79,86783261,100,631,100,0,100,1,,,,,100.0,0.0,100.0,0.0,,,73.0,27.0,,,100.0,0.0,100.0,95.0,27,27,100,0,100,0,200,0,100.0,602.0,100.0,8413352960.0,100.0,7616904058.0
2018-05-22,ZCH0AERR,ST12000NM0007,12000138625024,0,80,92230272,99,0,100,1,100,0,80,90686402,100,655,100,0,100,1,,,,,100.0,0.0,100.0,0.0,,,73.0,27.0,,,100.0,0.0,100.0,96.0,27,27,100,0,100,0,200,0,100.0,626.0,100.0,8759023152.0,100.0,7934780522.0
2018-05-23,ZCH0AERR,ST12000NM0007,12000138625024,0,84,224249512,99,0,100,1,100,0,80,94598389,100,681,100,0,100,1,,,,,100.0,0.0,100.0,0.0,,,73.0,27.0,,,100.0,0.0,100.0,97.0,27,27,100,0,100,0,200,0,100.0,651.0,100.0,9076608128.0,100.0,8237496466.0
2018-05-24,ZCH0AERR,ST12000NM0007,12000138625024,0,84,227360080,99,0,100,1,100,0,80,97893924,100,705,100,0,100,1,,,,,100.0,0.0,100.0,0.0,,,72.0,28.0,,,100.0,0.0,100.0,98.0,28,28,100,0,100,0,200,0,100.0,675.0,100.0,9325790848.0,100.0,8479706074.0
2018-05-25,ZCH0AERR,ST12000NM0007,12000138625024,0,78,59817504,99,0,100,1,100,0,80,101449404,100,728,100,0,100,1,,,,,100.0,0.0,100.0,0.0,,,72.0,28.0,,,100.0,0.0,100.0,99.0,28,28,100,0,100,0,200,0,100.0,698.0,100.0,9605980776.0,100.0,8764396490.0
2018-05-26,ZCH0AERR,ST12000NM0007,12000138625024,0,71,11539200,99,0,100,1,100,0,80,104148371,100,745,100,0,100,1,,,,,100.0,0.0,100.0,0.0,,,73.0,27.0,,,100.0,0.0,100.0,100.0,27,27,100,0,100,0,200,0,100.0,716.0,100.0,9815007688.0,100.0,8995372858.0
2018-05-27,ZCH0AERR,ST12000NM0007,12000138625024,0,81,125472424,99,0,100,1,100,0,80,107843262,100,770,100,0,100,1,,,,,100.0,0.0,100.0,0.0,,,73.0,27.0,,,100.0,0.0,100.0,101.0,27,27,100,0,100,0,200,0,100.0,740.0,100.0,10085504320.0,100.0,9327090994.0
2018-05-28,ZCH0AERR,ST12000NM0007,12000138625024,0,83,212293600,99,0,100,1,100,0,80,111550801,100,794,100,0,100,1,,,,,100.0,0.0,100.0,0.0,,,72.0,28.0,,,100.0,0.0,100.0,102.0,28,28,100,0,100,0,200,0,100.0,764.0,100.0,10363948528.0,100.0,9623749514.0
2018-05-29,ZCH0AERR,ST12000NM0007,12000138625024,0,79,77117080,99,0,100,1,100,0,81,115218725,100,818,100,0,100,1,,,,,100.0,0.0,100.0,0.0,,,72.0,28.0,,,100.0,0.0,100.0,103.0,28,28,100,0,100,0,200,0,100.0,788.0,100.0,10653853824.0,100.0,9931089962.0
2018-05-30,ZCH0AERR,ST12000NM0007,12000138625024,0,83,181945648,99,0,100,1,100,0,81,118877588,100,841,100,0,100,1,,,,,100.0,0.0,100.0,0.0,,,72.0,28.0,,,100.0,0.0,100.0,104.0,28,28,100,0,100,0,200,0,100.0,811.0,100.0,10950336440.0,100.0,10227717690.0
2018-05-31,ZCH0AERR,ST12000NM0007,12000138625024,0,78,67434304,99,0,100,1,100,0,81,122839206,100,867,100,0,100,1,,,,,100.0,0.0,100.0,0.0,,,73.0,27.0,,,100.0,0.0,100.0,106.0,27,27,100,0,100,0,200,0,100.0,836.0,100.0,11249375336.0,100.0,10546589834.0
2018-06-01,ZCH0AERR,ST12000NM0007,12000138625024,0,80,106662584,99,0,100,1,100,0,81,126106987,99,889,100,0,100,1,,,,,100.0,0.0,100.0,0.0,,,72.0,28.0,,,100.0,0.0,100.0,106.0,28,28,100,0,100,0,200,0,100.0,859.0,100.0,11493806960.0,100.0,10829668082.0
2018-06-02,ZCH0AERR,ST12000NM0007,12000138625024,0,81,140908376,99,0,100,1,100,0,81,129554587,99,913,100,0,100,1,,,,,100.0,0.0,100.0,0.0,,,72.0,28.0,,,100.0,0.0,100.0,107.0,28,28,100,0,100,0,200,0,100.0,883.0,100.0,11749015752.0,100.0,11096986346.0
2018-06-03,ZCH0AERR,ST12000NM0007,12000138625024,0,76,38132792,99,0,100,1,100,0,81,133353507,99,937,100,0,100,1,,,,,100.0,0.0,100.0,0.0,,,72.0,28.0,,,100.0,1.0,100.0,108.0,28,28,100,0,100,0,200,0,100.0,907.0,100.0,12065519024.0,100.0,11410129698.0
2018-06-04,ZCH0AERR,ST12000NM0007,12000138625024,0,82,158886408,99,0,100,1,100,0,81,137064523,99,961,100,0,100,1,,,,,100.0,0.0,100.0,0.0,,,72.0,28.0,,,100.0,1.0,100.0,109.0,28,28,100,0,100,0,200,0,100.0,931.0,100.0,12358647648.0,100.0,11726036322.0
2018-06-05,ZCH0AERR,ST12000NM0007,12000138625024,0,79,84972440,99,0,100,1,100,0,81,141058785,99,987,100,0,100,1,,,,,100.0,0.0,100.0,0.0,,,72.0,28.0,,,100.0,1.0,100.0,111.0,28,28,100,0,100,0,200,0,100.0,956.0,100.0,12674095808.0,100.0,12069096682.0
2018-06-06,ZCH0AERR,ST12000NM0007,12000138625024,0,84,238777216,99,0,100,1,100,0,82,144850700,99,1011,100,0,100,1,,,,,100.0,0.0,100.0,0.0,,,73.0,27.0,,,100.0,1.0,100.0,112.0,27,27,100,0,100,0,200,0,100.0,980.0,100.0,12990753344.0,100.0,12394525434.0
2018-06-07,ZCH0AERR,ST12000NM0007,12000138625024,0,80,102148936,99,0,100,1,100,0,82,148580350,99,1035,100,0,100,1,,,,,100.0,0.0,100.0,0.0,,,71.0,29.0,,,100.0,1.0,100.0,113.0,29,29,100,0,100,0,200,0,100.0,1004.0,100.0,13276386200.0,100.0,12704686762.0
2018-06-08,ZCH0AERR,ST12000NM0007,12000138625024,0,81,137350016,99,0,100,1,100,0,82,151904032,99,1057,100,0,100,1,,,,,100.0,0.0,100.0,0.0,,,72.0,28.0,,,100.0,1.0,100.0,113.0,28,28,100,0,100,0,200,0,100.0,1026.0,100.0,13530527688.0,100.0,12974028018.0
2018-06-09,ZCH0AERR,ST12000NM0007,12000138625024,0,74,23267424,99,0,100,1,100,0,82,155790049,99,1081,100,0,100,1,,,,,100.0,0.0,100.0,0.0,,,72.0,28.0,,,100.0,2.0,100.0,114.0,28,28,100,0,100,0,200,0,100.0,1050.0,100.0,13823313128.0,100.0,13299582146.0
2018-06-10,ZCH0AERR,ST12000NM0007,12000138625024,0,82,149256592,99,0,100,1,100,0,82,159534938,99,1106,100,0,100,1,,,,,100.0,0.0,100.0,0.0,,,73.0,27.0,,,100.0,3.0,100.0,116.0,27,27,100,0,100,0,200,0,100.0,1074.0,100.0,14106625776.0,100.0,13630540338.0
2018-06-11,ZCH0AERR,ST12000NM0007,12000138625024,0,71,11525040,99,0,100,1,100,0,82,163257597,99,1130,100,0,100,1,,,,,100.0,0.0,100.0,0.0,,,73.0,27.0,,,100.0,3.0,100.0,117.0,27,27,100,0,100,0,200,0,100.0,1099.0,100.0,14385469664.0,100.0,13946387522.0
2018-06-12,ZCH0AERR,ST12000NM0007,12000138625024,0,79,74049520,99,0,100,1,100,0,82,166818644,99,1154,100,0,100,1,,,,,100.0,0.0,100.0,0.0,,,73.0,27.0,,,100.0,3.0,100.0,118.0,27,27,100,0,100,0,200,0,100.0,1123.0,100.0,14647470696.0,100.0,14235192570.0
2018-06-13,ZCH0AERR,ST12000NM0007,12000138625024,0,77,55858896,99,0,100,1,100,0,82,169977610,99,1178,100,0,100,1,,,,,100.0,0.0,100.0,0.0,,,73.0,27.0,,,100.0,4.0,100.0,119.0,27,27,100,0,100,0,200,0,100.0,1146.0,100.0,14853636000.0,100.0,14499118330.0
2018-06-14,ZCH0AERR,ST12000NM0007,12000138625024,0,82,165427440,99,0,100,1,100,0,82,173623788,99,1202,100,0,100,1,,,,,100.0,0.0,100.0,0.0,,,70.0,30.0,,,100.0,4.0,100.0,120.0,30,30,100,0,100,0,200,0,100.0,1171.0,100.0,15134183632.0,100.0,14816421010.0
2018-06-15,ZCH0AERR,ST12000NM0007,12000138625024,0,79.0,79948000.0,99.0,0.0,100.0,1.0,100.0,0.0,83.0,178342530.0,99.0,1233.0,100.0,0.0,100.0,1.0,,,,,100.0,0.0,100.0,0.0,,,72.0,28.0,,,100.0,4.0,100.0,121.0,28.0,28.0,100.0,0.0,100.0,0.0,200.0,0.0,100.0,1201.0,100.0,15457654392.0,100.0,15384034018.0
2018-06-16,ZCH0AERR,ST12000NM0007,12000138625024,0,78.0,66413296.0,99.0,0.0,100.0,1.0,100.0,0.0,83.0,182088740.0,99.0,1257.0,100.0,0.0,100.0,1.0,,,,,100.0,0.0,100.0,0.0,,,72.0,28.0,,,100.0,4.0,100.0,122.0,28.0,28.0,100.0,0.0,100.0,0.0,200.0,0.0,100.0,1225.0,100.0,15725884736.0,100.0,15834691298.0
2018-06-17,ZCH0AERR,ST12000NM0007,12000138625024,0,74.0,23022912.0,99.0,0.0,100.0,1.0,100.0,0.0,83.0,185819691.0,99.0,1281.0,100.0,0.0,100.0,1.0,,,,,100.0,0.0,100.0,0.0,,,73.0,27.0,,,100.0,4.0,100.0,123.0,27.0,27.0,100.0,0.0,100.0,0.0,200.0,0.0,100.0,1250.0,100.0,15953383472.0,100.0,16296224370.0
2018-06-18,ZCH0AERR,ST12000NM0007,12000138625024,0,75.0,28702184.0,99.0,0.0,100.0,1.0,100.0,0.0,83.0,189593654.0,99.0,1305.0,100.0,0.0,100.0,1.0,,,,,100.0,0.0,100.0,0.0,,,73.0,27.0,,,100.0,4.0,100.0,124.0,27.0,27.0,100.0,0.0,100.0,0.0,200.0,0.0,100.0,1274.0,100.0,16222865680.0,100.0,16764843658.0
2018-06-19,ZCH0AERR,ST12000NM0007,12000138625024,0,79,72828472,99,0,100,1,100,0,83,193474171,99,1329,100,0,100,1,,,,,100.0,0.0,100.0,0.0,,,73.0,27.0,,,100.0,5.0,100.0,125.0,27,27,100,0,100,0,200,0,100.0,1298.0,100.0,16498415072.0,100.0,17265842922.0
2018-06-20,ZCH0AERR,ST12000NM0007,12000138625024,0,79,87124424,99,0,100,1,100,0,83,197248370,99,1354,100,0,100,1,,,,,100.0,0.0,100.0,0.0,,,73.0,27.0,,,100.0,5.0,100.0,126.0,27,27,100,0,100,0,200,0,100.0,1322.0,100.0,16752790928.0,100.0,17758185306.0
2018-06-21,ZCH0AERR,ST12000NM0007,12000138625024,0,82,146613552,99,0,100,1,100,0,83,200593755,99,1376,100,0,100,1,,,,,100.0,0.0,100.0,0.0,,,73.0,27.0,,,100.0,5.0,100.0,127.0,27,27,100,0,100,0,200,0,100.0,1344.0,100.0,16994050288.0,100.0,18064696754.0
2018-06-22,ZCH0AERR,ST12000NM0007,12000138625024,0,83,199063280,99,0,100,1,100,0,83,204168799,99,1400,100,0,100,1,,,,,100.0,0.0,100.0,0.0,,,73.0,27.0,,,100.0,5.0,100.0,128.0,27,27,100,0,100,0,200,0,100.0,1368.0,100.0,17264135408.0,100.0,18335342858.0
2018-06-23,ZCH0AERR,ST12000NM0007,12000138625024,0,76,38855392,99,0,100,1,100,0,83,207906613,99,1425,100,0,100,1,,,,,100.0,0.0,100.0,0.0,,,73.0,27.0,,,100.0,5.0,100.0,129.0,27,27,100,0,100,0,200,0,100.0,1392.0,100.0,17524383328.0,100.0,18647309610.0
2018-06-24,ZCH0AERR,ST12000NM0007,12000138625024,0,84,235488128,99,0,100,1,100,0,83,211134225,99,1449,100,0,100,1,,,,,100.0,0.0,100.0,0.0,,,73.0,27.0,,,100.0,5.0,100.0,130.0,27,27,100,0,100,0,200,0,100.0,1416.0,100.0,17714344768.0,100.0,18898121626.0
2018-06-25,ZCH0AERR,ST12000NM0007,12000138625024,0,83,222817048,99,0,100,1,100,0,83,214459710,99,1473,100,0,100,1,,,,,100.0,0.0,100.0,0.0,,,73.0,27.0,,,100.0,5.0,100.0,131.0,27,27,100,0,100,0,200,0,100.0,1440.0,100.0,17931303704.0,100.0,19156773026.0
2018-06-26,ZCH0AERR,ST12000NM0007,12000138625024,0,83,214640472,99,0,100,1,100,0,83,217859315,99,1497,100,0,100,1,,,,,100.0,0.0,100.0,0.0,,,74.0,26.0,,,100.0,5.0,100.0,132.0,26,26,100,0,100,0,200,0,100.0,1464.0,100.0,18166764120.0,100.0,19401417346.0
2018-06-27,ZCH0AERR,ST12000NM0007,12000138625024,0,83,193019448,99,0,100,1,100,0,83,221085817,99,1521,100,0,100,1,,,,,100.0,0.0,100.0,0.0,,,73.0,27.0,,,100.0,5.0,100.0,133.0,27,27,100,0,100,0,200,0,100.0,1488.0,100.0,18341087896.0,100.0,19693754274.0
2018-06-28,ZCH0AERR,ST12000NM0007,12000138625024,0,68,5718128,99,0,100,1,100,0,84,224572223,99,1546,100,0,100,1,,,,,100.0,0.0,100.0,0.0,,,73.0,27.0,,,100.0,5.0,100.0,134.0,27,27,100,0,100,0,200,0,100.0,1512.0,100.0,18590310120.0,100.0,19989655314.0
2018-06-29,ZCH0AERR,ST12000NM0007,12000138625024,0,84,225769520,99,0,100,1,100,0,84,227799095,99,1568,100,0,100,1,,,,,100.0,0.0,100.0,0.0,,,73.0,27.0,,,100.0,6.0,100.0,135.0,27,27,100,0,100,0,200,0,100.0,1535.0,100.0,18830377120.0,100.0,20213780394.0
2018-06-30,ZCH0AERR,ST12000NM0007,12000138625024,0,80,111038448,99,0,100,1,100,0,84,230379550,99,1587,100,0,100,1,,,,,100.0,0.0,100.0,0.0,,,73.0,27.0,,,100.0,6.0,100.0,136.0,27,27,100,0,100,0,200,0,100.0,1553.0,100.0,19000405600.0,100.0,20417302122.0
2018-07-01,ZCH0AERR,ST12000NM0007,12000138625024,0,81,123024080,99,0,100,1,100,0,84,233876155,99,1612,100,0,100,1,,,,,100.0,0.0,100.0,0.0,,,73.0,27.0,,,100.0,6.0,100.0,137.0,27,27,100,0,100,0,200,0,100.0,1579.0,100.0,19211061624.0,100.0,20706913418.0
2018-07-02,ZCH0AERR,ST12000NM0007,12000138625024,0,84,238137344,99,0,100,1,100,0,84,236377791,99,1636,100,0,100,1,,,,,100.0,0.0,100.0,0.0,,,73.0,27.0,,,100.0,6.0,100.0,138.0,27,27,100,0,100,0,200,0,100.0,1602.0,100.0,19331365328.0,100.0,20945863906.0
2018-07-03,ZCH0AERR,ST12000NM0007,12000138625024,0,75,32942552,99,0,100,1,100,0,84,239636035,99,1660,100,0,100,1,,,,,100.0,0.0,100.0,0.0,,,73.0,27.0,,,100.0,6.0,100.0,139.0,27,27,100,0,100,0,200,0,100.0,1627.0,100.0,19494600472.0,100.0,21309856594.0
2018-07-04,ZCH0AERR,ST12000NM0007,12000138625024,0,83,203733088,99,0,100,1,100,0,84,242584320,99,1683,100,0,100,1,,,,,100.0,0.0,100.0,0.0,,,73.0,27.0,,,100.0,6.0,100.0,140.0,27,27,100,0,100,0,200,0,100.0,1650.0,100.0,19651162504.0,100.0,21568225834.0
2018-07-05,ZCH0AERR,ST12000NM0007,12000138625024,0,78,69077064,99,0,100,1,100,0,84,246253696,99,1708,100,0,100,1,,,,,100.0,0.0,100.0,0.0,,,73.0,27.0,,,100.0,6.0,100.0,141.0,27,27,100,0,100,0,200,0,100.0,1674.0,100.0,19863099768.0,100.0,21954054794.0
2018-07-06,ZCH0AERR,ST12000NM0007,12000138625024,0,83,193083672,99,0,100,1,100,0,84,249690327,99,1732,100,0,100,1,,,,,100.0,0.0,100.0,0.0,,,73.0,27.0,,,100.0,6.0,100.0,142.0,27,27,100,0,100,0,200,0,100.0,1698.0,100.0,20076081416.0,100.0,22353361194.0
2018-07-07,ZCH0AERR,ST12000NM0007,12000138625024,0,71,13456400,99,0,100,1,100,0,84,253057213,98,1755,100,0,100,1,,,,,100.0,0.0,100.0,0.0,,,73.0,27.0,,,100.0,6.0,100.0,143.0,27,27,100,0,100,0,200,0,100.0,1721.0,100.0,20275968400.0,100.0,22706268994.0
2018-07-08,ZCH0AERR,ST12000NM0007,12000138625024,0,80,91183008,99,0,100,1,100,0,84,256606763,98,1779,100,0,100,1,,,,,100.0,0.0,100.0,0.0,,,73.0,27.0,,,100.0,6.0,100.0,144.0,27,27,100,0,100,0,200,0,100.0,1745.0,100.0,20468977344.0,100.0,23079268266.0
2018-07-09,ZCH0AERR,ST12000NM0007,12000138625024,0,82,170796280,99,0,100,1,100,0,84,260074172,98,1803,100,0,100,1,,,,,100.0,0.0,100.0,0.0,,,73.0,27.0,,,100.0,6.0,100.0,145.0,27,27,100,0,100,0,200,0,100.0,1769.0,100.0,20647745264.0,100.0,23468395122.0
2018-07-10,ZCH0AERR,ST12000NM0007,12000138625024,0,77.0,45630072.0,99.0,0.0,100.0,1.0,100.0,0.0,84.0,263704751.0,98.0,1827.0,100.0,0.0,100.0,1.0,,,,,100.0,0.0,100.0,0.0,,,73.0,27.0,,,100.0,6.0,100.0,146.0,27.0,27.0,100.0,0.0,100.0,0.0,200.0,0.0,100.0,1793.0,100.0,20895404040.0,100.0,23827992706.0
2018-07-11,ZCH0AERR,ST12000NM0007,12000138625024,0,83,185638880,99,0,100,1,100,0,84,267471295,98,1852,100,0,100,1,,,,,100.0,0.0,100.0,0.0,,,73.0,27.0,,,100.0,6.0,100.0,147.0,27,27,100,0,100,0,200,0,100.0,1817.0,100.0,21134406520.0,100.0,24217280298.0
2018-07-12,ZCH0AERR,ST12000NM0007,12000138625024,0,82,160339288,99,0,100,1,100,0,84,271953482,98,1880,100,0,100,1,,,,,100.0,0.0,100.0,0.0,,,73.0,27.0,,,100.0,6.0,100.0,148.0,27,27,100,0,100,0,200,0,100.0,1845.0,100.0,21378918936.0,100.0,24679891258.0
2018-07-13,ZCH0AERR,ST12000NM0007,12000138625024,0,84,224618240,99,0,100,1,100,0,84,275714524,98,1905,100,0,100,1,,,,,100.0,0.0,100.0,0.0,,,73.0,27.0,,,100.0,6.0,100.0,149.0,27,27,100,0,100,0,200,0,100.0,1870.0,100.0,21585920040.0,100.0,25025450626.0
2018-07-14,ZCH0AERR,ST12000NM0007,12000138625024,0,83,181534296,99,0,100,1,100,0,84,279005532,98,1929,100,0,100,1,,,,,100.0,0.0,100.0,0.0,,,73.0,27.0,,,100.0,6.0,100.0,150.0,27,27,100,0,100,0,200,0,100.0,1894.0,100.0,21782144128.0,100.0,25274424034.0
2018-07-15,ZCH0AERR,ST12000NM0007,12000138625024,0,83,186510032,99,0,100,1,100,0,85,282228017,98,1952,100,0,100,1,,,,,100.0,0.0,100.0,0.0,,,73.0,27.0,,,100.0,6.0,100.0,151.0,27,27,100,0,100,0,200,0,100.0,1917.0,100.0,21979076992.0,100.0,25570748378.0
2018-07-16,ZCH0AERR,ST12000NM0007,12000138625024,0,84,234321992,99,0,100,1,100,0,85,285741049,98,1976,100,0,100,1,,,,,100.0,0.0,100.0,0.0,,,73.0,27.0,,,100.0,6.0,100.0,152.0,27,27,100,0,100,0,200,0,100.0,1941.0,100.0,22223512344.0,100.0,25862406690.0
2018-07-17,ZCH0AERR,ST12000NM0007,12000138625024,0,78,56847320,99,0,100,1,100,0,85,289422494,98,2001,100,0,100,1,,,,,100.0,0.0,100.0,0.0,,,73.0,27.0,,,100.0,7.0,100.0,153.0,27,27,100,0,100,0,200,0,100.0,1966.0,100.0,22485721512.0,100.0,26155145082.0
2018-07-18,ZCH0AERR,ST12000NM0007,12000138625024,0,80,101452088,99,0,100,1,100,0,85,292989881,98,2025,100,0,100,1,,,,,100.0,0.0,100.0,0.0,,,73.0,27.0,,,100.0,7.0,100.0,155.0,27,27,100,0,100,0,200,0,100.0,1990.0,100.0,22732028224.0,100.0,26441724826.0
2018-07-19,ZCH0AERR,ST12000NM0007,12000138625024,0,80,91520976,99,0,100,1,100,0,85,296349706,98,2049,100,0,100,1,,,,,100.0,0.0,100.0,0.0,,,73.0,27.0,,,100.0,7.0,100.0,156.0,27,27,100,0,100,0,200,0,100.0,2014.0,100.0,22966121536.0,100.0,26685981690.0
2018-07-20,ZCH0AERR,ST12000NM0007,12000138625024,0,80,96725952,99,0,100,1,100,0,85,299644818,98,2072,100,0,100,1,,,,,100.0,0.0,100.0,0.0,,,73.0,27.0,,,100.0,7.0,100.0,157.0,27,27,100,0,100,0,200,0,100.0,2037.0,100.0,23195110120.0,100.0,26950479642.0
2018-07-21,ZCH0AERR,ST12000NM0007,12000138625024,0,82,145898416,99,0,100,1,100,0,85,303104824,98,2096,100,0,100,1,,,,,100.0,0.0,100.0,0.0,,,73.0,27.0,,,100.0,7.0,100.0,157.0,27,27,100,0,100,0,200,0,100.0,2060.0,100.0,23423709768.0,100.0,27259333754.0
2018-07-22,ZCH0AERR,ST12000NM0007,12000138625024,0,82,172811200,99,0,100,1,100,0,85,306620134,98,2121,100,0,100,1,,,,,100.0,0.0,100.0,0.0,,,73.0,27.0,,,100.0,7.0,100.0,158.0,27,27,100,0,100,0,200,0,100.0,2085.0,100.0,23650713160.0,100.0,27547524810.0
2018-07-23,ZCH0AERR,ST12000NM0007,12000138625024,0,82,157265680,99,0,100,1,100,0,85,309841616,98,2145,100,0,100,1,,,,,100.0,0.0,100.0,0.0,,,73.0,27.0,,,100.0,7.0,100.0,159.0,27,27,100,0,100,0,200,0,100.0,2109.0,100.0,23861819976.0,100.0,27809154138.0
2018-07-24,ZCH0AERR,ST12000NM0007,12000138625024,0,83,217711872,99,0,100,1,100,0,85,313535235,98,2169,100,0,100,1,,,,,100.0,0.0,100.0,0.0,,,73.0,27.0,,,100.0,7.0,100.0,161.0,27,27,100,0,100,0,200,0,100.0,2133.0,100.0,24131432088.0,100.0,28088270018.0
2018-07-25,ZCH0AERR,ST12000NM0007,12000138625024,0,83.0,190504528.0,99.0,0.0,100.0,1.0,100.0,0.0,85.0,316984765.0,98.0,2192.0,100.0,0.0,100.0,1.0,,,,,100.0,0.0,100.0,0.0,,,73.0,27.0,,,100.0,7.0,100.0,162.0,27.0,27.0,100.0,0.0,100.0,0.0,200.0,0.0,100.0,2156.0,100.0,24341232568.0,100.0,28339543778.0
2018-07-26,ZCH0AERR,ST12000NM0007,12000138625024,0,81,129022080,99,0,100,1,100,0,85,320145718,98,2217,100,0,100,1,,,,,100.0,0.0,100.0,0.0,,,73.0,27.0,,,100.0,7.0,100.0,163.0,27,27,100,0,100,0,200,0,100.0,2181.0,100.0,24523235008.0,100.0,28584340194.0
2018-07-27,ZCH0AERR,ST12000NM0007,12000138625024,0,75,34002304,99,0,100,1,100,0,85,323203991,98,2241,100,0,100,1,,,,,100.0,0.0,100.0,0.0,,,73.0,27.0,,,100.0,7.0,100.0,164.0,27,27,100,0,100,0,200,0,100.0,2205.0,100.0,24699917224.0,100.0,28800919842.0
2018-07-28,ZCH0AERR,ST12000NM0007,12000138625024,0,82,161110184,99,0,100,1,100,0,85,326266683,98,2265,100,0,100,1,,,,,100.0,0.0,100.0,0.0,,,73.0,27.0,,,100.0,7.0,100.0,165.0,27,27,100,0,100,0,200,0,100.0,2228.0,100.0,24850815352.0,100.0,29021270282.0
2018-07-29,ZCH0AERR,ST12000NM0007,12000138625024,0,79,86002352,99,0,100,1,100,0,85,329294047,98,2288,100,0,100,1,,,,,100.0,0.0,100.0,0.0,,,73.0,27.0,,,100.0,7.0,100.0,166.0,27,27,100,0,100,0,200,0,100.0,2252.0,100.0,25011028088.0,100.0,29274231578.0
2018-07-30,ZCH0AERR,ST12000NM0007,12000138625024,0,84,233908312,99,0,100,1,100,0,85,332280505,98,2313,100,0,100,1,,,,,100.0,0.0,100.0,0.0,,,74.0,26.0,,,100.0,7.0,100.0,167.0,26,26,100,0,100,0,200,0,100.0,2277.0,100.0,25159266728.0,100.0,29518039650.0
2018-07-31,ZCH0AERR,ST12000NM0007,12000138625024,0,82,171946896,99,0,100,1,100,0,85,335464541,98,2337,100,0,100,1,,,,,100.0,0.0,100.0,0.0,,,73.0,27.0,,,100.0,7.0,100.0,168.0,27,27,100,0,100,0,200,0,100.0,2300.0,100.0,25343866656.0,100.0,29759759674.0
2018-08-01,ZCH0AERR,ST12000NM0007,12000138625024,0,81,118101976,99,0,100,1,100,0,85,338786372,98,2361,100,0,100,1,,,,,100.0,0.0,100.0,0.0,,,73.0,27.0,,,100.0,7.0,100.0,169.0,27,27,100,0,100,0,200,0,100.0,2324.0,100.0,25557764488.0,100.0,29980298506.0
2018-08-02,ZCH0AERR,ST12000NM0007,12000138625024,0,73,22297000,99,0,100,1,100,0,85,341877301,98,2385,100,0,100,1,,,,,100.0,0.0,100.0,0.0,,,74.0,26.0,,,100.0,7.0,100.0,169.0,26,26,100,0,100,0,200,0,100.0,2348.0,100.0,25737856232.0,100.0,30192683826.0
2018-08-03,ZCH0AERR,ST12000NM0007,12000138625024,0,83,210248752,99,0,100,1,100,0,85,345142724,98,2409,100,0,100,1,,,,,100.0,0.0,100.0,0.0,,,73.0,27.0,,,100.0,7.0,100.0,170.0,27,27,100,0,100,0,200,0,100.0,2372.0,100.0,25921364744.0,100.0,30441267794.0
2018-08-04,ZCH0AERR,ST12000NM0007,12000138625024,0,82,148468768,99,0,100,1,100,0,85,348541236,98,2433,100,0,100,1,,,,,100.0,0.0,100.0,0.0,,,74.0,26.0,,,100.0,8.0,100.0,171.0,26,26,100,0,100,0,200,0,100.0,2395.0,100.0,26127279416.0,100.0,30661854826.0
2018-08-05,ZCH0AERR,ST12000NM0007,12000138625024,0,76,38722648,99,0,100,1,100,0,85,351778516,98,2457,100,0,100,1,,,,,100.0,0.0,100.0,0.0,,,73.0,27.0,,,100.0,8.0,100.0,172.0,27,27,100,0,100,0,200,0,100.0,2420.0,100.0,26276966088.0,100.0,30890703538.0
2018-08-06,ZCH0AERR,ST12000NM0007,12000138625024,0,83,200463936,99,0,100,1,100,0,86,355319352,98,2482,100,0,100,1,,,,,100.0,0.0,100.0,0.0,,,74.0,26.0,,,100.0,8.0,100.0,173.0,26,26,100,0,100,0,200,0,100.0,2444.0,100.0,26459057440.0,100.0,31114494106.0
2018-08-07,ZCH0AERR,ST12000NM0007,12000138625024,0,81,118363744,99,0,100,1,100,0,86,358612918,98,2505,100,0,100,1,,,,,100.0,0.0,100.0,0.0,,,73.0,27.0,,,100.0,8.0,100.0,174.0,27,27,100,0,100,0,200,0,100.0,2468.0,100.0,26643375264.0,100.0,31336357602.0
2018-08-08,ZCH0AERR,ST12000NM0007,12000138625024,0,73,18569880,99,0,100,1,100,0,86,361840352,98,2529,100,0,100,1,,,,,100.0,0.0,100.0,0.0,,,74.0,26.0,,,100.0,8.0,100.0,175.0,26,26,100,0,100,0,200,0,100.0,2491.0,100.0,26815808328.0,100.0,31552412106.0
2018-08-09,ZCH0AERR,ST12000NM0007,12000138625024,0,79,82692592,99,0,100,1,100,0,86,364513560,98,2548,100,0,100,1,,,,,100.0,0.0,100.0,0.0,,,73.0,27.0,,,100.0,8.0,100.0,176.0,27,27,100,0,100,0,200,0,100.0,2511.0,100.0,26961161256.0,100.0,31715322546.0
2018-08-10,ZCH0AERR,ST12000NM0007,12000138625024,0,83,203929400,99,0,100,1,100,0,86,367705190,98,2572,100,0,100,1,,,,,100.0,0.0,100.0,0.0,,,73.0,27.0,,,100.0,8.0,100.0,177.0,27,27,100,0,100,0,200,0,100.0,2534.0,100.0,27120728328.0,100.0,31921133314.0
2018-08-11,ZCH0AERR,ST12000NM0007,12000138625024,0,81,138474864,99,0,100,1,100,0,86,371061252,98,2597,100,0,100,1,,,,,100.0,0.0,100.0,0.0,,,74.0,26.0,,,100.0,8.0,100.0,178.0,26,26,100,0,100,0,200,0,100.0,2559.0,100.0,27307473496.0,100.0,32157215186.0
2018-08-12,ZCH0AERR,ST12000NM0007,12000138625024,0,76,36168792,99,0,100,1,100,0,86,374270537,98,2620,100,0,100,1,,,,,100.0,0.0,100.0,0.0,,,73.0,27.0,,,100.0,8.0,100.0,179.0,27,27,100,0,100,0,200,0,100.0,2582.0,100.0,27496166552.0,100.0,32354497442.0
2018-08-13,ZCH0AERR,ST12000NM0007,12000138625024,0,82,161283968,99,0,100,1,100,0,86,377371626,97,2645,100,0,100,1,,,,,100.0,0.0,100.0,0.0,,,74.0,26.0,,,100.0,8.0,100.0,180.0,26,26,100,0,100,0,200,0,100.0,2607.0,100.0,27657791536.0,100.0,32562128386.0
2018-08-14,ZCH0AERR,ST12000NM0007,12000138625024,0,84.0,228501192.0,99.0,0.0,100.0,1.0,100.0,0.0,86.0,379968681.0,97.0,2668.0,100.0,0.0,100.0,1.0,,,,,100.0,0.0,100.0,0.0,,,74.0,26.0,,,100.0,8.0,100.0,181.0,26.0,26.0,100.0,0.0,100.0,0.0,200.0,0.0,100.0,2630.0,100.0,27777236664.0,100.0,32754041162.0
2018-08-15,ZCH0AERR,ST12000NM0007,12000138625024,0,81.0,115000240.0,99.0,0.0,100.0,1.0,100.0,0.0,86.0,382975343.0,97.0,2693.0,100.0,0.0,100.0,1.0,,,,,100.0,0.0,100.0,0.0,,,74.0,26.0,,,100.0,8.0,100.0,182.0,26.0,26.0,100.0,0.0,100.0,0.0,200.0,0.0,100.0,2654.0,100.0,27910637032.0,100.0,32995421810.0
2018-08-16,ZCH0AERR,ST12000NM0007,12000138625024,0,72,15123896,99,0,100,1,100,0,86,386240088,97,2720,100,0,100,1,,,,,100.0,0.0,100.0,0.0,,,74.0,26.0,,,100.0,8.0,100.0,184.0,26,26,100,0,100,0,200,0,100.0,2681.0,100.0,28081290648.0,100.0,33213173522.0
2018-08-17,ZCH0AERR,ST12000NM0007,12000138625024,0,81,138408984,99,0,100,1,100,0,86,389777327,97,2744,100,0,100,1,,,,,100.0,0.0,100.0,0.0,,,73.0,27.0,,,100.0,8.0,100.0,185.0,27,27,100,0,100,0,200,0,100.0,2705.0,100.0,28239469112.0,100.0,33422420858.0
2018-08-18,ZCH0AERR,ST12000NM0007,12000138625024,0,78,61435168,99,0,100,1,100,0,86,393238175,97,2769,100,0,100,1,,,,,100.0,0.0,100.0,0.0,,,74.0,26.0,,,100.0,8.0,100.0,186.0,26,26,100,0,100,0,200,0,100.0,2730.0,100.0,28411545632.0,100.0,33661652034.0
2018-08-19,ZCH0AERR,ST12000NM0007,12000138625024,0,83,194386128,99,0,100,1,100,0,86,396360642,97,2792,100,0,100,1,,,,,100.0,0.0,100.0,0.0,,,73.0,27.0,,,100.0,8.0,100.0,187.0,27,27,100,0,100,0,200,0,100.0,2753.0,100.0,28566072880.0,100.0,33884216490.0
2018-08-20,ZCH0AERR,ST12000NM0007,12000138625024,0,72,17067320,99,0,100,1,100,0,86,399169504,97,2816,100,0,100,1,,,,,100.0,0.0,100.0,0.0,,,74.0,26.0,,,100.0,9.0,100.0,188.0,26,26,100,0,100,0,200,0,100.0,2777.0,100.0,28681482280.0,100.0,34079769850.0
2018-08-21,ZCH0AERR,ST12000NM0007,12000138625024,0,80,94531248,99,0,100,1,100,0,86,401987813,97,2839,100,0,100,1,,,,,100.0,0.0,100.0,0.0,,,73.0,27.0,,,100.0,9.0,100.0,189.0,27,27,100,0,100,0,200,0,100.0,2800.0,100.0,28818392864.0,100.0,34264463994.0
2018-08-22,ZCH0AERR,ST12000NM0007,12000138625024,0,73,20853992,99,0,100,1,100,0,86,405280502,97,2864,100,0,100,1,,,,,100.0,0.0,100.0,0.0,,,74.0,26.0,,,100.0,9.0,100.0,190.0,26,26,100,0,100,0,200,0,100.0,2824.0,100.0,28970427552.0,100.0,34527033642.0
2018-08-23,ZCH0AERR,ST12000NM0007,12000138625024,0,83,193027928,99,0,100,1,100,0,86,408519034,97,2889,100,0,100,1,,,,,100.0,0.0,100.0,0.0,,,74.0,26.0,,,100.0,9.0,100.0,191.0,26,26,100,0,100,0,200,0,100.0,2849.0,100.0,29113961416.0,100.0,34799814450.0
2018-08-24,ZCH0AERR,ST12000NM0007,12000138625024,0,75,32337056,99,0,100,1,100,0,86,411310618,97,2912,100,0,100,1,,,,,100.0,0.0,100.0,0.0,,,73.0,27.0,,,100.0,9.0,100.0,192.0,27,27,100,0,100,0,200,0,100.0,2873.0,100.0,29242218696.0,100.0,34999147906.0
2018-08-25,ZCH0AERR,ST12000NM0007,12000138625024,0,81,139164792,99,0,100,1,100,0,86,414258139,97,2936,100,0,100,1,,,,,100.0,0.0,100.0,0.0,,,74.0,26.0,,,100.0,9.0,100.0,193.0,26,26,100,0,100,0,200,0,100.0,2896.0,100.0,29373120424.0,100.0,35219214634.0
2018-08-26,ZCH0AERR,ST12000NM0007,12000138625024,0,72,16233584,99,0,100,1,100,0,86,417275257,97,2960,100,0,100,1,,,,,100.0,0.0,100.0,0.0,,,73.0,27.0,,,100.0,10.0,100.0,194.0,27,27,100,0,100,0,200,0,100.0,2921.0,100.0,29521889648.0,100.0,35435795658.0
2018-08-27,ZCH0AERR,ST12000NM0007,12000138625024,0,81,123403496,99,0,100,1,100,0,86,420321505,97,2984,100,0,100,1,,,,,100.0,0.0,100.0,0.0,,,74.0,26.0,,,100.0,10.0,100.0,195.0,26,26,100,0,100,0,200,0,100.0,2944.0,100.0,29664606408.0,100.0,35644389538.0
2018-08-28,ZCH0AERR,ST12000NM0007,12000138625024,0,72,17207472,99,0,100,1,100,0,86,423818672,97,3008,100,0,100,1,,,,,100.0,0.0,100.0,0.0,,,74.0,26.0,,,100.0,11.0,100.0,196.0,26,26,100,0,100,0,200,0,100.0,2969.0,100.0,29803918448.0,100.0,35887162810.0
2018-08-29,ZCH0AERR,ST12000NM0007,12000138625024,0,80,102818536,99,0,100,1,100,0,86,426778539,97,3033,100,0,100,1,,,,,100.0,0.0,100.0,0.0,,,73.0,27.0,,,100.0,11.0,100.0,197.0,27,27,100,0,100,0,200,0,100.0,2992.0,100.0,29927246664.0,100.0,36093586338.0
2018-08-30,ZCH0AERR,ST12000NM0007,12000138625024,0,79,82344304,99,0,100,1,100,0,86,428836336,97,3050,100,0,100,1,,,,,100.0,0.0,100.0,0.0,,,73.0,27.0,,,100.0,11.0,100.0,198.0,27,27,100,0,100,0,200,0,100.0,3010.0,100.0,30011285600.0,100.0,36233214170.0
2018-08-31,ZCH0AERR,ST12000NM0007,12000138625024,0,83,223173824,99,0,100,1,100,0,86,431993003,97,3074,100,0,100,1,,,,,100.0,0.0,100.0,0.0,,,73.0,27.0,,,100.0,11.0,100.0,199.0,27,27,100,0,100,0,200,0,100.0,3034.0,100.0,30155030680.0,100.0,36474439306.0
2018-09-01,ZCH0AERR,ST12000NM0007,12000138625024,0,81,127642008,99,0,100,1,100,0,86,435315950,97,3099,100,0,100,1,,,,,100.0,0.0,100.0,0.0,,,74.0,26.0,,,100.0,11.0,100.0,200.0,26,26,100,0,100,0,200,0,100.0,3059.0,100.0,30338094256.0,100.0,36684125482.0
2018-09-02,ZCH0AERR,ST12000NM0007,12000138625024,0,74,28130664,99,0,100,1,100,0,86,438518395,97,3122,100,0,100,1,,,,,100.0,0.0,100.0,0.0,,,73.0,27.0,,,100.0,11.0,100.0,201.0,27,27,100,0,100,0,200,0,100.0,3081.0,100.0,30490351104.0,100.0,36920638682.0
2018-09-03,ZCH0AERR,ST12000NM0007,12000138625024,0,82,170710336,99,0,100,1,100,0,86,441776151,97,3147,100,0,100,1,,,,,100.0,0.0,100.0,0.0,,,73.0,27.0,,,100.0,11.0,100.0,202.0,27,27,100,0,100,0,200,0,100.0,3106.0,100.0,30639244184.0,100.0,37158466114.0
2018-09-04,ZCH0AERR,ST12000NM0007,12000138625024,0,74,27356856,99,0,100,1,100,0,86,444757936,97,3170,100,0,100,1,,,,,100.0,0.0,100.0,0.0,,,74.0,26.0,,,100.0,12.0,100.0,203.0,26,26,100,0,100,0,200,0,100.0,3130.0,100.0,30764905656.0,100.0,37377732538.0
2018-09-05,ZCH0AERR,ST12000NM0007,12000138625024,0,81,139377288,99,0,100,1,100,0,87,447927454,97,3194,100,0,100,1,,,,,100.0,0.0,100.0,0.0,,,73.0,27.0,,,100.0,12.0,100.0,204.0,27,27,100,0,100,0,200,0,100.0,3153.0,100.0,30920580168.0,100.0,37578219090.0
2018-09-06,ZCH0AERR,ST12000NM0007,12000138625024,0,81,126726040,99,0,100,1,100,0,87,451668934,97,3224,100,0,100,1,,,,,100.0,0.0,100.0,0.0,,,73.0,27.0,,,100.0,12.0,100.0,205.0,27,27,100,0,100,0,200,0,100.0,3183.0,100.0,31090748504.0,100.0,37883681330.0
2018-09-07,ZCH0AERR,ST12000NM0007,12000138625024,0,83,201206752,99,0,100,1,100,0,87,454465826,97,3248,100,0,100,1,,,,,100.0,0.0,100.0,0.0,,,74.0,26.0,,,100.0,12.0,100.0,206.0,26,26,100,0,100,0,200,0,100.0,3207.0,100.0,31213469040.0,100.0,38079582322.0
2018-09-08,ZCH0AERR,ST12000NM0007,12000138625024,0,76,39707304,99,0,100,1,100,0,87,457502415,97,3272,100,0,100,1,,,,,100.0,0.0,100.0,0.0,,,74.0,26.0,,,100.0,12.0,100.0,207.0,26,26,100,0,100,0,200,0,100.0,3231.0,100.0,31368994288.0,100.0,38250838922.0
2018-09-09,ZCH0AERR,ST12000NM0007,12000138625024,0,80,110441464,99,0,100,1,100,0,87,460730884,97,3296,100,0,100,1,,,,,100.0,0.0,100.0,0.0,,,74.0,26.0,,,100.0,13.0,100.0,208.0,26,26,100,0,100,0,200,0,100.0,3255.0,100.0,31480073560.0,100.0,38454634442.0
2018-09-10,ZCH0AERR,ST12000NM0007,12000138625024,0,81,138459296,99,0,100,1,100,0,87,463484809,97,3320,100,0,100,1,,,,,100.0,0.0,100.0,0.0,,,74.0,26.0,,,100.0,13.0,100.0,209.0,26,26,100,0,100,0,200,0,100.0,3279.0,100.0,31605267600.0,100.0,38601598866.0
2018-09-11,ZCH0AERR,ST12000NM0007,12000138625024,0,83,210980384,99,0,100,1,100,0,87,466292294,97,3344,100,0,100,1,,,,,100.0,0.0,100.0,0.0,,,74.0,26.0,,,100.0,13.0,100.0,210.0,26,26,100,0,100,0,200,0,100.0,3303.0,100.0,31719343648.0,100.0,38804184730.0
2018-09-12,ZCH0AERR,ST12000NM0007,12000138625024,0,78,60127096,99,0,100,1,100,0,87,469475643,97,3368,100,0,100,1,,,,,100.0,0.0,100.0,0.0,,,73.0,27.0,,,100.0,13.0,100.0,211.0,27,27,100,0,100,0,200,0,100.0,3326.0,100.0,31872034536.0,100.0,38988921834.0
2018-09-13,ZCH0AERR,ST12000NM0007,12000138625024,0,81,128616960,99,0,100,1,100,0,87,472375973,97,3389,100,0,100,1,,,,,100.0,0.0,100.0,0.0,,,74.0,26.0,,,100.0,13.0,100.0,212.0,26,26,100,0,100,0,200,0,100.0,3347.0,100.0,32003474768.0,100.0,39170112290.0
2018-09-14,ZCH0AERR,ST12000NM0007,12000138625024,0,83,214185360,99,0,100,1,100,0,87,475476415,97,3413,100,0,100,1,,,,,100.0,0.0,100.0,0.0,,,70.0,30.0,,,100.0,13.0,100.0,213.0,30,30,100,0,100,0,200,0,100.0,3371.0,100.0,32122810584.0,100.0,39380485506.0
2018-09-15,ZCH0AERR,ST12000NM0007,12000138625024,0,79,79536776,99,0,100,1,100,0,87,478815871,97,3437,100,0,100,1,,,,,100.0,0.0,100.0,0.0,,,69.0,31.0,,,100.0,14.0,100.0,214.0,31,31,100,0,100,0,200,0,100.0,3395.0,100.0,32266281488.0,100.0,39590647570.0
2018-09-16,ZCH0AERR,ST12000NM0007,12000138625024,0,82,148105416,99,0,100,1,100,0,87,481833300,97,3461,100,0,100,1,,,,,100.0,0.0,100.0,0.0,,,69.0,31.0,,,100.0,15.0,100.0,215.0,31,31,100,0,100,0,200,0,100.0,3419.0,100.0,32375286384.0,100.0,39794352218.0
2018-09-17,ZCH0AERR,ST12000NM0007,12000138625024,0,82,164338872,99,0,100,1,100,0,87,484567325,97,3485,100,0,100,1,,,,,100.0,0.0,100.0,0.0,,,70.0,30.0,,,100.0,16.0,100.0,216.0,30,30,100,0,100,0,200,0,100.0,3443.0,100.0,32484500448.0,100.0,39945512650.0
2018-09-18,ZCH0AERR,ST12000NM0007,12000138625024,0,82,152994600,99,0,100,1,100,0,87,487150672,96,3509,100,0,100,1,,,,,100.0,0.0,100.0,0.0,,,72.0,28.0,,,100.0,16.0,100.0,217.0,28,28,100,0,100,0,200,0,100.0,3466.0,100.0,32594112680.0,100.0,40068697058.0
2018-09-19,ZCH0AERR,ST12000NM0007,12000138625024,0,84,224853064,99,0,100,1,100,0,87,490104860,96,3532,100,0,100,1,,,,,100.0,0.0,100.0,0.0,,,72.0,28.0,,,100.0,17.0,100.0,218.0,28,28,100,0,100,0,200,0,100.0,3489.0,100.0,32699641416.0,100.0,40279167474.0
2018-09-20,ZCH0AERR,ST12000NM0007,12000138625024,0,78,62960104,99,0,100,1,100,0,87,493671532,96,3557,100,0,100,1,,,,,100.0,0.0,100.0,0.0,,,72.0,28.0,,,100.0,17.0,100.0,219.0,28,28,100,0,100,0,200,0,100.0,3514.0,100.0,32818366472.0,100.0,40486830770.0
2018-09-21,ZCH0AERR,ST12000NM0007,12000138625024,0,81,124187576,99,0,100,1,100,0,87,496628303,96,3580,100,0,100,1,,,,,100.0,0.0,100.0,0.0,,,72.0,28.0,,,100.0,17.0,100.0,220.0,28,28,100,0,100,0,200,0,100.0,3537.0,100.0,32942373896.0,100.0,40668191722.0
2018-09-22,ZCH0AERR,ST12000NM0007,12000138625024,0,84,229827592,99,0,100,1,100,0,87,499976390,96,3605,100,0,100,1,,,,,100.0,0.0,100.0,0.0,,,72.0,28.0,,,100.0,17.0,100.0,221.0,28,28,100,0,100,0,200,0,100.0,3562.0,100.0,33080539920.0,100.0,40879806426.0
2018-09-23,ZCH0AERR,ST12000NM0007,12000138625024,0,83,197056600,99,0,100,1,100,0,87,503710925,96,3629,100,0,100,1,,,,,100.0,0.0,100.0,0.0,,,72.0,28.0,,,100.0,17.0,100.0,222.0,28,28,100,0,100,0,200,0,100.0,3586.0,100.0,33223935504.0,100.0,41191921202.0
2018-09-24,ZCH0AERR,ST12000NM0007,12000138625024,0,73,19636200,99,0,100,1,100,0,87,506644616,96,3653,100,0,100,1,,,,,100.0,0.0,100.0,0.0,,,72.0,28.0,,,100.0,17.0,100.0,223.0,28,28,100,0,100,0,200,0,100.0,3609.0,100.0,33327533376.0,100.0,41399184282.0
2018-09-25,ZCH0AERR,ST12000NM0007,12000138625024,0,81,137598072,99,0,100,1,100,0,87,509968622,96,3676,100,0,100,1,,,,,100.0,0.0,100.0,0.0,,,72.0,28.0,,,100.0,17.0,100.0,224.0,28,28,100,0,100,0,200,0,100.0,3632.0,100.0,33475921520.0,100.0,41612898754.0
2018-09-26,ZCH0AERR,ST12000NM0007,12000138625024,0,70,10900648,99,0,100,1,100,0,87,513497058,96,3701,100,0,100,1,,,,,100.0,0.0,100.0,0.0,,,72.0,28.0,,,100.0,17.0,100.0,225.0,28,28,100,0,100,0,200,0,100.0,3658.0,100.0,33611358912.0,100.0,41839045530.0
2018-09-27,ZCH0AERR,ST12000NM0007,12000138625024,0,77,44776120,99,0,100,1,100,0,87,516339823,96,3725,100,0,100,1,,,,,100.0,0.0,100.0,0.0,,,72.0,28.0,,,100.0,17.0,100.0,226.0,28,28,100,0,100,0,200,0,100.0,3682.0,100.0,33713373200.0,100.0,42015047514.0
2018-09-28,ZCH0AERR,ST12000NM0007,12000138625024,0,80,89581456,99,0,100,1,100,0,87,519091290,96,3746,100,0,100,1,,,,,100.0,0.0,100.0,0.0,,,72.0,28.0,,,100.0,17.0,100.0,227.0,28,28,100,0,100,0,200,0,100.0,3702.0,100.0,33811315208.0,100.0,42206051698.0
2018-09-29,ZCH0AERR,ST12000NM0007,12000138625024,0,82,160417432,99,0,100,1,100,0,87,522184835,96,3771,100,0,100,1,,,,,100.0,0.0,100.0,0.0,,,72.0,28.0,,,100.0,17.0,100.0,228.0,28,28,100,0,100,0,200,0,100.0,3727.0,100.0,33931242280.0,100.0,42401101562.0
2018-09-30,ZCH0AERR,ST12000NM0007,12000138625024,0,72,17144728,99,0,100,1,100,0,87,525426882,96,3793,100,0,100,1,,,,,100.0,0.0,100.0,0.0,,,71.0,29.0,,,100.0,18.0,100.0,229.0,29,29,100,0,100,0,200,0,100.0,3749.0,100.0,34054140464.0,100.0,42623212162.0
2018-10-01,ZCH0AERR,ST12000NM0007,12000138625024,0,79,86426944,99,0,100,1,100,0,87,528503223,96,3818,100,0,100,1,,,,,100.0,0.0,100.0,0.0,,,72.0,28.0,,,100.0,18.0,100.0,230.0,28,28,100,0,100,0,200,0,100.0,3774.0,100.0,34145398400.0,100.0,42845377162.0
2018-10-02,ZCH0AERR,ST12000NM0007,12000138625024,0,84,226321472,99,0,100,1,100,0,87,532499217,96,3843,100,0,100,1,,,,,100.0,0.0,100.0,0.0,,,72.0,28.0,,,100.0,19.0,100.0,231.0,28,28,100,0,100,0,200,0,100.0,3798.0,100.0,34276822232.0,100.0,43097988490.0
2018-10-03,ZCH0AERR,ST12000NM0007,12000138625024,0,81,120965584,99,0,100,1,100,0,87,536085356,96,3866,100,0,100,1,,,,,100.0,0.0,100.0,0.0,,,72.0,28.0,,,100.0,19.0,100.0,232.0,28,28,100,0,100,0,200,0,100.0,3821.0,100.0,34391696192.0,100.0,43366040050.0
2018-10-04,ZCH0AERR,ST12000NM0007,12000138625024,0,82.0,176101448.0,99.0,0.0,100.0,1.0,100.0,0.0,87.0,539434787.0,96.0,3890.0,100.0,0.0,100.0,1.0,,,,,100.0,0.0,100.0,0.0,,,72.0,28.0,,,100.0,19.0,100.0,233.0,28.0,28.0,100.0,0.0,100.0,0.0,200.0,0.0,100.0,3846.0,100.0,34512071912.0,100.0,43544940906.0
2018-10-05,ZCH0AERR,ST12000NM0007,12000138625024,0,78,58534712,99,0,100,1,100,0,87,542978933,96,3914,100,0,100,1,,,,,100.0,0.0,100.0,0.0,,,72.0,28.0,,,100.0,20.0,100.0,234.0,28,28,100,0,100,0,200,0,100.0,3869.0,100.0,34649436248.0,100.0,43778291514.0
2018-10-06,ZCH0AERR,ST12000NM0007,12000138625024,0,80,100923072,99,0,100,1,100,0,87,546060017,96,3939,100,0,100,1,,,,,100.0,0.0,100.0,0.0,,,72.0,28.0,,,100.0,20.0,100.0,235.0,28,28,100,0,100,0,200,0,100.0,3894.0,100.0,34741092608.0,100.0,43973164146.0
2018-10-07,ZCH0AERR,ST12000NM0007,12000138625024,0,82,174169520,99,0,100,1,100,0,87,549218441,96,3962,100,0,100,1,,,,,100.0,0.0,100.0,0.0,,,72.0,28.0,,,100.0,21.0,100.0,236.0,28,28,100,0,100,0,200,0,100.0,3918.0,100.0,34847639224.0,100.0,44184004706.0
2018-10-08,ZCH0AERR,ST12000NM0007,12000138625024,0,64,2645576,99,0,100,1,100,0,87,552287867,96,3986,100,0,100,1,,,,,100.0,0.0,100.0,0.0,,,72.0,28.0,,,100.0,22.0,100.0,237.0,28,28,100,0,100,0,200,0,100.0,3941.0,100.0,34934013384.0,100.0,44414388258.0
2018-10-09,ZCH0AERR,ST12000NM0007,12000138625024,0,81.0,126146112.0,99.0,0.0,100.0,1.0,100.0,0.0,87.0,556235859.0,96.0,4010.0,100.0,0.0,100.0,1.0,,,,,100.0,0.0,100.0,0.0,,,72.0,28.0,,,100.0,22.0,100.0,238.0,28.0,28.0,100.0,0.0,100.0,0.0,200.0,0.0,100.0,3965.0,100.0,35049753760.0,100.0,44666289122.0
2018-10-10,ZCH0AERR,ST12000NM0007,12000138625024,0,83,200856728,99,0,100,1,100,0,87,559608694,96,4035,100,0,100,1,,,,,100.0,0.0,100.0,0.0,,,72.0,28.0,,,100.0,23.0,100.0,239.0,28,28,100,0,100,0,200,0,100.0,3990.0,100.0,35160489088.0,100.0,44874405050.0
2018-10-11,ZCH0AERR,ST12000NM0007,12000138625024,0,74,24462904,99,0,100,1,100,0,88,563053405,96,4059,100,0,100,1,,,,,100.0,0.0,100.0,0.0,,,72.0,28.0,,,100.0,23.0,100.0,240.0,28,28,100,0,100,0,200,0,100.0,4014.0,100.0,35284008400.0,100.0,45062773202.0
2018-10-12,ZCH0AERR,ST12000NM0007,12000138625024,0,80,89348912,99,0,100,1,100,0,88,566462144,96,4082,100,0,100,1,,,,,100.0,0.0,100.0,0.0,,,71.0,29.0,,,100.0,24.0,100.0,241.0,29,29,100,0,100,0,200,0,100.0,4037.0,100.0,35414257840.0,100.0,45241550498.0
2018-10-13,ZCH0AERR,ST12000NM0007,12000138625024,0,82,167951456,99,0,100,1,100,0,88,569917639,96,4106,100,0,100,1,,,,,100.0,0.0,100.0,0.0,,,72.0,28.0,,,100.0,25.0,100.0,242.0,28,28,100,0,100,0,200,0,100.0,4060.0,100.0,35546861792.0,100.0,45431689818.0
2018-10-14,ZCH0AERR,ST12000NM0007,12000138625024,0,81,127228392,99,0,100,1,100,0,88,574187123,96,4130,100,0,100,1,,,,,100.0,0.0,100.0,0.0,,,72.0,28.0,,,100.0,26.0,100.0,243.0,28,28,100,0,100,0,200,0,100.0,4085.0,100.0,35766291608.0,100.0,45659818370.0
2018-10-15,ZCH0AERR,ST12000NM0007,12000138625024,0,83,200642344,99,0,100,1,100,0,88,577576172,96,4155,100,0,100,1,,,,,100.0,0.0,100.0,0.0,,,72.0,28.0,,,100.0,26.0,100.0,244.0,28,28,100,0,100,0,200,0,100.0,4109.0,100.0,35879522736.0,100.0,45864141842.0
2018-10-16,ZCH0AERR,ST12000NM0007,12000138625024,0,75,30394040,99,0,100,1,100,0,88,580787928,96,4178,100,0,100,1,,,,,100.0,0.0,100.0,0.0,,,72.0,28.0,,,100.0,26.0,100.0,245.0,28,28,100,0,100,0,200,0,100.0,4132.0,100.0,35979636976.0,100.0,46082060794.0
2018-10-17,ZCH0AERR,ST12000NM0007,12000138625024,0,80,91529792,99,0,100,1,100,0,88,584181730,96,4202,100,0,100,1,,,,,100.0,0.0,100.0,0.0,,,72.0,28.0,,,100.0,26.0,100.0,246.0,28,28,100,0,100,0,200,0,100.0,4156.0,100.0,36093655480.0,100.0,46273318826.0
2018-10-18,ZCH0AERR,ST12000NM0007,12000138625024,0,77,53192024,99,0,100,1,100,0,88,589172245,96,4230,100,0,100,1,,,,,100.0,0.0,100.0,0.0,,,72.0,28.0,,,100.0,26.0,100.0,247.0,28,28,100,0,100,0,200,0,100.0,4184.0,100.0,36282644008.0,100.0,46534274074.0
2018-10-19,ZCH0AERR,ST12000NM0007,12000138625024,0,79,71443896,99,0,100,1,100,0,88,592077171,96,4252,100,0,100,1,,,,,100.0,0.0,100.0,0.0,,,72.0,28.0,,,100.0,27.0,100.0,248.0,28,28,100,0,100,0,200,0,100.0,4206.0,100.0,36378316128.0,100.0,46700994490.0
2018-10-20,ZCH0AERR,ST12000NM0007,12000138625024,0,82,173547800,99,0,100,1,100,0,88,595581073,96,4275,100,0,100,1,,,,,100.0,0.0,100.0,0.0,,,72.0,28.0,,,100.0,27.0,100.0,249.0,28,28,100,0,100,0,200,0,100.0,4229.0,100.0,36495729352.0,100.0,46929826162.0
2018-10-21,ZCH0AERR,ST12000NM0007,12000138625024,0,75,29976968,99,0,100,1,100,0,88,599151239,96,4300,100,0,100,1,,,,,100.0,0.0,100.0,0.0,,,72.0,28.0,,,100.0,27.0,100.0,250.0,28,28,100,0,100,0,200,0,100.0,4254.0,100.0,36615026400.0,100.0,47155239578.0
2018-10-22,ZCH0AERR,ST12000NM0007,12000138625024,0,78,57514168,99,0,100,1,100,0,88,602210357,96,4324,100,0,100,1,,,,,100.0,0.0,100.0,0.0,,,73.0,27.0,,,100.0,27.0,100.0,251.0,27,27,100,0,100,0,200,0,100.0,4278.0,100.0,36724152304.0,100.0,47317791882.0
2018-10-23,ZCH0AERR,ST12000NM0007,12000138625024,0,80,89743408,99,0,100,1,100,0,88,605389635,96,4348,100,0,100,1,,,,,100.0,0.0,100.0,0.0,,,72.0,28.0,,,100.0,28.0,100.0,252.0,28,28,100,0,100,0,200,0,100.0,4302.0,100.0,36813288136.0,100.0,47505026002.0
2018-10-25,ZCH0AERR,ST12000NM0007,12000138625024,0,78,56724280,99,0,100,1,100,0,88,612758125,95,4398,100,0,100,1,,,,,100.0,0.0,100.0,0.0,,,73.0,27.0,,,100.0,28.0,100.0,255.0,27,27,100,0,100,0,200,0,100.0,4351.0,100.0,37069020760.0,100.0,47948696794.0
2018-10-26,ZCH0AERR,ST12000NM0007,12000138625024,0,79,85880144,99,0,100,1,100,0,88,615918353,95,4422,100,0,100,1,,,,,100.0,0.0,100.0,0.0,,,72.0,28.0,,,100.0,29.0,100.0,256.0,28,28,100,0,100,0,200,0,100.0,4375.0,100.0,37160074552.0,100.0,48130939618.0
2018-10-27,ZCH0AERR,ST12000NM0007,12000138625024,0,81,123787768,99,0,100,1,100,0,88,619107234,95,4446,100,0,100,1,,,,,100.0,0.0,100.0,0.0,,,72.0,28.0,,,100.0,29.0,100.0,256.0,28,28,100,0,100,0,200,0,100.0,4399.0,100.0,37261815280.0,100.0,48311247314.0
2018-10-28,ZCH0AERR,ST12000NM0007,12000138625024,0,84,229007304,99,0,100,1,100,0,88,623308806,95,4469,100,0,100,1,,,,,100.0,0.0,100.0,0.0,,,72.0,28.0,,,100.0,30.0,100.0,257.0,28,28,100,0,100,0,200,0,100.0,4423.0,100.0,37353493184.0,100.0,48568929770.0
2018-10-29,ZCH0AERR,ST12000NM0007,12000138625024,0,73,20471648,99,0,100,1,100,0,88,626290989,95,4493,100,0,100,1,,,,,100.0,0.0,100.0,0.0,,,72.0,28.0,,,100.0,30.0,100.0,258.0,28,28,100,0,100,0,200,0,100.0,4446.0,100.0,37439796128.0,100.0,48762372554.0
2018-10-30,ZCH0AERR,ST12000NM0007,12000138625024,0,77,46262880,99,0,100,1,100,0,88,629858842,95,4517,100,0,100,1,,,,,100.0,0.0,100.0,0.0,,,72.0,28.0,,,100.0,30.0,100.0,259.0,28,28,100,0,100,0,200,0,100.0,4470.0,100.0,37507140048.0,100.0,48964960586.0
2018-10-31,ZCH0AERR,ST12000NM0007,12000138625024,0,80,108250056,99.0,0.0,100.0,1.0,100.0,0.0,88.0,633199500.0,95,4542,100.0,0.0,100,1,,,,,100.0,0.0,100.0,0.0,,,72.0,28.0,,,100.0,30.0,100.0,260.0,28,28,100.0,0.0,100.0,0.0,200.0,0.0,100.0,4494.0,100.0,37611049256.0,100.0,49167179266.0
2018-11-01,ZCH0AERR,ST12000NM0007,12000138625024,0,80,96493096,99.0,0.0,100.0,1.0,100.0,0.0,88.0,635804055.0,95,4563,100.0,0.0,100,1,,,,,100.0,0.0,100.0,0.0,,,71.0,29.0,,,100.0,30.0,100.0,261.0,29,29,100.0,0.0,100.0,0.0,200.0,0.0,100.0,4516.0,100.0,37693810992.0,100.0,49316801362.0
2018-11-02,ZCH0AERR,ST12000NM0007,12000138625024,0,78,69443176,99.0,0.0,100.0,1.0,100.0,0.0,88.0,638406592.0,95,4587,100.0,0.0,100,1,,,,,100.0,0.0,100.0,0.0,,,71.0,29.0,,,100.0,30.0,100.0,262.0,29,29,100.0,0.0,100.0,0.0,200.0,0.0,100.0,4539.0,100.0,37797689256.0,100.0,49430014034.0
2018-11-03,ZCH0AERR,ST12000NM0007,12000138625024,0,80,111429512,99.0,0.0,100.0,1.0,100.0,0.0,88.0,641416582.0,95,4610,100.0,0.0,100,1,,,,,100.0,0.0,100.0,0.0,,,72.0,28.0,,,100.0,30.0,100.0,263.0,28,28,100.0,0.0,100.0,0.0,200.0,0.0,100.0,4563.0,100.0,37888970104.0,100.0,49624860562.0
2018-11-04,ZCH0AERR,ST12000NM0007,12000138625024,0,83,203307680,99.0,0.0,100.0,1.0,100.0,0.0,88.0,645164596.0,95,4635,100.0,0.0,100,1,,,,,100.0,0.0,100.0,0.0,,,72.0,28.0,,,100.0,31.0,100.0,264.0,28,28,100.0,0.0,100.0,0.0,200.0,0.0,100.0,4587.0,100.0,37982433144.0,100.0,49867416322.0
2018-11-05,ZCH0AERR,ST12000NM0007,12000138625024,0,75,33911584,99.0,0.0,100.0,1.0,100.0,0.0,88.0,648502152.0,95,4659,100.0,0.0,100,1,,,,,100.0,0.0,100.0,0.0,,,72.0,28.0,,,100.0,31.0,100.0,265.0,28,28,100.0,0.0,100.0,0.0,200.0,0.0,100.0,4611.0,100.0,38085441992.0,100.0,50083292810.0
2018-11-06,ZCH0AERR,ST12000NM0007,12000138625024,0,81.0,117380040.0,99.0,0.0,100.0,1.0,100.0,0.0,88.0,651861017.0,95.0,4682.0,100.0,0.0,100.0,1.0,,,,,100.0,0.0,100.0,0.0,,,72.0,28.0,,,100.0,31.0,100.0,266.0,28.0,28.0,100.0,0.0,100.0,0.0,200.0,0.0,100.0,4635.0,100.0,38183522440.0,100.0,50312821562.0
2018-11-07,ZCH0AERR,ST12000NM0007,12000138625024,0,84.0,232934352.0,99.0,0.0,100.0,1.0,100.0,0.0,88.0,655725548.0,95.0,4707.0,100.0,0.0,100.0,1.0,,,,,100.0,0.0,100.0,0.0,,,72.0,28.0,,,100.0,31.0,100.0,268.0,28.0,28.0,100.0,0.0,100.0,0.0,200.0,0.0,100.0,4659.0,100.0,38307718672.0,100.0,50548320474.0
2018-11-08,ZCH0AERR,ST12000NM0007,12000138625024,0,71.0,13340864.0,99.0,0.0,100.0,1.0,100.0,0.0,88.0,658703541.0,95.0,4731.0,100.0,0.0,100.0,1.0,,,,,100.0,0.0,100.0,0.0,,,72.0,28.0,,,100.0,31.0,100.0,269.0,28.0,28.0,100.0,0.0,100.0,0.0,200.0,0.0,100.0,4682.0,100.0,38379904296.0,100.0,50744823162.0
2018-11-09,ZCH0AERR,ST12000NM0007,12000138625024,0,80,97407000,99.0,0.0,100.0,1.0,100.0,0.0,88.0,662203528.0,95,4754,100.0,0.0,100,1,,,,,100.0,0.0,100.0,0.0,,,72.0,28.0,,,100.0,31.0,100.0,269.0,28,28,100.0,0.0,100.0,0.0,200.0,0.0,100.0,4706.0,100.0,38503844848.0,100.0,50949089554.0
2018-11-10,ZCH0AERR,ST12000NM0007,12000138625024,0,83,184226320,99.0,0.0,100.0,1.0,100.0,0.0,88.0,665771783.0,95,4778,100.0,0.0,100,1,,,,,100.0,0.0,100.0,0.0,,,72.0,28.0,,,100.0,32.0,100.0,270.0,28,28,100.0,0.0,100.0,0.0,200.0,0.0,100.0,4730.0,100.0,38614685432.0,100.0,51169208922.0
2018-11-11,ZCH0AERR,ST12000NM0007,12000138625024,0,76,35678240,99.0,0.0,100.0,1.0,100.0,0.0,88.0,669448696.0,95,4803,100.0,0.0,100,1,,,,,100.0,0.0,100.0,0.0,,,73.0,27.0,,,100.0,33.0,100.0,271.0,27,27,100.0,0.0,100.0,0.0,200.0,0.0,100.0,4754.0,100.0,38718139544.0,100.0,51405488338.0
2018-11-12,ZCH0AERR,ST12000NM0007,12000138625024,0,80,108606816,99.0,0.0,100.0,1.0,100.0,0.0,88.0,673213585.0,95,4827,100.0,0.0,100,1,,,,,100.0,0.0,100.0,0.0,,,73.0,27.0,,,100.0,33.0,100.0,272.0,27,27,100.0,0.0,100.0,0.0,200.0,0.0,100.0,4778.0,100.0,38797031488.0,100.0,51643665698.0
2018-11-13,ZCH0AERR,ST12000NM0007,12000138625024,0,83,182569576,99.0,0.0,100.0,1.0,100.0,0.0,88.0,676699200.0,95,4851,100.0,0.0,100,1,,,,,100.0,0.0,100.0,0.0,,,73.0,27.0,,,100.0,33.0,100.0,273.0,27,27,100.0,0.0,100.0,0.0,200.0,0.0,100.0,4802.0,100.0,38908331632.0,100.0,51850469082.0
2018-11-14,ZCH0AERR,ST12000NM0007,12000138625024,0,84,235977864,99.0,0.0,100.0,1.0,100.0,0.0,88.0,680046503.0,95,4874,100.0,0.0,100,1,,,,,100.0,0.0,100.0,0.0,,,72.0,28.0,,,100.0,34.0,100.0,274.0,28,28,100.0,0.0,100.0,0.0,200.0,0.0,100.0,4825.0,100.0,38990932192.0,100.0,52065417602.0
2018-11-15,ZCH0AERR,ST12000NM0007,12000138625024,0,76,38649264,99.0,0.0,100.0,1.0,100.0,0.0,88.0,683106067.0,95,4899,100.0,0.0,100,1,,,,,100.0,0.0,100.0,0.0,,,72.0,28.0,,,100.0,35.0,100.0,275.0,28,28,100.0,0.0,100.0,0.0,200.0,0.0,100.0,4850.0,100.0,39075568568.0,100.0,52271734610.0
2018-11-16,ZCH0AERR,ST12000NM0007,12000138625024,0,80,96781256,99.0,0.0,100.0,1.0,100.0,0.0,88.0,686329034.0,95,4923,100.0,0.0,100,1,,,,,100.0,0.0,100.0,0.0,,,72.0,28.0,,,100.0,35.0,100.0,276.0,28,28,100.0,0.0,100.0,0.0,200.0,0.0,100.0,4874.0,100.0,39168576264.0,100.0,52480999810.0
2018-11-17,ZCH0AERR,ST12000NM0007,12000138625024,0,80.0,100515360.0,99.0,0.0,100.0,1.0,100.0,0.0,88.0,689294658.0,95.0,4947.0,100.0,0.0,100.0,1.0,,,,,100.0,0.0,100.0,0.0,,,72.0,28.0,,,100.0,36.0,100.0,277.0,28.0,28.0,100.0,0.0,100.0,0.0,200.0,0.0,100.0,4898.0,100.0,39238259904.0,100.0,52659190914.0
2018-11-18,ZCH0AERR,ST12000NM0007,12000138625024,0,83,193892360,99.0,0.0,100.0,1.0,100.0,0.0,88.0,693052708.0,95,4970,100.0,0.0,100,1,,,,,100.0,0.0,100.0,0.0,,,72.0,28.0,,,100.0,37.0,100.0,278.0,28,28,100.0,0.0,100.0,0.0,200.0,0.0,100.0,4921.0,100.0,39345356080.0,100.0,52889612410.0
2018-11-19,ZCH0AERR,ST12000NM0007,12000138625024,0,73,21182992,99.0,0.0,100.0,1.0,100.0,0.0,88.0,696301229.0,95,4995,100.0,0.0,100,1,,,,,100.0,0.0,100.0,0.0,,,72.0,28.0,,,100.0,37.0,100.0,279.0,28,28,100.0,0.0,100.0,0.0,200.0,0.0,100.0,4946.0,100.0,39429277304.0,100.0,53121263426.0
2018-11-20,ZCH0AERR,ST12000NM0007,12000138625024,0,75,34005608,99.0,0.0,100.0,1.0,100.0,0.0,88.0,699153785.0,95,5018,100.0,0.0,100,1,,,,,100.0,0.0,100.0,0.0,,,72.0,28.0,,,100.0,37.0,100.0,280.0,28,28,100.0,0.0,100.0,0.0,200.0,0.0,100.0,4969.0,100.0,39499248776.0,100.0,53308255274.0
2018-11-21,ZCH0AERR,ST12000NM0007,12000138625024,0,80,107097536,99.0,0.0,100.0,1.0,100.0,0.0,88.0,702711905.0,95,5043,100.0,0.0,100,1,,,,,100.0,0.0,100.0,0.0,,,72.0,28.0,,,100.0,38.0,100.0,281.0,28,28,100.0,0.0,100.0,0.0,200.0,0.0,100.0,4994.0,100.0,39573264376.0,100.0,53551472266.0
2018-11-22,ZCH0AERR,ST12000NM0007,12000138625024,0,84,226036776,99.0,0.0,100.0,1.0,100.0,0.0,88.0,706966357.0,95,5067,100.0,0.0,100,1,,,,,100.0,0.0,100.0,0.0,,,72.0,28.0,,,100.0,38.0,100.0,282.0,28,28,100.0,0.0,100.0,0.0,200.0,0.0,100.0,5017.0,100.0,39649557208.0,100.0,53838259402.0
2018-11-23,ZCH0AERR,ST12000NM0007,12000138625024,0,66,4276512,99.0,0.0,100.0,1.0,100.0,0.0,89.0,709838525.0,95,5091,100.0,0.0,100,1,,,,,100.0,0.0,100.0,0.0,,,72.0,28.0,,,100.0,38.0,100.0,283.0,28,28,100.0,0.0,100.0,0.0,200.0,0.0,100.0,5041.0,100.0,39726493400.0,100.0,54027844562.0
2018-11-24,ZCH0AERR,ST12000NM0007,12000138625024,0,83,213379424,99.0,0.0,100.0,1.0,100.0,0.0,89.0,712583938.0,95,5115,100.0,0.0,100,1,,,,,100.0,0.0,100.0,0.0,,,72.0,28.0,,,100.0,38.0,100.0,284.0,28,28,100.0,0.0,100.0,0.0,200.0,0.0,100.0,5066.0,100.0,39784335232.0,100.0,54179105642.0
2018-11-25,ZCH0AERR,ST12000NM0007,12000138625024,0,83,222754872,99.0,0.0,100.0,1.0,100.0,0.0,89.0,715564022.0,95,5139,100.0,0.0,100,1,,,,,100.0,0.0,100.0,0.0,,,72.0,28.0,,,100.0,39.0,100.0,285.0,28,28,100.0,0.0,100.0,0.0,200.0,0.0,100.0,5089.0,100.0,39844641624.0,100.0,54372315426.0
2018-11-26,ZCH0AERR,ST12000NM0007,12000138625024,0,83,206558104,99.0,0.0,100.0,1.0,100.0,0.0,89.0,718131542.0,95,5163,100.0,0.0,100,1,,,,,100.0,0.0,100.0,0.0,,,72.0,28.0,,,100.0,40.0,100.0,286.0,28,28,100.0,0.0,100.0,0.0,200.0,0.0,100.0,5113.0,100.0,39905210688.0,100.0,54539690322.0
2018-11-27,ZCH0AERR,ST12000NM0007,12000138625024,0,82,170953936,99.0,0.0,100.0,1.0,100.0,0.0,89.0,720543209.0,95,5187,100.0,0.0,100,1,,,,,100.0,0.0,100.0,0.0,,,72.0,28.0,,,100.0,41.0,100.0,287.0,28,28,100.0,0.0,100.0,0.0,200.0,0.0,100.0,5137.0,100.0,39961602184.0,100.0,54691835738.0
2018-11-28,ZCH0AERR,ST12000NM0007,12000138625024,0,82,171904472,99.0,0.0,100.0,1.0,100.0,0.0,89.0,723561184.0,95,5211,100.0,0.0,100,1,,,,,100.0,0.0,100.0,0.0,,,72.0,28.0,,,100.0,41.0,100.0,288.0,28,28,100.0,0.0,100.0,0.0,200.0,0.0,100.0,5161.0,100.0,40024994152.0,100.0,54873534938.0
2018-11-29,ZCH0AERR,ST12000NM0007,12000138625024,0,82,145079960,99.0,0.0,100.0,1.0,100.0,0.0,89.0,726308711.0,95,5235,100.0,0.0,100,1,,,,,100.0,0.0,100.0,0.0,,,74.0,26.0,,,100.0,41.0,100.0,289.0,26,26,100.0,0.0,100.0,0.0,200.0,0.0,100.0,5185.0,100.0,40090874632.0,100.0,55024970770.0
2018-11-30,ZCH0AERR,ST12000NM0007,12000138625024,0,82,155331120,99.0,0.0,100.0,1.0,100.0,0.0,89.0,729125598.0,94,5259,100.0,0.0,100,1,,,,,100.0,0.0,100.0,0.0,,,74.0,26.0,,,100.0,42.0,100.0,290.0,26,26,100.0,0.0,100.0,0.0,200.0,0.0,100.0,5208.0,100.0,40162054152.0,100.0,55208183106.0
2018-12-01,ZCH0AERR,ST12000NM0007,12000138625024,0,81,139504032,99.0,0.0,100.0,1.0,100.0,0.0,89.0,731973976.0,94,5283,100.0,0.0,100,1,,,,,100.0,0.0,100.0,0.0,,,75.0,25.0,,,100.0,42.0,100.0,291.0,25,25,100.0,0.0,100.0,0.0,200.0,0.0,100.0,5233.0,100.0,40234844896.0,100.0,55363706322.0
2018-12-02,ZCH0AERR,ST12000NM0007,12000138625024,0,83,182450496,99.0,0.0,100.0,1.0,100.0,0.0,89.0,735842695.0,94,5307,100.0,0.0,100,1,,,,,100.0,0.0,100.0,0.0,,,74.0,26.0,,,100.0,43.0,100.0,292.0,26,26,100.0,0.0,100.0,0.0,200.0,0.0,100.0,5257.0,100.0,40294458528.0,100.0,55591179874.0
2018-12-03,ZCH0AERR,ST12000NM0007,12000138625024,0,83,189218400,99.0,0.0,100.0,1.0,100.0,0.0,89.0,738978448.0,94,5331,100.0,0.0,100,1,,,,,100.0,0.0,100.0,0.0,,,74.0,26.0,,,100.0,43.0,100.0,293.0,26,26,100.0,0.0,100.0,0.0,200.0,0.0,100.0,5280.0,100.0,40369882536.0,100.0,55766664602.0
2018-12-04,ZCH0AERR,ST12000NM0007,12000138625024,0,83,198886280,99.0,0.0,100.0,1.0,100.0,0.0,89.0,741984438.0,94,5355,100.0,0.0,100,1,,,,,100.0,0.0,100.0,0.0,,,75.0,25.0,,,100.0,44.0,100.0,294.0,25,25,100.0,0.0,100.0,0.0,200.0,0.0,100.0,5305.0,100.0,40439065416.0,100.0,55951290754.0
2018-12-05,ZCH0AERR,ST12000NM0007,12000138625024,0,83.0,206067368.0,99.0,0.0,100.0,1.0,100.0,0.0,89.0,745151065.0,94.0,5379.0,100.0,0.0,100.0,1.0,,,,,100.0,0.0,100.0,0.0,,,74.0,26.0,,,100.0,45.0,100.0,295.0,26.0,26.0,100.0,0.0,100.0,0.0,200.0,0.0,100.0,5329.0,100.0,40515259040.0,100.0,56126419306.0
2018-12-06,ZCH0AERR,ST12000NM0007,12000138625024,0,76,40430120,99.0,0.0,100.0,1.0,100.0,0.0,89.0,748756927.0,94,5410,100.0,0.0,100,1,,,,,100.0,0.0,100.0,0.0,,,75.0,25.0,,,100.0,46.0,100.0,297.0,25,25,100.0,0.0,100.0,0.0,200.0,0.0,100.0,5359.0,100.0,40621521680.0,100.0,56342800810.0
2018-12-07,ZCH0AERR,ST12000NM0007,12000138625024,0,75,32634488,99.0,0.0,100.0,1.0,100.0,0.0,89.0,751342225.0,94,5434,100.0,0.0,100,1,,,,,100.0,0.0,100.0,0.0,,,75.0,25.0,,,100.0,47.0,100.0,298.0,25,25,100.0,0.0,100.0,0.0,200.0,0.0,100.0,5383.0,100.0,40692120312.0,100.0,56508547202.0
2018-12-08,ZCH0AERR,ST12000NM0007,12000138625024,0,75,34413312,99.0,0.0,100.0,1.0,100.0,0.0,89.0,753821437.0,94,5458,100.0,0.0,100,1,,,,,100.0,0.0,100.0,0.0,,,75.0,25.0,,,100.0,47.0,100.0,299.0,25,25,100.0,0.0,100.0,0.0,200.0,0.0,100.0,5407.0,100.0,40768437248.0,100.0,56678149730.0
2018-12-09,ZCH0AERR,ST12000NM0007,12000138625024,0,77,46560384,99.0,0.0,100.0,1.0,100.0,0.0,89.0,756462118.0,94,5482,100.0,0.0,100,1,,,,,100.0,0.0,100.0,0.0,,,75.0,25.0,,,100.0,48.0,100.0,300.0,25,25,100.0,0.0,100.0,0.0,200.0,0.0,100.0,5431.0,100.0,40833878168.0,100.0,56868996514.0
2018-12-10,ZCH0AERR,ST12000NM0007,12000138625024,0,75,28944264,99.0,0.0,100.0,1.0,100.0,0.0,89.0,758779698.0,94,5506,100.0,0.0,100,1,,,,,100.0,0.0,100.0,0.0,,,75.0,25.0,,,100.0,49.0,100.0,301.0,25,25,100.0,0.0,100.0,0.0,200.0,0.0,100.0,5455.0,100.0,40892637600.0,100.0,57036761618.0
2018-12-11,ZCH0AERR,ST12000NM0007,12000138625024,0,77,46290744,99.0,0.0,100.0,1.0,100.0,0.0,89.0,761684348.0,94,5530,100.0,0.0,100,1,,,,,100.0,0.0,100.0,0.0,,,75.0,25.0,,,100.0,49.0,100.0,302.0,25,25,100.0,0.0,100.0,0.0,200.0,0.0,100.0,5479.0,100.0,40960364672.0,100.0,57230521682.0
2018-12-12,ZCH0AERR,ST12000NM0007,12000138625024,0,77,48835168,99.0,0.0,100.0,1.0,100.0,0.0,89.0,765560975.0,94,5553,100.0,0.0,100,1,,,,,100.0,0.0,100.0,0.0,,,75.0,25.0,,,100.0,49.0,100.0,303.0,25,25,100.0,0.0,100.0,0.0,200.0,0.0,100.0,5502.0,100.0,41025478688.0,100.0,57412093226.0
2018-12-13,ZCH0AERR,ST12000NM0007,12000138625024,0,79,82914072,99.0,0.0,100.0,1.0,100.0,0.0,89.0,768797838.0,94,5577,100.0,0.0,100,1,,,,,100.0,0.0,100.0,0.0,,,73.0,27.0,,,100.0,50.0,100.0,304.0,27,27,100.0,0.0,100.0,0.0,200.0,0.0,100.0,5526.0,100.0,41100919056.0,100.0,57614872634.0
2018-12-14,ZCH0AERR,ST12000NM0007,12000138625024,0,78,62190424,99.0,0.0,100.0,1.0,100.0,0.0,89.0,771059019.0,94,5602,100.0,0.0,100,1,,,,,100.0,0.0,100.0,0.0,,,73.0,27.0,,,100.0,51.0,100.0,305.0,27,27,100.0,0.0,100.0,0.0,200.0,0.0,100.0,5551.0,100.0,41172438760.0,100.0,57766770098.0
2018-12-15,ZCH0AERR,ST12000NM0007,12000138625024,0,78,58672576,99.0,0.0,100.0,1.0,100.0,0.0,89.0,773366511.0,94,5626,100.0,0.0,100,1,,,,,100.0,0.0,100.0,0.0,,,73.0,27.0,,,100.0,51.0,100.0,306.0,27,27,100.0,0.0,100.0,0.0,200.0,0.0,100.0,5575.0,100.0,41241921200.0,100.0,57937910610.0
2018-12-16,ZCH0AERR,ST12000NM0007,12000138625024,0,80,94601408,99.0,0.0,100.0,1.0,100.0,0.0,89.0,776361023.0,94,5650,100.0,0.0,100,1,,,,,100.0,0.0,100.0,0.0,,,73.0,27.0,,,100.0,52.0,100.0,307.0,27,27,100.0,0.0,100.0,0.0,200.0,0.0,100.0,5599.0,100.0,41319303440.0,100.0,58140597834.0
2018-12-17,ZCH0AERR,ST12000NM0007,12000138625024,0,78,65238728,99.0,0.0,100.0,1.0,100.0,0.0,89.0,778530469.0,94,5674,100.0,0.0,100,1,,,,,100.0,0.0,100.0,0.0,,,73.0,27.0,,,100.0,52.0,100.0,308.0,27,27,100.0,0.0,100.0,0.0,200.0,0.0,100.0,5622.0,100.0,41373551624.0,100.0,58301127714.0
2018-12-18,ZCH0AERR,ST12000NM0007,12000138625024,0,79,79716272,99.0,0.0,100.0,1.0,100.0,0.0,89.0,781180270.0,94,5698,100.0,0.0,100,1,,,,,100.0,0.0,100.0,0.0,,,73.0,27.0,,,100.0,53.0,100.0,309.0,27,27,100.0,0.0,100.0,0.0,200.0,0.0,100.0,5647.0,100.0,41451156320.0,100.0,58482141226.0
2018-12-19,ZCH0AERR,ST12000NM0007,12000138625024,0,80,103228456,99.0,0.0,100.0,1.0,100.0,0.0,89.0,784030825.0,94,5722,100.0,0.0,100,1,,,,,100.0,0.0,100.0,0.0,,,73.0,27.0,,,100.0,54.0,100.0,310.0,27,27,100.0,0.0,100.0,0.0,200.0,0.0,100.0,5670.0,100.0,41516935848.0,100.0,58684014578.0
2018-12-20,ZCH0AERR,ST12000NM0007,12000138625024,0,81,135296424,99.0,0.0,100.0,1.0,100.0,0.0,89.0,786724599.0,94,5746,100.0,0.0,100,1,,,,,100.0,0.0,100.0,0.0,,,73.0,27.0,,,100.0,55.0,100.0,311.0,27,27,100.0,0.0,100.0,0.0,200.0,0.0,100.0,5694.0,100.0,41609463864.0,100.0,58867695338.0
2018-12-21,ZCH0AERR,ST12000NM0007,12000138625024,0,82,144746736,99.0,0.0,100.0,1.0,100.0,0.0,89.0,789302024.0,94,5770,100.0,0.0,100,1,,,,,100.0,0.0,100.0,0.0,,,73.0,27.0,,,100.0,56.0,100.0,312.0,27,27,100.0,0.0,100.0,0.0,200.0,0.0,100.0,5718.0,100.0,41704312368.0,100.0,59026438194.0
2018-12-22,ZCH0AERR,ST12000NM0007,12000138625024,0,82,144728880,99.0,0.0,100.0,1.0,100.0,0.0,89.0,791776989.0,94,5793,100.0,0.0,100,1,,,,,100.0,0.0,100.0,0.0,,,73.0,27.0,,,100.0,57.0,100.0,313.0,27,27,100.0,0.0,100.0,0.0,200.0,0.0,100.0,5741.0,100.0,41773076120.0,100.0,59201797298.0
2018-12-23,ZCH0AERR,ST12000NM0007,12000138625024,0,66,4080128,99.0,0.0,100.0,1.0,100.0,0.0,89.0,795810299.0,94,5817,100.0,0.0,100,1,,,,,100.0,0.0,100.0,0.0,,,73.0,27.0,,,100.0,57.0,100.0,314.0,27,27,100.0,0.0,100.0,0.0,200.0,0.0,100.0,5765.0,100.0,41852271216.0,100.0,59470235210.0
2018-12-24,ZCH0AERR,ST12000NM0007,12000138625024,0,75,33322192,99.0,0.0,100.0,1.0,100.0,0.0,89.0,798517283.0,94,5842,100.0,0.0,100,1,,,,,100.0,0.0,100.0,0.0,,,73.0,27.0,,,100.0,57.0,100.0,315.0,27,27,100.0,0.0,100.0,0.0,200.0,0.0,100.0,5790.0,100.0,41931672024.0,100.0,59664217122.0
2018-12-25,ZCH0AERR,ST12000NM0007,12000138625024,0,78,69185952,99.0,0.0,100.0,1.0,100.0,0.0,89.0,801098080.0,94,5866,100.0,0.0,100,1,,,,,100.0,0.0,100.0,0.0,,,73.0,27.0,,,100.0,58.0,100.0,316.0,27,27,100.0,0.0,100.0,0.0,200.0,0.0,100.0,5814.0,100.0,42010662536.0,100.0,59865231042.0
2018-12-26,ZCH0AERR,ST12000NM0007,12000138625024,0,80,90740464,99.0,0.0,100.0,1.0,100.0,0.0,89.0,803933388.0,94,5890,100.0,0.0,100,1,,,,,100.0,0.0,100.0,0.0,,,73.0,27.0,,,100.0,58.0,100.0,317.0,27,27,100.0,0.0,100.0,0.0,200.0,0.0,100.0,5838.0,100.0,42068300648.0,100.0,60073288178.0
2018-12-27,ZCH0AERR,ST12000NM0007,12000138625024,0,80,99547240,99.0,0.0,100.0,1.0,100.0,0.0,89.0,806533765.0,94,5914,100.0,0.0,100,1,,,,,100.0,0.0,100.0,0.0,,,73.0,27.0,,,100.0,59.0,100.0,318.0,27,27,100.0,0.0,100.0,0.0,200.0,0.0,100.0,5862.0,100.0,42137268656.0,100.0,60257267578.0
2018-12-28,ZCH0AERR,ST12000NM0007,12000138625024,0,81,122551936,99.0,0.0,100.0,1.0,100.0,0.0,89.0,809285723.0,94,5938,100.0,0.0,100,1,,,,,100.0,0.0,100.0,0.0,,,73.0,27.0,,,100.0,59.0,100.0,319.0,27,27,100.0,0.0,100.0,0.0,200.0,0.0,100.0,5886.0,100.0,42207933464.0,100.0,60453748234.0
2018-12-29,ZCH0AERR,ST12000NM0007,12000138625024,0,81,127942960,99.0,0.0,100.0,1.0,100.0,0.0,89.0,811909351.0,94,5962,100.0,0.0,100,1,,,,,100.0,0.0,100.0,0.0,,,73.0,27.0,,,100.0,59.0,100.0,320.0,27,27,100.0,0.0,100.0,0.0,200.0,0.0,100.0,5910.0,100.0,42292553784.0,100.0,60618659906.0
2018-12-30,ZCH0AERR,ST12000NM0007,12000138625024,0,82,163665928,99.0,0.0,100.0,1.0,100.0,0.0,89.0,814881397.0,94,5986,100.0,0.0,100,1,,,,,100.0,0.0,100.0,0.0,,,74.0,26.0,,,100.0,59.0,100.0,321.0,26,26,100.0,0.0,100.0,0.0,200.0,0.0,100.0,5933.0,100.0,42356011296.0,100.0,60835066042.0
2018-12-31,ZCH0AERR,ST12000NM0007,12000138625024,0,82,175373624,99.0,0.0,100.0,1.0,100.0,0.0,89.0,817243110.0,94,6010,100.0,0.0,100,1,,,,,100.0,0.0,100.0,0.0,,,74.0,26.0,,,100.0,60.0,100.0,322.0,26,26,100.0,0.0,100.0,0.0,200.0,0.0,100.0,5957.0,100.0,42414325760.0,100.0,61032600138.0
