2018-02-12,ZJV001ES,ST12000NM0007,12000138625024,0,83,182495096,99,0,100,1,100,0,63,2088891,100,82,100,0,100,1,,,,,100.0,0.0,100.0,0.0,,,65.0,35.0,,,100.0,0.0,100.0,154.0,35,35,100,0,100,0,200,0,100.0,30.0,100.0,644619560.0,100.0,270382650.0
2018-02-13,ZJV001ES,ST12000NM0007,12000138625024,0,83,182699002,99,0,100,1,100,0,63,2107518,100,103,100,0,100,1,,,,,100.0,0.0,100.0,0.0,,,66.0,34.0,,,100.0,1.0,100.0,155.0,34,34,100,0,100,0,200,0,100.0,50.0,100.0,644628128.0,100.0,270577988.0
2018-02-14,ZJV001ES,ST12000NM0007,12000138625024,0,83,182842154,99,0,100,1,100,0,63,2128650,100,127,100,0,100,1,,,,,100.0,0.0,100.0,0.0,,,66.0,34.0,,,100.0,1.0,100.0,231.0,34,34,100,0,100,0,200,0,100.0,67.0,100.0,644638536.0,100.0,270710732.0
2018-02-15,ZJV001ES,ST12000NM0007,12000138625024,0,83,183041122,99,0,100,1,100,0,63,2149787,100,151,100,0,100,1,,,,,100.0,0.0,100.0,0.0,,,66.0,34.0,,,100.0,2.0,100.0,232.0,34,34,100,0,100,0,200,0,100.0,90.0,100.0,644646696.0,100.0,270901540.0
2018-02-16,ZJV001ES,ST12000NM0007,12000138625024,0,83,183257882,99,0,100,1,100,0,63,2171954,100,175,100,0,100,1,,,,,100.0,0.0,100.0,0.0,,,66.0,34.0,,,100.0,3.0,100.0,233.0,34,34,100,0,100,0,200,0,100.0,114.0,100.0,644656008.0,100.0,271108988.0
2018-02-17,ZJV001ES,ST12000NM0007,12000138625024,0,83,183457442,99,0,100,1,100,0,63,2193073,100,198,100,0,100,1,,,,,100.0,0.0,100.0,0.0,,,63.0,37.0,,,100.0,4.0,100.0,234.0,37,37,100,0,100,0,200,0,100.0,138.0,100.0,644664760.0,100.0,271299796.0
2018-02-18,ZJV001ES,ST12000NM0007,12000138625024,0,83,183666314,99,0,100,1,100,0,63,2214952,100,223,100,0,100,1,,,,,100.0,0.0,100.0,0.0,,,63.0,37.0,,,100.0,5.0,100.0,235.0,37,37,100,0,100,0,200,0,100.0,162.0,100.0,644674512.0,100.0,271498916.0
2018-02-19,ZJV001ES,ST12000NM0007,12000138625024,0,83,183874666,99,0,100,1,100,0,63,2237216,100,247,100,0,100,1,,,,,100.0,0.0,100.0,0.0,,,62.0,38.0,,,100.0,6.0,100.0,236.0,38,38,100,0,100,0,200,0,100.0,186.0,100.0,644683760.0,100.0,271698020.0
2018-02-20,ZJV001ES,ST12000NM0007,12000138625024,0,83,184073554,99,0,100,1,100,0,64,2258158,100,271,100,0,100,1,,,,,100.0,0.0,100.0,0.0,,,62.0,38.0,,,100.0,7.0,100.0,237.0,38,38,100,0,100,0,200,0,100.0,209.0,100.0,644691840.0,100.0,271888828.0
2018-02-21,ZJV001ES,ST12000NM0007,12000138625024,0,83,184282506,99,0,100,1,100,0,64,2280034,100,295,100,0,100,1,,,,,100.0,0.0,100.0,0.0,,,62.0,38.0,,,100.0,8.0,100.0,238.0,38,38,100,0,100,0,200,0,100.0,234.0,100.0,644701688.0,100.0,272087932.0
2018-02-22,ZJV001ES,ST12000NM0007,12000138625024,0,83,184482106,99,0,100,1,100,0,64,2301022,100,318,100,0,100,1,,,,,100.0,0.0,100.0,0.0,,,64.0,36.0,,,100.0,9.0,100.0,239.0,36,36,100,0,100,0,200,0,100.0,257.0,100.0,644710480.0,100.0,272278740.0
2018-02-23,ZJV001ES,ST12000NM0007,12000138625024,0,83,184690586,99,0,100,1,100,0,64,2323128,100,343,100,0,100,1,,,,,100.0,0.0,100.0,0.0,,,63.0,37.0,,,100.0,10.0,100.0,240.0,37,37,100,0,100,0,200,0,100.0,281.0,100.0,644719856.0,100.0,272477844.0
2018-02-24,ZJV001ES,ST12000NM0007,12000138625024,0,83,184899418,99,0,100,1,100,0,64,2345031,100,367,100,0,100,1,,,,,100.0,0.0,100.0,0.0,,,64.0,36.0,,,100.0,11.0,100.0,241.0,36,36,100,0,100,0,200,0,100.0,305.0,100.0,644729584.0,100.0,272676948.0
2018-02-25,ZJV001ES,ST12000NM0007,12000138625024,0,83,185098170,99,0,100,1,100,0,64,2366146,100,391,100,0,100,1,,,,,100.0,0.0,100.0,0.0,,,64.0,36.0,,,100.0,12.0,100.0,242.0,36,36,100,0,100,0,200,0,100.0,329.0,100.0,644737528.0,100.0,272867756.0
2018-02-26,ZJV001ES,ST12000NM0007,12000138625024,0,83,185306090,99,0,100,1,100,0,64,2388123,100,415,100,0,100,1,,,,,100.0,0.0,100.0,0.0,,,64.0,36.0,,,100.0,13.0,100.0,243.0,36,36,100,0,100,0,200,0,100.0,353.0,100.0,644746344.0,100.0,273066860.0
2018-02-27,ZJV001ES,ST12000NM0007,12000138625024,0,83,185505258,99,0,100,1,100,0,64,2408987,100,438,100,0,100,1,,,,,100.0,0.0,100.0,0.0,,,63.0,37.0,,,100.0,14.0,100.0,244.0,37,37,100,0,100,0,200,0,100.0,377.0,100.0,644754704.0,100.0,273257668.0
2018-02-28,ZJV001ES,ST12000NM0007,12000138625024,0,83,185714138,99,0,100,1,100,0,64,2430991,100,463,100,0,100,1,,,,,100.0,0.0,100.0,0.0,,,64.0,36.0,,,100.0,15.0,100.0,245.0,36,36,100,0,100,0,200,0,100.0,401.0,100.0,644764480.0,100.0,273456772.0
2018-03-01,ZJV001ES,ST12000NM0007,12000138625024,0,83,185923194,99,0,100,1,100,0,64,2452831,100,487,100,0,100,1,,,,,100.0,0.0,100.0,0.0,,,64.0,36.0,,,100.0,16.0,100.0,246.0,36,36,100,0,100,0,200,0,100.0,425.0,100.0,644774432.0,100.0,273655876.0
2018-03-02,ZJV001ES,ST12000NM0007,12000138625024,0,83,186126906,99,0,100,1,100,0,64,2473555,100,511,100,0,100,1,,,,,100.0,0.0,100.0,0.0,,,64.0,36.0,,,100.0,16.0,100.0,246.0,36,36,100,0,100,0,200,0,100.0,449.0,100.0,644782512.0,100.0,273851508.0
2018-03-03,ZJV001ES,ST12000NM0007,12000138625024,0,83,186335210,99,0,100,1,100,0,64,2495394,100,535,100,0,100,1,,,,,100.0,0.0,100.0,0.0,,,64.0,36.0,,,100.0,18.0,100.0,248.0,36,36,100,0,100,0,200,0,100.0,473.0,100.0,644791712.0,100.0,274050612.0
2018-03-04,ZJV001ES,ST12000NM0007,12000138625024,0,83,186544058,99,0,100,1,100,0,64,2517433,100,559,100,0,100,1,,,,,100.0,0.0,100.0,0.0,,,64.0,36.0,,,100.0,19.0,100.0,249.0,36,36,100,0,100,0,200,0,100.0,497.0,100.0,644801456.0,100.0,274249716.0
2018-03-05,ZJV001ES,ST12000NM0007,12000138625024,0,83,186742946,99,0,100,1,100,0,64,2538360,100,583,100,0,100,1,,,,,100.0,0.0,100.0,0.0,,,64.0,36.0,,,100.0,20.0,100.0,250.0,36,36,100,0,100,0,200,0,100.0,520.0,100.0,644809536.0,100.0,274440524.0
2018-03-06,ZJV001ES,ST12000NM0007,12000138625024,0,83,186959986,99,0,100,1,100,0,64,2561184,100,608,100,0,100,1,,,,,100.0,0.0,100.0,0.0,,,64.0,36.0,,,100.0,21.0,100.0,251.0,36,36,100,0,100,0,200,0,100.0,545.0,100.0,644819176.0,100.0,274647924.0
2018-03-07,ZJV001ES,ST12000NM0007,12000138625024,0,84.0,235028930.0,99.0,0.0,100.0,1.0,100.0,0.0,65.0,3024878.0,100.0,633.0,100.0,0.0,100.0,1.0,,,,,100.0,0.0,100.0,0.0,,,62.0,38.0,,,100.0,21.0,100.0,252.0,38.0,38.0,100.0,0.0,100.0,0.0,200.0,0.0,100.0,569.0,100.0,692612696.0,100.0,274923348.0
2018-03-08,ZJV001ES,ST12000NM0007,12000138625024,0,78,70675528,99,0,100,1,100,0,68,6136627,100,660,100,0,100,1,,,,,100.0,0.0,100.0,0.0,,,62.0,38.0,,,100.0,21.0,100.0,253.0,38,38,100,0,100,0,200,0,100.0,597.0,100.0,1013087952.0,100.0,278376244.0
2018-03-09,ZJV001ES,ST12000NM0007,12000138625024,0,81,132174600,99,0,100,1,100,0,70,8967293,100,685,100,0,100,1,,,,,100.0,0.0,100.0,0.0,,,62.0,38.0,,,100.0,21.0,100.0,254.0,38,38,100,0,100,0,200,0,100.0,621.0,100.0,1310603376.0,100.0,286500556.0
2018-03-10,ZJV001ES,ST12000NM0007,12000138625024,0,83,180124296,99,0,100,1,100,0,71,11681876,100,708,100,0,100,1,,,,,100.0,0.0,100.0,0.0,,,62.0,38.0,,,100.0,21.0,100.0,255.0,38,38,100,0,100,0,200,0,100.0,645.0,100.0,1594347432.0,100.0,294846980.0
2018-03-11,ZJV001ES,ST12000NM0007,12000138625024,0,84,231881144,99,0,100,1,100,0,72,14439278,100,732,100,0,100,1,,,,,100.0,0.0,100.0,0.0,,,62.0,38.0,,,100.0,21.0,100.0,256.0,38,38,100,0,100,0,200,0,100.0,668.0,100.0,1880302392.0,100.0,304789636.0
2018-03-12,ZJV001ES,ST12000NM0007,12000138625024,0,76,42224736,99,0,100,1,100,0,72,17271862,100,756,100,0,100,1,,,,,100.0,0.0,100.0,0.0,,,62.0,38.0,,,100.0,21.0,100.0,257.0,38,38,100,0,100,0,200,0,100.0,693.0,100.0,2172732832.0,100.0,310984140.0
2018-03-13,ZJV001ES,ST12000NM0007,12000138625024,0,80,89609328,99,0,100,1,100,0,73,19994579,100,780,100,0,100,1,,,,,100.0,0.0,100.0,0.0,,,62.0,38.0,,,100.0,21.0,100.0,258.0,38,38,100,0,100,0,200,0,100.0,716.0,100.0,2451515464.0,100.0,323726732.0
2018-03-14,ZJV001ES,ST12000NM0007,12000138625024,0,82,159621000,99,0,100,1,100,0,74,23016356,100,805,100,0,100,1,,,,,100.0,0.0,100.0,0.0,,,62.0,38.0,,,100.0,21.0,100.0,259.0,38,38,100,0,100,0,200,0,100.0,741.0,100.0,2753853992.0,100.0,335540524.0
2018-03-15,ZJV001ES,ST12000NM0007,12000138625024,0,83,198393464,99,0,100,1,100,0,74,25671310,100,827,100,0,100,1,,,,,100.0,0.0,100.0,0.0,,,63.0,37.0,,,100.0,21.0,100.0,260.0,37,37,100,0,100,0,200,0,100.0,763.0,100.0,3029497496.0,100.0,342810156.0
2018-03-16,ZJV001ES,ST12000NM0007,12000138625024,0,79.0,78920648.0,99.0,0.0,100.0,1.0,100.0,0.0,74.0,26835539.0,100.0,852.0,100.0,0.0,100.0,1.0,,,,,100.0,0.0,100.0,0.0,,,62.0,38.0,,,100.0,21.0,100.0,261.0,38.0,38.0,100.0,0.0,100.0,0.0,200.0,0.0,100.0,788.0,100.0,3149429808.0,100.0,347545804.0
2018-03-17,ZJV001ES,ST12000NM0007,12000138625024,0,81,137536256,99,0,100,1,100,0,75,29629920,99,876,100,0,100,1,,,,,100.0,0.0,100.0,0.0,,,62.0,38.0,,,100.0,21.0,100.0,262.0,38,38,100,0,100,0,200,0,100.0,812.0,100.0,3443820608.0,100.0,355911292.0
2018-03-18,ZJV001ES,ST12000NM0007,12000138625024,0,83,206467472,99,0,100,1,100,0,75,32625598,99,900,100,0,100,1,,,,,100.0,0.0,100.0,0.0,,,63.0,37.0,,,100.0,21.0,100.0,263.0,37,37,100,0,100,0,200,0,100.0,835.0,100.0,3740138488.0,100.0,372665332.0
2018-03-19,ZJV001ES,ST12000NM0007,12000138625024,0,70,10890336,99,0,100,1,100,0,76,35483567,99,924,100,0,100,1,,,,,100.0,0.0,100.0,0.0,,,63.0,37.0,,,100.0,21.0,100.0,264.0,37,37,100,0,100,0,200,0,100.0,860.0,100.0,4026143096.0,100.0,379365108.0
2018-03-20,ZJV001ES,ST12000NM0007,12000138625024,0,78,60926096,99,0,100,1,100,0,76,38499696,99,948,100,0,100,1,,,,,100.0,0.0,100.0,0.0,,,63.0,37.0,,,100.0,21.0,100.0,265.0,37,37,100,0,100,0,200,0,100.0,883.0,100.0,4305333784.0,100.0,394350900.0
2018-03-21,ZJV001ES,ST12000NM0007,12000138625024,0,82,164291080,99,0,100,1,100,0,76,41711733,99,972,100,0,100,1,,,,,100.0,0.0,100.0,0.0,,,63.0,37.0,,,100.0,21.0,100.0,266.0,37,37,100,0,100,0,200,0,100.0,907.0,100.0,4635035560.0,100.0,412155004.0
2018-03-22,ZJV001ES,ST12000NM0007,12000138625024,0,80,104499008,99,0,100,1,100,0,77,45026693,99,995,100,0,100,1,,,,,100.0,0.0,100.0,0.0,,,63.0,37.0,,,100.0,21.0,100.0,267.0,37,37,100,0,100,0,200,0,100.0,931.0,100.0,5017218336.0,100.0,458461668.0
2018-03-23,ZJV001ES,ST12000NM0007,12000138625024,0,82,155489416,99,0,100,1,100,0,77,47672469,99,1020,100,0,100,1,,,,,100.0,0.0,100.0,0.0,,,62.0,38.0,,,100.0,22.0,100.0,268.0,38,38,100,0,100,0,200,0,100.0,955.0,100.0,5309602192.0,100.0,461209068.0
2018-03-24,ZJV001ES,ST12000NM0007,12000138625024,0,83,219303048,99,0,100,1,100,0,77,48768727,99,1043,100,0,100,1,,,,,100.0,0.0,100.0,0.0,,,63.0,37.0,,,100.0,22.0,100.0,269.0,37,37,100,0,100,0,200,0,100.0,978.0,100.0,5371681016.0,100.0,462943876.0
2018-03-25,ZJV001ES,ST12000NM0007,12000138625024,0,83,189144704,99,0,100,1,100,0,77,50796036,99,1068,100,0,100,1,,,,,100.0,0.0,100.0,0.0,,,62.0,38.0,,,100.0,22.0,100.0,270.0,38,38,100,0,100,0,200,0,100.0,1003.0,100.0,5566353840.0,100.0,482253452.0
2018-03-26,ZJV001ES,ST12000NM0007,12000138625024,0,66,4227880,99,0,100,1,100,0,77,53732829,99,1091,100,0,100,1,,,,,100.0,0.0,100.0,0.0,,,62.0,38.0,,,100.0,22.0,100.0,271.0,38,38,100,0,100,0,200,0,100.0,1026.0,100.0,5864127184.0,100.0,487844908.0
2018-03-27,ZJV001ES,ST12000NM0007,12000138625024,0,80,109844496,99,0,100,1,100,0,78,57278037,99,1116,100,0,100,1,,,,,100.0,0.0,100.0,0.0,,,63.0,37.0,,,100.0,22.0,100.0,272.0,37,37,100,0,100,0,200,0,100.0,1051.0,100.0,6192546576.0,100.0,509182764.0
2018-03-28,ZJV001ES,ST12000NM0007,12000138625024,0,83,220344056,99,0,100,1,100,0,78,60713052,99,1140,100,0,100,1,,,,,100.0,0.0,100.0,0.0,,,62.0,38.0,,,100.0,22.0,100.0,273.0,38,38,100,0,100,0,200,0,100.0,1074.0,100.0,6520913512.0,100.0,535456284.0
2018-03-29,ZJV001ES,ST12000NM0007,12000138625024,0,76,38312200,99,0,100,1,100,0,78,63783920,99,1164,100,0,100,1,,,,,100.0,0.0,100.0,0.0,,,62.0,38.0,,,100.0,22.0,100.0,274.0,38,38,100,0,100,0,200,0,100.0,1098.0,100.0,6818319280.0,100.0,544300028.0
2018-03-30,ZJV001ES,ST12000NM0007,12000138625024,0,83,201486024,99,0,100,1,100,0,78,67265871,99,1187,100,0,100,1,,,,,100.0,0.0,100.0,0.0,,,62.0,38.0,,,100.0,22.0,100.0,275.0,38,38,100,0,100,0,200,0,100.0,1122.0,100.0,7215190384.0,100.0,554743452.0
2018-03-31,ZJV001ES,ST12000NM0007,12000138625024,0,83,208899496,99,0,100,1,100,0,79,71275214,99,1212,100,0,100,1,,,,,100.0,0.0,100.0,0.0,,,62.0,38.0,,,100.0,22.0,100.0,276.0,38,38,100,0,100,0,200,0,100.0,1146.0,100.0,7698949792.0,100.0,566678924.0
2018-04-01,ZJV001ES,ST12000NM0007,12000138625024,0,78,61050552,99,0,100,1,100,0,79,72331129,99,1235,100,0,100,1,,,,,100.0,0.0,100.0,0.0,,,63.0,37.0,,,100.0,23.0,100.0,277.0,37,37,100,0,100,0,200,0,100.0,1169.0,100.0,7764375856.0,100.0,597544684.0
2018-04-02,ZJV001ES,ST12000NM0007,12000138625024,0,79,85106232,99,0,100,1,100,0,79,72633600,99,1259,100,0,100,1,,,,,100.0,0.0,100.0,0.0,,,65.0,35.0,,,100.0,23.0,100.0,278.0,35,35,100,0,100,0,200,0,100.0,1194.0,100.0,7770492328.0,100.0,615483892.0
2018-04-03,ZJV001ES,ST12000NM0007,12000138625024,0,81,118588592,99,0,100,1,100,0,79,73023078,99,1284,100,0,100,1,,,,,100.0,0.0,100.0,0.0,,,64.0,36.0,,,100.0,24.0,100.0,279.0,36,36,100,0,100,0,200,0,100.0,1218.0,100.0,7778874840.0,100.0,640583740.0
2018-04-04,ZJV001ES,ST12000NM0007,12000138625024,0,83,192440616,99,0,100,1,100,0,79,73783367,99,1307,100,0,100,1,,,,,100.0,0.0,100.0,0.0,,,64.0,36.0,,,100.0,25.0,100.0,280.0,36,36,100,0,100,0,200,0,100.0,1242.0,100.0,7811790664.0,100.0,681519940.0
2018-04-05,ZJV001ES,ST12000NM0007,12000138625024,0,81,117940160,99,0,100,1,100,0,79,75454041,99,1331,100,0,100,1,,,,,100.0,0.0,100.0,0.0,,,63.0,37.0,,,100.0,26.0,100.0,281.0,37,37,100,0,100,0,200,0,100.0,1265.0,100.0,7957204224.0,100.0,705746652.0
2018-04-06,ZJV001ES,ST12000NM0007,12000138625024,0,83,220017752,99,0,100,1,100,0,79,78601062,99,1355,100,0,100,1,,,,,100.0,0.0,100.0,0.0,,,63.0,37.0,,,100.0,26.0,100.0,282.0,37,37,100,0,100,0,200,0,100.0,1289.0,100.0,8294400496.0,100.0,714768804.0
2018-04-07,ZJV001ES,ST12000NM0007,12000138625024,0,76.0,41522496.0,99.0,0.0,100.0,1.0,100.0,0.0,79.0,81865980.0,99.0,1379.0,100.0,0.0,100.0,1.0,,,,,100.0,0.0,100.0,0.0,,,63.0,37.0,,,100.0,26.0,100.0,283.0,37.0,37.0,100.0,0.0,100.0,0.0,200.0,0.0,100.0,1313.0,100.0,8587263816.0,100.0,731691964.0
2018-04-08,ZJV001ES,ST12000NM0007,12000138625024,0,81,116295320,99,0,100,1,100,0,79,85182914,99,1404,100,0,100,1,,,,,100.0,0.0,100.0,0.0,,,62.0,38.0,,,100.0,26.0,100.0,284.0,38,38,100,0,100,0,200,0,100.0,1338.0,100.0,8871697288.0,100.0,766172036.0
2018-04-09,ZJV001ES,ST12000NM0007,12000138625024,0,82,153241848,99,0,100,1,100,0,79,88210536,99,1428,100,0,100,1,,,,,100.0,0.0,100.0,0.0,,,63.0,37.0,,,100.0,26.0,100.0,285.0,37,37,100,0,100,0,200,0,100.0,1362.0,100.0,9145259016.0,100.0,773697500.0
2018-04-10,ZJV001ES,ST12000NM0007,12000138625024,0,84,233113936,99,0,100,1,100,0,80,91411359,99,1451,100,0,100,1,,,,,100.0,0.0,100.0,0.0,,,63.0,37.0,,,100.0,26.0,100.0,286.0,37,37,100,0,100,0,200,0,100.0,1385.0,100.0,9454808144.0,100.0,788161364.0
2018-04-11,ZJV001ES,ST12000NM0007,12000138625024,0,83,203586536,99,0,100,1,100,0,80,93591041,99,1475,100,0,100,1,,,,,100.0,0.0,100.0,0.0,,,63.0,37.0,,,100.0,27.0,100.0,287.0,37,37,100,0,100,0,200,0,100.0,1409.0,100.0,9643627760.0,100.0,813954980.0
2018-04-12,ZJV001ES,ST12000NM0007,12000138625024,0,83,209314072,99,0,100,1,100,0,80,93683892,99,1499,100,0,100,1,,,,,100.0,0.0,100.0,0.0,,,63.0,37.0,,,100.0,27.0,100.0,289.0,37,37,100,0,100,0,200,0,100.0,1433.0,100.0,9644587736.0,100.0,818722540.0
2018-04-13,ZJV001ES,ST12000NM0007,12000138625024,0,83,214466536,99,0,100,1,100,0,80,93790834,99,1524,100,0,100,1,,,,,100.0,0.0,100.0,0.0,,,64.0,36.0,,,100.0,28.0,100.0,290.0,36,36,100,0,100,0,200,0,100.0,1457.0,100.0,9645807120.0,100.0,822655620.0
2018-04-14,ZJV001ES,ST12000NM0007,12000138625024,0,83,221179504,99,0,100,1,100,0,80,93935238,99,1547,100,0,100,1,,,,,100.0,0.0,100.0,0.0,,,63.0,37.0,,,100.0,29.0,100.0,291.0,37,37,100,0,100,0,200,0,100.0,1480.0,100.0,9647393344.0,100.0,827782364.0
2018-04-15,ZJV001ES,ST12000NM0007,12000138625024,0,76,39366720,99,0,100,1,100,0,80,94809388,99,1572,100,0,100,1,,,,,100.0,0.0,100.0,0.0,,,63.0,37.0,,,100.0,30.0,100.0,292.0,37,37,100,0,100,0,200,0,100.0,1505.0,100.0,9678235160.0,100.0,859268396.0
2018-04-16,ZJV001ES,ST12000NM0007,12000138625024,0,77,52720520,99,0,100,1,100,0,80,95030731,99,1595,100,0,100,1,,,,,100.0,0.0,100.0,0.0,,,63.0,37.0,,,100.0,31.0,100.0,293.0,37,37,100,0,100,0,200,0,100.0,1528.0,100.0,9682383384.0,100.0,868473972.0
2018-04-17,ZJV001ES,ST12000NM0007,12000138625024,0,78,62300184,99,0,100,1,100,0,80,95219723,99,1619,100,0,100,1,,,,,100.0,0.0,100.0,0.0,,,62.0,38.0,,,100.0,32.0,100.0,294.0,38,38,100,0,100,0,200,0,100.0,1552.0,100.0,9685084136.0,100.0,875352892.0
2018-04-18,ZJV001ES,ST12000NM0007,12000138625024,0,81,133985536,99,0,100,1,100,0,80,96370527,99,1644,100,0,100,1,,,,,100.0,0.0,100.0,0.0,,,63.0,37.0,,,100.0,33.0,100.0,295.0,37,37,100,0,100,0,200,0,100.0,1577.0,100.0,9714150448.0,100.0,917971932.0
2018-04-19,ZJV001ES,ST12000NM0007,12000138625024,0,82,145380448,99,0,100,1,100,0,80,96625265,99,1668,100,0,100,1,,,,,100.0,0.0,100.0,0.0,,,63.0,37.0,,,100.0,34.0,100.0,296.0,37,37,100,0,100,0,200,0,100.0,1600.0,100.0,9716748416.0,100.0,926768876.0
2018-04-20,ZJV001ES,ST12000NM0007,12000138625024,0,82,169858400,99,0,100,1,100,0,80,97094330,99,1692,100,0,100,1,,,,,100.0,0.0,100.0,0.0,,,63.0,37.0,,,100.0,35.0,100.0,297.0,37,37,100,0,100,0,200,0,100.0,1624.0,100.0,9726277960.0,100.0,941717284.0
2018-04-21,ZJV001ES,ST12000NM0007,12000138625024,0,83,182376368,99,0,100,1,100,0,80,97355216,99,1716,100,0,100,1,,,,,100.0,0.0,100.0,0.0,,,63.0,37.0,,,100.0,36.0,100.0,298.0,37,37,100,0,100,0,200,0,100.0,1648.0,100.0,9729130816.0,100.0,951382396.0
2018-04-22,ZJV001ES,ST12000NM0007,12000138625024,0,84,229637120,99,0,100,1,100,0,80,98032971,99,1734,100,0,100,1,,,,,100.0,0.0,100.0,0.0,,,63.0,37.0,,,100.0,37.0,100.0,299.0,37,37,100,0,100,0,200,0,100.0,1666.0,100.0,9753429176.0,100.0,974344788.0
2018-04-23,ZJV001ES,ST12000NM0007,12000138625024,0,66,4076328,99,0,100,1,100,0,80,98365519,98,1758,100,0,100,1,,,,,100.0,0.0,100.0,0.0,,,64.0,36.0,,,100.0,38.0,100.0,300.0,36,36,100,0,100,0,200,0,100.0,1691.0,100.0,9760450320.0,100.0,985903484.0
2018-04-24,ZJV001ES,ST12000NM0007,12000138625024,0,81,135146048,99,0,100,1,100,0,80,99809180,98,1783,100,0,100,1,,,,,100.0,0.0,100.0,0.0,,,63.0,37.0,,,100.0,38.0,100.0,301.0,37,37,100,0,100,0,200,0,100.0,1715.0,100.0,9882110736.0,100.0,995312788.0
2018-04-25,ZJV001ES,ST12000NM0007,12000138625024,0,100,1208640,99,0,100,1,100,0,80,103465083,98,1806,100,0,100,1,,,,,100.0,0.0,100.0,0.0,,,62.0,38.0,,,100.0,38.0,100.0,302.0,38,38,100,0,100,0,200,0,100.0,1738.0,100.0,10191974592.0,100.0,1039793060.0
2018-04-26,ZJV001ES,ST12000NM0007,12000138625024,0,82,144369128,99,0,100,1,100,0,80,105399217,98,1831,100,0,100,1,,,,,100.0,0.0,100.0,0.0,,,62.0,38.0,,,100.0,39.0,100.0,303.0,38,38,100,0,100,0,200,0,100.0,1763.0,100.0,10329740288.0,100.0,1045187852.0
2018-04-27,ZJV001ES,ST12000NM0007,12000138625024,0,82,172150232,99,0,100,1,100,0,80,105829912,98,1858,100,0,100,1,,,,,100.0,0.0,100.0,0.0,,,63.0,37.0,,,100.0,39.0,100.0,304.0,37,37,100,0,100,0,200,0,100.0,1790.0,100.0,10347784872.0,100.0,1054924372.0
2018-04-28,ZJV001ES,ST12000NM0007,12000138625024,0,82,175036168,99,0,100,1,100,0,80,105875317,98,1883,100,0,100,1,,,,,100.0,0.0,100.0,0.0,,,63.0,37.0,,,100.0,40.0,100.0,305.0,37,37,100,0,100,0,200,0,100.0,1814.0,100.0,10347861544.0,100.0,1057733636.0
2018-04-29,ZJV001ES,ST12000NM0007,12000138625024,0,84,226881616,99,0,100,1,100,0,80,106525921,98,1906,100,0,100,1,,,,,100.0,0.0,100.0,0.0,,,63.0,37.0,,,100.0,41.0,100.0,306.0,37,37,100,0,100,0,200,0,100.0,1837.0,100.0,10376162088.0,100.0,1081278540.0
2018-04-30,ZJV001ES,ST12000NM0007,12000138625024,0,84,236958024,99,0,100,1,100,0,80,106696259,98,1930,100,0,100,1,,,,,100.0,0.0,100.0,0.0,,,63.0,37.0,,,100.0,42.0,100.0,307.0,37,37,100,0,100,0,200,0,100.0,1861.0,100.0,10378590144.0,100.0,1088926892.0
2018-05-01,ZJV001ES,ST12000NM0007,12000138625024,0,68,6154640,99,0,100,1,100,0,80,106876279,98,1955,100,0,100,1,,,,,100.0,0.0,100.0,0.0,,,64.0,36.0,,,100.0,43.0,100.0,308.0,36,36,100,0,100,0,200,0,100.0,1886.0,100.0,10381626336.0,100.0,1099228068.0
2018-05-02,ZJV001ES,ST12000NM0007,12000138625024,0,78.0,66119584.0,99.0,0.0,100.0,1.0,100.0,0.0,80.0,107598150.0,98.0,1978.0,100.0,0.0,100.0,1.0,,,,,100.0,0.0,100.0,0.0,,,64.0,36.0,,,100.0,44.0,100.0,309.0,36.0,36.0,100.0,0.0,100.0,0.0,200.0,0.0,100.0,1909.0,100.0,10411572304.0,100.0,1129247044.0
2018-05-03,ZJV001ES,ST12000NM0007,12000138625024,0,84,228158528,99,0,100,1,100,0,80,109145462,98,2004,100,0,100,1,,,,,100.0,0.0,100.0,0.0,,,63.0,37.0,,,100.0,45.0,100.0,311.0,37,37,100,0,100,0,200,0,100.0,1934.0,100.0,10547090584.0,100.0,1155767708.0
2018-05-04,ZJV001ES,ST12000NM0007,12000138625024,0,80,91694616,99,0,100,1,100,0,81,112569133,98,2028,100,0,100,1,,,,,100.0,0.0,100.0,0.0,,,63.0,37.0,,,100.0,45.0,100.0,312.0,37,37,100,0,100,0,200,0,100.0,1959.0,100.0,10886530136.0,100.0,1168145868.0
2018-05-05,ZJV001ES,ST12000NM0007,12000138625024,0,83,184158976,99,0,100,1,100,0,81,115942487,98,2052,100,0,100,1,,,,,100.0,0.0,100.0,0.0,,,62.0,38.0,,,100.0,45.0,100.0,313.0,38,38,100,0,100,0,200,0,100.0,1982.0,100.0,11211209384.0,100.0,1180071652.0
2018-05-06,ZJV001ES,ST12000NM0007,12000138625024,0,80,100042080,99,0,100,1,100,0,81,119906016,98,2076,100,0,100,1,,,,,100.0,0.0,100.0,0.0,,,62.0,38.0,,,100.0,45.0,100.0,314.0,38,38,100,0,100,0,200,0,100.0,2006.0,100.0,11579343864.0,100.0,1216101604.0
2018-05-07,ZJV001ES,ST12000NM0007,12000138625024,0,83,186653032,99,0,100,1,100,0,81,123287272,98,2099,100,0,100,1,,,,,100.0,0.0,100.0,0.0,,,62.0,38.0,,,100.0,45.0,100.0,315.0,38,38,100,0,100,0,200,0,100.0,2030.0,100.0,11900709272.0,100.0,1225487812.0
2018-05-08,ZJV001ES,ST12000NM0007,12000138625024,0,77,49115552,99,0,100,1,100,0,81,126846688,98,2124,100,0,100,1,,,,,100.0,0.0,100.0,0.0,,,62.0,38.0,,,100.0,46.0,100.0,316.0,38,38,100,0,100,0,200,0,100.0,2054.0,100.0,12237571488.0,100.0,1239369780.0
2018-05-09,ZJV001ES,ST12000NM0007,12000138625024,0,83,215950032,99,0,100,1,100,0,81,130850624,98,2148,100,0,100,1,,,,,100.0,0.0,100.0,0.0,,,61.0,39.0,,,100.0,46.0,100.0,317.0,39,39,100,0,100,0,200,0,100.0,2078.0,100.0,12595704176.0,100.0,1292212228.0
2018-05-10,ZJV001ES,ST12000NM0007,12000138625024,0,77,47190544,99,0,100,1,100,0,81,133807736,98,2173,100,0,100,1,,,,,100.0,0.0,100.0,0.0,,,61.0,39.0,,,100.0,46.0,100.0,318.0,39,39,100,0,100,0,200,0,100.0,2102.0,100.0,12894105888.0,100.0,1313332476.0
2018-05-11,ZJV001ES,ST12000NM0007,12000138625024,0,75,35361216,99,0,100,1,100,0,81,136032658,98,2188,100,0,100,1,,,,,100.0,0.0,100.0,0.0,,,62.0,38.0,,,100.0,46.0,100.0,318.0,38,38,100,0,100,0,200,0,100.0,2118.0,100.0,13107734792.0,100.0,1332014980.0
2018-05-12,ZJV001ES,ST12000NM0007,12000138625024,0,80,111879856,99,0,100,1,100,0,81,139233259,98,2212,100,0,100,1,,,,,100.0,0.0,100.0,0.0,,,62.0,38.0,,,100.0,47.0,100.0,319.0,38,38,100,0,100,0,200,0,100.0,2142.0,100.0,13407150632.0,100.0,1353258724.0
2018-05-13,ZJV001ES,ST12000NM0007,12000138625024,0,82,157342288,99,0,100,1,100,0,82,142384448,98,2237,100,0,100,1,,,,,100.0,0.0,100.0,0.0,,,62.0,38.0,,,100.0,48.0,100.0,320.0,38,38,100,0,100,0,200,0,100.0,2166.0,100.0,13674435568.0,100.0,1375576980.0
2018-05-14,ZJV001ES,ST12000NM0007,12000138625024,0,83,203631504,99,0,100,1,100,0,82,145850282,98,2260,100,0,100,1,,,,,100.0,0.0,100.0,0.0,,,62.0,38.0,,,100.0,48.0,100.0,321.0,38,38,100,0,100,0,200,0,100.0,2189.0,100.0,13920872816.0,100.0,1419569580.0
2018-05-15,ZJV001ES,ST12000NM0007,12000138625024,0,82.0,157957680.0,99.0,0.0,100.0,1.0,100.0,0.0,82.0,148257656.0,98.0,2285.0,100.0,0.0,100.0,1.0,,,,,100.0,0.0,100.0,0.0,,,62.0,38.0,,,100.0,48.0,100.0,322.0,38.0,38.0,100.0,0.0,100.0,0.0,200.0,0.0,100.0,2213.0,100.0,14111459064.0,100.0,1427450148.0
2018-05-16,ZJV001ES,ST12000NM0007,12000138625024,0,73,18111632,99,0,100,1,100,0,82,151997956,98,2309,100,0,100,1,,,,,100.0,0.0,100.0,0.0,,,62.0,38.0,,,100.0,48.0,100.0,323.0,38,38,100,0,100,0,200,0,100.0,2237.0,100.0,14405309704.0,100.0,1482034876.0
2018-05-17,ZJV001ES,ST12000NM0007,12000138625024,0,82,176031128,99,0,100,1,100,0,82,155837133,98,2340,100,0,100,1,,,,,100.0,0.0,100.0,0.0,,,61.0,39.0,,,100.0,48.0,100.0,325.0,39,39,100,0,100,0,200,0,100.0,2268.0,100.0,14792400704.0,100.0,1497004100.0
2018-05-18,ZJV001ES,ST12000NM0007,12000138625024,0,67,5370768,99,0,100,1,100,0,82,158708822,98,2362,100,0,100,1,,,,,100.0,0.0,100.0,0.0,,,61.0,39.0,,,100.0,48.0,100.0,326.0,39,39,100,0,100,0,200,0,100.0,2291.0,100.0,15095159344.0,100.0,1511866476.0
2018-05-19,ZJV001ES,ST12000NM0007,12000138625024,0,82,142256504,99,0,100,1,100,0,82,159882342,98,2388,100,0,100,1,,,,,100.0,0.0,100.0,0.0,,,63.0,37.0,,,100.0,49.0,100.0,327.0,37,37,100,0,100,0,200,0,100.0,2316.0,100.0,15180979992.0,100.0,1562931564.0
2018-05-20,ZJV001ES,ST12000NM0007,12000138625024,0,71,12762264,99,0,100,1,100,0,82,161514610,98,2412,100,0,100,1,,,,,100.0,0.0,100.0,0.0,,,63.0,37.0,,,100.0,50.0,100.0,328.0,37,37,100,0,100,0,200,0,100.0,2340.0,100.0,15223485592.0,100.0,1635072388.0
2018-05-21,ZJV001ES,ST12000NM0007,12000138625024,0,74,24236184,99,0,100,1,100,0,82,161675522,98,2434,100,0,100,1,,,,,100.0,0.0,100.0,0.0,,,63.0,37.0,,,100.0,51.0,100.0,329.0,37,37,100,0,100,0,200,0,100.0,2362.0,100.0,15224786008.0,100.0,1645245892.0
2018-05-22,ZJV001ES,ST12000NM0007,12000138625024,0,81,123150656,99,0,100,1,100,0,82,162546629,98,2458,100,0,100,1,,,,,100.0,0.0,100.0,0.0,,,61.0,39.0,,,100.0,51.0,100.0,330.0,39,39,100,0,100,0,200,0,100.0,2386.0,100.0,15303443320.0,100.0,1665503052.0
2018-05-23,ZJV001ES,ST12000NM0007,12000138625024,0,80,111805792,99,0,100,1,100,0,82,166735482,98,2484,100,0,100,1,,,,,100.0,0.0,100.0,0.0,,,62.0,38.0,,,100.0,51.0,100.0,331.0,38,38,100,0,100,0,200,0,100.0,2412.0,100.0,15683154264.0,100.0,1762728508.0
2018-05-24,ZJV001ES,ST12000NM0007,12000138625024,0,82,174031816,99,0,100,1,100,0,82,169633509,98,2506,100,0,100,1,,,,,100.0,0.0,100.0,0.0,,,61.0,39.0,,,100.0,51.0,100.0,332.0,39,39,100,0,100,0,200,0,100.0,2434.0,100.0,15950924216.0,100.0,1801325228.0
2018-05-25,ZJV001ES,ST12000NM0007,12000138625024,0,74,23830632,99,0,100,1,100,0,82,172787473,98,2530,100,0,100,1,,,,,100.0,0.0,100.0,0.0,,,62.0,38.0,,,100.0,52.0,100.0,333.0,38,38,100,0,100,0,200,0,100.0,2457.0,100.0,16272953336.0,100.0,1817376388.0
2018-05-26,ZJV001ES,ST12000NM0007,12000138625024,0,82,155659432,99,0,100,1,100,0,82,176249521,98,2556,100,0,100,1,,,,,100.0,0.0,100.0,0.0,,,62.0,38.0,,,100.0,52.0,100.0,334.0,38,38,100,0,100,0,200,0,100.0,2483.0,100.0,16627339168.0,100.0,1838960084.0
2018-05-27,ZJV001ES,ST12000NM0007,12000138625024,0,83,194082280,99,0,100,1,100,0,83,178839732,98,2574,100,0,100,1,,,,,100.0,0.0,100.0,0.0,,,62.0,38.0,,,100.0,52.0,100.0,335.0,38,38,100,0,100,0,200,0,100.0,2502.0,100.0,16880750232.0,100.0,1868112780.0
2018-05-28,ZJV001ES,ST12000NM0007,12000138625024,0,82,166038400,99,0,100,1,100,0,83,183008166,98,2598,100,0,100,1,,,,,100.0,0.0,100.0,0.0,,,62.0,38.0,,,100.0,53.0,100.0,336.0,38,38,100,0,100,0,200,0,100.0,2525.0,100.0,17217239480.0,100.0,1991861036.0
2018-05-29,ZJV001ES,ST12000NM0007,12000138625024,0,84,230156520,99,0,100,1,100,0,83,185800729,98,2622,100,0,100,1,,,,,100.0,0.0,100.0,0.0,,,63.0,37.0,,,100.0,53.0,100.0,336.0,37,37,100,0,100,0,200,0,100.0,2549.0,100.0,17506032928.0,100.0,2011326572.0
2018-05-30,ZJV001ES,ST12000NM0007,12000138625024,0,83,209872392,99,0,100,1,100,0,83,188481737,97,2647,100,0,100,1,,,,,100.0,0.0,100.0,0.0,,,61.0,39.0,,,100.0,54.0,100.0,338.0,39,39,100,0,100,0,200,0,100.0,2574.0,100.0,17647004448.0,100.0,2094211780.0
2018-05-31,ZJV001ES,ST12000NM0007,12000138625024,0,83,180343584,99,0,100,1,100,0,83,192087445,97,2671,100,0,100,1,,,,,100.0,0.0,100.0,0.0,,,62.0,38.0,,,100.0,54.0,100.0,339.0,38,38,100,0,100,0,200,0,100.0,2597.0,100.0,18093941664.0,100.0,2106027492.0
2018-06-01,ZJV001ES,ST12000NM0007,12000138625024,0,82,169328920,99,0,100,1,100,0,83,196067043,97,2694,100,0,100,1,,,,,100.0,0.0,100.0,0.0,,,63.0,37.0,,,100.0,54.0,100.0,339.0,37,37,100,0,100,0,200,0,100.0,2621.0,100.0,18548729712.0,100.0,2128506236.0
2018-06-02,ZJV001ES,ST12000NM0007,12000138625024,0,81,138467608,98,0,100,2,100,0,83,199574972,97,2718,100,0,100,1,,,,,100.0,0.0,100.0,0.0,,,62.0,38.0,,,100.0,54.0,100.0,342.0,38,38,100,0,100,0,200,0,100.0,2645.0,100.0,18984921800.0,100.0,2149734374.0
2018-06-03,ZJV001ES,ST12000NM0007,12000138625024,0,82,174759256,98,0,100,2,100,0,83,203588791,97,2742,100,0,100,1,,,,,100.0,0.0,100.0,0.0,,,62.0,38.0,,,100.0,54.0,100.0,343.0,38,38,100,0,100,0,200,0,100.0,2668.0,100.0,19483957152.0,100.0,2175272230.0
2018-06-04,ZJV001ES,ST12000NM0007,12000138625024,0,81,119410456,98,0,100,2,100,0,83,207501054,97,2766,100,0,100,1,,,,,100.0,0.0,100.0,0.0,,,64.0,36.0,,,100.0,55.0,100.0,344.0,36,36,100,0,100,0,200,0,100.0,2692.0,100.0,19817334984.0,100.0,2274827062.0
2018-06-05,ZJV001ES,ST12000NM0007,12000138625024,0,81,130184336,98,0,100,2,100,0,83,207610330,97,2790,100,0,100,1,,,,,100.0,0.0,100.0,0.0,,,63.0,37.0,,,100.0,56.0,100.0,345.0,37,37,100,0,100,0,200,0,100.0,2716.0,100.0,19818661288.0,100.0,2284274638.0
2018-06-06,ZJV001ES,ST12000NM0007,12000138625024,0,78,67369240,98,0,100,2,100,0,83,209714359,97,2814,100,0,100,1,,,,,100.0,0.0,100.0,0.0,,,63.0,37.0,,,100.0,57.0,100.0,346.0,37,37,100,0,100,0,200,0,100.0,2740.0,100.0,19931311672.0,100.0,2352950870.0
2018-06-07,ZJV001ES,ST12000NM0007,12000138625024,0,82,150294328,98,0,100,2,100,0,83,212759560,97,2838,100,0,100,1,,,,,100.0,0.0,100.0,0.0,,,62.0,38.0,,,100.0,57.0,100.0,347.0,38,38,100,0,100,0,200,0,100.0,2764.0,100.0,20244395240.0,100.0,2366933214.0
2018-06-08,ZJV001ES,ST12000NM0007,12000138625024,0,77,47742848,98,0,100,2,100,0,83,216221930,97,2862,100,0,100,1,,,,,100.0,0.0,100.0,0.0,,,62.0,38.0,,,100.0,57.0,100.0,348.0,38,38,100,0,100,0,200,0,100.0,2788.0,100.0,20563139152.0,100.0,2433919350.0
2018-06-09,ZJV001ES,ST12000NM0007,12000138625024,0,77,54018792,98,0,100,2,100,0,83,220490366,97,2886,100,0,100,1,,,,,100.0,0.0,100.0,0.0,,,63.0,37.0,,,100.0,57.0,100.0,349.0,37,37,100,0,100,0,200,0,100.0,2812.0,100.0,20924909872.0,100.0,2566706126.0
2018-06-10,ZJV001ES,ST12000NM0007,12000138625024,0,100,306888,98,0,100,2,100,0,84,224159856,97,2911,100,0,100,1,,,,,100.0,0.0,100.0,0.0,,,62.0,38.0,,,100.0,57.0,100.0,350.0,38,38,100,0,100,0,200,0,100.0,2836.0,100.0,21283165520.0,100.0,2643020086.0
2018-06-11,ZJV001ES,ST12000NM0007,12000138625024,0,84,234578008,98,0,100,2,100,0,84,228173624,97,2933,100,0,100,1,,,,,100.0,0.0,100.0,0.0,,,62.0,38.0,,,100.0,57.0,100.0,351.0,38,38,100,0,100,0,200,0,100.0,2859.0,100.0,21646982976.0,100.0,2757614574.0
2018-06-12,ZJV001ES,ST12000NM0007,12000138625024,0,80,111998536,98,0,100,2,100,0,84,232795695,97,2957,100,0,100,1,,,,,100.0,0.0,100.0,0.0,,,62.0,38.0,,,100.0,57.0,100.0,352.0,38,38,100,0,100,0,200,0,100.0,2883.0,100.0,21989585992.0,100.0,3024854358.0
2018-06-13,ZJV001ES,ST12000NM0007,12000138625024,0,83,215728928,98,0,100,2,100,0,84,236571472,97,2987,100,0,100,1,,,,,100.0,0.0,100.0,0.0,,,63.0,37.0,,,100.0,57.0,100.0,353.0,37,37,100,0,100,0,200,0,100.0,2913.0,100.0,22242316896.0,100.0,3119994694.0
2018-06-14,ZJV001ES,ST12000NM0007,12000138625024,0,84,225350688,98,0,100,2,100,0,84,236773697,97,3011,100,0,100,1,,,,,100.0,0.0,100.0,0.0,,,61.0,39.0,,,100.0,58.0,100.0,354.0,39,39,100,0,100,0,200,0,100.0,2936.0,100.0,22244758464.0,100.0,3127174886.0
2018-06-15,ZJV001ES,ST12000NM0007,12000138625024,0,84.0,234855472.0,98.0,0.0,100.0,2.0,100.0,0.0,84.0,236955664.0,97.0,3029.0,100.0,0.0,100.0,1.0,,,,,100.0,0.0,100.0,0.0,,,62.0,38.0,,,100.0,58.0,100.0,356.0,38.0,38.0,100.0,0.0,100.0,0.0,200.0,0.0,100.0,2954.0,100.0,22246335920.0,100.0,3135102214.0
2018-06-16,ZJV001ES,ST12000NM0007,12000138625024,0,69.0,7844696.0,98.0,0.0,100.0,2.0,100.0,0.0,84.0,237118943.0,97.0,3052.0,100.0,0.0,100.0,1.0,,,,,100.0,0.0,100.0,0.0,,,62.0,38.0,,,100.0,59.0,100.0,357.0,38.0,38.0,100.0,0.0,100.0,0.0,200.0,0.0,100.0,2977.0,100.0,22246963968.0,100.0,3151604070.0
2018-06-17,ZJV001ES,ST12000NM0007,12000138625024,0,76.0,35527288.0,98.0,0.0,100.0,2.0,100.0,0.0,84.0,237749381.0,97.0,3076.0,100.0,0.0,100.0,1.0,,,,,100.0,0.0,100.0,0.0,,,62.0,38.0,,,100.0,60.0,100.0,358.0,38.0,38.0,100.0,0.0,100.0,0.0,200.0,0.0,100.0,3001.0,100.0,22256009760.0,100.0,3170240870.0
2018-06-18,ZJV001ES,ST12000NM0007,12000138625024,0,84.0,232774336.0,98.0,0.0,100.0,2.0,100.0,0.0,84.0,240630525.0,97.0,3100.0,100.0,0.0,100.0,1.0,,,,,100.0,0.0,100.0,0.0,,,63.0,37.0,,,100.0,61.0,100.0,359.0,37.0,37.0,100.0,0.0,100.0,0.0,200.0,0.0,100.0,3025.0,100.0,22316418120.0,100.0,3307079558.0
2018-06-19,ZJV001ES,ST12000NM0007,12000138625024,0,80,97082248,98,0,100,2,100,0,84,243680119,97,3124,100,0,100,1,,,,,100.0,0.0,100.0,0.0,,,62.0,38.0,,,100.0,61.0,100.0,360.0,38,38,100,0,100,0,200,0,100.0,3049.0,100.0,22327874528.0,100.0,4380634790.0
2018-06-20,ZJV001ES,ST12000NM0007,12000138625024,0,81,130843128,98,0,100,2,100,0,84,246308328,97,3148,100,0,100,1,,,,,100.0,0.0,100.0,0.0,,,63.0,37.0,,,100.0,62.0,100.0,361.0,37,37,100,0,100,0,200,0,100.0,3072.0,100.0,22391473360.0,100.0,4594937702.0
2018-06-21,ZJV001ES,ST12000NM0007,12000138625024,0,81,134768920,98,0,100,2,100,0,84,246367636,97,3173,100,0,100,1,,,,,100.0,0.0,100.0,0.0,,,64.0,36.0,,,100.0,63.0,100.0,362.0,36,36,100,0,100,0,200,0,100.0,3097.0,100.0,22391624416.0,100.0,4598712438.0
2018-06-22,ZJV001ES,ST12000NM0007,12000138625024,0,82,147364888,98,0,100,2,100,0,84,246588755,97,3197,100,0,100,1,,,,,100.0,0.0,100.0,0.0,,,64.0,36.0,,,100.0,64.0,100.0,363.0,36,36,100,0,100,0,200,0,100.0,3121.0,100.0,22396784072.0,100.0,4606148750.0
2018-06-23,ZJV001ES,ST12000NM0007,12000138625024,0,82,152124576,98,0,100,2,100,0,84,246667441,97,3221,100,0,100,1,,,,,100.0,0.0,100.0,0.0,,,64.0,36.0,,,100.0,65.0,100.0,364.0,36,36,100,0,100,0,200,0,100.0,3145.0,100.0,22396977496.0,100.0,4610715014.0
2018-06-24,ZJV001ES,ST12000NM0007,12000138625024,0,84,231916488,98,0,100,2,100,0,84,247971307,97,3246,100,0,100,1,,,,,100.0,0.0,100.0,0.0,,,63.0,37.0,,,100.0,66.0,100.0,365.0,37,37,100,0,100,0,200,0,100.0,3169.0,100.0,22427212208.0,100.0,4660272214.0
2018-06-25,ZJV001ES,ST12000NM0007,12000138625024,0,79,76007784,98,0,100,2,100,0,84,249235851,97,3268,100,0,100,1,,,,,100.0,0.0,100.0,0.0,,,64.0,36.0,,,100.0,67.0,100.0,366.0,36,36,100,0,100,0,200,0,100.0,3192.0,100.0,22463241720.0,100.0,4712474630.0
2018-06-26,ZJV001ES,ST12000NM0007,12000138625024,0,79,86651552,98,0,100,2,100,0,84,249428039,97,3293,100,0,100,1,,,,,100.0,0.0,100.0,0.0,,,64.0,36.0,,,100.0,68.0,100.0,367.0,36,36,100,0,100,0,200,0,100.0,3217.0,100.0,22465128440.0,100.0,4721231678.0
2018-06-27,ZJV001ES,ST12000NM0007,12000138625024,0,84,225771552,98,0,100,2,100,0,84,251463928,97,3317,100,0,100,1,,,,,100.0,0.0,100.0,0.0,,,63.0,37.0,,,100.0,69.0,100.0,368.0,37,37,100,0,100,0,200,0,100.0,3241.0,100.0,22527458592.0,100.0,4798021526.0
2018-06-28,ZJV001ES,ST12000NM0007,12000138625024,0,84,239814952,98,0,100,2,100,0,84,251718523,97,3342,100,0,100,1,,,,,100.0,0.0,100.0,0.0,,,64.0,36.0,,,100.0,70.0,100.0,369.0,36,36,100,0,100,0,200,0,100.0,3265.0,100.0,22529196368.0,100.0,4810327150.0
2018-06-29,ZJV001ES,ST12000NM0007,12000138625024,0,67,5506112,98,0,100,2,100,0,84,251922654,97,3365,100,0,100,1,,,,,100.0,0.0,100.0,0.0,,,64.0,36.0,,,100.0,71.0,100.0,370.0,36,36,100,0,100,0,200,0,100.0,3288.0,100.0,22531406080.0,100.0,4817949462.0
2018-06-30,ZJV001ES,ST12000NM0007,12000138625024,0,74,23014048,98,0,100,2,100,0,84,252227129,97,3393,100,0,100,1,,,,,100.0,0.0,100.0,0.0,,,64.0,36.0,,,100.0,72.0,100.0,372.0,36,36,100,0,100,0,200,0,100.0,3316.0,100.0,22535110856.0,100.0,4831752622.0
2018-07-01,ZJV001ES,ST12000NM0007,12000138625024,0,78,68155888,98,0,100,2,100,0,84,252934120,97,3417,100,0,100,1,,,,,100.0,0.0,100.0,0.0,,,64.0,36.0,,,100.0,73.0,100.0,373.0,36,36,100,0,100,0,200,0,100.0,3340.0,100.0,22552122888.0,100.0,4859882430.0
2018-07-02,ZJV001ES,ST12000NM0007,12000138625024,0,80,90166520,98,0,100,2,100,0,84,253280967,97,3441,100,0,100,1,,,,,100.0,0.0,100.0,0.0,,,64.0,36.0,,,100.0,74.0,100.0,374.0,36,36,100,0,100,0,200,0,100.0,3364.0,100.0,22556485648.0,100.0,4877530302.0
2018-07-03,ZJV001ES,ST12000NM0007,12000138625024,0,83,206601656,98,0,100,2,100,0,84,254399140,97,3465,100,0,100,1,,,,,100.0,0.0,100.0,0.0,,,63.0,37.0,,,100.0,75.0,100.0,375.0,37,37,100,0,100,0,200,0,100.0,3388.0,100.0,22652386328.0,100.0,4898064758.0
2018-07-04,ZJV001ES,ST12000NM0007,12000138625024,0,82,166057464,98,0,100,2,100,0,84,258391260,97,3488,100,0,100,1,,,,,100.0,0.0,100.0,0.0,,,62.0,38.0,,,100.0,75.0,100.0,376.0,38,38,100,0,100,0,200,0,100.0,3410.0,100.0,23002462984.0,100.0,4995725286.0
2018-07-05,ZJV001ES,ST12000NM0007,12000138625024,0,83,189430920,98,0,100,2,100,0,84,262706614,96,3512,100,0,100,1,,,,,100.0,0.0,100.0,0.0,,,62.0,38.0,,,100.0,76.0,100.0,377.0,38,38,100,0,100,0,200,0,100.0,3435.0,100.0,23409278520.0,100.0,5100564526.0
2018-07-06,ZJV001ES,ST12000NM0007,12000138625024,0,80,103016440,98,0,100,2,100,0,84,266109613,96,3537,100,0,100,1,,,,,100.0,0.0,100.0,0.0,,,62.0,38.0,,,100.0,76.0,100.0,378.0,38,38,100,0,100,0,200,0,100.0,3459.0,100.0,23770801352.0,100.0,5140908734.0
2018-07-07,ZJV001ES,ST12000NM0007,12000138625024,0,84,241838904,98,0,100,2,100,0,84,269475844,96,3561,100,0,100,1,,,,,100.0,0.0,100.0,0.0,,,63.0,37.0,,,100.0,76.0,100.0,379.0,37,37,100,0,100,0,200,0,100.0,3483.0,100.0,24129033504.0,100.0,5165639678.0
2018-07-08,ZJV001ES,ST12000NM0007,12000138625024,0,83,178899536,98,0,100,2,100,0,84,273442138,96,3585,100,0,100,1,,,,,100.0,0.0,100.0,0.0,,,62.0,38.0,,,100.0,77.0,100.0,380.0,38,38,100,0,100,0,200,0,100.0,3507.0,100.0,24516153496.0,100.0,5203861870.0
2018-07-09,ZJV001ES,ST12000NM0007,12000138625024,0,81,122087720,98,0,100,2,100,0,84,277453381,96,3608,100,0,100,1,,,,,100.0,0.0,100.0,0.0,,,62.0,38.0,,,100.0,77.0,100.0,381.0,38,38,100,0,100,0,200,0,100.0,3530.0,100.0,24831453728.0,100.0,5320031494.0
2018-07-10,ZJV001ES,ST12000NM0007,12000138625024,0,82.0,151730656.0,98.0,0.0,100.0,2.0,100.0,0.0,84.0,280926710.0,96.0,3632.0,100.0,0.0,100.0,1.0,,,,,100.0,0.0,100.0,0.0,,,62.0,38.0,,,100.0,78.0,100.0,382.0,38.0,38.0,100.0,0.0,100.0,0.0,200.0,0.0,100.0,3554.0,100.0,24974748440.0,100.0,5450520350.0
2018-07-11,ZJV001ES,ST12000NM0007,12000138625024,0,80,93178520,98,0,100,2,100,0,85,284956415,96,3657,100,0,100,1,,,,,100.0,0.0,100.0,0.0,,,62.0,38.0,,,100.0,79.0,100.0,383.0,38,38,100,0,100,0,200,0,100.0,3578.0,100.0,25317627984.0,100.0,5537370198.0
2018-07-12,ZJV001ES,ST12000NM0007,12000138625024,0,78,58647232,98,0,100,2,100,0,85,289204763,96,3681,100,0,100,1,,,,,100.0,0.0,100.0,0.0,,,61.0,39.0,,,100.0,79.0,100.0,384.0,39,39,100,0,100,0,200,0,100.0,3603.0,100.0,25665607760.0,100.0,5643140534.0
2018-07-13,ZJV001ES,ST12000NM0007,12000138625024,0,82,141561472,98,0,100,2,100,0,85,292304078,96,3702,100,0,100,1,,,,,100.0,0.0,100.0,0.0,,,64.0,36.0,,,100.0,79.0,100.0,385.0,36,36,100,0,100,0,200,0,100.0,3624.0,100.0,25951535680.0,100.0,5684267662.0
2018-07-14,ZJV001ES,ST12000NM0007,12000138625024,0,84,237173288,98,0,100,2,100,0,85,295506872,96,3726,100,0,100,1,,,,,100.0,0.0,100.0,0.0,,,63.0,37.0,,,100.0,79.0,100.0,386.0,37,37,100,0,100,0,200,0,100.0,3647.0,100.0,26275007448.0,100.0,5700548422.0
2018-07-15,ZJV001ES,ST12000NM0007,12000138625024,0,73,20021880,98,0,100,2,100,0,85,300228496,96,3756,100,0,100,1,,,,,100.0,0.0,100.0,0.0,,,62.0,38.0,,,100.0,79.0,100.0,387.0,38,38,100,0,100,0,200,0,100.0,3677.0,100.0,26722788568.0,100.0,5768038070.0
2018-07-16,ZJV001ES,ST12000NM0007,12000138625024,0,75,34122888,98,0,100,2,100,0,85,305235795,96,3779,100,0,100,1,,,,,100.0,0.0,100.0,0.0,,,62.0,38.0,,,100.0,79.0,100.0,388.0,38,38,100,0,100,0,200,0,100.0,3700.0,100.0,27068120832.0,100.0,5925088326.0
2018-07-17,ZJV001ES,ST12000NM0007,12000138625024,0,81,125953992,98,0,100,2,100,0,85,306701360,96,3804,100,0,100,1,,,,,100.0,0.0,100.0,0.0,,,64.0,36.0,,,100.0,80.0,100.0,389.0,36,36,100,0,100,0,200,0,100.0,3724.0,100.0,27092241384.0,100.0,5992798878.0
2018-07-18,ZJV001ES,ST12000NM0007,12000138625024,0,80,95208488,98,0,100,2,100,0,85,309694721,96,3827,100,0,100,1,,,,,100.0,0.0,100.0,0.0,,,64.0,36.0,,,100.0,81.0,100.0,390.0,36,36,100,0,100,0,200,0,100.0,3748.0,100.0,27173253552.0,100.0,6125181846.0
2018-07-19,ZJV001ES,ST12000NM0007,12000138625024,0,84,232128032,98,0,100,2,100,0,85,311385144,96,3851,100,0,100,1,,,,,100.0,0.0,100.0,0.0,,,63.0,37.0,,,100.0,81.0,100.0,391.0,37,37,100,0,100,0,200,0,100.0,3772.0,100.0,27231149680.0,100.0,6204205262.0
2018-07-20,ZJV001ES,ST12000NM0007,12000138625024,0,79,88600568,98,0,100,2,100,0,85,314479169,96,3876,100,0,100,1,,,,,100.0,0.0,100.0,0.0,,,63.0,37.0,,,100.0,81.0,100.0,392.0,37,37,100,0,100,0,200,0,100.0,3796.0,100.0,27395018144.0,100.0,6385090710.0
2018-07-21,ZJV001ES,ST12000NM0007,12000138625024,0,81,128068728,98,0,100,2,100,0,85,317145710,96,3899,100,0,100,1,,,,,100.0,0.0,100.0,0.0,,,63.0,37.0,,,100.0,81.0,100.0,393.0,37,37,100,0,100,0,200,0,100.0,3819.0,100.0,27512429880.0,100.0,6551287998.0
2018-07-22,ZJV001ES,ST12000NM0007,12000138625024,0,84,238590480,98,0,100,2,100,0,85,320667429,96,3924,100,0,100,1,,,,,100.0,0.0,100.0,0.0,,,63.0,37.0,,,100.0,81.0,100.0,394.0,37,37,100,0,100,0,200,0,100.0,3844.0,100.0,27643254856.0,100.0,6775125614.0
2018-07-23,ZJV001ES,ST12000NM0007,12000138625024,0,73,21256104,98,0,100,2,100,0,85,325734788,96,3948,100,0,100,1,,,,,100.0,0.0,100.0,0.0,,,63.0,37.0,,,100.0,81.0,100.0,395.0,37,37,100,0,100,0,200,0,100.0,3868.0,100.0,27814822624.0,100.0,7118645862.0
2018-07-24,ZJV001ES,ST12000NM0007,12000138625024,0,80,89479728,98,0,100,2,100,0,85,328641408,96,3970,100,0,100,1,,,,,100.0,0.0,100.0,0.0,,,63.0,37.0,,,100.0,81.0,100.0,396.0,37,37,100,0,100,0,200,0,100.0,3890.0,100.0,27955073848.0,100.0,7290759062.0
2018-07-25,ZJV001ES,ST12000NM0007,12000138625024,0,69.0,7745784.0,98.0,0.0,100.0,2.0,100.0,0.0,85.0,333385957.0,96.0,3995.0,100.0,0.0,100.0,1.0,,,,,100.0,0.0,100.0,0.0,,,62.0,38.0,,,100.0,81.0,100.0,397.0,38.0,38.0,100.0,0.0,100.0,0.0,200.0,0.0,100.0,3915.0,100.0,28130507032.0,100.0,7521873350.0
2018-07-26,ZJV001ES,ST12000NM0007,12000138625024,0,79,82794936,98,0,100,2,100,0,85,336875784,96,4020,100,0,100,1,,,,,100.0,0.0,100.0,0.0,,,62.0,38.0,,,100.0,81.0,100.0,398.0,38,38,100,0,100,0,200,0,100.0,3939.0,100.0,28260150712.0,100.0,7711419478.0
2018-07-27,ZJV001ES,ST12000NM0007,12000138625024,0,79,86235280,98,0,100,2,100,0,85,339315940,96,4043,100,0,100,1,,,,,100.0,0.0,100.0,0.0,,,63.0,37.0,,,100.0,81.0,100.0,399.0,37,37,100,0,100,0,200,0,100.0,3962.0,100.0,28350856408.0,100.0,7868294886.0
2018-07-28,ZJV001ES,ST12000NM0007,12000138625024,0,78,69245200,98,0,100,2,100,0,85,341770849,96,4063,100,0,100,1,,,,,100.0,0.0,100.0,0.0,,,62.0,38.0,,,100.0,81.0,100.0,401.0,38,38,100,0,100,0,200,0,100.0,3982.0,100.0,28449729768.0,100.0,7996572246.0
2018-07-29,ZJV001ES,ST12000NM0007,12000138625024,0,83,192736032,98,0,100,2,100,0,85,345489014,96,4087,100,0,100,1,,,,,100.0,0.0,100.0,0.0,,,62.0,38.0,,,100.0,81.0,100.0,402.0,38,38,100,0,100,0,200,0,100.0,4006.0,100.0,28624116136.0,100.0,8189817454.0
2018-07-30,ZJV001ES,ST12000NM0007,12000138625024,0,82,157779016,98,0,100,2,100,0,85,350589713,96,4111,100,0,100,1,,,,,100.0,0.0,100.0,0.0,,,62.0,38.0,,,100.0,81.0,100.0,403.0,38,38,100,0,100,0,200,0,100.0,4029.0,100.0,28783862088.0,100.0,8483396974.0
2018-07-31,ZJV001ES,ST12000NM0007,12000138625024,0,83,190337848,98,0,100,2,100,0,85,353558537,96,4134,100,0,100,1,,,,,100.0,0.0,100.0,0.0,,,62.0,38.0,,,100.0,81.0,100.0,404.0,38,38,100,0,100,0,200,0,100.0,4053.0,100.0,28896565368.0,100.0,8647393310.0
2018-08-01,ZJV001ES,ST12000NM0007,12000138625024,0,80,109912792,98,0,100,2,100,0,86,358137992,96,4159,100,0,100,1,,,,,100.0,0.0,100.0,0.0,,,62.0,38.0,,,100.0,81.0,100.0,405.0,38,38,100,0,100,0,200,0,100.0,4077.0,100.0,29086527584.0,100.0,8865287726.0
2018-08-02,ZJV001ES,ST12000NM0007,12000138625024,0,83,204448760,98,0,100,2,100,0,86,362303300,96,4183,100,0,100,1,,,,,100.0,0.0,100.0,0.0,,,63.0,37.0,,,100.0,81.0,100.0,406.0,37,37,100,0,100,0,200,0,100.0,4101.0,100.0,29232901248.0,100.0,9057590774.0
2018-08-03,ZJV001ES,ST12000NM0007,12000138625024,0,78,64327432,98,0,100,2,100,0,86,365627275,96,4206,100,0,100,1,,,,,100.0,0.0,100.0,0.0,,,62.0,38.0,,,100.0,81.0,100.0,407.0,38,38,100,0,100,0,200,0,100.0,4124.0,100.0,29403424672.0,100.0,9235227606.0
2018-08-04,ZJV001ES,ST12000NM0007,12000138625024,0,75,34056328,98,0,100,2,100,0,86,368045525,96,4230,100,0,100,1,,,,,100.0,0.0,100.0,0.0,,,63.0,37.0,,,100.0,81.0,100.0,408.0,37,37,100,0,100,0,200,0,100.0,4148.0,100.0,29499800992.0,100.0,9352720902.0
2018-08-05,ZJV001ES,ST12000NM0007,12000138625024,0,83,209464296,98,0,100,2,100,0,86,370360034,96,4254,100,0,100,1,,,,,100.0,0.0,100.0,0.0,,,62.0,38.0,,,100.0,82.0,100.0,409.0,38,38,100,0,100,0,200,0,100.0,4172.0,100.0,29586107872.0,100.0,9441821990.0
2018-08-06,ZJV001ES,ST12000NM0007,12000138625024,0,73,21574240,98,0,100,2,100,0,86,376103261,96,4278,100,0,100,1,,,,,100.0,0.0,100.0,0.0,,,62.0,38.0,,,100.0,82.0,100.0,410.0,38,38,100,0,100,0,200,0,100.0,4196.0,100.0,29787027648.0,100.0,9785434110.0
2018-08-07,ZJV001ES,ST12000NM0007,12000138625024,0,81,117632968,98,0,100,2,100,0,86,379622997,96,4303,100,0,100,1,,,,,100.0,0.0,100.0,0.0,,,62.0,38.0,,,100.0,82.0,100.0,411.0,38,38,100,0,100,0,200,0,100.0,4221.0,100.0,29934673712.0,100.0,9977987454.0
2018-08-08,ZJV001ES,ST12000NM0007,12000138625024,0,83,213268952,98,0,100,2,100,0,86,383711409,96,4327,100,0,100,1,,,,,100.0,0.0,100.0,0.0,,,62.0,38.0,,,100.0,82.0,100.0,412.0,38,38,100,0,100,0,200,0,100.0,4244.0,100.0,30090202064.0,100.0,10162235766.0
2018-08-09,ZJV001ES,ST12000NM0007,12000138625024,0,80,99298688,98,0,100,2,100,0,86,388165277,96,4351,100,0,100,1,,,,,100.0,0.0,100.0,0.0,,,62.0,38.0,,,100.0,82.0,100.0,413.0,38,38,100,0,100,0,200,0,100.0,4268.0,100.0,30241373528.0,100.0,10385375438.0
2018-08-10,ZJV001ES,ST12000NM0007,12000138625024,0,81,123082184,98,0,100,2,100,0,86,391032212,96,4375,100,0,100,1,,,,,100.0,0.0,100.0,0.0,,,63.0,37.0,,,100.0,83.0,100.0,415.0,37,37,100,0,100,0,200,0,100.0,4292.0,100.0,30333585128.0,100.0,10561088158.0
2018-08-11,ZJV001ES,ST12000NM0007,12000138625024,0,80,104517920,98,0,100,2,100,0,86,393885800,95,4399,100,0,100,1,,,,,100.0,0.0,100.0,0.0,,,63.0,37.0,,,100.0,83.0,100.0,416.0,37,37,100,0,100,0,200,0,100.0,4316.0,100.0,30427767096.0,100.0,10692482654.0
2018-08-12,ZJV001ES,ST12000NM0007,12000138625024,0,81,114393072,98,0,100,2,100,0,86,396806477,95,4423,100,0,100,1,,,,,100.0,0.0,100.0,0.0,,,62.0,38.0,,,100.0,83.0,100.0,417.0,38,38,100,0,100,0,200,0,100.0,4340.0,100.0,30534151968.0,100.0,10840113766.0
2018-08-13,ZJV001ES,ST12000NM0007,12000138625024,0,79,83682856,98,0,100,2,100,0,86,402212712,95,4447,100,0,100,1,,,,,100.0,0.0,100.0,0.0,,,63.0,37.0,,,100.0,83.0,100.0,418.0,37,37,100,0,100,0,200,0,100.0,4364.0,100.0,30702405864.0,100.0,11129431150.0
2018-08-14,ZJV001ES,ST12000NM0007,12000138625024,0,83.0,215680048.0,98.0,0.0,100.0,2.0,100.0,0.0,86.0,404072559.0,95.0,4471.0,100.0,0.0,100.0,1.0,,,,,100.0,0.0,100.0,0.0,,,63.0,37.0,,,100.0,84.0,100.0,419.0,37.0,37.0,100.0,0.0,100.0,0.0,200.0,0.0,100.0,4387.0,100.0,30776793984.0,100.0,11187040222.0
2018-08-15,ZJV001ES,ST12000NM0007,12000138625024,0,78.0,65367216.0,98.0,0.0,100.0,2.0,100.0,0.0,86.0,408771113.0,95.0,4495.0,100.0,0.0,100.0,1.0,,,,,100.0,0.0,100.0,0.0,,,62.0,38.0,,,100.0,84.0,100.0,420.0,38.0,38.0,100.0,0.0,100.0,0.0,200.0,0.0,100.0,4411.0,100.0,30927957568.0,100.0,11373845238.0
2018-08-16,ZJV001ES,ST12000NM0007,12000138625024,0,80,100203264,98,0,100,2,100,0,86,412144384,95,4524,100,0,100,1,,,,,100.0,0.0,100.0,0.0,,,63.0,37.0,,,100.0,84.0,100.0,421.0,37,37,100,0,100,0,200,0,100.0,4440.0,100.0,31078281888.0,100.0,11502497598.0
2018-08-17,ZJV001ES,ST12000NM0007,12000138625024,0,80,96203072,98,0,100,2,100,0,86,414689101,95,4547,100,0,100,1,,,,,100.0,0.0,100.0,0.0,,,63.0,37.0,,,100.0,84.0,100.0,422.0,37,37,100,0,100,0,200,0,100.0,4463.0,100.0,31170393704.0,100.0,11650526318.0
2018-08-18,ZJV001ES,ST12000NM0007,12000138625024,0,83,191199616,98,0,100,2,100,0,86,418529687,95,4572,100,0,100,1,,,,,100.0,0.0,100.0,0.0,,,63.0,37.0,,,100.0,84.0,100.0,423.0,37,37,100,0,100,0,200,0,100.0,4488.0,100.0,31276929248.0,100.0,11883128142.0
2018-08-19,ZJV001ES,ST12000NM0007,12000138625024,0,71,13597488,98,0,100,2,100,0,86,421933556,95,4595,100,0,100,1,,,,,100.0,0.0,100.0,0.0,,,62.0,38.0,,,100.0,84.0,100.0,424.0,38,38,100,0,100,0,200,0,100.0,4510.0,100.0,31389431848.0,100.0,12081304726.0
2018-08-20,ZJV001ES,ST12000NM0007,12000138625024,0,83,186778088,98,0,100,2,100,0,86,426693739,95,4620,100,0,100,1,,,,,100.0,0.0,100.0,0.0,,,63.0,37.0,,,100.0,84.0,100.0,425.0,37,37,100,0,100,0,200,0,100.0,4535.0,100.0,31538212112.0,100.0,12349845726.0
2018-08-21,ZJV001ES,ST12000NM0007,12000138625024,0,84,243874096,98,0,100,2,100,0,86,429743994,95,4644,100,0,100,1,,,,,100.0,0.0,100.0,0.0,,,62.0,38.0,,,100.0,84.0,100.0,426.0,38,38,100,0,100,0,200,0,100.0,4559.0,100.0,31662768528.0,100.0,12526526230.0
2018-08-22,ZJV001ES,ST12000NM0007,12000138625024,0,82,153994576,98,0,100,2,100,0,86,434928054,95,4668,100,0,100,1,,,,,100.0,0.0,100.0,0.0,,,62.0,38.0,,,100.0,85.0,100.0,427.0,38,38,100,0,100,0,200,0,100.0,4583.0,100.0,31835324248.0,100.0,12752372470.0
2018-08-23,ZJV001ES,ST12000NM0007,12000138625024,0,84,240270712,98,0,100,2,100,0,86,438515062,95,4692,100,0,100,1,,,,,100.0,0.0,100.0,0.0,,,62.0,38.0,,,100.0,85.0,100.0,428.0,38,38,100,0,100,0,200,0,100.0,4607.0,100.0,31959176840.0,100.0,12958936710.0
2018-08-24,ZJV001ES,ST12000NM0007,12000138625024,0,84,235336624,98,0,100,2,100,0,86,441168897,95,4716,100,0,100,1,,,,,100.0,0.0,100.0,0.0,,,63.0,37.0,,,100.0,85.0,100.0,429.0,37,37,100,0,100,0,200,0,100.0,4631.0,100.0,32053684920.0,100.0,13103635174.0
2018-08-25,ZJV001ES,ST12000NM0007,12000138625024,0,65,3235272,98,0,100,2,100,0,86,443967349,95,4740,100,0,100,1,,,,,100.0,0.0,100.0,0.0,,,63.0,37.0,,,100.0,85.0,100.0,430.0,37,37,100,0,100,0,200,0,100.0,4654.0,100.0,32171397480.0,100.0,13242102966.0
2018-08-26,ZJV001ES,ST12000NM0007,12000138625024,0,81,116659416,98,0,100,2,100,0,87,447753682,95,4764,100,0,100,1,,,,,100.0,0.0,100.0,0.0,,,62.0,38.0,,,100.0,85.0,100.0,431.0,38,38,100,0,100,0,200,0,100.0,4678.0,100.0,32292170536.0,100.0,13478894790.0
2018-08-27,ZJV001ES,ST12000NM0007,12000138625024,0,78,57254328,98,0,100,2,100,0,87,452574885,95,4788,100,0,100,1,,,,,100.0,0.0,100.0,0.0,,,62.0,38.0,,,100.0,85.0,100.0,432.0,38,38,100,0,100,0,200,0,100.0,4702.0,100.0,32433383472.0,100.0,13766558246.0
2018-08-28,ZJV001ES,ST12000NM0007,12000138625024,0,80,102083728,98,0,100,2,100,0,87,455594707,95,4812,100,0,100,1,,,,,100.0,0.0,100.0,0.0,,,63.0,37.0,,,100.0,86.0,100.0,433.0,37,37,100,0,100,0,200,0,100.0,4726.0,100.0,32540502792.0,100.0,13948408982.0
2018-08-29,ZJV001ES,ST12000NM0007,12000138625024,0,73,21784080,98,0,100,2,100,0,87,460721127,95,4836,100,0,100,1,,,,,100.0,0.0,100.0,0.0,,,62.0,38.0,,,100.0,86.0,100.0,434.0,38,38,100,0,100,0,200,0,100.0,4750.0,100.0,32720754544.0,100.0,14176138870.0
2018-08-30,ZJV001ES,ST12000NM0007,12000138625024,0,83,216250080,98,0,100,2,100,0,87,463243707,95,4854,100,0,100,1,,,,,100.0,0.0,100.0,0.0,,,62.0,38.0,,,100.0,87.0,100.0,435.0,38,38,100,0,100,0,200,0,100.0,4768.0,100.0,32800124880.0,100.0,14291234534.0
2018-08-31,ZJV001ES,ST12000NM0007,12000138625024,0,83,219747000,98,0,100,2,100,0,87,465993726,95,4877,100,0,100,1,,,,,100.0,0.0,100.0,0.0,,,63.0,37.0,,,100.0,88.0,100.0,436.0,37,37,100,0,100,0,200,0,100.0,4791.0,100.0,32881752928.0,100.0,14457244046.0
2018-09-01,ZJV001ES,ST12000NM0007,12000138625024,0,83,219687816,98,0,100,2,100,0,87,468481885,95,4901,100,0,100,1,,,,,100.0,0.0,100.0,0.0,,,63.0,37.0,,,100.0,88.0,100.0,437.0,37,37,100,0,100,0,200,0,100.0,4815.0,100.0,32946408880.0,100.0,14636669606.0
2018-09-02,ZJV001ES,ST12000NM0007,12000138625024,0,74,24891776,98,0,100,2,100,0,87,471658582,95,4925,100,0,100,1,,,,,100.0,0.0,100.0,0.0,,,62.0,38.0,,,100.0,89.0,100.0,438.0,38,38,100,0,100,0,200,0,100.0,4839.0,100.0,33056205480.0,100.0,14820358510.0
2018-09-03,ZJV001ES,ST12000NM0007,12000138625024,0,74,23031288,98,0,100,2,100,0,87,477332774,95,4949,100,0,100,1,,,,,100.0,0.0,100.0,0.0,,,63.0,37.0,,,100.0,89.0,100.0,439.0,37,37,100,0,100,0,200,0,100.0,4863.0,100.0,33217996648.0,100.0,15144988470.0
2018-09-04,ZJV001ES,ST12000NM0007,12000138625024,0,79,80206208,98,0,100,2,100,0,87,480364624,95,4974,100,0,100,1,,,,,100.0,0.0,100.0,0.0,,,62.0,38.0,,,100.0,90.0,100.0,440.0,38,38,100,0,100,0,200,0,100.0,4887.0,100.0,33325918544.0,100.0,15338382310.0
2018-09-05,ZJV001ES,ST12000NM0007,12000138625024,0,83,200953504,98,0,100,2,100,0,87,485067447,95,4997,100,0,100,1,,,,,100.0,0.0,100.0,0.0,,,62.0,38.0,,,100.0,90.0,100.0,441.0,38,38,100,0,100,0,200,0,100.0,4911.0,100.0,33466953048.0,100.0,15562235910.0
2018-09-06,ZJV001ES,ST12000NM0007,12000138625024,0,76,39994400,98,0,100,2,100,0,87,489199172,95,5027,100,0,100,1,,,,,100.0,0.0,100.0,0.0,,,62.0,38.0,,,100.0,90.0,100.0,442.0,38,38,100,0,100,0,200,0,100.0,4940.0,100.0,33595515768.0,100.0,15760995566.0
2018-09-07,ZJV001ES,ST12000NM0007,12000138625024,0,84,231487920,98,0,100,2,100,0,87,491588485,95,5051,100,0,100,1,,,,,100.0,0.0,100.0,0.0,,,63.0,37.0,,,100.0,90.0,100.0,443.0,37,37,100,0,100,0,200,0,100.0,4964.0,100.0,33680421840.0,100.0,15867583014.0
2018-09-08,ZJV001ES,ST12000NM0007,12000138625024,0,76,41468528,98,0,100,2,100,0,87,495047108,95,5074,100,0,100,1,,,,,100.0,0.0,100.0,0.0,,,63.0,37.0,,,100.0,90.0,100.0,444.0,37,37,100,0,100,0,200,0,100.0,4987.0,100.0,33774566152.0,100.0,16071700694.0
2018-09-09,ZJV001ES,ST12000NM0007,12000138625024,0,81,138569864,98,0,100,2,100,0,87,498763344,95,5098,100,0,100,1,,,,,100.0,0.0,100.0,0.0,,,62.0,38.0,,,100.0,90.0,100.0,445.0,38,38,100,0,100,0,200,0,100.0,5011.0,100.0,33877054976.0,100.0,16310454110.0
2018-09-10,ZJV001ES,ST12000NM0007,12000138625024,0,80,96518920,98,0,100,2,100,0,87,503941452,95,5122,100,0,100,1,,,,,100.0,0.0,100.0,0.0,,,62.0,38.0,,,100.0,90.0,100.0,446.0,38,38,100,0,100,0,200,0,100.0,5035.0,100.0,34009037256.0,100.0,16624702214.0
2018-09-11,ZJV001ES,ST12000NM0007,12000138625024,0,79,80398208,98,0,100,2,100,0,87,506558689,95,5147,100,0,100,1,,,,,100.0,0.0,100.0,0.0,,,63.0,37.0,,,100.0,90.0,100.0,447.0,37,37,100,0,100,0,200,0,100.0,5060.0,100.0,34083019176.0,100.0,16778740238.0
2018-09-12,ZJV001ES,ST12000NM0007,12000138625024,0,83,209349912,98,0,100,2,100,0,87,511460019,95,5171,100,0,100,1,,,,,100.0,0.0,100.0,0.0,,,63.0,37.0,,,100.0,90.0,100.0,448.0,37,37,100,0,100,0,200,0,100.0,5083.0,100.0,34237095608.0,100.0,16997756350.0
2018-09-13,ZJV001ES,ST12000NM0007,12000138625024,0,83,191524824,98,0,100,2,100,0,87,513894232,95,5192,100,0,100,1,,,,,100.0,0.0,100.0,0.0,,,63.0,37.0,,,100.0,91.0,100.0,449.0,37,37,100,0,100,0,200,0,100.0,5104.0,100.0,34305412168.0,100.0,17155755390.0
2018-09-14,ZJV001ES,ST12000NM0007,12000138625024,0,83,188618912,98,0,100,2,100,0,87,516379453,95,5216,100,0,100,1,,,,,100.0,0.0,100.0,0.0,,,59.0,41.0,,,100.0,91.0,100.0,450.0,41,41,100,0,100,0,200,0,100.0,5128.0,100.0,34373637232.0,100.0,17328765270.0
2018-09-15,ZJV001ES,ST12000NM0007,12000138625024,0,82,173317016,98,0,100,2,100,0,87,518783260,95,5240,100,0,100,1,,,,,100.0,0.0,100.0,0.0,,,58.0,42.0,,,100.0,92.0,100.0,451.0,42,42,100,0,100,0,200,0,100.0,5152.0,100.0,34448402912.0,100.0,17482838430.0
2018-09-16,ZJV001ES,ST12000NM0007,12000138625024,0,83,194030664,98,0,100,2,100,0,87,521849674,94,5263,100,0,100,1,,,,,100.0,0.0,100.0,0.0,,,58.0,42.0,,,100.0,92.0,100.0,452.0,42,42,100,0,100,0,200,0,100.0,5176.0,100.0,34554656376.0,100.0,17641439270.0
2018-09-17,ZJV001ES,ST12000NM0007,12000138625024,0,81,134269896,98,0,100,2,100,0,87,527148849,94,5288,100,0,100,1,,,,,100.0,0.0,100.0,0.0,,,58.0,42.0,,,100.0,93.0,100.0,453.0,42,42,100,0,100,0,200,0,100.0,5200.0,100.0,34685526104.0,100.0,17939090238.0
2018-09-18,ZJV001ES,ST12000NM0007,12000138625024,0,81,130829880,98,0,100,2,100,0,87,529577513,94,5311,100,0,100,1,,,,,100.0,0.0,100.0,0.0,,,60.0,40.0,,,100.0,93.0,100.0,454.0,40,40,100,0,100,0,200,0,100.0,5223.0,100.0,34765967488.0,100.0,18099349670.0
2018-09-19,ZJV001ES,ST12000NM0007,12000138625024,0,100,1633280,98,0,100,2,100,0,87,534038267,94,5335,100,0,100,1,,,,,100.0,0.0,100.0,0.0,,,60.0,40.0,,,100.0,93.0,100.0,455.0,40,40,100,0,100,0,200,0,100.0,5247.0,100.0,34910056864.0,100.0,18314345182.0
2018-09-20,ZJV001ES,ST12000NM0007,12000138625024,0,76,39581368,98,0,100,2,100,0,87,537545447,94,5359,100,0,100,1,,,,,100.0,0.0,100.0,0.0,,,60.0,40.0,,,100.0,94.0,100.0,456.0,40,40,100,0,100,0,200,0,100.0,5271.0,100.0,35011734296.0,100.0,18494756558.0
2018-09-21,ZJV001ES,ST12000NM0007,12000138625024,0,76,39497560,98,0,100,2,100,0,87,540373483,94,5384,100,0,100,1,,,,,100.0,0.0,100.0,0.0,,,61.0,39.0,,,100.0,94.0,100.0,457.0,39,39,100,0,100,0,200,0,100.0,5295.0,100.0,35105958392.0,100.0,18644589310.0
2018-09-22,ZJV001ES,ST12000NM0007,12000138625024,0,71,13538320,98,0,100,2,100,0,87,542931364,94,5408,100,0,100,1,,,,,100.0,0.0,100.0,0.0,,,60.0,40.0,,,100.0,94.0,100.0,458.0,40,40,100,0,100,0,200,0,100.0,5320.0,100.0,35191517840.0,100.0,18777211302.0
2018-09-23,ZJV001ES,ST12000NM0007,12000138625024,0,79,77291296,98,0,100,2,100,0,87,546364187,94,5432,100,0,100,1,,,,,100.0,0.0,100.0,0.0,,,60.0,40.0,,,100.0,94.0,100.0,459.0,40,40,100,0,100,0,200,0,100.0,5343.0,100.0,35292260832.0,100.0,18984361942.0
2018-09-24,ZJV001ES,ST12000NM0007,12000138625024,0,100,599320,98,0,100,2,100,0,87,551509981,94,5456,100,0,100,1,,,,,100.0,0.0,100.0,0.0,,,60.0,40.0,,,100.0,95.0,100.0,460.0,40,40,100,0,100,0,200,0,100.0,5367.0,100.0,35400967392.0,100.0,19287244838.0
2018-09-25,ZJV001ES,ST12000NM0007,12000138625024,0,83,215574192,98,0,100,2,100,0,87,553895858,94,5480,100,0,100,1,,,,,100.0,0.0,100.0,0.0,,,60.0,40.0,,,100.0,95.0,100.0,461.0,40,40,100,0,100,0,200,0,100.0,5391.0,100.0,35474247368.0,100.0,19428939734.0
2018-09-26,ZJV001ES,ST12000NM0007,12000138625024,0,79,86769616,98,0,100,2,100,0,87,558764726,94,5503,100,0,100,1,,,,,100.0,0.0,100.0,0.0,,,60.0,40.0,,,100.0,95.0,100.0,462.0,40,40,100,0,100,0,200,0,100.0,5414.0,100.0,35605672072.0,100.0,19656991718.0
2018-09-27,ZJV001ES,ST12000NM0007,12000138625024,0,76,44172088,98,0,100,2,100,0,87,561308702,94,5528,100,0,100,1,,,,,100.0,0.0,100.0,0.0,,,61.0,39.0,,,100.0,95.0,100.0,463.0,39,39,100,0,100,0,200,0,100.0,5439.0,100.0,35682186024.0,100.0,19782020934.0
2018-09-28,ZJV001ES,ST12000NM0007,12000138625024,0,77,45573688,98,0,100,2,100,0,88,563977649,94,5550,100,0,100,1,,,,,100.0,0.0,100.0,0.0,,,61.0,39.0,,,100.0,95.0,100.0,464.0,39,39,100,0,100,0,200,0,100.0,5460.0,100.0,35758479936.0,100.0,19951269438.0
2018-09-29,ZJV001ES,ST12000NM0007,12000138625024,0,76,37520872,98,0,100,2,100,0,88,566655349,94,5573,100,0,100,1,,,,,100.0,0.0,100.0,0.0,,,61.0,39.0,,,100.0,95.0,100.0,465.0,39,39,100,0,100,0,200,0,100.0,5484.0,100.0,35842420728.0,100.0,20103416606.0
2018-09-30,ZJV001ES,ST12000NM0007,12000138625024,0,78,68156296,98,0,100,2,100,0,88,569637159,94,5597,100,0,100,1,,,,,100.0,0.0,100.0,0.0,,,60.0,40.0,,,100.0,96.0,100.0,466.0,40,40,100,0,100,0,200,0,100.0,5508.0,100.0,35940031608.0,100.0,20280582118.0
2018-10-01,ZJV001ES,ST12000NM0007,12000138625024,0,70,9269008,98,0,100,2,100,0,88,575021049,94,5621,100,0,100,1,,,,,100.0,0.0,100.0,0.0,,,61.0,39.0,,,100.0,96.0,100.0,467.0,39,39,100,0,100,0,200,0,100.0,5532.0,100.0,36074839728.0,100.0,20575168006.0
2018-10-02,ZJV001ES,ST12000NM0007,12000138625024,0,67,4648016,98,0,100,2,100,0,88,577539300,94,5645,100,0,100,1,,,,,100.0,0.0,100.0,0.0,,,61.0,39.0,,,100.0,96.0,100.0,468.0,39,39,100,0,100,0,200,0,100.0,5555.0,100.0,36156145920.0,100.0,20733381478.0
2018-10-03,ZJV001ES,ST12000NM0007,12000138625024,0,82,141294064,98,0,100,2,100,0,88,583067589,94,5668,100,0,100,1,,,,,100.0,0.0,100.0,0.0,,,60.0,40.0,,,100.0,97.0,100.0,469.0,40,40,100,0,100,0,200,0,100.0,5579.0,100.0,36298244984.0,100.0,20972069198.0
2018-10-04,ZJV001ES,ST12000NM0007,12000138625024,0,80.0,97379152.0,98.0,0.0,100.0,2.0,100.0,0.0,88.0,585737782.0,94.0,5693.0,100.0,0.0,100.0,1.0,,,,,100.0,0.0,100.0,0.0,,,61.0,39.0,,,100.0,97.0,100.0,470.0,39.0,39.0,100.0,0.0,100.0,0.0,200.0,0.0,100.0,5604.0,100.0,36371151216.0,100.0,21099388886.0
2018-10-05,ZJV001ES,ST12000NM0007,12000138625024,0,81,125567736,98,0,100,2,100,0,88,588609032,94,5717,100,0,100,1,,,,,100.0,0.0,100.0,0.0,,,61.0,39.0,,,100.0,97.0,100.0,471.0,39,39,100,0,100,0,200,0,100.0,5627.0,100.0,36466441360.0,100.0,21276428166.0
2018-10-06,ZJV001ES,ST12000NM0007,12000138625024,0,79,88369328,98,0,100,2,100,0,88,591027952,94,5741,100,0,100,1,,,,,100.0,0.0,100.0,0.0,,,60.0,40.0,,,100.0,98.0,100.0,472.0,40,40,100,0,100,0,200,0,100.0,5651.0,100.0,36527791608.0,100.0,21422020950.0
2018-10-07,ZJV001ES,ST12000NM0007,12000138625024,0,80,110702152,98,0,100,2,100,0,88,594025925,94,5764,100,0,100,1,,,,,100.0,0.0,100.0,0.0,,,60.0,40.0,,,100.0,98.0,100.0,473.0,40,40,100,0,100,0,200,0,100.0,5675.0,100.0,36605962360.0,100.0,21610323654.0
2018-10-08,ZJV001ES,ST12000NM0007,12000138625024,0,78,59538264,98,0,100,2,100,0,88,599548043,94,5789,100,0,100,1,,,,,100.0,0.0,100.0,0.0,,,61.0,39.0,,,100.0,99.0,100.0,474.0,39,39,100,0,100,0,200,0,100.0,5699.0,100.0,36752615448.0,100.0,21900788070.0
2018-10-09,ZJV001ES,ST12000NM0007,12000138625024,0,79.0,78122824.0,98.0,0.0,100.0,2.0,100.0,0.0,88.0,602335596.0,94.0,5813.0,100.0,0.0,100.0,1.0,,,,,100.0,0.0,100.0,0.0,,,60.0,40.0,,,100.0,100.0,100.0,475.0,40.0,40.0,100.0,0.0,100.0,0.0,200.0,0.0,100.0,5723.0,100.0,36828348968.0,100.0,22087780054.0
2018-10-10,ZJV001ES,ST12000NM0007,12000138625024,0,83,179242760,98,0,100,2,100,0,88,607077757,94,5836,100,0,100,1,,,,,100.0,0.0,100.0,0.0,,,61.0,39.0,,,100.0,101.0,100.0,476.0,39,39,100,0,100,0,200,0,100.0,5746.0,100.0,36964010928.0,100.0,22297378662.0
2018-10-11,ZJV001ES,ST12000NM0007,12000138625024,0,84,243642032,98,0,100,2,100,0,88,610798171,94,5861,100,0,100,1,,,,,100.0,0.0,100.0,0.0,,,61.0,39.0,,,100.0,102.0,100.0,477.0,39,39,100,0,100,0,200,0,100.0,5771.0,100.0,37054931528.0,100.0,22514998134.0
2018-10-12,ZJV001ES,ST12000NM0007,12000138625024,0,100,614256,98,0,100,2,100,0,88,613513189,94,5884,100,0,100,1,,,,,100.0,0.0,100.0,0.0,,,61.0,39.0,,,100.0,102.0,100.0,478.0,39,39,100,0,100,0,200,0,100.0,5794.0,100.0,37132295576.0,100.0,22682887926.0
2018-10-13,ZJV001ES,ST12000NM0007,12000138625024,0,65,2955384,98,0,100,2,100,0,88,616426817,94,5909,100,0,100,1,,,,,100.0,0.0,100.0,0.0,,,61.0,39.0,,,100.0,102.0,100.0,479.0,39,39,100,0,100,0,200,0,100.0,5818.0,100.0,37229760392.0,100.0,22831905230.0
2018-10-14,ZJV001ES,ST12000NM0007,12000138625024,0,78,62888496,98,0,100,2,100,0,88,619789137,94,5933,100,0,100,1,,,,,100.0,0.0,100.0,0.0,,,60.0,40.0,,,100.0,102.0,100.0,480.0,40,40,100,0,100,0,200,0,100.0,5843.0,100.0,37332873904.0,100.0,23032865758.0
2018-10-15,ZJV001ES,ST12000NM0007,12000138625024,0,84,237461576,98,0,100,2,100,0,88,624965284,94,5957,100,0,100,1,,,,,100.0,0.0,100.0,0.0,,,61.0,39.0,,,100.0,102.0,100.0,481.0,39,39,100,0,100,0,200,0,100.0,5866.0,100.0,37467344648.0,100.0,23317108910.0
2018-10-16,ZJV001ES,ST12000NM0007,12000138625024,0,83,210126784,98,0,100,2,100,0,88,627442868,94,5981,100,0,100,1,,,,,100.0,0.0,100.0,0.0,,,60.0,40.0,,,100.0,102.0,100.0,482.0,40,40,100,0,100,0,200,0,100.0,5890.0,100.0,37535600976.0,100.0,23465658454.0
2018-10-17,ZJV001ES,ST12000NM0007,12000138625024,0,79,83351656,98,0,100,2,100,0,88,632285145,94,6011,100,0,100,1,,,,,100.0,0.0,100.0,0.0,,,61.0,39.0,,,100.0,103.0,100.0,483.0,39,39,100,0,100,0,200,0,100.0,5920.0,100.0,37691138328.0,100.0,23671627662.0
2018-10-18,ZJV001ES,ST12000NM0007,12000138625024,0,79,76446192,98,0,100,2,100,0,88,635189777,94,6034,100,0,100,1,,,,,100.0,0.0,100.0,0.0,,,61.0,39.0,,,100.0,103.0,100.0,484.0,39,39,100,0,100,0,200,0,100.0,5942.0,100.0,37788294496.0,100.0,23811707062.0
2018-10-19,ZJV001ES,ST12000NM0007,12000138625024,0,79,75995992,98,0,100,2,100,0,88,638356025,94,6058,100,0,100,1,,,,,100.0,0.0,100.0,0.0,,,61.0,39.0,,,100.0,104.0,100.0,485.0,39,39,100,0,100,0,200,0,100.0,5967.0,100.0,37884917200.0,100.0,23958774806.0
2018-10-20,ZJV001ES,ST12000NM0007,12000138625024,0,80,89938680,98,0,100,2,100,0,88,641608488,94,6081,100,0,100,1,,,,,100.0,0.0,100.0,0.0,,,60.0,40.0,,,100.0,104.0,100.0,486.0,40,40,100,0,100,0,200,0,100.0,5990.0,100.0,37968443672.0,100.0,24133331694.0
2018-10-21,ZJV001ES,ST12000NM0007,12000138625024,0,83,184249224,98,0,100,2,100,0,88,645484607,94,6106,100,0,100,1,,,,,100.0,0.0,100.0,0.0,,,60.0,40.0,,,100.0,105.0,100.0,487.0,40,40,100,0,100,0,200,0,100.0,6014.0,100.0,38072292320.0,100.0,24367934222.0
2018-10-22,ZJV001ES,ST12000NM0007,12000138625024,0,77,46531064,98,0,100,2,100,0,88,649821389,94,6130,100,0,100,1,,,,,100.0,0.0,100.0,0.0,,,60.0,40.0,,,100.0,105.0,100.0,488.0,40,40,100,0,100,0,200,0,100.0,6038.0,100.0,38192254760.0,100.0,24598535054.0
2018-10-23,ZJV001ES,ST12000NM0007,12000138625024,0,78,61560528,98,0,100,2,100,0,88,652795910,93,6153,100,0,100,1,,,,,100.0,0.0,100.0,0.0,,,60.0,40.0,,,100.0,106.0,100.0,489.0,40,40,100,0,100,0,200,0,100.0,6061.0,100.0,38265722136.0,100.0,24784238062.0
2018-10-25,ZJV001ES,ST12000NM0007,12000138625024,0,83,204010384,98,0,100,2,100,0,88,661312253,93,6200,100,0,100,1,,,,,100.0,0.0,100.0,0.0,,,61.0,39.0,,,100.0,107.0,100.0,491.0,39,39,100,0,100,0,200,0,100.0,6108.0,100.0,38458130624.0,100.0,25222560774.0
2018-10-26,ZJV001ES,ST12000NM0007,12000138625024,0,84,228379560,98,0,100,2,100,0,88,664790262,93,6224,100,0,100,1,,,,,100.0,0.0,100.0,0.0,,,60.0,40.0,,,100.0,108.0,100.0,492.0,40,40,100,0,100,0,200,0,100.0,6131.0,100.0,38546523320.0,100.0,25402678038.0
2018-10-27,ZJV001ES,ST12000NM0007,12000138625024,0,84,226394296,98,0,100,2,100,0,88,667745309,93,6247,100,0,100,1,,,,,100.0,0.0,100.0,0.0,,,60.0,40.0,,,100.0,109.0,100.0,493.0,40,40,100,0,100,0,200,0,100.0,6155.0,100.0,38630786520.0,100.0,25560570430.0
2018-10-28,ZJV001ES,ST12000NM0007,12000138625024,0,77,51269632,98,0,100,2,100,0,88,671623802,93,6272,100,0,100,1,,,,,100.0,0.0,100.0,0.0,,,59.0,41.0,,,100.0,109.0,100.0,494.0,41,41,100,0,100,0,200,0,100.0,6180.0,100.0,38736577416.0,100.0,25767936182.0
2018-10-29,ZJV001ES,ST12000NM0007,12000138625024,0,82,157179160,98,0,100,2,100,0,88,676395708,93,6296,100,0,100,1,,,,,100.0,0.0,100.0,0.0,,,60.0,40.0,,,100.0,110.0,100.0,495.0,40,40,100,0,100,0,200,0,100.0,6204.0,100.0,38858275048.0,100.0,25996288774.0
2018-10-30,ZJV001ES,ST12000NM0007,12000138625024,0,82,158952696,98,0,100,2,100,0,88,679235923,93,6320,100,0,100,1,,,,,100.0,0.0,100.0,0.0,,,60.0,40.0,,,100.0,111.0,100.0,496.0,40,40,100,0,100,0,200,0,100.0,6227.0,100.0,38940719984.0,100.0,26159758014.0
2018-10-31,ZJV001ES,ST12000NM0007,12000138625024,0,75,30934728,98.0,0.0,100.0,2.0,100.0,0.0,88.0,684489245.0,93,6345,100.0,0.0,100,1,,,,,100.0,0.0,100.0,0.0,,,60.0,40.0,,,100.0,112.0,100.0,497.0,40,40,100.0,0.0,100.0,0.0,200.0,0.0,100.0,6252.0,100.0,39092113240.0,100.0,26368629406.0
2018-11-01,ZJV001ES,ST12000NM0007,12000138625024,0,83,211950304,98.0,0.0,100.0,2.0,100.0,0.0,88.0,686518097.0,93,6366,100.0,0.0,100,1,,,,,100.0,0.0,100.0,0.0,,,59.0,41.0,,,100.0,113.0,100.0,498.0,41,41,100.0,0.0,100.0,0.0,200.0,0.0,100.0,6272.0,100.0,39150480224.0,100.0,26491277998.0
2018-11-02,ZJV001ES,ST12000NM0007,12000138625024,0,83,212642512,98.0,0.0,100.0,2.0,100.0,0.0,88.0,689312852.0,93,6389,100.0,0.0,100,1,,,,,100.0,0.0,100.0,0.0,,,59.0,41.0,,,100.0,113.0,100.0,499.0,41,41,100.0,0.0,100.0,0.0,200.0,0.0,100.0,6296.0,100.0,39225688112.0,100.0,26660903446.0
2018-11-03,ZJV001ES,ST12000NM0007,12000138625024,0,72,17025456,98.0,0.0,100.0,2.0,100.0,0.0,88.0,692537261.0,93,6414,100.0,0.0,100,1,,,,,100.0,0.0,100.0,0.0,,,59.0,41.0,,,100.0,114.0,100.0,501.0,41,41,100.0,0.0,100.0,0.0,200.0,0.0,100.0,6320.0,100.0,39325583368.0,100.0,26853672398.0
2018-11-04,ZJV001ES,ST12000NM0007,12000138625024,0,79,78452904,98.0,0.0,100.0,2.0,100.0,0.0,88.0,695885320.0,93,6437,100.0,0.0,100,1,,,,,100.0,0.0,100.0,0.0,,,59.0,41.0,,,100.0,114.0,100.0,501.0,41,41,100.0,0.0,100.0,0.0,200.0,0.0,100.0,6344.0,100.0,39439680152.0,100.0,27045143734.0
2018-11-05,ZJV001ES,ST12000NM0007,12000138625024,0,78,59265832,98.0,0.0,100.0,2.0,100.0,0.0,88.0,701635947.0,93,6462,100.0,0.0,100,1,,,,,100.0,0.0,100.0,0.0,,,60.0,40.0,,,100.0,115.0,100.0,502.0,40,40,100.0,0.0,100.0,0.0,200.0,0.0,100.0,6368.0,100.0,39585361632.0,100.0,27368556966.0
2018-11-06,ZJV001ES,ST12000NM0007,12000138625024,0,78.0,63293744.0,98.0,0.0,100.0,2.0,100.0,0.0,88.0,704712988.0,93.0,6485.0,100.0,0.0,100.0,1.0,,,,,100.0,0.0,100.0,0.0,,,59.0,41.0,,,100.0,116.0,100.0,503.0,41.0,41.0,100.0,0.0,100.0,0.0,200.0,0.0,100.0,6391.0,100.0,39671449520.0,100.0,27530637870.0
2018-11-07,ZJV001ES,ST12000NM0007,12000138625024,0,82.0,153331928.0,98.0,0.0,100.0,2.0,100.0,0.0,89.0,709830101.0,93.0,6509.0,100.0,0.0,100.0,1.0,,,,,100.0,0.0,100.0,0.0,,,60.0,40.0,,,100.0,116.0,100.0,504.0,40.0,40.0,100.0,0.0,100.0,0.0,200.0,0.0,100.0,6415.0,100.0,39791708880.0,100.0,27744557462.0
2018-11-08,ZJV001ES,ST12000NM0007,12000138625024,0,81.0,138480080.0,98.0,0.0,100.0,2.0,100.0,0.0,89.0,713156776.0,93.0,6538.0,100.0,0.0,100.0,1.0,,,,,100.0,0.0,100.0,0.0,,,61.0,39.0,,,100.0,117.0,100.0,506.0,39.0,39.0,100.0,0.0,100.0,0.0,200.0,0.0,100.0,6444.0,100.0,39872195272.0,100.0,27893359870.0
2018-11-09,ZJV001ES,ST12000NM0007,12000138625024,0,82,146744048,98.0,0.0,100.0,2.0,100.0,0.0,89.0,715991298.0,93,6562,100.0,0.0,100,1,,,,,100.0,0.0,100.0,0.0,,,61.0,39.0,,,100.0,117.0,100.0,507.0,39,39,100.0,0.0,100.0,0.0,200.0,0.0,100.0,6469.0,100.0,39931743088.0,100.0,28086216734.0
2018-11-10,ZJV001ES,ST12000NM0007,12000138625024,0,83,186415888,98.0,0.0,100.0,2.0,100.0,0.0,89.0,719550978.0,93,6586,100.0,0.0,100,1,,,,,100.0,0.0,100.0,0.0,,,61.0,39.0,,,100.0,117.0,100.0,508.0,39,39,100.0,0.0,100.0,0.0,200.0,0.0,100.0,6492.0,100.0,40022574576.0,100.0,28279197814.0
2018-11-11,ZJV001ES,ST12000NM0007,12000138625024,0,84,230676440,98.0,0.0,100.0,2.0,100.0,0.0,89.0,723254927.0,93,6610,100.0,0.0,100,1,,,,,100.0,0.0,100.0,0.0,,,60.0,40.0,,,100.0,117.0,100.0,509.0,40,40,100.0,0.0,100.0,0.0,200.0,0.0,100.0,6516.0,100.0,40110394856.0,100.0,28479778854.0
2018-11-12,ZJV001ES,ST12000NM0007,12000138625024,0,78,63147816,98.0,0.0,100.0,2.0,100.0,0.0,89.0,727876861.0,93,6634,100.0,0.0,100,1,,,,,100.0,0.0,100.0,0.0,,,61.0,39.0,,,100.0,118.0,100.0,510.0,39,39,100.0,0.0,100.0,0.0,200.0,0.0,100.0,6540.0,100.0,40208463048.0,100.0,28702463422.0
2018-11-13,ZJV001ES,ST12000NM0007,12000138625024,0,78,59587504,98.0,0.0,100.0,2.0,100.0,0.0,89.0,730888219.0,93,6658,100.0,0.0,100,1,,,,,100.0,0.0,100.0,0.0,,,61.0,39.0,,,100.0,119.0,100.0,511.0,39,39,100.0,0.0,100.0,0.0,200.0,0.0,100.0,6564.0,100.0,40287747576.0,100.0,28863759334.0
2018-11-14,ZJV001ES,ST12000NM0007,12000138625024,0,82,173476128,98.0,0.0,100.0,2.0,100.0,0.0,89.0,736350297.0,93,6682,100.0,0.0,100,1,,,,,100.0,0.0,100.0,0.0,,,60.0,40.0,,,100.0,119.0,100.0,512.0,40,40,100.0,0.0,100.0,0.0,200.0,0.0,100.0,6588.0,100.0,40418879936.0,100.0,29090656350.0
2018-11-15,ZJV001ES,ST12000NM0007,12000138625024,0,82,142100368,98.0,0.0,100.0,2.0,100.0,0.0,89.0,738598396.0,93,6706,100.0,0.0,100,1,,,,,100.0,0.0,100.0,0.0,,,60.0,40.0,,,100.0,120.0,100.0,513.0,40,40,100.0,0.0,100.0,0.0,200.0,0.0,100.0,6611.0,100.0,40473682592.0,100.0,29248618910.0
2018-11-16,ZJV001ES,ST12000NM0007,12000138625024,0,81,132421920,98.0,0.0,100.0,2.0,100.0,0.0,89.0,741150809.0,93,6731,100.0,0.0,100,1,,,,,100.0,0.0,100.0,0.0,,,61.0,39.0,,,100.0,121.0,100.0,514.0,39,39,100.0,0.0,100.0,0.0,200.0,0.0,100.0,6636.0,100.0,40554414512.0,100.0,29402349350.0
2018-11-17,ZJV001ES,ST12000NM0007,12000138625024,0,78.0,64535776.0,98.0,0.0,100.0,2.0,100.0,0.0,89.0,743383176.0,93.0,6754.0,100.0,0.0,100.0,1.0,,,,,100.0,0.0,100.0,0.0,,,60.0,40.0,,,100.0,122.0,100.0,515.0,40.0,40.0,100.0,0.0,100.0,0.0,200.0,0.0,100.0,6659.0,100.0,40598600776.0,100.0,29534417654.0
2018-11-18,ZJV001ES,ST12000NM0007,12000138625024,0,81,138815272,98.0,0.0,100.0,2.0,100.0,0.0,89.0,747485197.0,93,6779,100.0,0.0,100,1,,,,,100.0,0.0,100.0,0.0,,,60.0,40.0,,,100.0,122.0,100.0,516.0,40,40,100.0,0.0,100.0,0.0,200.0,0.0,100.0,6684.0,100.0,40700874672.0,100.0,29750563950.0
2018-11-19,ZJV001ES,ST12000NM0007,12000138625024,0,83,208913920,98.0,0.0,100.0,2.0,100.0,0.0,89.0,751562425.0,93,6803,100.0,0.0,100,1,,,,,100.0,0.0,100.0,0.0,,,60.0,40.0,,,100.0,122.0,100.0,517.0,40,40,100.0,0.0,100.0,0.0,200.0,0.0,100.0,6708.0,100.0,40778217248.0,100.0,29987460710.0
2018-11-20,ZJV001ES,ST12000NM0007,12000138625024,0,83,192624376,98.0,0.0,100.0,2.0,100.0,0.0,89.0,754152590.0,93,6826,100.0,0.0,100,1,,,,,100.0,0.0,100.0,0.0,,,61.0,39.0,,,100.0,122.0,100.0,518.0,39,39,100.0,0.0,100.0,0.0,200.0,0.0,100.0,6731.0,100.0,40842826472.0,100.0,30150702598.0
2018-11-21,ZJV001ES,ST12000NM0007,12000138625024,0,67,4885872,98.0,0.0,100.0,2.0,100.0,0.0,89.0,759213354.0,93,6850,100.0,0.0,100,1,,,,,100.0,0.0,100.0,0.0,,,60.0,40.0,,,100.0,122.0,100.0,519.0,40,40,100.0,0.0,100.0,0.0,200.0,0.0,100.0,6755.0,100.0,40951404304.0,100.0,30342667774.0
2018-11-22,ZJV001ES,ST12000NM0007,12000138625024,0,84,229721160,98.0,0.0,100.0,2.0,100.0,0.0,89.0,761779738.0,93,6875,100.0,0.0,100,1,,,,,100.0,0.0,100.0,0.0,,,57.0,43.0,,,100.0,123.0,100.0,520.0,43,43,100.0,0.0,100.0,0.0,200.0,0.0,100.0,6779.0,100.0,41024608616.0,100.0,30494298750.0
2018-11-23,ZJV001ES,ST12000NM0007,12000138625024,0,83,201920616,98.0,0.0,100.0,2.0,100.0,0.0,89.0,763984163.0,93,6898,100.0,0.0,100,1,,,,,100.0,0.0,100.0,0.0,,,59.0,41.0,,,100.0,123.0,100.0,521.0,41,41,100.0,0.0,100.0,0.0,200.0,0.0,100.0,6802.0,100.0,41086320920.0,100.0,30648926622.0
2018-11-24,ZJV001ES,ST12000NM0007,12000138625024,0,84,239565968,98.0,0.0,100.0,2.0,100.0,0.0,89.0,766768789.0,93,6923,100.0,0.0,100,1,,,,,100.0,0.0,100.0,0.0,,,60.0,40.0,,,100.0,124.0,100.0,522.0,40,40,100.0,0.0,100.0,0.0,200.0,0.0,100.0,6827.0,100.0,41195675040.0,100.0,30821358534.0
2018-11-25,ZJV001ES,ST12000NM0007,12000138625024,0,78,70738680,98.0,0.0,100.0,2.0,100.0,0.0,89.0,770989547.0,93,6947,100.0,0.0,100,1,,,,,100.0,0.0,100.0,0.0,,,58.0,42.0,,,100.0,124.0,100.0,523.0,42,42,100.0,0.0,100.0,0.0,200.0,0.0,100.0,6851.0,100.0,41287843360.0,100.0,31048644566.0
2018-11-26,ZJV001ES,ST12000NM0007,12000138625024,0,80,94858136,98.0,0.0,100.0,2.0,100.0,0.0,89.0,774962190.0,93,6971,100.0,0.0,100,1,,,,,100.0,0.0,100.0,0.0,,,59.0,41.0,,,100.0,124.0,100.0,524.0,41,41,100.0,0.0,100.0,0.0,200.0,0.0,100.0,6875.0,100.0,41351134784.0,100.0,31253613278.0
2018-11-27,ZJV001ES,ST12000NM0007,12000138625024,0,79,73852888,98.0,0.0,100.0,2.0,100.0,0.0,89.0,777361787.0,93,6994,100.0,0.0,100,1,,,,,100.0,0.0,100.0,0.0,,,59.0,41.0,,,100.0,124.0,100.0,525.0,41,41,100.0,0.0,100.0,0.0,200.0,0.0,100.0,6898.0,100.0,41414759264.0,100.0,31413124214.0
2018-11-28,ZJV001ES,ST12000NM0007,12000138625024,0,82,148194320,98.0,0.0,100.0,2.0,100.0,0.0,89.0,782318628.0,92,7018,100.0,0.0,100,1,,,,,100.0,0.0,100.0,0.0,,,59.0,41.0,,,100.0,124.0,100.0,526.0,41,41,100.0,0.0,100.0,0.0,200.0,0.0,100.0,6922.0,100.0,41526281840.0,100.0,31620083798.0
2018-11-29,ZJV001ES,ST12000NM0007,12000138625024,0,82,145574176,98.0,0.0,100.0,2.0,100.0,0.0,89.0,784821203.0,92,7042,100.0,0.0,100,1,,,,,100.0,0.0,100.0,0.0,,,63.0,37.0,,,100.0,124.0,100.0,527.0,37,37,100.0,0.0,100.0,0.0,200.0,0.0,100.0,6946.0,100.0,41579286608.0,100.0,31808599534.0
2018-11-30,ZJV001ES,ST12000NM0007,12000138625024,0,79,80878544,98.0,0.0,100.0,2.0,100.0,0.0,89.0,786873868.0,92,7066,100.0,0.0,100,1,,,,,100.0,0.0,100.0,0.0,,,62.0,38.0,,,100.0,125.0,100.0,528.0,38,38,100.0,0.0,100.0,0.0,200.0,0.0,100.0,6970.0,100.0,41633301016.0,100.0,31934030286.0
2018-12-01,ZJV001ES,ST12000NM0007,12000138625024,0,76,43188336,98.0,0.0,100.0,2.0,100.0,0.0,89.0,789135425.0,92,7091,100.0,0.0,100,1,,,,,100.0,0.0,100.0,0.0,,,62.0,38.0,,,100.0,125.0,100.0,529.0,38,38,100.0,0.0,100.0,0.0,200.0,0.0,100.0,6994.0,100.0,41690091104.0,100.0,32083690646.0
2018-12-02,ZJV001ES,ST12000NM0007,12000138625024,0,82,166306792,98.0,0.0,100.0,2.0,100.0,0.0,89.0,793303808.0,92,7115,100.0,0.0,100,1,,,,,100.0,0.0,100.0,0.0,,,62.0,38.0,,,100.0,126.0,100.0,530.0,38,38,100.0,0.0,100.0,0.0,200.0,0.0,100.0,7018.0,100.0,41803558712.0,100.0,32337482270.0
2018-12-03,ZJV001ES,ST12000NM0007,12000138625024,0,83,181892816,98.0,0.0,100.0,2.0,100.0,0.0,89.0,796725522.0,92,7135,100.0,0.0,100,1,,,,,100.0,0.0,100.0,0.0,,,62.0,38.0,,,100.0,126.0,100.0,531.0,38,38,100.0,0.0,100.0,0.0,200.0,0.0,100.0,7038.0,100.0,41872377456.0,100.0,32528390246.0
2018-12-04,ZJV001ES,ST12000NM0007,12000138625024,0,82,152877776,98.0,0.0,100.0,2.0,100.0,0.0,89.0,799466397.0,92,7160,100.0,0.0,100,1,,,,,100.0,0.0,100.0,0.0,,,62.0,38.0,,,100.0,127.0,100.0,532.0,38,38,100.0,0.0,100.0,0.0,200.0,0.0,100.0,7063.0,100.0,41936584248.0,100.0,32679309070.0
2018-12-05,ZJV001ES,ST12000NM0007,12000138625024,0,84.0,225335488.0,98.0,0.0,100.0,2.0,100.0,0.0,89.0,804336037.0,92.0,7184.0,100.0,0.0,100.0,1.0,,,,,100.0,0.0,100.0,0.0,,,63.0,37.0,,,100.0,128.0,100.0,533.0,37.0,37.0,100.0,0.0,100.0,0.0,200.0,0.0,100.0,7087.0,100.0,42063991680.0,100.0,32868500158.0
2018-12-06,ZJV001ES,ST12000NM0007,12000138625024,0,81,114915184,98.0,0.0,100.0,2.0,100.0,0.0,89.0,805994787.0,92,7205,100.0,0.0,100,1,,,,,100.0,0.0,100.0,0.0,,,63.0,37.0,,,100.0,128.0,100.0,533.0,37,37,100.0,0.0,100.0,0.0,200.0,0.0,100.0,7108.0,100.0,42113797608.0,100.0,32952414710.0
2018-12-07,ZJV001ES,ST12000NM0007,12000138625024,0,76,42419592,98.0,0.0,100.0,2.0,100.0,0.0,89.0,808093081.0,92,7230,100.0,0.0,100,1,,,,,100.0,0.0,100.0,0.0,,,63.0,37.0,,,100.0,128.0,100.0,534.0,37,37,100.0,0.0,100.0,0.0,200.0,0.0,100.0,7133.0,100.0,42161889048.0,100.0,33075968542.0
2018-12-08,ZJV001ES,ST12000NM0007,12000138625024,0,84,234078320,98.0,0.0,100.0,2.0,100.0,0.0,89.0,810324351.0,92,7254,100.0,0.0,100,1,,,,,100.0,0.0,100.0,0.0,,,63.0,37.0,,,100.0,128.0,100.0,535.0,37,37,100.0,0.0,100.0,0.0,200.0,0.0,100.0,7156.0,100.0,42212481536.0,100.0,33217034782.0
2018-12-09,ZJV001ES,ST12000NM0007,12000138625024,0,68,6858312,98.0,0.0,100.0,2.0,100.0,0.0,89.0,813210453.0,92,7278,100.0,0.0,100,1,,,,,100.0,0.0,100.0,0.0,,,62.0,38.0,,,100.0,128.0,100.0,536.0,38,38,100.0,0.0,100.0,0.0,200.0,0.0,100.0,7181.0,100.0,42286664832.0,100.0,33403912806.0
2018-12-10,ZJV001ES,ST12000NM0007,12000138625024,0,80,104612136,98.0,0.0,100.0,2.0,100.0,0.0,89.0,818073062.0,92,7301,100.0,0.0,100,1,,,,,100.0,0.0,100.0,0.0,,,62.0,38.0,,,100.0,129.0,100.0,537.0,38,38,100.0,0.0,100.0,0.0,200.0,0.0,100.0,7204.0,100.0,42384403088.0,100.0,33648069014.0
2018-12-11,ZJV001ES,ST12000NM0007,12000138625024,0,79,83843896,98.0,0.0,100.0,2.0,100.0,0.0,89.0,820444219.0,92,7326,100.0,0.0,100,1,,,,,100.0,0.0,100.0,0.0,,,62.0,38.0,,,100.0,129.0,100.0,538.0,38,38,100.0,0.0,100.0,0.0,200.0,0.0,100.0,7228.0,100.0,42436538232.0,100.0,33819306318.0
2018-12-12,ZJV001ES,ST12000NM0007,12000138625024,0,81,120775288,98.0,0.0,100.0,2.0,100.0,0.0,89.0,825042680.0,92,7350,100.0,0.0,100,1,,,,,100.0,0.0,100.0,0.0,,,62.0,38.0,,,100.0,130.0,100.0,539.0,38,38,100.0,0.0,100.0,0.0,200.0,0.0,100.0,7252.0,100.0,42534405328.0,100.0,34002511334.0
2018-12-13,ZJV001ES,ST12000NM0007,12000138625024,0,78,69698264,98.0,0.0,100.0,2.0,100.0,0.0,89.0,827343279.0,92,7374,100.0,0.0,100,1,,,,,100.0,0.0,100.0,0.0,,,61.0,39.0,,,100.0,131.0,100.0,540.0,39,39,100.0,0.0,100.0,0.0,200.0,0.0,100.0,7276.0,100.0,42589182560.0,100.0,34140797838.0
2018-12-14,ZJV001ES,ST12000NM0007,12000138625024,0,73,21161032,98.0,0.0,100.0,2.0,100.0,0.0,89.0,829566827.0,92,7397,100.0,0.0,100,1,,,,,100.0,0.0,100.0,0.0,,,62.0,38.0,,,100.0,131.0,100.0,541.0,38,38,100.0,0.0,100.0,0.0,200.0,0.0,100.0,7300.0,100.0,42653246752.0,100.0,34272337118.0
2018-12-15,ZJV001ES,ST12000NM0007,12000138625024,0,84,242604248,98.0,0.0,100.0,2.0,100.0,0.0,89.0,832094630.0,92,7421,100.0,0.0,100,1,,,,,100.0,0.0,100.0,0.0,,,61.0,39.0,,,100.0,132.0,100.0,542.0,39,39,100.0,0.0,100.0,0.0,200.0,0.0,100.0,7324.0,100.0,42709820688.0,100.0,34437206398.0
2018-12-16,ZJV001ES,ST12000NM0007,12000138625024,0,83,196246136,98.0,0.0,100.0,2.0,100.0,0.0,89.0,834315911.0,92,7445,100.0,0.0,100,1,,,,,100.0,0.0,100.0,0.0,,,59.0,41.0,,,100.0,132.0,100.0,543.0,41,41,100.0,0.0,100.0,0.0,200.0,0.0,100.0,7347.0,100.0,42760255184.0,100.0,34584554494.0
2018-12-17,ZJV001ES,ST12000NM0007,12000138625024,0,78,60965712,98.0,0.0,100.0,2.0,100.0,0.0,89.0,839641924.0,92,7470,100.0,0.0,100,1,,,,,100.0,0.0,100.0,0.0,,,61.0,39.0,,,100.0,133.0,100.0,544.0,39,39,100.0,0.0,100.0,0.0,200.0,0.0,100.0,7372.0,100.0,42855483448.0,100.0,34842327558.0
2018-12-18,ZJV001ES,ST12000NM0007,12000138625024,0,71,13477736,98.0,0.0,100.0,2.0,100.0,0.0,89.0,841642573.0,92,7493,100.0,0.0,100,1,,,,,100.0,0.0,100.0,0.0,,,62.0,38.0,,,100.0,134.0,100.0,545.0,38,38,100.0,0.0,100.0,0.0,200.0,0.0,100.0,7395.0,100.0,42906723832.0,100.0,34987739998.0
2018-12-19,ZJV001ES,ST12000NM0007,12000138625024,0,79,73263736,98.0,0.0,100.0,2.0,100.0,0.0,89.0,846403632.0,92,7518,100.0,0.0,100,1,,,,,100.0,0.0,100.0,0.0,,,62.0,38.0,,,100.0,134.0,100.0,547.0,38,38,100.0,0.0,100.0,0.0,200.0,0.0,100.0,7419.0,100.0,43021829256.0,100.0,35176561206.0
2018-12-20,ZJV001ES,ST12000NM0007,12000138625024,0,77,50742272,98.0,0.0,100.0,2.0,100.0,0.0,89.0,848762039.0,92,7542,100.0,0.0,100,1,,,,,100.0,0.0,100.0,0.0,,,62.0,38.0,,,100.0,135.0,100.0,548.0,38,38,100.0,0.0,100.0,0.0,200.0,0.0,100.0,7443.0,100.0,43078319624.0,100.0,35341690006.0
2018-12-21,ZJV001ES,ST12000NM0007,12000138625024,0,83,218930328,98.0,0.0,100.0,2.0,100.0,0.0,89.0,850645337.0,92,7565,100.0,0.0,100,1,,,,,100.0,0.0,100.0,0.0,,,62.0,38.0,,,100.0,136.0,100.0,549.0,38,38,100.0,0.0,100.0,0.0,200.0,0.0,100.0,7466.0,100.0,43125268928.0,100.0,35462928758.0
2018-12-22,ZJV001ES,ST12000NM0007,12000138625024,0,82,160847360,98.0,0.0,100.0,2.0,100.0,0.0,89.0,852912454.0,92,7590,100.0,0.0,100,1,,,,,100.0,0.0,100.0,0.0,,,62.0,38.0,,,100.0,137.0,100.0,550.0,38,38,100.0,0.0,100.0,0.0,200.0,0.0,100.0,7491.0,100.0,43172862712.0,100.0,35601392686.0
2018-12-23,ZJV001ES,ST12000NM0007,12000138625024,0,82,155952240,98.0,0.0,100.0,2.0,100.0,0.0,89.0,855448960.0,92,7613,100.0,0.0,100,1,,,,,100.0,0.0,100.0,0.0,,,61.0,39.0,,,100.0,137.0,100.0,551.0,39,39,100.0,0.0,100.0,0.0,200.0,0.0,100.0,7514.0,100.0,43239682344.0,100.0,35773818702.0
2018-12-24,ZJV001ES,ST12000NM0007,12000138625024,0,71,11351208,98.0,0.0,100.0,2.0,100.0,0.0,89.0,860125248.0,92,7637,100.0,0.0,100,1,,,,,100.0,0.0,100.0,0.0,,,62.0,38.0,,,100.0,138.0,100.0,552.0,38,38,100.0,0.0,100.0,0.0,200.0,0.0,100.0,7538.0,100.0,43333314168.0,100.0,36023867470.0
2018-12-25,ZJV001ES,ST12000NM0007,12000138625024,0,74,22409992,98.0,0.0,100.0,2.0,100.0,0.0,89.0,864544590.0,92,7669,100.0,0.0,100,1,,,,,100.0,0.0,100.0,0.0,,,62.0,38.0,,,100.0,139.0,100.0,553.0,38,38,100.0,0.0,100.0,0.0,200.0,0.0,100.0,7570.0,100.0,43367710928.0,100.0,36244670974.0
2018-12-26,ZJV001ES,ST12000NM0007,12000138625024,0,74,22559320,98.0,0.0,100.0,2.0,100.0,0.0,89.0,864565713.0,92,7693,100.0,0.0,100,1,,,,,100.0,0.0,100.0,0.0,,,63.0,37.0,,,100.0,140.0,100.0,554.0,37,37,100.0,0.0,100.0,0.0,200.0,0.0,100.0,7594.0,100.0,43367710928.0,100.0,36244820302.0
2018-12-27,ZJV001ES,ST12000NM0007,12000138625024,0,69,8429272,98.0,0.0,100.0,2.0,100.0,0.0,89.0,868625910.0,92,7717,100.0,0.0,100,1,,,,,100.0,0.0,100.0,0.0,,,62.0,38.0,,,100.0,141.0,100.0,555.0,38,38,100.0,0.0,100.0,0.0,200.0,0.0,100.0,7617.0,100.0,43456632152.0,100.0,36385909800.0
2018-12-28,ZJV001ES,ST12000NM0007,12000138625024,0,84,228541640,98.0,0.0,100.0,2.0,100.0,0.0,89.0,871113436.0,92,7741,100.0,0.0,100,1,,,,,100.0,0.0,100.0,0.0,,,62.0,38.0,,,100.0,141.0,100.0,556.0,38,38,100.0,0.0,100.0,0.0,200.0,0.0,100.0,7641.0,100.0,43503997496.0,100.0,36558656824.0
2018-12-29,ZJV001ES,ST12000NM0007,12000138625024,0,83,195384776,98.0,0.0,100.0,2.0,100.0,0.0,89.0,873385940.0,92,7765,100.0,0.0,100,1,,,,,100.0,0.0,100.0,0.0,,,61.0,39.0,,,100.0,142.0,100.0,557.0,39,39,100.0,0.0,100.0,0.0,200.0,0.0,100.0,7665.0,100.0,43553236312.0,100.0,36720402120.0
2018-12-30,ZJV001ES,ST12000NM0007,12000138625024,0,75,30930568,98.0,0.0,100.0,2.0,100.0,0.0,89.0,877103791.0,92,7788,100.0,0.0,100,1,,,,,100.0,0.0,100.0,0.0,,,61.0,39.0,,,100.0,143.0,100.0,558.0,39,39,100.0,0.0,100.0,0.0,200.0,0.0,100.0,7688.0,100.0,43648981008.0,100.0,36948486488.0
2018-12-31,ZJV001ES,ST12000NM0007,12000138625024,0,80,105696488,98.0,0.0,100.0,2.0,100.0,0.0,89.0,881433471.0,92,7813,100.0,0.0,100,1,,,,,100.0,0.0,100.0,0.0,,,61.0,39.0,,,100.0,143.0,100.0,559.0,39,39,100.0,0.0,100.0,0.0,200.0,0.0,100.0,7713.0,100.0,43737883480.0,100.0,37178490848.0
