2018-02-12,ZJV00RMS,ST12000NM0007,12000138625024,0,83,182884960,99,0,100,1,100,0,63,2047929,100,82,100,0,100,1,,,,,100.0,0.0,100.0,0.0,,,72.0,28.0,,,100.0,0.0,100.0,150.0,28,28,100,0,100,0,200,0,100.0,29.0,100.0,644027832.0,100.0,271303202.0
2018-02-13,ZJV00RMS,ST12000NM0007,12000138625024,0,83,183097546,99,0,100,1,100,0,63,2067072,100,103,100,0,100,1,,,,,100.0,0.0,100.0,0.0,,,72.0,28.0,,,100.0,1.0,100.0,151.0,28,28,100,0,100,0,200,0,100.0,51.0,100.0,644036664.0,100.0,271506956.0
2018-02-14,ZJV00RMS,ST12000NM0007,12000138625024,0,83,183230538,99,0,100,1,100,0,63,2087309,100,127,100,0,100,1,,,,,100.0,0.0,100.0,0.0,,,73.0,27.0,,,100.0,1.0,100.0,227.0,27,27,100,0,100,0,200,0,100.0,66.0,100.0,644045216.0,100.0,271631396.0
2018-02-15,ZJV00RMS,ST12000NM0007,12000138625024,0,83,183429482,99,0,100,1,100,0,63,2108174,100,151,100,0,100,1,,,,,100.0,0.0,100.0,0.0,,,72.0,28.0,,,100.0,2.0,100.0,228.0,28,28,100,0,100,0,200,0,100.0,90.0,100.0,644053352.0,100.0,271822204.0
2018-02-16,ZJV00RMS,ST12000NM0007,12000138625024,0,83,183646378,99,0,100,1,100,0,63,2130192,100,175,100,0,100,1,,,,,100.0,0.0,100.0,0.0,,,73.0,27.0,,,100.0,3.0,100.0,229.0,27,27,100,0,100,0,200,0,100.0,114.0,100.0,644062800.0,100.0,272029652.0
2018-02-17,ZJV00RMS,ST12000NM0007,12000138625024,0,83,183855586,99,0,100,1,100,0,63,2152137,100,199,100,0,100,1,,,,,100.0,0.0,100.0,0.0,,,73.0,27.0,,,100.0,4.0,100.0,230.0,27,27,100,0,100,0,200,0,100.0,138.0,100.0,644072880.0,100.0,272228780.0
2018-02-18,ZJV00RMS,ST12000NM0007,12000138625024,0,83,184055842,99,0,100,1,100,0,63,2172887,100,223,100,0,100,1,,,,,100.0,0.0,100.0,0.0,,,73.0,27.0,,,100.0,5.0,100.0,231.0,27,27,100,0,100,0,200,0,100.0,162.0,100.0,644082328.0,100.0,272419588.0
2018-02-19,ZJV00RMS,ST12000NM0007,12000138625024,0,83,184264162,99,0,100,1,100,0,63,2194385,100,247,100,0,100,1,,,,,100.0,0.0,100.0,0.0,,,72.0,28.0,,,100.0,6.0,100.0,232.0,28,28,100,0,100,0,200,0,100.0,186.0,100.0,644091544.0,100.0,272618692.0
2018-02-20,ZJV00RMS,ST12000NM0007,12000138625024,0,83,184463706,99,0,100,1,100,0,63,2215407,100,271,100,0,100,1,,,,,100.0,0.0,100.0,0.0,,,72.0,28.0,,,100.0,7.0,100.0,233.0,28,28,100,0,100,0,200,0,100.0,209.0,100.0,644100280.0,100.0,272809500.0
2018-02-21,ZJV00RMS,ST12000NM0007,12000138625024,0,83,184671978,99,0,100,1,100,0,63,2237086,100,295,100,0,100,1,,,,,100.0,0.0,100.0,0.0,,,72.0,28.0,,,100.0,8.0,100.0,234.0,28,28,100,0,100,0,200,0,100.0,233.0,100.0,644109448.0,100.0,273008604.0
2018-02-22,ZJV00RMS,ST12000NM0007,12000138625024,0,83,184879770,99,0,100,1,100,0,64,2258955,100,319,100,0,100,1,,,,,100.0,0.0,100.0,0.0,,,74.0,26.0,,,100.0,9.0,100.0,235.0,26,26,100,0,100,0,200,0,100.0,257.0,100.0,644118136.0,100.0,273207708.0
2018-02-23,ZJV00RMS,ST12000NM0007,12000138625024,0,83,185078858,99,0,100,1,100,0,64,2279907,100,343,100,0,100,1,,,,,100.0,0.0,100.0,0.0,,,73.0,27.0,,,100.0,10.0,100.0,236.0,27,27,100,0,100,0,200,0,100.0,281.0,100.0,644126416.0,100.0,273398516.0
2018-02-24,ZJV00RMS,ST12000NM0007,12000138625024,0,83,185287810,99,0,100,1,100,0,64,2301803,100,367,100,0,100,1,,,,,100.0,0.0,100.0,0.0,,,73.0,27.0,,,100.0,11.0,100.0,237.0,27,27,100,0,100,0,200,0,100.0,305.0,100.0,644136264.0,100.0,273597620.0
2018-02-25,ZJV00RMS,ST12000NM0007,12000138625024,0,83,185487410,99,0,100,1,100,0,64,2322690,100,390,100,0,100,1,,,,,100.0,0.0,100.0,0.0,,,74.0,26.0,,,100.0,12.0,100.0,238.0,26,26,100,0,100,0,200,0,100.0,328.0,100.0,644145056.0,100.0,273788428.0
2018-02-26,ZJV00RMS,ST12000NM0007,12000138625024,0,83,185695642,99,0,100,1,100,0,64,2344425,100,415,100,0,100,1,,,,,100.0,0.0,100.0,0.0,,,74.0,26.0,,,100.0,13.0,100.0,239.0,26,26,100,0,100,0,200,0,100.0,353.0,100.0,644154184.0,100.0,273987532.0
2018-02-27,ZJV00RMS,ST12000NM0007,12000138625024,0,83,185903618,99,0,100,1,100,0,64,2366200,100,439,100,0,100,1,,,,,100.0,0.0,100.0,0.0,,,73.0,27.0,,,100.0,14.0,100.0,240.0,27,27,100,0,100,0,200,0,100.0,377.0,100.0,644163056.0,100.0,274186636.0
2018-02-28,ZJV00RMS,ST12000NM0007,12000138625024,0,83,186102962,99,0,100,1,100,0,64,2386874,100,463,100,0,100,1,,,,,100.0,0.0,100.0,0.0,,,74.0,26.0,,,100.0,15.0,100.0,241.0,26,26,100,0,100,0,200,0,100.0,400.0,100.0,644171592.0,100.0,274377444.0
2018-03-01,ZJV00RMS,ST12000NM0007,12000138625024,0,83,186310986,99,0,100,1,100,0,64,2408512,100,487,100,0,100,1,,,,,100.0,0.0,100.0,0.0,,,74.0,26.0,,,100.0,16.0,100.0,242.0,26,26,100,0,100,0,200,0,100.0,424.0,100.0,644180512.0,100.0,274576548.0
2018-03-02,ZJV00RMS,ST12000NM0007,12000138625024,0,83,186514914,99,0,100,1,100,0,64,2429562,100,510,100,0,100,1,,,,,100.0,0.0,100.0,0.0,,,74.0,26.0,,,100.0,17.0,100.0,243.0,26,26,100,0,100,0,200,0,100.0,447.0,100.0,644188808.0,100.0,274772180.0
2018-03-03,ZJV00RMS,ST12000NM0007,12000138625024,0,83,186723306,99,0,100,1,100,0,64,2451196,100,535,100,0,100,1,,,,,100.0,0.0,100.0,0.0,,,74.0,26.0,,,100.0,18.0,100.0,244.0,26,26,100,0,100,0,200,0,100.0,472.0,100.0,644198096.0,100.0,274971284.0
2018-03-04,ZJV00RMS,ST12000NM0007,12000138625024,0,83,186931402,99,0,100,1,100,0,64,2472923,100,559,100,0,100,1,,,,,100.0,0.0,100.0,0.0,,,73.0,27.0,,,100.0,19.0,100.0,245.0,27,27,100,0,100,0,200,0,100.0,496.0,100.0,644207088.0,100.0,275170388.0
2018-03-05,ZJV00RMS,ST12000NM0007,12000138625024,0,83,187130826,99,0,100,1,100,0,64,2493853,100,583,100,0,100,1,,,,,100.0,0.0,100.0,0.0,,,74.0,26.0,,,100.0,20.0,100.0,246.0,26,26,100,0,100,0,200,0,100.0,520.0,100.0,644215704.0,100.0,275361196.0
2018-03-06,ZJV00RMS,ST12000NM0007,12000138625024,0,83,187356146,99,0,100,1,100,0,64,2517270,100,609,100,0,100,1,,,,,100.0,0.0,100.0,0.0,,,74.0,26.0,,,100.0,21.0,100.0,247.0,26,26,100,0,100,0,200,0,100.0,546.0,100.0,644225328.0,100.0,275576892.0
2018-03-07,ZJV00RMS,ST12000NM0007,12000138625024,0,84.0,235180274.0,99.0,0.0,100.0,1.0,100.0,0.0,65.0,2978529.0,100.0,632.0,100.0,0.0,100.0,1.0,,,,,100.0,0.0,100.0,0.0,,,72.0,28.0,,,100.0,21.0,100.0,248.0,28.0,28.0,100.0,0.0,100.0,0.0,200.0,0.0,100.0,569.0,100.0,691697208.0,100.0,275929140.0
2018-03-08,ZJV00RMS,ST12000NM0007,12000138625024,0,84,228187000,99,0,100,1,100,0,67,5222676,100,653,100,0,100,1,,,,,100.0,0.0,100.0,0.0,,,73.0,27.0,,,100.0,21.0,100.0,248.0,27,27,100,0,100,0,200,0,100.0,590.0,100.0,927286008.0,100.0,277487980.0
2018-03-09,ZJV00RMS,ST12000NM0007,12000138625024,0,75,32487688,99,0,100,1,100,0,69,7895669,100,676,100,0,100,1,,,,,100.0,0.0,100.0,0.0,,,73.0,27.0,,,100.0,21.0,100.0,249.0,27,27,100,0,100,0,200,0,100.0,613.0,100.0,1215260856.0,100.0,282095476.0
2018-03-10,ZJV00RMS,ST12000NM0007,12000138625024,0,80,95442616,99,0,100,1,100,0,70,10704254,100,701,100,0,100,1,,,,,100.0,0.0,100.0,0.0,,,73.0,27.0,,,100.0,22.0,100.0,251.0,27,27,100,0,100,0,200,0,100.0,638.0,100.0,1513272480.0,100.0,291179540.0
2018-03-11,ZJV00RMS,ST12000NM0007,12000138625024,0,82,151464672,99,0,100,1,100,0,71,13441110,100,725,100,0,100,1,,,,,100.0,0.0,100.0,0.0,,,72.0,28.0,,,100.0,22.0,100.0,252.0,28,28,100,0,100,0,200,0,100.0,661.0,100.0,1802904104.0,100.0,301710692.0
2018-03-12,ZJV00RMS,ST12000NM0007,12000138625024,0,83,200226136,99,0,100,1,100,0,72,16168800,100,748,100,0,100,1,,,,,100.0,0.0,100.0,0.0,,,73.0,27.0,,,100.0,22.0,100.0,253.0,27,27,100,0,100,0,200,0,100.0,685.0,100.0,2087508176.0,100.0,310008940.0
2018-03-13,ZJV00RMS,ST12000NM0007,12000138625024,0,71,11430424,99,0,100,1,100,0,73,18989358,100,773,100,0,100,1,,,,,100.0,0.0,100.0,0.0,,,73.0,27.0,,,100.0,22.0,100.0,254.0,27,27,100,0,100,0,200,0,100.0,709.0,100.0,2379684288.0,100.0,317318708.0
2018-03-14,ZJV00RMS,ST12000NM0007,12000138625024,0,77,55631432,99,0,100,1,100,0,73,21694448,100,796,100,0,100,1,,,,,100.0,0.0,100.0,0.0,,,73.0,27.0,,,100.0,22.0,100.0,255.0,27,27,100,0,100,0,200,0,100.0,733.0,100.0,2660331544.0,100.0,325013236.0
2018-03-15,ZJV00RMS,ST12000NM0007,12000138625024,0,83,178829600,99,0,100,1,100,0,74,25026895,100,827,100,0,100,1,,,,,100.0,0.0,100.0,0.0,,,74.0,26.0,,,100.0,23.0,100.0,257.0,26,26,100,0,100,0,200,0,100.0,763.0,100.0,3007378080.0,100.0,345305596.0
2018-03-16,ZJV00RMS,ST12000NM0007,12000138625024,0,78.0,64419016.0,99.0,0.0,100.0,1.0,100.0,0.0,74.0,26248020.0,100.0,852.0,100.0,0.0,100.0,1.0,,,,,100.0,0.0,100.0,0.0,,,73.0,27.0,,,100.0,23.0,100.0,258.0,27.0,27.0,100.0,0.0,100.0,0.0,200.0,0.0,100.0,788.0,100.0,3131883200.0,100.0,350530660.0
2018-03-17,ZJV00RMS,ST12000NM0007,12000138625024,0,81,138530056,99,0,100,1,100,0,75,29201168,99,876,100,0,100,1,,,,,100.0,0.0,100.0,0.0,,,72.0,28.0,,,100.0,23.0,100.0,259.0,28,28,100,0,100,0,200,0,100.0,811.0,100.0,3434758360.0,100.0,365907380.0
2018-03-18,ZJV00RMS,ST12000NM0007,12000138625024,0,83,214500752,99,0,100,1,100,0,75,32192112,99,900,100,0,100,1,,,,,100.0,0.0,100.0,0.0,,,72.0,28.0,,,100.0,23.0,100.0,260.0,28,28,100,0,100,0,200,0,100.0,836.0,100.0,3748119128.0,100.0,372657972.0
2018-03-19,ZJV00RMS,ST12000NM0007,12000138625024,0,73,20913056,99,0,100,1,100,0,75,34992616,99,924,100,0,100,1,,,,,100.0,0.0,100.0,0.0,,,73.0,27.0,,,100.0,23.0,100.0,261.0,27,27,100,0,100,0,200,0,100.0,859.0,100.0,4034434008.0,100.0,381037044.0
2018-03-20,ZJV00RMS,ST12000NM0007,12000138625024,0,80,103062376,99,0,100,1,100,0,76,38260086,99,948,100,0,100,1,,,,,100.0,0.0,100.0,0.0,,,73.0,27.0,,,100.0,23.0,100.0,262.0,27,27,100,0,100,0,200,0,100.0,884.0,100.0,4346673536.0,100.0,395087644.0
2018-03-21,ZJV00RMS,ST12000NM0007,12000138625024,0,82,171324608,99,0,100,1,100,0,76,41294774,99,972,100,0,100,1,,,,,100.0,0.0,100.0,0.0,,,72.0,28.0,,,100.0,23.0,100.0,263.0,28,28,100,0,100,0,200,0,100.0,907.0,100.0,4653167688.0,100.0,400996460.0
2018-03-22,ZJV00RMS,ST12000NM0007,12000138625024,0,73,18995200,99,0,100,1,100,0,76,44617042,99,996,100,0,100,1,,,,,100.0,0.0,100.0,0.0,,,73.0,27.0,,,100.0,23.0,100.0,264.0,27,27,100,0,100,0,200,0,100.0,932.0,100.0,4969980896.0,100.0,420135244.0
2018-03-23,ZJV00RMS,ST12000NM0007,12000138625024,0,73,18563896,99,0,100,1,100,0,77,47227081,99,1019,100,0,100,1,,,,,100.0,0.0,100.0,0.0,,,74.0,26.0,,,100.0,23.0,100.0,265.0,26,26,100,0,100,0,200,0,100.0,955.0,100.0,5210921672.0,100.0,422904036.0
2018-03-24,ZJV00RMS,ST12000NM0007,12000138625024,0,84,236743824,99,0,100,1,100,0,77,49340912,99,1044,100,0,100,1,,,,,100.0,0.0,100.0,0.0,,,74.0,26.0,,,100.0,23.0,100.0,266.0,26,26,100,0,100,0,200,0,100.0,979.0,100.0,5393369048.0,100.0,458636588.0
2018-03-25,ZJV00RMS,ST12000NM0007,12000138625024,0,83,178982424,99,0,100,1,100,0,77,51104486,99,1068,100,0,100,1,,,,,100.0,0.0,100.0,0.0,,,74.0,26.0,,,100.0,24.0,100.0,267.0,26,26,100,0,100,0,200,0,100.0,1004.0,100.0,5576182480.0,100.0,462202532.0
2018-03-26,ZJV00RMS,ST12000NM0007,12000138625024,0,83,209581112,99,0,100,1,100,0,77,53762877,99,1092,100,0,100,1,,,,,100.0,0.0,100.0,0.0,,,73.0,27.0,,,100.0,24.0,100.0,268.0,27,27,100,0,100,0,200,0,100.0,1027.0,100.0,5845012320.0,100.0,468112284.0
2018-03-27,ZJV00RMS,ST12000NM0007,12000138625024,0,75,30347408,99,0,100,1,100,0,78,56862512,99,1116,100,0,100,1,,,,,100.0,0.0,100.0,0.0,,,74.0,26.0,,,100.0,24.0,100.0,269.0,26,26,100,0,100,0,200,0,100.0,1051.0,100.0,6140128768.0,100.0,482043524.0
2018-03-28,ZJV00RMS,ST12000NM0007,12000138625024,0,79,77239392,99,0,100,1,100,0,78,59699351,99,1139,100,0,100,1,,,,,100.0,0.0,100.0,0.0,,,74.0,26.0,,,100.0,24.0,100.0,270.0,26,26,100,0,100,0,200,0,100.0,1074.0,100.0,6424225232.0,100.0,488979940.0
2018-03-29,ZJV00RMS,ST12000NM0007,12000138625024,0,82,175662888,99,0,100,1,100,0,78,63123248,99,1164,100,0,100,1,,,,,100.0,0.0,100.0,0.0,,,74.0,26.0,,,100.0,24.0,100.0,272.0,26,26,100,0,100,0,200,0,100.0,1099.0,100.0,6738109808.0,100.0,517659492.0
2018-03-30,ZJV00RMS,ST12000NM0007,12000138625024,0,84,238771952,99,0,100,1,100,0,78,66202299,99,1187,100,0,100,1,,,,,100.0,0.0,100.0,0.0,,,74.0,26.0,,,100.0,24.0,100.0,273.0,26,26,100,0,100,0,200,0,100.0,1122.0,100.0,7033454512.0,100.0,529564492.0
2018-03-31,ZJV00RMS,ST12000NM0007,12000138625024,0,80,102390552,99,0,100,1,100,0,78,69857927,99,1212,100,0,100,1,,,,,100.0,0.0,100.0,0.0,,,73.0,27.0,,,100.0,24.0,100.0,274.0,27,27,100,0,100,0,200,0,100.0,1147.0,100.0,7350511336.0,100.0,564408092.0
2018-04-01,ZJV00RMS,ST12000NM0007,12000138625024,0,82,171115856,99,0,100,1,100,0,79,73135434,99,1235,100,0,100,1,,,,,100.0,0.0,100.0,0.0,,,74.0,26.0,,,100.0,24.0,100.0,275.0,26,26,100,0,100,0,200,0,100.0,1170.0,100.0,7643566480.0,100.0,584218884.0
2018-04-02,ZJV00RMS,ST12000NM0007,12000138625024,0,80,106980520,99,0,100,1,100,0,79,74880572,99,1260,100,0,100,1,,,,,100.0,0.0,100.0,0.0,,,75.0,25.0,,,100.0,25.0,100.0,276.0,25,25,100,0,100,0,200,0,100.0,1194.0,100.0,7804225496.0,100.0,603565164.0
2018-04-03,ZJV00RMS,ST12000NM0007,12000138625024,0,81,132547264,99,0,100,1,100,0,79,75205734,99,1284,100,0,100,1,,,,,100.0,0.0,100.0,0.0,,,74.0,26.0,,,100.0,26.0,100.0,277.0,26,26,100,0,100,0,200,0,100.0,1219.0,100.0,7810077864.0,100.0,623279540.0
2018-04-04,ZJV00RMS,ST12000NM0007,12000138625024,0,82,165019400,99,0,100,1,100,0,79,75557855,99,1307,100,0,100,1,,,,,100.0,0.0,100.0,0.0,,,75.0,25.0,,,100.0,27.0,100.0,278.0,25,25,100,0,100,0,200,0,100.0,1242.0,100.0,7817947664.0,100.0,647881876.0
2018-04-05,ZJV00RMS,ST12000NM0007,12000138625024,0,81,120140800,99,0,100,1,100,0,79,77490881,99,1331,100,0,100,1,,,,,100.0,0.0,100.0,0.0,,,74.0,26.0,,,100.0,27.0,100.0,279.0,26,26,100,0,100,0,200,0,100.0,1266.0,100.0,7983257072.0,100.0,681834524.0
2018-04-06,ZJV00RMS,ST12000NM0007,12000138625024,0,83,202052792,99,0,100,1,100,0,79,80509690,99,1355,100,0,100,1,,,,,100.0,0.0,100.0,0.0,,,75.0,25.0,,,100.0,27.0,100.0,280.0,25,25,100,0,100,0,200,0,100.0,1290.0,100.0,8299718576.0,100.0,691425644.0
2018-04-07,ZJV00RMS,ST12000NM0007,12000138625024,0,76.0,37350216.0,99.0,0.0,100.0,1.0,100.0,0.0,79.0,83880391.0,99.0,1380.0,100.0,0.0,100.0,1.0,,,,,100.0,0.0,100.0,0.0,,,74.0,26.0,,,100.0,27.0,100.0,281.0,26.0,26.0,100.0,0.0,100.0,0.0,200.0,0.0,100.0,1314.0,100.0,8588610232.0,100.0,726113084.0
2018-04-08,ZJV00RMS,ST12000NM0007,12000138625024,0,78,56739376,99,0,100,1,100,0,79,86711593,99,1403,100,0,100,1,,,,,100.0,0.0,100.0,0.0,,,75.0,25.0,,,100.0,27.0,100.0,282.0,25,25,100,0,100,0,200,0,100.0,1338.0,100.0,8841622232.0,100.0,736630956.0
2018-04-09,ZJV00RMS,ST12000NM0007,12000138625024,0,78,59057328,99,0,100,1,100,0,80,89423742,99,1428,100,0,100,1,,,,,100.0,0.0,100.0,0.0,,,74.0,26.0,,,100.0,27.0,100.0,283.0,26,26,100,0,100,0,200,0,100.0,1362.0,100.0,9079078136.0,100.0,745633860.0
2018-04-10,ZJV00RMS,ST12000NM0007,12000138625024,0,81,133506216,99,0,100,1,100,0,80,92684085,99,1452,100,0,100,1,,,,,100.0,0.0,100.0,0.0,,,75.0,25.0,,,100.0,27.0,100.0,284.0,25,25,100,0,100,0,200,0,100.0,1386.0,100.0,9376264272.0,100.0,767037396.0
2018-04-11,ZJV00RMS,ST12000NM0007,12000138625024,0,83,197667360,99,0,100,1,100,0,80,95730161,99,1475,100,0,100,1,,,,,100.0,0.0,100.0,0.0,,,74.0,26.0,,,100.0,27.0,100.0,285.0,26,26,100,0,100,0,200,0,100.0,1410.0,100.0,9681582616.0,100.0,770020892.0
2018-04-12,ZJV00RMS,ST12000NM0007,12000138625024,0,80,103960200,99,0,100,1,100,0,80,99396829,99,1500,100,0,100,1,,,,,100.0,0.0,100.0,0.0,,,74.0,26.0,,,100.0,27.0,100.0,287.0,26,26,100,0,100,0,200,0,100.0,1435.0,100.0,10053000432.0,100.0,793177500.0
2018-04-13,ZJV00RMS,ST12000NM0007,12000138625024,0,80,108410552,99,0,100,1,100,0,80,101710359,99,1524,100,0,100,1,,,,,100.0,0.0,100.0,0.0,,,74.0,26.0,,,100.0,27.0,100.0,288.0,26,26,100,0,100,0,200,0,100.0,1458.0,100.0,10290196032.0,100.0,804573156.0
2018-04-14,ZJV00RMS,ST12000NM0007,12000138625024,0,84,228350112,99,0,100,1,100,0,80,105200140,99,1548,100,0,100,1,,,,,100.0,0.0,100.0,0.0,,,74.0,26.0,,,100.0,27.0,100.0,289.0,26,26,100,0,100,0,200,0,100.0,1482.0,100.0,10624440568.0,100.0,834408876.0
2018-04-15,ZJV00RMS,ST12000NM0007,12000138625024,0,80,111077368,99,0,100,1,100,0,80,109092199,99,1572,100,0,100,1,,,,,100.0,0.0,100.0,0.0,,,73.0,27.0,,,100.0,27.0,100.0,290.0,27,27,100,0,100,0,200,0,100.0,1506.0,100.0,10948832616.0,100.0,881025580.0
2018-04-16,ZJV00RMS,ST12000NM0007,12000138625024,0,83,197640848,99,0,100,1,100,0,81,112365381,99,1596,100,0,100,1,,,,,100.0,0.0,100.0,0.0,,,73.0,27.0,,,100.0,27.0,100.0,291.0,27,27,100,0,100,0,200,0,100.0,1530.0,100.0,11260206096.0,100.0,900356356.0
2018-04-17,ZJV00RMS,ST12000NM0007,12000138625024,0,75,33096896,99,0,100,1,100,0,81,115639866,99,1620,100,0,100,1,,,,,100.0,0.0,100.0,0.0,,,73.0,27.0,,,100.0,28.0,100.0,292.0,27,27,100,0,100,0,200,0,100.0,1554.0,100.0,11567860536.0,100.0,916439268.0
2018-04-18,ZJV00RMS,ST12000NM0007,12000138625024,0,81,137945072,99,0,100,1,100,0,81,118923037,99,1644,100,0,100,1,,,,,100.0,0.0,100.0,0.0,,,73.0,27.0,,,100.0,28.0,100.0,293.0,27,27,100,0,100,0,200,0,100.0,1578.0,100.0,11897689768.0,100.0,935599036.0
2018-04-19,ZJV00RMS,ST12000NM0007,12000138625024,0,78,63937640,99,0,100,1,100,0,81,122919354,99,1669,100,0,100,1,,,,,100.0,0.0,100.0,0.0,,,73.0,27.0,,,100.0,28.0,100.0,294.0,27,27,100,0,100,0,200,0,100.0,1602.0,100.0,12254191224.0,100.0,993371668.0
2018-04-20,ZJV00RMS,ST12000NM0007,12000138625024,0,82,143744000,99,0,100,1,100,0,81,123880323,99,1692,100,0,100,1,,,,,100.0,0.0,100.0,0.0,,,75.0,25.0,,,100.0,29.0,100.0,295.0,25,25,100,0,100,0,200,0,100.0,1626.0,100.0,12323542856.0,100.0,1003826396.0
2018-04-21,ZJV00RMS,ST12000NM0007,12000138625024,0,83,189988728,99,0,100,1,100,0,81,126301167,99,1716,100,0,100,1,,,,,100.0,0.0,100.0,0.0,,,74.0,26.0,,,100.0,29.0,100.0,296.0,26,26,100,0,100,0,200,0,100.0,1650.0,100.0,12584125400.0,100.0,1033629388.0
2018-04-22,ZJV00RMS,ST12000NM0007,12000138625024,0,81,141126728,99,0,100,1,100,0,81,130119009,99,1740,100,0,100,1,,,,,100.0,0.0,100.0,0.0,,,75.0,25.0,,,100.0,29.0,100.0,297.0,25,25,100,0,100,0,200,0,100.0,1673.0,100.0,12984225800.0,100.0,1072948380.0
2018-04-23,ZJV00RMS,ST12000NM0007,12000138625024,0,79,72894104,99,0,100,1,100,0,81,133529974,98,1764,100,0,100,1,,,,,100.0,0.0,100.0,0.0,,,75.0,25.0,,,100.0,29.0,100.0,298.0,25,25,100,0,100,0,200,0,100.0,1698.0,100.0,13390002568.0,100.0,1087220404.0
2018-04-24,ZJV00RMS,ST12000NM0007,12000138625024,0,81,140008096,99,0,100,1,100,0,81,136382508,98,1788,100,0,100,1,,,,,100.0,0.0,100.0,0.0,,,75.0,25.0,,,100.0,29.0,100.0,299.0,25,25,100,0,100,0,200,0,100.0,1721.0,100.0,13686740120.0,100.0,1101737684.0
2018-04-25,ZJV00RMS,ST12000NM0007,12000138625024,0,83,192024232,99,0,100,1,100,0,81,139508378,98,1812,100,0,100,1,,,,,100.0,0.0,100.0,0.0,,,74.0,26.0,,,100.0,30.0,100.0,300.0,26,26,100,0,100,0,200,0,100.0,1745.0,100.0,13957908312.0,100.0,1126726412.0
2018-04-26,ZJV00RMS,ST12000NM0007,12000138625024,0,83,210625792,99,0,100,1,100,0,82,143840851,98,1836,100,0,100,1,,,,,100.0,0.0,100.0,0.0,,,74.0,26.0,,,100.0,30.0,100.0,301.0,26,26,100,0,100,0,200,0,100.0,1769.0,100.0,14411478456.0,100.0,1180039460.0
2018-04-27,ZJV00RMS,ST12000NM0007,12000138625024,0,82,156398312,99,0,100,1,100,0,82,145589537,98,1858,100,0,100,1,,,,,100.0,0.0,100.0,0.0,,,75.0,25.0,,,100.0,31.0,100.0,302.0,25,25,100,0,100,0,200,0,100.0,1791.0,100.0,14582114032.0,100.0,1199317340.0
2018-04-28,ZJV00RMS,ST12000NM0007,12000138625024,0,64,2516024,99,0,100,1,100,0,82,147102532,98,1883,100,0,100,1,,,,,100.0,0.0,100.0,0.0,,,75.0,25.0,,,100.0,32.0,100.0,303.0,25,25,100,0,100,0,200,0,100.0,1815.0,100.0,14621961200.0,100.0,1249729516.0
2018-04-29,ZJV00RMS,ST12000NM0007,12000138625024,0,72,16721168,99,0,100,1,100,0,82,147274423,98,1907,100,0,100,1,,,,,100.0,0.0,100.0,0.0,,,75.0,25.0,,,100.0,33.0,100.0,304.0,25,25,100,0,100,0,200,0,100.0,1839.0,100.0,14624126944.0,100.0,1261768916.0
2018-04-30,ZJV00RMS,ST12000NM0007,12000138625024,0,78,59559360,99,0,100,1,100,0,82,147928749,98,1930,100,0,100,1,,,,,100.0,0.0,100.0,0.0,,,75.0,25.0,,,100.0,33.0,100.0,305.0,25,25,100,0,100,0,200,0,100.0,1863.0,100.0,14637210376.0,100.0,1291523676.0
2018-05-01,ZJV00RMS,ST12000NM0007,12000138625024,0,80,102340840,99,0,100,1,100,0,82,148598908,98,1955,100,0,100,1,,,,,100.0,0.0,100.0,0.0,,,75.0,25.0,,,100.0,33.0,100.0,306.0,25,25,100,0,100,0,200,0,100.0,1887.0,100.0,14649343160.0,100.0,1322172372.0
2018-05-02,ZJV00RMS,ST12000NM0007,12000138625024,0,81.0,134521160.0,99.0,0.0,100.0,1.0,100.0,0.0,82.0,149027803.0,98.0,1978.0,100.0,0.0,100.0,1.0,,,,,100.0,0.0,100.0,0.0,,,76.0,24.0,,,100.0,34.0,100.0,307.0,24.0,24.0,100.0,0.0,100.0,0.0,200.0,0.0,100.0,1911.0,100.0,14655466488.0,100.0,1348229364.0
2018-05-03,ZJV00RMS,ST12000NM0007,12000138625024,0,81,127977472,99,0,100,1,100,0,82,151640627,98,2004,100,0,100,1,,,,,100.0,0.0,100.0,0.0,,,75.0,25.0,,,100.0,34.0,100.0,310.0,25,25,100,0,100,0,200,0,100.0,1936.0,100.0,14827997568.0,100.0,1413295436.0
2018-05-04,ZJV00RMS,ST12000NM0007,12000138625024,0,69,7399248,99,0,100,1,100,0,82,155280400,98,2028,100,0,100,1,,,,,100.0,0.0,100.0,0.0,,,75.0,25.0,,,100.0,34.0,100.0,311.0,25,25,100,0,100,0,200,0,100.0,1960.0,100.0,15176350160.0,100.0,1432646468.0
2018-05-05,ZJV00RMS,ST12000NM0007,12000138625024,0,83,198331280,99,0,100,1,100,0,82,159878967,98,2052,100,0,100,1,,,,,100.0,0.0,100.0,0.0,,,73.0,27.0,,,100.0,34.0,100.0,312.0,27,27,100,0,100,0,200,0,100.0,1984.0,100.0,15553486440.0,100.0,1490583020.0
2018-05-06,ZJV00RMS,ST12000NM0007,12000138625024,0,79,85540720,99,0,100,1,100,0,82,163643031,98,2076,100,0,100,1,,,,,100.0,0.0,100.0,0.0,,,74.0,26.0,,,100.0,34.0,100.0,313.0,26,26,100,0,100,0,200,0,100.0,2008.0,100.0,15902304520.0,100.0,1517255708.0
2018-05-07,ZJV00RMS,ST12000NM0007,12000138625024,0,84,235228944,99,0,100,1,100,0,82,167713696,98,2101,100,0,100,1,,,,,100.0,0.0,100.0,0.0,,,74.0,26.0,,,100.0,34.0,100.0,314.0,26,26,100,0,100,0,200,0,100.0,2032.0,100.0,16266012400.0,100.0,1547376684.0
2018-05-08,ZJV00RMS,ST12000NM0007,12000138625024,0,80,96391576,99,0,100,1,100,0,82,171199364,98,2124,100,0,100,1,,,,,100.0,0.0,100.0,0.0,,,74.0,26.0,,,100.0,34.0,100.0,315.0,26,26,100,0,100,0,200,0,100.0,2056.0,100.0,16601525304.0,100.0,1561307780.0
2018-05-09,ZJV00RMS,ST12000NM0007,12000138625024,0,83,204409016,99,0,100,1,100,0,82,174490896,98,2148,100,0,100,1,,,,,100.0,0.0,100.0,0.0,,,73.0,27.0,,,100.0,34.0,100.0,316.0,27,27,100,0,100,0,200,0,100.0,2079.0,100.0,16940105224.0,100.0,1574886028.0
2018-05-10,ZJV00RMS,ST12000NM0007,12000138625024,0,83,180260728,99,0,100,1,100,0,82,176954285,98,2164,100,0,100,1,,,,,100.0,0.0,100.0,0.0,,,74.0,26.0,,,100.0,34.0,100.0,316.0,26,26,100,0,100,0,200,0,100.0,2096.0,100.0,17114292080.0,100.0,1620691748.0
2018-05-11,ZJV00RMS,ST12000NM0007,12000138625024,0,77,52672896,99,0,100,1,100,0,83,180155434,98,2189,100,0,100,1,,,,,100.0,0.0,100.0,0.0,,,74.0,26.0,,,100.0,34.0,100.0,317.0,26,26,100,0,100,0,200,0,100.0,2120.0,100.0,17453155832.0,100.0,1642521524.0
2018-05-12,ZJV00RMS,ST12000NM0007,12000138625024,0,82,167351072,99,0,100,1,100,0,83,183408790,98,2213,100,0,100,1,,,,,100.0,0.0,100.0,0.0,,,74.0,26.0,,,100.0,34.0,100.0,318.0,26,26,100,0,100,0,200,0,100.0,2144.0,100.0,17793554512.0,100.0,1660941716.0
2018-05-13,ZJV00RMS,ST12000NM0007,12000138625024,0,82,148762904,99,0,100,1,100,0,83,188535898,98,2237,100,0,100,1,,,,,100.0,0.0,100.0,0.0,,,74.0,26.0,,,100.0,34.0,100.0,320.0,26,26,100,0,100,0,200,0,100.0,2168.0,100.0,18149797280.0,100.0,1774392452.0
2018-05-14,ZJV00RMS,ST12000NM0007,12000138625024,0,100,2318392,99,0,100,1,100,0,83,192234647,98,2267,100,0,100,1,,,,,100.0,0.0,100.0,0.0,,,74.0,26.0,,,100.0,34.0,100.0,321.0,26,26,100,0,100,0,200,0,100.0,2198.0,100.0,18480563336.0,100.0,1785463356.0
2018-05-15,ZJV00RMS,ST12000NM0007,12000138625024,0,83.0,192400208.0,99.0,0.0,100.0,1.0,100.0,0.0,83.0,194648576.0,98.0,2290.0,100.0,0.0,100.0,1.0,,,,,100.0,0.0,100.0,0.0,,,74.0,26.0,,,100.0,34.0,100.0,322.0,26.0,26.0,100.0,0.0,100.0,0.0,200.0,0.0,100.0,2221.0,100.0,18663677232.0,100.0,1792431276.0
2018-05-16,ZJV00RMS,ST12000NM0007,12000138625024,0,75,28526560,99,0,100,1,100,0,83,195963928,98,2315,100,0,100,1,,,,,100.0,0.0,100.0,0.0,,,74.0,26.0,,,100.0,35.0,100.0,323.0,26,26,100,0,100,0,200,0,100.0,2246.0,100.0,18726012440.0,100.0,1810363300.0
2018-05-17,ZJV00RMS,ST12000NM0007,12000138625024,0,83,184316280,99,0,100,1,100,0,83,199706413,98,2339,100,0,100,1,,,,,100.0,0.0,100.0,0.0,,,73.0,27.0,,,100.0,35.0,100.0,324.0,27,27,100,0,100,0,200,0,100.0,2270.0,100.0,19077831144.0,100.0,1858475252.0
2018-05-18,ZJV00RMS,ST12000NM0007,12000138625024,0,78,66913480,99,0,100,1,100,0,83,202882054,98,2364,100,0,100,1,,,,,100.0,0.0,100.0,0.0,,,74.0,26.0,,,100.0,36.0,100.0,325.0,26,26,100,0,100,0,200,0,100.0,2294.0,100.0,19434639184.0,100.0,1872546268.0
2018-05-19,ZJV00RMS,ST12000NM0007,12000138625024,0,81,124947376,99,0,100,1,100,0,83,203820407,98,2387,100,0,100,1,,,,,100.0,0.0,100.0,0.0,,,74.0,26.0,,,100.0,37.0,100.0,326.0,26,26,100,0,100,0,200,0,100.0,2317.0,100.0,19452073816.0,100.0,1913145532.0
2018-05-20,ZJV00RMS,ST12000NM0007,12000138625024,0,77,46527456,99,0,100,1,100,0,83,205850894,98,2411,100,0,100,1,,,,,100.0,0.0,100.0,0.0,,,75.0,25.0,,,100.0,37.0,100.0,327.0,25,25,100,0,100,0,200,0,100.0,2341.0,100.0,19494546376.0,100.0,2036393700.0
2018-05-21,ZJV00RMS,ST12000NM0007,12000138625024,0,79,72323768,99,0,100,1,100,0,83,206300993,98,2435,100,0,100,1,,,,,100.0,0.0,100.0,0.0,,,74.0,26.0,,,100.0,38.0,100.0,328.0,26,26,100,0,100,0,200,0,100.0,2365.0,100.0,19500880088.0,100.0,2055856300.0
2018-05-22,ZJV00RMS,ST12000NM0007,12000138625024,0,83,219832808,99,0,100,1,100,0,83,207799651,98,2460,100,0,100,1,,,,,100.0,0.0,100.0,0.0,,,74.0,26.0,,,100.0,38.0,100.0,329.0,26,26,100,0,100,0,200,0,100.0,2390.0,100.0,19612329152.0,100.0,2091916276.0
2018-05-23,ZJV00RMS,ST12000NM0007,12000138625024,0,79,71664560,99,0,100,1,100,0,83,211011025,98,2484,100,0,100,1,,,,,100.0,0.0,100.0,0.0,,,74.0,26.0,,,100.0,38.0,100.0,330.0,26,26,100,0,100,0,200,0,100.0,2413.0,100.0,19925810792.0,100.0,2118547884.0
2018-05-24,ZJV00RMS,ST12000NM0007,12000138625024,0,84,226449712,99,0,100,1,100,0,83,214835430,98,2508,100,0,100,1,,,,,100.0,0.0,100.0,0.0,,,74.0,26.0,,,100.0,38.0,100.0,331.0,26,26,100,0,100,0,200,0,100.0,2437.0,100.0,20240556408.0,100.0,2202728268.0
2018-05-25,ZJV00RMS,ST12000NM0007,12000138625024,0,84,230256208,99,0,100,1,100,0,83,219467811,98,2532,100,0,100,1,,,,,100.0,0.0,100.0,0.0,,,73.0,27.0,,,100.0,38.0,100.0,332.0,27,27,100,0,100,0,200,0,100.0,2461.0,100.0,20597076672.0,100.0,2338296124.0
2018-05-26,ZJV00RMS,ST12000NM0007,12000138625024,0,84,243837080,99,0,100,1,100,0,83,222035343,98,2549,100,0,100,1,,,,,100.0,0.0,100.0,0.0,,,74.0,26.0,,,100.0,38.0,100.0,333.0,26,26,100,0,100,0,200,0,100.0,2478.0,100.0,20825866320.0,100.0,2367228356.0
2018-05-27,ZJV00RMS,ST12000NM0007,12000138625024,0,83,206961048,99,0,100,1,100,0,84,226603337,98,2576,100,0,100,1,,,,,100.0,0.0,100.0,0.0,,,74.0,26.0,,,100.0,38.0,100.0,335.0,26,26,100,0,100,0,200,0,100.0,2505.0,100.0,21200551824.0,100.0,2443948084.0
2018-05-28,ZJV00RMS,ST12000NM0007,12000138625024,0,75,32563624,99,0,100,1,100,0,84,229528298,98,2599,100,0,100,1,,,,,100.0,0.0,100.0,0.0,,,74.0,26.0,,,100.0,39.0,100.0,336.0,26,26,100,0,100,0,200,0,100.0,2527.0,100.0,21488724680.0,100.0,2469659340.0
2018-05-29,ZJV00RMS,ST12000NM0007,12000138625024,0,81,132328280,99,0,100,1,100,0,84,232606156,98,2623,100,0,100,1,,,,,100.0,0.0,100.0,0.0,,,74.0,26.0,,,100.0,39.0,100.0,337.0,26,26,100,0,100,0,200,0,100.0,2552.0,100.0,21806708432.0,100.0,2495581132.0
2018-05-30,ZJV00RMS,ST12000NM0007,12000138625024,0,72,15686912,99,0,100,1,100,0,84,233704757,97,2648,100,0,100,1,,,,,100.0,0.0,100.0,0.0,,,74.0,26.0,,,100.0,39.0,100.0,338.0,26,26,100,0,100,0,200,0,100.0,2577.0,100.0,21915281776.0,100.0,2514507236.0
2018-05-31,ZJV00RMS,ST12000NM0007,12000138625024,0,81,116539968,99,0,100,1,100,0,84,236945125,97,2670,100,0,100,1,,,,,100.0,0.0,100.0,0.0,,,73.0,27.0,,,100.0,39.0,100.0,339.0,27,27,100,0,100,0,200,0,100.0,2598.0,100.0,22217641424.0,100.0,2557141516.0
2018-06-01,ZJV00RMS,ST12000NM0007,12000138625024,0,84,237968352,99,0,100,1,100,0,84,240520008,97,2695,100,0,100,1,,,,,100.0,0.0,100.0,0.0,,,74.0,26.0,,,100.0,39.0,100.0,340.0,26,26,100,0,100,0,200,0,100.0,2624.0,100.0,22571005520.0,100.0,2569346452.0
2018-06-02,ZJV00RMS,ST12000NM0007,12000138625024,0,80,89196872,98,0,100,2,100,0,84,243793530,97,2718,100,0,100,1,,,,,100.0,0.0,100.0,0.0,,,74.0,26.0,,,100.0,39.0,100.0,343.0,26,26,100,0,100,0,200,0,100.0,2646.0,100.0,22871559128.0,100.0,2608302782.0
2018-06-03,ZJV00RMS,ST12000NM0007,12000138625024,0,79,83475984,98,0,100,2,100,0,84,248873703,97,2742,100,0,100,1,,,,,100.0,0.0,100.0,0.0,,,74.0,26.0,,,100.0,39.0,100.0,344.0,26,26,100,0,100,0,200,0,100.0,2670.0,100.0,23242644864.0,100.0,2719777550.0
2018-06-04,ZJV00RMS,ST12000NM0007,12000138625024,0,83,203153464,98,0,100,2,100,0,84,252474809,97,2766,100,0,100,1,,,,,100.0,0.0,100.0,0.0,,,74.0,26.0,,,100.0,39.0,100.0,345.0,26,26,100,0,100,0,200,0,100.0,2694.0,100.0,23566828144.0,100.0,2759412406.0
2018-06-05,ZJV00RMS,ST12000NM0007,12000138625024,0,77,46088992,98,0,100,2,100,0,84,255901311,97,2790,100,0,100,1,,,,,100.0,0.0,100.0,0.0,,,74.0,26.0,,,100.0,39.0,100.0,346.0,26,26,100,0,100,0,200,0,100.0,2718.0,100.0,23876944488.0,100.0,2780513030.0
2018-06-06,ZJV00RMS,ST12000NM0007,12000138625024,0,79,88382944,98,0,100,2,100,0,84,258652684,97,2815,100,0,100,1,,,,,100.0,0.0,100.0,0.0,,,74.0,26.0,,,100.0,39.0,100.0,347.0,26,26,100,0,100,0,200,0,100.0,2743.0,100.0,24141317720.0,100.0,2802574414.0
2018-06-07,ZJV00RMS,ST12000NM0007,12000138625024,0,72,15586112,98,0,100,2,100,0,84,262400860,97,2838,100,0,100,1,,,,,100.0,0.0,100.0,0.0,,,74.0,26.0,,,100.0,39.0,100.0,348.0,26,26,100,0,100,0,200,0,100.0,2765.0,100.0,24498418616.0,100.0,2860958254.0
2018-06-08,ZJV00RMS,ST12000NM0007,12000138625024,0,78,66080416,98,0,100,2,100,0,84,267134833,97,2862,100,0,100,1,,,,,100.0,0.0,100.0,0.0,,,74.0,26.0,,,100.0,39.0,100.0,349.0,26,26,100,0,100,0,200,0,100.0,2789.0,100.0,24881831880.0,100.0,3016320646.0
2018-06-09,ZJV00RMS,ST12000NM0007,12000138625024,0,82,142548528,98,0,100,2,100,0,84,272111064,97,2892,100,0,100,1,,,,,100.0,0.0,100.0,0.0,,,74.0,26.0,,,100.0,39.0,100.0,350.0,26,26,100,0,100,0,200,0,100.0,2819.0,100.0,25366407720.0,100.0,3096494278.0
2018-06-10,ZJV00RMS,ST12000NM0007,12000138625024,0,80,101494768,98,0,100,2,100,0,84,276269965,97,2914,100,0,100,1,,,,,100.0,0.0,100.0,0.0,,,73.0,27.0,,,100.0,39.0,100.0,351.0,27,27,100,0,100,0,200,0,100.0,2841.0,100.0,25697718720.0,100.0,3212410966.0
2018-06-11,ZJV00RMS,ST12000NM0007,12000138625024,0,81,113789000,98,0,100,2,100,0,84,280903979,97,2938,100,0,100,1,,,,,100.0,0.0,100.0,0.0,,,72.0,28.0,,,100.0,39.0,100.0,352.0,28,28,100,0,100,0,200,0,100.0,2865.0,100.0,26068104232.0,100.0,3342600966.0
2018-06-12,ZJV00RMS,ST12000NM0007,12000138625024,0,83,206034632,98,0,100,2,100,0,85,285098850,97,2962,100,0,100,1,,,,,100.0,0.0,100.0,0.0,,,74.0,26.0,,,100.0,39.0,100.0,353.0,26,26,100,0,100,0,200,0,100.0,2889.0,100.0,26308311944.0,100.0,3438779790.0
2018-06-13,ZJV00RMS,ST12000NM0007,12000138625024,0,76,39785088,98,0,100,2,100,0,85,288628202,97,2987,100,0,100,1,,,,,100.0,0.0,100.0,0.0,,,73.0,27.0,,,100.0,40.0,100.0,354.0,27,27,100,0,100,0,200,0,100.0,2914.0,100.0,26369271896.0,100.0,3699851606.0
2018-06-14,ZJV00RMS,ST12000NM0007,12000138625024,0,78,57742240,98,0,100,2,100,0,85,292736796,97,3010,100,0,100,1,,,,,100.0,0.0,100.0,0.0,,,72.0,28.0,,,100.0,41.0,100.0,355.0,28,28,100,0,100,0,200,0,100.0,2937.0,100.0,26414771968.0,100.0,3916449430.0
2018-06-15,ZJV00RMS,ST12000NM0007,12000138625024,0,81.0,114342032.0,98.0,0.0,100.0,2.0,100.0,0.0,85.0,293682958.0,97.0,3029.0,100.0,0.0,100.0,1.0,,,,,100.0,0.0,100.0,0.0,,,73.0,27.0,,,100.0,42.0,100.0,357.0,27.0,27.0,100.0,0.0,100.0,0.0,200.0,0.0,100.0,2956.0,100.0,26416815680.0,100.0,3971005510.0
2018-06-16,ZJV00RMS,ST12000NM0007,12000138625024,0,84.0,228339880.0,98.0,0.0,100.0,2.0,100.0,0.0,85.0,297451296.0,97.0,3053.0,100.0,0.0,100.0,1.0,,,,,100.0,0.0,100.0,0.0,,,72.0,28.0,,,100.0,43.0,100.0,358.0,28.0,28.0,100.0,0.0,100.0,0.0,200.0,0.0,100.0,2980.0,100.0,26749829576.0,100.0,3996130302.0
2018-06-17,ZJV00RMS,ST12000NM0007,12000138625024,0,83.0,195681992.0,98.0,0.0,100.0,2.0,100.0,0.0,85.0,301845948.0,97.0,3078.0,100.0,0.0,100.0,1.0,,,,,100.0,0.0,100.0,0.0,,,74.0,26.0,,,100.0,43.0,100.0,359.0,26.0,26.0,100.0,0.0,100.0,0.0,200.0,0.0,100.0,3004.0,100.0,27099806680.0,100.0,4101776862.0
2018-06-18,ZJV00RMS,ST12000NM0007,12000138625024,0,81.0,129131592.0,98.0,0.0,100.0,2.0,100.0,0.0,85.0,306312599.0,97.0,3102.0,100.0,0.0,100.0,1.0,,,,,100.0,0.0,100.0,0.0,,,74.0,26.0,,,100.0,43.0,100.0,360.0,26.0,26.0,100.0,0.0,100.0,0.0,200.0,0.0,100.0,3029.0,100.0,27433639928.0,100.0,4189674734.0
2018-06-19,ZJV00RMS,ST12000NM0007,12000138625024,0,83,199173784,98,0,100,2,100,0,85,309700559,97,3126,100,0,100,1,,,,,100.0,0.0,100.0,0.0,,,74.0,26.0,,,100.0,43.0,100.0,361.0,26,26,100,0,100,0,200,0,100.0,3052.0,100.0,27739671384.0,100.0,4197826254.0
2018-06-20,ZJV00RMS,ST12000NM0007,12000138625024,0,73,22226600,98,0,100,2,100,0,85,312980414,97,3150,100,0,100,1,,,,,100.0,0.0,100.0,0.0,,,74.0,26.0,,,100.0,43.0,100.0,362.0,26,26,100,0,100,0,200,0,100.0,3076.0,100.0,28040141240.0,100.0,4208690694.0
2018-06-21,ZJV00RMS,ST12000NM0007,12000138625024,0,77,52083768,98,0,100,2,100,0,85,317715969,97,3174,100,0,100,1,,,,,100.0,0.0,100.0,0.0,,,74.0,26.0,,,100.0,43.0,100.0,363.0,26,26,100,0,100,0,200,0,100.0,3100.0,100.0,28325282216.0,100.0,4441688254.0
2018-06-22,ZJV00RMS,ST12000NM0007,12000138625024,0,78,69668984,98,0,100,2,100,0,85,322563805,97,3199,100,0,100,1,,,,,100.0,0.0,100.0,0.0,,,73.0,27.0,,,100.0,43.0,100.0,364.0,27,27,100,0,100,0,200,0,100.0,3124.0,100.0,28693827424.0,100.0,4579009686.0
2018-06-23,ZJV00RMS,ST12000NM0007,12000138625024,0,81,130889224,98,0,100,2,100,0,85,326873341,97,3223,100,0,100,1,,,,,100.0,0.0,100.0,0.0,,,74.0,26.0,,,100.0,43.0,100.0,365.0,26,26,100,0,100,0,200,0,100.0,3149.0,100.0,28910571584.0,100.0,4667626438.0
2018-06-24,ZJV00RMS,ST12000NM0007,12000138625024,0,82,145118544,98,0,100,2,100,0,85,331711148,97,3246,100,0,100,1,,,,,100.0,0.0,100.0,0.0,,,74.0,26.0,,,100.0,43.0,100.0,366.0,26,26,100,0,100,0,200,0,100.0,3172.0,100.0,29296841904.0,100.0,4783866894.0
2018-06-25,ZJV00RMS,ST12000NM0007,12000138625024,0,81,133841992,98,0,100,2,100,0,85,336751514,97,3269,100,0,100,1,,,,,100.0,0.0,100.0,0.0,,,74.0,26.0,,,100.0,43.0,100.0,367.0,26,26,100,0,100,0,200,0,100.0,3195.0,100.0,29656735088.0,100.0,4900978678.0
2018-06-26,ZJV00RMS,ST12000NM0007,12000138625024,0,79,73847928,98,0,100,2,100,0,85,341372858,97,3294,100,0,100,1,,,,,100.0,0.0,100.0,0.0,,,74.0,26.0,,,100.0,43.0,100.0,368.0,26,26,100,0,100,0,200,0,100.0,3220.0,100.0,30024227080.0,100.0,4961774166.0
2018-06-27,ZJV00RMS,ST12000NM0007,12000138625024,0,81,132928528,98,0,100,2,100,0,85,346057386,97,3318,100,0,100,1,,,,,100.0,0.0,100.0,0.0,,,73.0,27.0,,,100.0,44.0,100.0,369.0,27,27,100,0,100,0,200,0,100.0,3243.0,100.0,30260944624.0,100.0,5272418870.0
2018-06-28,ZJV00RMS,ST12000NM0007,12000138625024,0,78,62049408,98,0,100,2,100,0,85,352750372,97,3341,100,0,100,1,,,,,100.0,0.0,100.0,0.0,,,74.0,26.0,,,100.0,44.0,100.0,370.0,26,26,100,0,100,0,200,0,100.0,3267.0,100.0,30522945016.0,100.0,5916102662.0
2018-06-29,ZJV00RMS,ST12000NM0007,12000138625024,0,84,242651504,98,0,100,2,100,0,86,359895618,97,3367,100,0,100,1,,,,,100.0,0.0,100.0,0.0,,,73.0,27.0,,,100.0,44.0,100.0,371.0,27,27,100,0,100,0,200,0,100.0,3292.0,100.0,31021597960.0,100.0,6086333254.0
2018-06-30,ZJV00RMS,ST12000NM0007,12000138625024,0,83,218024440,98,0,100,2,100,0,86,363724815,97,3393,100,0,100,1,,,,,100.0,0.0,100.0,0.0,,,73.0,27.0,,,100.0,45.0,100.0,373.0,27,27,100,0,100,0,200,0,100.0,3318.0,100.0,31180357288.0,100.0,6147087862.0
2018-07-01,ZJV00RMS,ST12000NM0007,12000138625024,0,80,97334560,98,0,100,2,100,0,86,366510760,97,3418,100,0,100,1,,,,,100.0,0.0,100.0,0.0,,,75.0,25.0,,,100.0,46.0,100.0,374.0,25,25,100,0,100,0,200,0,100.0,3342.0,100.0,31235101128.0,100.0,6215794774.0
2018-07-02,ZJV00RMS,ST12000NM0007,12000138625024,0,81,135445984,98,0,100,2,100,0,86,367603137,97,3441,100,0,100,1,,,,,100.0,0.0,100.0,0.0,,,75.0,25.0,,,100.0,46.0,100.0,375.0,25,25,100,0,100,0,200,0,100.0,3366.0,100.0,31246582464.0,100.0,6242424862.0
2018-07-03,ZJV00RMS,ST12000NM0007,12000138625024,0,73,18010800,98,0,100,2,100,0,86,369483248,97,3465,100,0,100,1,,,,,100.0,0.0,100.0,0.0,,,74.0,26.0,,,100.0,46.0,100.0,376.0,26,26,100,0,100,0,200,0,100.0,3389.0,100.0,31347325184.0,100.0,6268387750.0
2018-07-04,ZJV00RMS,ST12000NM0007,12000138625024,0,82,142231472,98,0,100,2,100,0,86,373109924,97,3489,100,0,100,1,,,,,100.0,0.0,100.0,0.0,,,74.0,26.0,,,100.0,47.0,100.0,377.0,26,26,100,0,100,0,200,0,100.0,3413.0,100.0,31650275800.0,100.0,6333798470.0
2018-07-05,ZJV00RMS,ST12000NM0007,12000138625024,0,78,69231696,98,0,100,2,100,0,86,377140190,96,3514,100,0,100,1,,,,,100.0,0.0,100.0,0.0,,,74.0,26.0,,,100.0,47.0,100.0,378.0,26,26,100,0,100,0,200,0,100.0,3438.0,100.0,31996260304.0,100.0,6403095782.0
2018-07-06,ZJV00RMS,ST12000NM0007,12000138625024,0,70,9840184,98,0,100,2,100,0,86,381652239,96,3536,100,0,100,1,,,,,100.0,0.0,100.0,0.0,,,74.0,26.0,,,100.0,47.0,100.0,379.0,26,26,100,0,100,0,200,0,100.0,3460.0,100.0,32309088800.0,100.0,6519157214.0
2018-07-07,ZJV00RMS,ST12000NM0007,12000138625024,0,83,181644320,98,0,100,2,100,0,86,386858245,96,3560,100,0,100,1,,,,,100.0,0.0,100.0,0.0,,,74.0,26.0,,,100.0,47.0,100.0,380.0,26,26,100,0,100,0,200,0,100.0,3484.0,100.0,32610428296.0,100.0,6633762574.0
2018-07-08,ZJV00RMS,ST12000NM0007,12000138625024,0,81,129527048,98,0,100,2,100,0,86,391296760,96,3587,100,0,100,1,,,,,100.0,0.0,100.0,0.0,,,75.0,25.0,,,100.0,48.0,100.0,381.0,25,25,100,0,100,0,200,0,100.0,3511.0,100.0,32714970568.0,100.0,6721243670.0
2018-07-09,ZJV00RMS,ST12000NM0007,12000138625024,0,81,140438264,98,0,100,2,100,0,86,391563991,96,3611,100,0,100,1,,,,,100.0,0.0,100.0,0.0,,,75.0,25.0,,,100.0,49.0,100.0,382.0,25,25,100,0,100,0,200,0,100.0,3535.0,100.0,32717066600.0,100.0,6730058854.0
2018-07-10,ZJV00RMS,ST12000NM0007,12000138625024,0,80.0,106419360.0,98.0,0.0,100.0,2.0,100.0,0.0,86.0,394221732.0,96.0,3636.0,100.0,0.0,100.0,1.0,,,,,100.0,0.0,100.0,0.0,,,74.0,26.0,,,100.0,49.0,100.0,383.0,26.0,26.0,100.0,0.0,100.0,0.0,200.0,0.0,100.0,3560.0,100.0,32916811264.0,100.0,6740435934.0
2018-07-11,ZJV00RMS,ST12000NM0007,12000138625024,0,84,230387936,98,0,100,2,100,0,86,398944535,96,3661,100,0,100,1,,,,,100.0,0.0,100.0,0.0,,,74.0,26.0,,,100.0,49.0,100.0,384.0,26,26,100,0,100,0,200,0,100.0,3584.0,100.0,33251144144.0,100.0,6774212334.0
2018-07-12,ZJV00RMS,ST12000NM0007,12000138625024,0,78,61365344,98,0,100,2,100,0,86,403769172,96,3685,100,0,100,1,,,,,100.0,0.0,100.0,0.0,,,74.0,26.0,,,100.0,50.0,100.0,385.0,26,26,100,0,100,0,200,0,100.0,3608.0,100.0,33448552528.0,100.0,6896063286.0
2018-07-13,ZJV00RMS,ST12000NM0007,12000138625024,0,79,85992016,98,0,100,2,100,0,86,404930301,96,3704,100,0,100,1,,,,,100.0,0.0,100.0,0.0,,,75.0,25.0,,,100.0,50.0,100.0,386.0,25,25,100,0,100,0,200,0,100.0,3627.0,100.0,33453477568.0,100.0,6915764918.0
2018-07-14,ZJV00RMS,ST12000NM0007,12000138625024,0,84,234484392,98,0,100,2,100,0,86,406884372,96,3727,100,0,100,1,,,,,100.0,0.0,100.0,0.0,,,74.0,26.0,,,100.0,51.0,100.0,387.0,26,26,100,0,100,0,200,0,100.0,3650.0,100.0,33586175040.0,100.0,6931559822.0
2018-07-15,ZJV00RMS,ST12000NM0007,12000138625024,0,82,165665376,98,0,100,2,100,0,86,412519615,96,3752,100,0,100,1,,,,,100.0,0.0,100.0,0.0,,,74.0,26.0,,,100.0,51.0,100.0,388.0,26,26,100,0,100,0,200,0,100.0,3675.0,100.0,33896381640.0,100.0,7040815582.0
2018-07-16,ZJV00RMS,ST12000NM0007,12000138625024,0,78,57645408,98,0,100,2,100,0,86,418372827,96,3776,100,0,100,1,,,,,100.0,0.0,100.0,0.0,,,74.0,26.0,,,100.0,52.0,100.0,389.0,26,26,100,0,100,0,200,0,100.0,3699.0,100.0,34144760328.0,100.0,7172698246.0
2018-07-17,ZJV00RMS,ST12000NM0007,12000138625024,0,100,19600,98,0,100,2,100,0,86,422460040,96,3798,100,0,100,1,,,,,100.0,0.0,100.0,0.0,,,74.0,26.0,,,100.0,53.0,100.0,390.0,26,26,100,0,100,0,200,0,100.0,3721.0,100.0,34176401088.0,100.0,7327572358.0
2018-07-18,ZJV00RMS,ST12000NM0007,12000138625024,0,84,241580464,98,0,100,2,100,0,86,427976538,96,3823,100,0,100,1,,,,,100.0,0.0,100.0,0.0,,,74.0,26.0,,,100.0,53.0,100.0,391.0,26,26,100,0,100,0,200,0,100.0,3746.0,100.0,34212973144.0,100.0,7532561166.0
2018-07-19,ZJV00RMS,ST12000NM0007,12000138625024,0,83,213840792,98,0,100,2,100,0,86,432197367,96,3848,100,0,100,1,,,,,100.0,0.0,100.0,0.0,,,74.0,26.0,,,100.0,54.0,100.0,392.0,26,26,100,0,100,0,200,0,100.0,3770.0,100.0,34293565752.0,100.0,7668369574.0
2018-07-20,ZJV00RMS,ST12000NM0007,12000138625024,0,100,1294744,98,0,100,2,100,0,86,433237272,96,3871,100,0,100,1,,,,,100.0,0.0,100.0,0.0,,,76.0,24.0,,,100.0,55.0,100.0,393.0,24,24,100,0,100,0,200,0,100.0,3793.0,100.0,34302167552.0,100.0,7691362470.0
2018-07-21,ZJV00RMS,ST12000NM0007,12000138625024,0,76,38776696,98,0,100,2,100,0,86,433769284,96,3894,100,0,100,1,,,,,100.0,0.0,100.0,0.0,,,75.0,25.0,,,100.0,56.0,100.0,394.0,25,25,100,0,100,0,200,0,100.0,3816.0,100.0,34307754280.0,100.0,7723257694.0
2018-07-22,ZJV00RMS,ST12000NM0007,12000138625024,0,80,98771656,98,0,100,2,100,0,86,439422888,96,3919,100,0,100,1,,,,,100.0,0.0,100.0,0.0,,,75.0,25.0,,,100.0,57.0,100.0,395.0,25,25,100,0,100,0,200,0,100.0,3841.0,100.0,34401174280.0,100.0,7933973294.0
2018-07-23,ZJV00RMS,ST12000NM0007,12000138625024,0,84,226045952,98,0,100,2,100,0,86,440532763,96,3944,100,0,100,1,,,,,100.0,0.0,100.0,0.0,,,75.0,25.0,,,100.0,57.0,100.0,396.0,25,25,100,0,100,0,200,0,100.0,3866.0,100.0,34412710672.0,100.0,8049711198.0
2018-07-24,ZJV00RMS,ST12000NM0007,12000138625024,0,82,147314280,98,0,100,2,100,0,86,442226791,96,3968,100,0,100,1,,,,,100.0,0.0,100.0,0.0,,,75.0,25.0,,,100.0,58.0,100.0,397.0,25,25,100,0,100,0,200,0,100.0,3890.0,100.0,34430224944.0,100.0,8197605950.0
2018-07-25,ZJV00RMS,ST12000NM0007,12000138625024,0,77.0,53152976.0,98.0,0.0,100.0,2.0,100.0,0.0,86.0,443404584.0,96.0,3991.0,100.0,0.0,100.0,1.0,,,,,100.0,0.0,100.0,0.0,,,75.0,25.0,,,100.0,58.0,100.0,397.0,25.0,25.0,100.0,0.0,100.0,0.0,200.0,0.0,100.0,3913.0,100.0,34437400096.0,100.0,8340410254.0
2018-07-26,ZJV00RMS,ST12000NM0007,12000138625024,0,82,150745104,98,0,100,2,100,0,87,447300927,96,4015,100,0,100,1,,,,,100.0,0.0,100.0,0.0,,,74.0,26.0,,,100.0,59.0,100.0,398.0,26,26,100,0,100,0,200,0,100.0,3936.0,100.0,34503673528.0,100.0,8615869878.0
2018-07-27,ZJV00RMS,ST12000NM0007,12000138625024,0,84,229574424,98,0,100,2,100,0,87,451349320,96,4038,100,0,100,1,,,,,100.0,0.0,100.0,0.0,,,75.0,25.0,,,100.0,60.0,100.0,399.0,25,25,100,0,100,0,200,0,100.0,3960.0,100.0,34558543192.0,100.0,8883970166.0
2018-07-28,ZJV00RMS,ST12000NM0007,12000138625024,0,100,2348792,98,0,100,2,100,0,87,453580851,96,4064,100,0,100,1,,,,,100.0,0.0,100.0,0.0,,,74.0,26.0,,,100.0,61.0,100.0,401.0,26,26,100,0,100,0,200,0,100.0,3985.0,100.0,34586081960.0,100.0,9117487942.0
2018-07-29,ZJV00RMS,ST12000NM0007,12000138625024,0,76,37125232,98,0,100,2,100,0,87,458746840,96,4088,100,0,100,1,,,,,100.0,0.0,100.0,0.0,,,75.0,25.0,,,100.0,62.0,100.0,402.0,25,25,100,0,100,0,200,0,100.0,4008.0,100.0,34670598136.0,100.0,9311888838.0
2018-07-30,ZJV00RMS,ST12000NM0007,12000138625024,0,74,23106440,98,0,100,2,100,0,87,460543404,96,4111,100,0,100,1,,,,,100.0,0.0,100.0,0.0,,,75.0,25.0,,,100.0,62.0,100.0,403.0,25,25,100,0,100,0,200,0,100.0,4032.0,100.0,34691422024.0,100.0,9521186838.0
2018-07-31,ZJV00RMS,ST12000NM0007,12000138625024,0,69,7287904,98,0,100,2,100,0,87,462314913,96,4135,100,0,100,1,,,,,100.0,0.0,100.0,0.0,,,75.0,25.0,,,100.0,63.0,100.0,404.0,25,25,100,0,100,0,200,0,100.0,4055.0,100.0,34709715984.0,100.0,9731215006.0
2018-08-01,ZJV00RMS,ST12000NM0007,12000138625024,0,84,235186320,98,0,100,2,100,0,87,464038416,96,4159,100,0,100,1,,,,,100.0,0.0,100.0,0.0,,,75.0,25.0,,,100.0,64.0,100.0,405.0,25,25,100,0,100,0,200,0,100.0,4080.0,100.0,34733001536.0,100.0,9935827870.0
2018-08-02,ZJV00RMS,ST12000NM0007,12000138625024,0,83,217811184,98,0,100,2,100,0,87,468544134,96,4183,100,0,100,1,,,,,100.0,0.0,100.0,0.0,,,74.0,26.0,,,100.0,64.0,100.0,406.0,26,26,100,0,100,0,200,0,100.0,4103.0,100.0,34868657824.0,100.0,10271078150.0
2018-08-03,ZJV00RMS,ST12000NM0007,12000138625024,0,79,73376136,98,0,100,2,100,0,87,472917574,96,4208,100,0,100,1,,,,,100.0,0.0,100.0,0.0,,,75.0,25.0,,,100.0,64.0,100.0,407.0,25,25,100,0,100,0,200,0,100.0,4128.0,100.0,34927134280.0,100.0,10556448062.0
2018-08-04,ZJV00RMS,ST12000NM0007,12000138625024,0,75,35215424,98,0,100,2,100,0,87,474974258,96,4232,100,0,100,1,,,,,100.0,0.0,100.0,0.0,,,74.0,26.0,,,100.0,65.0,100.0,408.0,26,26,100,0,100,0,200,0,100.0,4152.0,100.0,34955989960.0,100.0,10733572430.0
2018-08-05,ZJV00RMS,ST12000NM0007,12000138625024,0,78,66229368,98,0,100,2,100,0,87,479869735,96,4255,100,0,100,1,,,,,100.0,0.0,100.0,0.0,,,75.0,25.0,,,100.0,66.0,100.0,409.0,25,25,100,0,100,0,200,0,100.0,4175.0,100.0,35032432152.0,100.0,10932284822.0
2018-08-06,ZJV00RMS,ST12000NM0007,12000138625024,0,72,14828200,98,0,100,2,100,0,87,481626921,96,4279,100,0,100,1,,,,,100.0,0.0,100.0,0.0,,,75.0,25.0,,,100.0,67.0,100.0,410.0,25,25,100,0,100,0,200,0,100.0,4199.0,100.0,35053052120.0,100.0,11104404318.0
2018-08-07,ZJV00RMS,ST12000NM0007,12000138625024,0,83,203610728,98,0,100,2,100,0,87,483127808,96,4303,100,0,100,1,,,,,100.0,0.0,100.0,0.0,,,75.0,25.0,,,100.0,67.0,100.0,411.0,25,25,100,0,100,0,200,0,100.0,4223.0,100.0,35076917888.0,100.0,11269321078.0
2018-08-08,ZJV00RMS,ST12000NM0007,12000138625024,0,82,141863048,98,0,100,2,100,0,87,484651019,96,4327,100,0,100,1,,,,,100.0,0.0,100.0,0.0,,,75.0,25.0,,,100.0,68.0,100.0,412.0,25,25,100,0,100,0,200,0,100.0,4247.0,100.0,35092777424.0,100.0,11435854782.0
2018-08-09,ZJV00RMS,ST12000NM0007,12000138625024,0,75,30272296,98,0,100,2,100,0,87,489540195,96,4352,100,0,100,1,,,,,100.0,0.0,100.0,0.0,,,74.0,26.0,,,100.0,69.0,100.0,413.0,26,26,100,0,100,0,200,0,100.0,4272.0,100.0,35167577856.0,100.0,11737745166.0
2018-08-10,ZJV00RMS,ST12000NM0007,12000138625024,0,75,32672048,98,0,100,2,100,0,87,492691342,96,4376,100,0,100,1,,,,,100.0,0.0,100.0,0.0,,,75.0,25.0,,,100.0,70.0,100.0,415.0,25,25,100,0,100,0,200,0,100.0,4295.0,100.0,35208583216.0,100.0,11943280422.0
2018-08-11,ZJV00RMS,ST12000NM0007,12000138625024,0,84,230668232,98,0,100,2,100,0,87,494457115,95,4399,100,0,100,1,,,,,100.0,0.0,100.0,0.0,,,74.0,26.0,,,100.0,71.0,100.0,416.0,26,26,100,0,100,0,200,0,100.0,4318.0,100.0,35233347160.0,100.0,12116512662.0
2018-08-12,ZJV00RMS,ST12000NM0007,12000138625024,0,81,116317048,98,0,100,2,100,0,87,500581167,95,4423,100,0,100,1,,,,,100.0,0.0,100.0,0.0,,,74.0,26.0,,,100.0,72.0,100.0,417.0,26,26,100,0,100,0,200,0,100.0,4342.0,100.0,35353555184.0,100.0,12370234718.0
2018-08-13,ZJV00RMS,ST12000NM0007,12000138625024,0,79,82973912,98,0,100,2,100,0,87,504609468,95,4448,100,0,100,1,,,,,100.0,0.0,100.0,0.0,,,75.0,25.0,,,100.0,72.0,100.0,418.0,25,25,100,0,100,0,200,0,100.0,4366.0,100.0,35396405488.0,100.0,12538182046.0
2018-08-14,ZJV00RMS,ST12000NM0007,12000138625024,0,77.0,50358736.0,98.0,0.0,100.0,2.0,100.0,0.0,87.0,506822482.0,95.0,4471.0,100.0,0.0,100.0,1.0,,,,,100.0,0.0,100.0,0.0,,,75.0,25.0,,,100.0,72.0,100.0,419.0,25.0,25.0,100.0,0.0,100.0,0.0,200.0,0.0,100.0,4390.0,100.0,35427986928.0,100.0,12718126214.0
2018-08-15,ZJV00RMS,ST12000NM0007,12000138625024,0,72.0,15115056.0,98.0,0.0,100.0,2.0,100.0,0.0,87.0,508834073.0,95.0,4495.0,100.0,0.0,100.0,1.0,,,,,100.0,0.0,100.0,0.0,,,74.0,26.0,,,100.0,73.0,100.0,420.0,26.0,26.0,100.0,0.0,100.0,0.0,200.0,0.0,100.0,4413.0,100.0,35462180232.0,100.0,12892829966.0
2018-08-16,ZJV00RMS,ST12000NM0007,12000138625024,0,78,62428368,98,0,100,2,100,0,87,511320830,95,4524,100,0,100,1,,,,,100.0,0.0,100.0,0.0,,,75.0,25.0,,,100.0,73.0,100.0,421.0,25,25,100,0,100,0,200,0,100.0,4442.0,100.0,35499805920.0,100.0,13146658438.0
2018-08-17,ZJV00RMS,ST12000NM0007,12000138625024,0,70,10345808,98,0,100,2,100,0,87,513016867,95,4548,100,0,100,1,,,,,100.0,0.0,100.0,0.0,,,75.0,25.0,,,100.0,74.0,100.0,422.0,25,25,100,0,100,0,200,0,100.0,4466.0,100.0,35522035608.0,100.0,13316486910.0
2018-08-18,ZJV00RMS,ST12000NM0007,12000138625024,0,84,243621944,98,0,100,2,100,0,87,515741559,95,4571,100,0,100,1,,,,,100.0,0.0,100.0,0.0,,,74.0,26.0,,,100.0,74.0,100.0,423.0,26,26,100,0,100,0,200,0,100.0,4489.0,100.0,35573257776.0,100.0,13498540878.0
2018-08-19,ZJV00RMS,ST12000NM0007,12000138625024,0,73,19239816,98,0,100,2,100,0,87,520452683,95,4595,100,0,100,1,,,,,100.0,0.0,100.0,0.0,,,75.0,25.0,,,100.0,74.0,100.0,424.0,25,25,100,0,100,0,200,0,100.0,4513.0,100.0,35654122432.0,100.0,13681575558.0
2018-08-20,ZJV00RMS,ST12000NM0007,12000138625024,0,83,209648584,98,0,100,2,100,0,87,522097647,95,4620,100,0,100,1,,,,,100.0,0.0,100.0,0.0,,,75.0,25.0,,,100.0,75.0,100.0,425.0,25,25,100,0,100,0,200,0,100.0,4538.0,100.0,35674776336.0,100.0,13851330422.0
2018-08-21,ZJV00RMS,ST12000NM0007,12000138625024,0,82,159091752,98,0,100,2,100,0,87,524227812,95,4644,100,0,100,1,,,,,100.0,0.0,100.0,0.0,,,75.0,25.0,,,100.0,75.0,100.0,426.0,25,25,100,0,100,0,200,0,100.0,4561.0,100.0,35709261856.0,100.0,14010428726.0
2018-08-22,ZJV00RMS,ST12000NM0007,12000138625024,0,80,104930544,98,0,100,2,100,0,87,525968649,95,4668,100,0,100,1,,,,,100.0,0.0,100.0,0.0,,,75.0,25.0,,,100.0,75.0,100.0,427.0,25,25,100,0,100,0,200,0,100.0,4586.0,100.0,35737382592.0,100.0,14172287510.0
2018-08-23,ZJV00RMS,ST12000NM0007,12000138625024,0,75,30349696,98,0,100,2,100,0,87,532046976,95,4691,100,0,100,1,,,,,100.0,0.0,100.0,0.0,,,74.0,26.0,,,100.0,75.0,100.0,428.0,26,26,100,0,100,0,200,0,100.0,4608.0,100.0,35825420424.0,100.0,14497950670.0
2018-08-24,ZJV00RMS,ST12000NM0007,12000138625024,0,76,41812720,98,0,100,2,100,0,87,535106895,95,4716,100,0,100,1,,,,,100.0,0.0,100.0,0.0,,,75.0,25.0,,,100.0,76.0,100.0,429.0,25,25,100,0,100,0,200,0,100.0,4633.0,100.0,35879164880.0,100.0,14699810086.0
2018-08-25,ZJV00RMS,ST12000NM0007,12000138625024,0,77,50408432,98,0,100,2,100,0,87,538335558,95,4740,100,0,100,1,,,,,100.0,0.0,100.0,0.0,,,74.0,26.0,,,100.0,76.0,100.0,430.0,26,26,100,0,100,0,200,0,100.0,4658.0,100.0,35944346712.0,100.0,14887364598.0
2018-08-26,ZJV00RMS,ST12000NM0007,12000138625024,0,80,93912920,98,0,100,2,100,0,87,543325087,95,4764,100,0,100,1,,,,,100.0,0.0,100.0,0.0,,,75.0,25.0,,,100.0,76.0,100.0,431.0,25,25,100,0,100,0,200,0,100.0,4681.0,100.0,36028182872.0,100.0,15091173646.0
2018-08-27,ZJV00RMS,ST12000NM0007,12000138625024,0,77,55463896,98,0,100,2,100,0,87,545177423,95,4788,100,0,100,1,,,,,100.0,0.0,100.0,0.0,,,75.0,25.0,,,100.0,77.0,100.0,432.0,25,25,100,0,100,0,200,0,100.0,4706.0,100.0,36060678984.0,100.0,15264369158.0
2018-08-28,ZJV00RMS,ST12000NM0007,12000138625024,0,70,9494024,98,0,100,2,100,0,87,546975852,95,4812,100,0,100,1,,,,,100.0,0.0,100.0,0.0,,,75.0,25.0,,,100.0,78.0,100.0,433.0,25,25,100,0,100,0,200,0,100.0,4730.0,100.0,36090732656.0,100.0,15432486414.0
2018-08-29,ZJV00RMS,ST12000NM0007,12000138625024,0,83,195424296,98,0,100,2,100,0,87,548694341,95,4835,100,0,100,1,,,,,100.0,0.0,100.0,0.0,,,74.0,26.0,,,100.0,78.0,100.0,434.0,26,26,100,0,100,0,200,0,100.0,4753.0,100.0,36122869576.0,100.0,15586279766.0
2018-08-30,ZJV00RMS,ST12000NM0007,12000138625024,0,81,136576688,98,0,100,2,100,0,87,550525268,95,4854,100,0,100,1,,,,,100.0,0.0,100.0,0.0,,,75.0,25.0,,,100.0,78.0,100.0,436.0,25,25,100,0,100,0,200,0,100.0,4771.0,100.0,36163354280.0,100.0,15731088086.0
2018-08-31,ZJV00RMS,ST12000NM0007,12000138625024,0,80,91857168,98,0,100,2,100,0,87,552368486,95,4877,100,0,100,1,,,,,100.0,0.0,100.0,0.0,,,75.0,25.0,,,100.0,79.0,100.0,437.0,25,25,100,0,100,0,200,0,100.0,4794.0,100.0,36203516896.0,100.0,15890346614.0
2018-09-01,ZJV00RMS,ST12000NM0007,12000138625024,0,78,65539592,98,0,100,2,100,0,87,554391057,95,4902,100,0,100,1,,,,,100.0,0.0,100.0,0.0,,,75.0,25.0,,,100.0,79.0,100.0,438.0,25,25,100,0,100,0,200,0,100.0,4819.0,100.0,36249236176.0,100.0,16062450470.0
2018-09-02,ZJV00RMS,ST12000NM0007,12000138625024,0,82,174097080,98,0,100,2,100,0,87,560565933,95,4925,100,0,100,1,,,,,100.0,0.0,100.0,0.0,,,75.0,25.0,,,100.0,79.0,100.0,439.0,25,25,100,0,100,0,200,0,100.0,4842.0,100.0,36390484928.0,100.0,16273899934.0
2018-09-03,ZJV00RMS,ST12000NM0007,12000138625024,0,82,150007600,98,0,100,2,100,0,88,562608049,95,4949,100,0,100,1,,,,,100.0,0.0,100.0,0.0,,,75.0,25.0,,,100.0,80.0,100.0,440.0,25,25,100,0,100,0,200,0,100.0,4866.0,100.0,36438810944.0,100.0,16445625102.0
2018-09-04,ZJV00RMS,ST12000NM0007,12000138625024,0,81,122088888,98,0,100,2,100,0,88,564553584,95,4974,100,0,100,1,,,,,100.0,0.0,100.0,0.0,,,75.0,25.0,,,100.0,81.0,100.0,441.0,25,25,100,0,100,0,200,0,100.0,4891.0,100.0,36485570328.0,100.0,16615087798.0
2018-09-05,ZJV00RMS,ST12000NM0007,12000138625024,0,79,81402736,98,0,100,2,100,0,88,566416632,95,4998,100,0,100,1,,,,,100.0,0.0,100.0,0.0,,,75.0,25.0,,,100.0,81.0,100.0,442.0,25,25,100,0,100,0,200,0,100.0,4914.0,100.0,36520236616.0,100.0,16783876158.0
2018-09-06,ZJV00RMS,ST12000NM0007,12000138625024,0,79,71735888,98,0,100,2,100,0,88,571846084,95,5026,100,0,100,1,,,,,100.0,0.0,100.0,0.0,,,74.0,26.0,,,100.0,81.0,100.0,443.0,26,26,100,0,100,0,200,0,100.0,4943.0,100.0,36651601744.0,100.0,17131125486.0
2018-09-07,ZJV00RMS,ST12000NM0007,12000138625024,0,76,35883936,98,0,100,2,100,0,88,573908136,95,5050,100,0,100,1,,,,,100.0,0.0,100.0,0.0,,,75.0,25.0,,,100.0,82.0,100.0,444.0,25,25,100,0,100,0,200,0,100.0,4966.0,100.0,36688393320.0,100.0,17302622718.0
2018-09-08,ZJV00RMS,ST12000NM0007,12000138625024,0,74,26665016,98,0,100,2,100,0,88,576529766,95,5075,100,0,100,1,,,,,100.0,0.0,100.0,0.0,,,74.0,26.0,,,100.0,82.0,100.0,445.0,26,26,100,0,100,0,200,0,100.0,4991.0,100.0,36740567360.0,100.0,17485370390.0
2018-09-09,ZJV00RMS,ST12000NM0007,12000138625024,0,78,62347328,98,0,100,2,100,0,88,581540166,95,5099,100,0,100,1,,,,,100.0,0.0,100.0,0.0,,,75.0,25.0,,,100.0,83.0,100.0,446.0,25,25,100,0,100,0,200,0,100.0,5016.0,100.0,36824309312.0,100.0,17681451606.0
2018-09-10,ZJV00RMS,ST12000NM0007,12000138625024,0,74,26670216,98,0,100,2,100,0,88,583694589,95,5122,100,0,100,1,,,,,100.0,0.0,100.0,0.0,,,75.0,25.0,,,100.0,84.0,100.0,447.0,25,25,100,0,100,0,200,0,100.0,5038.0,100.0,36865155032.0,100.0,17849069790.0
2018-09-11,ZJV00RMS,ST12000NM0007,12000138625024,0,67,5546784,98,0,100,2,100,0,88,585688761,95,5147,100,0,100,1,,,,,100.0,0.0,100.0,0.0,,,75.0,25.0,,,100.0,85.0,100.0,448.0,25,25,100,0,100,0,200,0,100.0,5063.0,100.0,36913729872.0,100.0,18023512374.0
2018-09-12,ZJV00RMS,ST12000NM0007,12000138625024,0,83,203936288,98,0,100,2,100,0,88,587485571,95,5170,100,0,100,1,,,,,100.0,0.0,100.0,0.0,,,75.0,25.0,,,100.0,86.0,100.0,449.0,25,25,100,0,100,0,200,0,100.0,5086.0,100.0,36958441184.0,100.0,18177190566.0
2018-09-13,ZJV00RMS,ST12000NM0007,12000138625024,0,83,212801880,98,0,100,2,100,0,88,590123029,95,5192,100,0,100,1,,,,,100.0,0.0,100.0,0.0,,,75.0,25.0,,,100.0,86.0,100.0,450.0,25,25,100,0,100,0,200,0,100.0,5108.0,100.0,37018591520.0,100.0,18370046494.0
2018-09-14,ZJV00RMS,ST12000NM0007,12000138625024,0,83,189516336,98,0,100,2,100,0,88,592135150,95,5216,100,0,100,1,,,,,100.0,0.0,100.0,0.0,,,71.0,29.0,,,100.0,86.0,100.0,451.0,29,29,100,0,100,0,200,0,100.0,5132.0,100.0,37074293648.0,100.0,18535199502.0
2018-09-15,ZJV00RMS,ST12000NM0007,12000138625024,0,82,162182520,98,0,100,2,100,0,88,594368439,95,5240,100,0,100,1,,,,,100.0,0.0,100.0,0.0,,,70.0,30.0,,,100.0,87.0,100.0,452.0,30,30,100,0,100,0,200,0,100.0,5156.0,100.0,37124927720.0,100.0,18701372398.0
2018-09-16,ZJV00RMS,ST12000NM0007,12000138625024,0,83,211219040,98,0,100,2,100,0,88,599741419,94,5263,100,0,100,1,,,,,100.0,0.0,100.0,0.0,,,71.0,29.0,,,100.0,88.0,100.0,453.0,29,29,100,0,100,0,200,0,100.0,5179.0,100.0,37228904472.0,100.0,18890573598.0
2018-09-17,ZJV00RMS,ST12000NM0007,12000138625024,0,83,190305120,98,0,100,2,100,0,88,601783270,94,5287,100,0,100,1,,,,,100.0,0.0,100.0,0.0,,,71.0,29.0,,,100.0,88.0,100.0,454.0,29,29,100,0,100,0,200,0,100.0,5203.0,100.0,37277860344.0,100.0,19064844502.0
2018-09-18,ZJV00RMS,ST12000NM0007,12000138625024,0,82,177085528,98,0,100,2,100,0,88,604079674,94,5312,100,0,100,1,,,,,100.0,0.0,100.0,0.0,,,72.0,28.0,,,100.0,88.0,100.0,455.0,28,28,100,0,100,0,200,0,100.0,5228.0,100.0,37322112040.0,100.0,19251513918.0
2018-09-19,ZJV00RMS,ST12000NM0007,12000138625024,0,81,135174000,98,0,100,2,100,0,88,606000474,94,5335,100,0,100,1,,,,,100.0,0.0,100.0,0.0,,,73.0,27.0,,,100.0,88.0,100.0,456.0,27,27,100,0,100,0,200,0,100.0,5251.0,100.0,37362935496.0,100.0,19412919718.0
2018-09-20,ZJV00RMS,ST12000NM0007,12000138625024,0,76,36849144,98,0,100,2,100,0,88,610312490,94,5359,100,0,100,1,,,,,100.0,0.0,100.0,0.0,,,72.0,28.0,,,100.0,88.0,100.0,457.0,28,28,100,0,100,0,200,0,100.0,5275.0,100.0,37462948352.0,100.0,19702863518.0
2018-09-21,ZJV00RMS,ST12000NM0007,12000138625024,0,80,110276048,98,0,100,2,100,0,88,614835088,94,5384,100,0,100,1,,,,,100.0,0.0,100.0,0.0,,,72.0,28.0,,,100.0,88.0,100.0,458.0,28,28,100,0,100,0,200,0,100.0,5299.0,100.0,37549296456.0,100.0,19934083046.0
2018-09-22,ZJV00RMS,ST12000NM0007,12000138625024,0,79,73740664,98,0,100,2,100,0,88,616871881,94,5407,100,0,100,1,,,,,100.0,0.0,100.0,0.0,,,72.0,28.0,,,100.0,88.0,100.0,459.0,28,28,100,0,100,0,200,0,100.0,5323.0,100.0,37594959680.0,100.0,20096025078.0
2018-09-23,ZJV00RMS,ST12000NM0007,12000138625024,0,82,163345448,98,0,100,2,100,0,88,622739480,94,5432,100,0,100,1,,,,,100.0,0.0,100.0,0.0,,,73.0,27.0,,,100.0,89.0,100.0,460.0,27,27,100,0,100,0,200,0,100.0,5347.0,100.0,37717667040.0,100.0,20307063278.0
2018-09-24,ZJV00RMS,ST12000NM0007,12000138625024,0,81,139258032,98,0,100,2,100,0,88,625109701,94,5456,100,0,100,1,,,,,100.0,0.0,100.0,0.0,,,73.0,27.0,,,100.0,90.0,100.0,461.0,27,27,100,0,100,0,200,0,100.0,5371.0,100.0,37763049696.0,100.0,20481733974.0
2018-09-25,ZJV00RMS,ST12000NM0007,12000138625024,0,82,143282720,98,0,100,2,100,0,88,627426299,94,5480,100,0,100,1,,,,,100.0,0.0,100.0,0.0,,,72.0,28.0,,,100.0,90.0,100.0,462.0,28,28,100,0,100,0,200,0,100.0,5395.0,100.0,37833344376.0,100.0,20659604614.0
2018-09-26,ZJV00RMS,ST12000NM0007,12000138625024,0,80,97739536,98,0,100,2,100,0,88,629195401,94,5504,100,0,100,1,,,,,100.0,0.0,100.0,0.0,,,73.0,27.0,,,100.0,90.0,100.0,463.0,27,27,100,0,100,0,200,0,100.0,5419.0,100.0,37875698664.0,100.0,20815847894.0
2018-09-27,ZJV00RMS,ST12000NM0007,12000138625024,0,83,221851160,98,0,100,2,100,0,88,633528344,94,5527,100,0,100,1,,,,,100.0,0.0,100.0,0.0,,,72.0,28.0,,,100.0,90.0,100.0,464.0,28,28,100,0,100,0,200,0,100.0,5442.0,100.0,37967937992.0,100.0,21091860902.0
2018-09-28,ZJV00RMS,ST12000NM0007,12000138625024,0,73,18549928,98,0,100,2,100,0,88,637593940,94,5550,100,0,100,1,,,,,100.0,0.0,100.0,0.0,,,71.0,29.0,,,100.0,91.0,100.0,465.0,29,29,100,0,100,0,200,0,100.0,5464.0,100.0,38037125424.0,100.0,21307653630.0
2018-09-29,ZJV00RMS,ST12000NM0007,12000138625024,0,84,228112656,98,0,100,2,100,0,88,639789370,94,5573,100,0,100,1,,,,,100.0,0.0,100.0,0.0,,,73.0,27.0,,,100.0,92.0,100.0,466.0,27,27,100,0,100,0,200,0,100.0,5488.0,100.0,38082011216.0,100.0,21472330566.0
2018-09-30,ZJV00RMS,ST12000NM0007,12000138625024,0,80,106210224,98,0,100,2,100,0,88,646242567,94,5597,100,0,100,1,,,,,100.0,0.0,100.0,0.0,,,73.0,27.0,,,100.0,93.0,100.0,467.0,27,27,100,0,100,0,200,0,100.0,5512.0,100.0,38218100616.0,100.0,21702620062.0
2018-10-01,ZJV00RMS,ST12000NM0007,12000138625024,0,78,68841072,98,0,100,2,100,0,88,648263606,94,5621,100,0,100,1,,,,,100.0,0.0,100.0,0.0,,,73.0,27.0,,,100.0,94.0,100.0,468.0,27,27,100,0,100,0,200,0,100.0,5536.0,100.0,38260987520.0,100.0,21866504638.0
2018-10-02,ZJV00RMS,ST12000NM0007,12000138625024,0,75,32302576,98,0,100,2,100,0,88,650433519,94,5646,100,0,100,1,,,,,100.0,0.0,100.0,0.0,,,73.0,27.0,,,100.0,95.0,100.0,469.0,27,27,100,0,100,0,200,0,100.0,5560.0,100.0,38309064952.0,100.0,22026029350.0
2018-10-03,ZJV00RMS,ST12000NM0007,12000138625024,0,72,14309560,98,0,100,2,100,0,88,652796692,94,5669,100,0,100,1,,,,,100.0,0.0,100.0,0.0,,,73.0,27.0,,,100.0,96.0,100.0,470.0,27,27,100,0,100,0,200,0,100.0,5583.0,100.0,38357665880.0,100.0,22203576254.0
2018-10-04,ZJV00RMS,ST12000NM0007,12000138625024,0,81.0,139346328.0,98.0,0.0,100.0,2.0,100.0,0.0,88.0,657190030.0,94.0,5693.0,100.0,0.0,100.0,1.0,,,,,100.0,0.0,100.0,0.0,,,71.0,29.0,,,100.0,97.0,100.0,471.0,29.0,29.0,100.0,0.0,100.0,0.0,200.0,0.0,100.0,5607.0,100.0,38445706328.0,100.0,22484713278.0
2018-10-05,ZJV00RMS,ST12000NM0007,12000138625024,0,83,190114784,98,0,100,2,100,0,88,661802911,94,5717,100,0,100,1,,,,,100.0,0.0,100.0,0.0,,,73.0,27.0,,,100.0,98.0,100.0,472.0,27,27,100,0,100,0,200,0,100.0,5631.0,100.0,38518365960.0,100.0,22706962734.0
2018-10-06,ZJV00RMS,ST12000NM0007,12000138625024,0,81,135227504,98,0,100,2,100,0,88,663535942,94,5741,100,0,100,1,,,,,100.0,0.0,100.0,0.0,,,73.0,27.0,,,100.0,99.0,100.0,473.0,27,27,100,0,100,0,200,0,100.0,5654.0,100.0,38549240936.0,100.0,22865341158.0
2018-10-07,ZJV00RMS,ST12000NM0007,12000138625024,0,73,21107960,98,0,100,2,100,0,88,670277730,94,5765,100,0,100,1,,,,,100.0,0.0,100.0,0.0,,,73.0,27.0,,,100.0,100.0,100.0,474.0,27,27,100,0,100,0,200,0,100.0,5679.0,100.0,38676041264.0,100.0,23112702782.0
2018-10-08,ZJV00RMS,ST12000NM0007,12000138625024,0,76,43306128,98,0,100,2,100,0,88,672494285,94,5789,100,0,100,1,,,,,100.0,0.0,100.0,0.0,,,73.0,27.0,,,100.0,101.0,100.0,475.0,27,27,100,0,100,0,200,0,100.0,5702.0,100.0,38751743360.0,100.0,23303339710.0
2018-10-09,ZJV00RMS,ST12000NM0007,12000138625024,0,76.0,38079688.0,98.0,0.0,100.0,2.0,100.0,0.0,88.0,675170201.0,94.0,5814.0,100.0,0.0,100.0,1.0,,,,,100.0,0.0,100.0,0.0,,,73.0,27.0,,,100.0,101.0,100.0,476.0,27.0,27.0,100.0,0.0,100.0,0.0,200.0,0.0,100.0,5727.0,100.0,38808881728.0,100.0,23485115534.0
2018-10-10,ZJV00RMS,ST12000NM0007,12000138625024,0,100,1203088,98,0,100,2,100,0,88,677128936,94,5837,100,0,100,1,,,,,100.0,0.0,100.0,0.0,,,73.0,27.0,,,100.0,102.0,100.0,477.0,27,27,100,0,100,0,200,0,100.0,5750.0,100.0,38852530408.0,100.0,23648731014.0
2018-10-11,ZJV00RMS,ST12000NM0007,12000138625024,0,82,144977888,98,0,100,2,100,0,88,681572314,94,5861,100,0,100,1,,,,,100.0,0.0,100.0,0.0,,,72.0,28.0,,,100.0,102.0,100.0,478.0,28,28,100,0,100,0,200,0,100.0,5774.0,100.0,38955772064.0,100.0,23933404798.0
2018-10-12,ZJV00RMS,ST12000NM0007,12000138625024,0,83,215534184,98,0,100,2,100,0,88,685895587,94,5885,100,0,100,1,,,,,100.0,0.0,100.0,0.0,,,73.0,27.0,,,100.0,102.0,100.0,479.0,27,27,100,0,100,0,200,0,100.0,5797.0,100.0,39049080872.0,100.0,24154793390.0
2018-10-13,ZJV00RMS,ST12000NM0007,12000138625024,0,83,203419304,98,0,100,2,100,0,88,688082611,94,5909,100,0,100,1,,,,,100.0,0.0,100.0,0.0,,,73.0,27.0,,,100.0,102.0,100.0,480.0,27,27,100,0,100,0,200,0,100.0,5822.0,100.0,39107260728.0,100.0,24328639478.0
2018-10-14,ZJV00RMS,ST12000NM0007,12000138625024,0,78,70263400,98,0,100,2,100,0,88,694105715,94,5933,100,0,100,1,,,,,100.0,0.0,100.0,0.0,,,73.0,27.0,,,100.0,102.0,100.0,481.0,27,27,100,0,100,0,200,0,100.0,5846.0,100.0,39236791008.0,100.0,24554234638.0
2018-10-15,ZJV00RMS,ST12000NM0007,12000138625024,0,75,33221288,98,0,100,2,100,0,88,695969153,94,5957,100,0,100,1,,,,,100.0,0.0,100.0,0.0,,,73.0,27.0,,,100.0,102.0,100.0,482.0,27,27,100,0,100,0,200,0,100.0,5870.0,100.0,39273616064.0,100.0,24724508310.0
2018-10-16,ZJV00RMS,ST12000NM0007,12000138625024,0,84,234245072,98,0,100,2,100,0,88,697868487,94,5981,100,0,100,1,,,,,100.0,0.0,100.0,0.0,,,73.0,27.0,,,100.0,103.0,100.0,483.0,27,27,100,0,100,0,200,0,100.0,5893.0,100.0,39314906824.0,100.0,24884241334.0
2018-10-17,ZJV00RMS,ST12000NM0007,12000138625024,0,84,223913296,98,0,100,2,100,0,88,700226697,94,6005,100,0,100,1,,,,,100.0,0.0,100.0,0.0,,,73.0,27.0,,,100.0,103.0,100.0,484.0,27,27,100,0,100,0,200,0,100.0,5917.0,100.0,39379785576.0,100.0,25053171614.0
2018-10-18,ZJV00RMS,ST12000NM0007,12000138625024,0,83,185225840,98,0,100,2,100,0,88,705893117,94,6034,100,0,100,1,,,,,100.0,0.0,100.0,0.0,,,72.0,28.0,,,100.0,103.0,100.0,485.0,28,28,100,0,100,0,200,0,100.0,5946.0,100.0,39506617704.0,100.0,25375933590.0
2018-10-19,ZJV00RMS,ST12000NM0007,12000138625024,0,81,125332984,98,0,100,2,100,0,89,708229148,94,6058,100,0,100,1,,,,,100.0,0.0,100.0,0.0,,,72.0,28.0,,,100.0,103.0,100.0,486.0,28,28,100,0,100,0,200,0,100.0,5970.0,100.0,39561062560.0,100.0,25505736598.0
2018-10-20,ZJV00RMS,ST12000NM0007,12000138625024,0,81,135710296,98,0,100,2,100,0,89,711007489,94,6081,100,0,100,1,,,,,100.0,0.0,100.0,0.0,,,72.0,28.0,,,100.0,104.0,100.0,487.0,28,28,100,0,100,0,200,0,100.0,5993.0,100.0,39622679440.0,100.0,25698637662.0
2018-10-21,ZJV00RMS,ST12000NM0007,12000138625024,0,83,193075096,98,0,100,2,100,0,89,716619076,94,6105,100,0,100,1,,,,,100.0,0.0,100.0,0.0,,,72.0,28.0,,,100.0,105.0,100.0,488.0,28,28,100,0,100,0,200,0,100.0,6017.0,100.0,39737799200.0,100.0,25885023774.0
2018-10-22,ZJV00RMS,ST12000NM0007,12000138625024,0,83,199556016,98,0,100,2,100,0,89,719469325,94,6130,100,0,100,1,,,,,100.0,0.0,100.0,0.0,,,72.0,28.0,,,100.0,106.0,100.0,489.0,28,28,100,0,100,0,200,0,100.0,6042.0,100.0,39797303248.0,100.0,26076141342.0
2018-10-23,ZJV00RMS,ST12000NM0007,12000138625024,0,81,121311056,98,0,100,2,100,0,89,721434652,93,6153,100,0,100,1,,,,,100.0,0.0,100.0,0.0,,,73.0,27.0,,,100.0,107.0,100.0,490.0,27,27,100,0,100,0,200,0,100.0,6065.0,100.0,39838675520.0,100.0,26200664766.0
2018-10-25,ZJV00RMS,ST12000NM0007,12000138625024,0,84,232485520,98,0,100,2,100,0,89,728910687,93,6201,100,0,100,1,,,,,100.0,0.0,100.0,0.0,,,72.0,28.0,,,100.0,108.0,100.0,492.0,28,28,100,0,100,0,200,0,100.0,6112.0,100.0,40036739080.0,100.0,26602057278.0
2018-10-26,ZJV00RMS,ST12000NM0007,12000138625024,0,82,165577424,98,0,100,2,100,0,89,731222725,93,6224,100,0,100,1,,,,,100.0,0.0,100.0,0.0,,,72.0,28.0,,,100.0,108.0,100.0,493.0,28,28,100,0,100,0,200,0,100.0,6135.0,100.0,40085222856.0,100.0,26730806038.0
2018-10-27,ZJV00RMS,ST12000NM0007,12000138625024,0,80,106989048,98,0,100,2,100,0,89,733934296,93,6248,100,0,100,1,,,,,100.0,0.0,100.0,0.0,,,72.0,28.0,,,100.0,108.0,100.0,494.0,28,28,100,0,100,0,200,0,100.0,6159.0,100.0,40165956928.0,100.0,26835624438.0
2018-10-28,ZJV00RMS,ST12000NM0007,12000138625024,0,83,191270184,98,0,100,2,100,0,89,740072586,93,6272,100,0,100,1,,,,,100.0,0.0,100.0,0.0,,,73.0,27.0,,,100.0,109.0,100.0,495.0,27,27,100,0,100,0,200,0,100.0,6183.0,100.0,40297304272.0,100.0,27032698894.0
2018-10-29,ZJV00RMS,ST12000NM0007,12000138625024,0,82,174727856,98,0,100,2,100,0,89,742664476,93,6297,100,0,100,1,,,,,100.0,0.0,100.0,0.0,,,72.0,28.0,,,100.0,109.0,100.0,496.0,28,28,100,0,100,0,200,0,100.0,6208.0,100.0,40349404304.0,100.0,27208197302.0
2018-10-30,ZJV00RMS,ST12000NM0007,12000138625024,0,82,154377224,98,0,100,2,100,0,89,744913733,93,6320,100,0,100,1,,,,,100.0,0.0,100.0,0.0,,,72.0,28.0,,,100.0,109.0,100.0,497.0,28,28,100,0,100,0,200,0,100.0,6231.0,100.0,40402273416.0,100.0,27379118334.0
2018-10-31,ZJV00RMS,ST12000NM0007,12000138625024,0,82,144301056,98.0,0.0,100.0,2.0,100.0,0.0,89.0,747340216.0,93,6344,100.0,0.0,100,1,,,,,100.0,0.0,100.0,0.0,,,72.0,28.0,,,100.0,110.0,100.0,498.0,28,28,100.0,0.0,100.0,0.0,200.0,0.0,100.0,6255.0,100.0,40465775656.0,100.0,27549680686.0
2018-11-01,ZJV00RMS,ST12000NM0007,12000138625024,0,72,14475288,98.0,0.0,100.0,2.0,100.0,0.0,89.0,751660086.0,93,6365,100.0,0.0,100,1,,,,,100.0,0.0,100.0,0.0,,,71.0,29.0,,,100.0,111.0,100.0,499.0,29,29,100.0,0.0,100.0,0.0,200.0,0.0,100.0,6276.0,100.0,40568013664.0,100.0,27805898334.0
2018-11-02,ZJV00RMS,ST12000NM0007,12000138625024,0,83,214350600,98.0,0.0,100.0,2.0,100.0,0.0,89.0,754204475.0,93,6390,100.0,0.0,100,1,,,,,100.0,0.0,100.0,0.0,,,72.0,28.0,,,100.0,112.0,100.0,501.0,28,28,100.0,0.0,100.0,0.0,200.0,0.0,100.0,6300.0,100.0,40623444528.0,100.0,27950342782.0
2018-11-03,ZJV00RMS,ST12000NM0007,12000138625024,0,83,222271352,98.0,0.0,100.0,2.0,100.0,0.0,89.0,757037445.0,93,6413,100.0,0.0,100,1,,,,,100.0,0.0,100.0,0.0,,,72.0,28.0,,,100.0,112.0,100.0,501.0,28,28,100.0,0.0,100.0,0.0,200.0,0.0,100.0,6323.0,100.0,40691885056.0,100.0,28133963710.0
2018-11-04,ZJV00RMS,ST12000NM0007,12000138625024,0,78,63697552,98.0,0.0,100.0,2.0,100.0,0.0,89.0,762938740.0,93,6437,100.0,0.0,100,1,,,,,100.0,0.0,100.0,0.0,,,73.0,27.0,,,100.0,113.0,100.0,502.0,27,27,100.0,0.0,100.0,0.0,200.0,0.0,100.0,6347.0,100.0,40815983592.0,100.0,28339573206.0
2018-11-05,ZJV00RMS,ST12000NM0007,12000138625024,0,77,53316408,98.0,0.0,100.0,2.0,100.0,0.0,89.0,765251330.0,93,6461,100.0,0.0,100,1,,,,,100.0,0.0,100.0,0.0,,,72.0,28.0,,,100.0,114.0,100.0,503.0,28,28,100.0,0.0,100.0,0.0,200.0,0.0,100.0,6372.0,100.0,40869873400.0,100.0,28519443006.0
2018-11-06,ZJV00RMS,ST12000NM0007,12000138625024,0,79.0,79439744.0,98.0,0.0,100.0,2.0,100.0,0.0,89.0,767855729.0,93.0,6486.0,100.0,0.0,100.0,1.0,,,,,100.0,0.0,100.0,0.0,,,72.0,28.0,,,100.0,115.0,100.0,504.0,28.0,28.0,100.0,0.0,100.0,0.0,200.0,0.0,100.0,6396.0,100.0,40951455456.0,100.0,28708124950.0
2018-11-07,ZJV00RMS,ST12000NM0007,12000138625024,0,79.0,85865016.0,98.0,0.0,100.0,2.0,100.0,0.0,89.0,770648202.0,93.0,6510.0,100.0,0.0,100.0,1.0,,,,,100.0,0.0,100.0,0.0,,,72.0,28.0,,,100.0,116.0,100.0,506.0,28.0,28.0,100.0,0.0,100.0,0.0,200.0,0.0,100.0,6420.0,100.0,41009711824.0,100.0,28900434790.0
2018-11-08,ZJV00RMS,ST12000NM0007,12000138625024,0,77.0,52146064.0,98.0,0.0,100.0,2.0,100.0,0.0,89.0,777262891.0,93.0,6538.0,100.0,0.0,100.0,1.0,,,,,100.0,0.0,100.0,0.0,,,73.0,27.0,,,100.0,117.0,100.0,507.0,27.0,27.0,100.0,0.0,100.0,0.0,200.0,0.0,100.0,6448.0,100.0,41132631696.0,100.0,29232077326.0
2018-11-09,ZJV00RMS,ST12000NM0007,12000138625024,0,76,39712360,98.0,0.0,100.0,2.0,100.0,0.0,89.0,779913726.0,93,6562,100.0,0.0,100,1,,,,,100.0,0.0,100.0,0.0,,,73.0,27.0,,,100.0,118.0,100.0,508.0,27,27,100.0,0.0,100.0,0.0,200.0,0.0,100.0,6472.0,100.0,41193234128.0,100.0,29403181838.0
2018-11-10,ZJV00RMS,ST12000NM0007,12000138625024,0,77,45505184,98.0,0.0,100.0,2.0,100.0,0.0,89.0,782865601.0,93,6586,100.0,0.0,100,1,,,,,100.0,0.0,100.0,0.0,,,73.0,27.0,,,100.0,119.0,100.0,509.0,27,27,100.0,0.0,100.0,0.0,200.0,0.0,100.0,6496.0,100.0,41273900704.0,100.0,29572448918.0
2018-11-11,ZJV00RMS,ST12000NM0007,12000138625024,0,80,94711568,98.0,0.0,100.0,2.0,100.0,0.0,89.0,788638466.0,93,6610,100.0,0.0,100,1,,,,,100.0,0.0,100.0,0.0,,,73.0,27.0,,,100.0,119.0,100.0,510.0,27,27,100.0,0.0,100.0,0.0,200.0,0.0,100.0,6520.0,100.0,41393464936.0,100.0,29746231830.0
2018-11-12,ZJV00RMS,ST12000NM0007,12000138625024,0,77,52012184,98.0,0.0,100.0,2.0,100.0,0.0,89.0,791108538.0,93,6634,100.0,0.0,100,1,,,,,100.0,0.0,100.0,0.0,,,73.0,27.0,,,100.0,120.0,100.0,511.0,27,27,100.0,0.0,100.0,0.0,200.0,0.0,100.0,6544.0,100.0,41452899920.0,100.0,29888238254.0
2018-11-13,ZJV00RMS,ST12000NM0007,12000138625024,0,72,15497264,98.0,0.0,100.0,2.0,100.0,0.0,89.0,793287077.0,93,6658,100.0,0.0,100,1,,,,,100.0,0.0,100.0,0.0,,,73.0,27.0,,,100.0,120.0,100.0,512.0,27,27,100.0,0.0,100.0,0.0,200.0,0.0,100.0,6568.0,100.0,41506096640.0,100.0,30042667358.0
2018-11-14,ZJV00RMS,ST12000NM0007,12000138625024,0,74,22427248,98.0,0.0,100.0,2.0,100.0,0.0,89.0,796167004.0,93,6682,100.0,0.0,100,1,,,,,100.0,0.0,100.0,0.0,,,72.0,28.0,,,100.0,120.0,100.0,513.0,28,28,100.0,0.0,100.0,0.0,200.0,0.0,100.0,6592.0,100.0,41575160792.0,100.0,30224673982.0
2018-11-15,ZJV00RMS,ST12000NM0007,12000138625024,0,82,165573400,98.0,0.0,100.0,2.0,100.0,0.0,89.0,801634984.0,93,6706,100.0,0.0,100,1,,,,,100.0,0.0,100.0,0.0,,,72.0,28.0,,,100.0,120.0,100.0,514.0,28,28,100.0,0.0,100.0,0.0,200.0,0.0,100.0,6616.0,100.0,41674456976.0,100.0,30512664790.0
2018-11-16,ZJV00RMS,ST12000NM0007,12000138625024,0,83,207004928,98.0,0.0,100.0,2.0,100.0,0.0,89.0,805353642.0,93,6731,100.0,0.0,100,1,,,,,100.0,0.0,100.0,0.0,,,72.0,28.0,,,100.0,120.0,100.0,515.0,28,28,100.0,0.0,100.0,0.0,200.0,0.0,100.0,6640.0,100.0,41748789888.0,100.0,30723904302.0
2018-11-17,ZJV00RMS,ST12000NM0007,12000138625024,0,100.0,2323856.0,98.0,0.0,100.0,2.0,100.0,0.0,89.0,808918760.0,93.0,6755.0,100.0,0.0,100.0,1.0,,,,,100.0,0.0,100.0,0.0,,,72.0,28.0,,,100.0,121.0,100.0,516.0,28.0,28.0,100.0,0.0,100.0,0.0,200.0,0.0,100.0,6664.0,100.0,41842708216.0,100.0,30913586950.0
2018-11-18,ZJV00RMS,ST12000NM0007,12000138625024,0,70,9902976,98.0,0.0,100.0,2.0,100.0,0.0,89.0,813564281.0,93,6779,100.0,0.0,100,1,,,,,100.0,0.0,100.0,0.0,,,72.0,28.0,,,100.0,122.0,100.0,517.0,28,28,100.0,0.0,100.0,0.0,200.0,0.0,100.0,6688.0,100.0,41930291800.0,100.0,31077723486.0
2018-11-19,ZJV00RMS,ST12000NM0007,12000138625024,0,84,226177248,98.0,0.0,100.0,2.0,100.0,0.0,89.0,815828892.0,93,6803,100.0,0.0,100,1,,,,,100.0,0.0,100.0,0.0,,,72.0,28.0,,,100.0,123.0,100.0,518.0,28,28,100.0,0.0,100.0,0.0,200.0,0.0,100.0,6712.0,100.0,41980721784.0,100.0,31243567774.0
2018-11-20,ZJV00RMS,ST12000NM0007,12000138625024,0,83,202573240,98.0,0.0,100.0,2.0,100.0,0.0,89.0,818016453.0,93,6827,100.0,0.0,100,1,,,,,100.0,0.0,100.0,0.0,,,73.0,27.0,,,100.0,123.0,100.0,519.0,27,27,100.0,0.0,100.0,0.0,200.0,0.0,100.0,6736.0,100.0,42039109000.0,100.0,31405717198.0
2018-11-21,ZJV00RMS,ST12000NM0007,12000138625024,0,83,186640072,98.0,0.0,100.0,2.0,100.0,0.0,89.0,820264213.0,93,6850,100.0,0.0,100,1,,,,,100.0,0.0,100.0,0.0,,,72.0,28.0,,,100.0,124.0,100.0,520.0,28,28,100.0,0.0,100.0,0.0,200.0,0.0,100.0,6759.0,100.0,42101630048.0,100.0,31571403726.0
2018-11-22,ZJV00RMS,ST12000NM0007,12000138625024,0,81,117013808,98.0,0.0,100.0,2.0,100.0,0.0,89.0,825760434.0,93,6874,100.0,0.0,100,1,,,,,100.0,0.0,100.0,0.0,,,67.0,33.0,,,100.0,125.0,100.0,521.0,33,33,100.0,0.0,100.0,0.0,200.0,0.0,100.0,6783.0,100.0,42216378464.0,100.0,31875310574.0
2018-11-23,ZJV00RMS,ST12000NM0007,12000138625024,0,80,104368440,98.0,0.0,100.0,2.0,100.0,0.0,89.0,828820692.0,93,6899,100.0,0.0,100,1,,,,,100.0,0.0,100.0,0.0,,,71.0,29.0,,,100.0,126.0,100.0,522.0,29,29,100.0,0.0,100.0,0.0,200.0,0.0,100.0,6808.0,100.0,42270583520.0,100.0,32052600782.0
2018-11-24,ZJV00RMS,ST12000NM0007,12000138625024,0,80,103354648,98.0,0.0,100.0,2.0,100.0,0.0,89.0,831843715.0,93,6923,100.0,0.0,100,1,,,,,100.0,0.0,100.0,0.0,,,70.0,30.0,,,100.0,126.0,100.0,523.0,30,30,100.0,0.0,100.0,0.0,200.0,0.0,100.0,6831.0,100.0,42331272944.0,100.0,32235038318.0
2018-11-25,ZJV00RMS,ST12000NM0007,12000138625024,0,81,127566008,98.0,0.0,100.0,2.0,100.0,0.0,89.0,836491399.0,93,6946,100.0,0.0,100,1,,,,,100.0,0.0,100.0,0.0,,,71.0,29.0,,,100.0,126.0,100.0,524.0,29,29,100.0,0.0,100.0,0.0,200.0,0.0,100.0,6854.0,100.0,42424805640.0,100.0,32409857614.0
2018-11-26,ZJV00RMS,ST12000NM0007,12000138625024,0,81,118928608,98.0,0.0,100.0,2.0,100.0,0.0,89.0,838703986.0,93,6971,100.0,0.0,100,1,,,,,100.0,0.0,100.0,0.0,,,71.0,29.0,,,100.0,126.0,100.0,525.0,29,29,100.0,0.0,100.0,0.0,200.0,0.0,100.0,6879.0,100.0,42476073928.0,100.0,32594092806.0
2018-11-27,ZJV00RMS,ST12000NM0007,12000138625024,0,79,81958080,98.0,0.0,100.0,2.0,100.0,0.0,89.0,840658501.0,93,6995,100.0,0.0,100,1,,,,,100.0,0.0,100.0,0.0,,,71.0,29.0,,,100.0,126.0,100.0,526.0,29,29,100.0,0.0,100.0,0.0,200.0,0.0,100.0,6903.0,100.0,42525319880.0,100.0,32752017006.0
2018-11-28,ZJV00RMS,ST12000NM0007,12000138625024,0,80,94192680,98.0,0.0,100.0,2.0,100.0,0.0,89.0,843352849.0,92,7018,100.0,0.0,100,1,,,,,100.0,0.0,100.0,0.0,,,70.0,30.0,,,100.0,127.0,100.0,527.0,30,30,100.0,0.0,100.0,0.0,200.0,0.0,100.0,6926.0,100.0,42604598528.0,100.0,32929113662.0
2018-11-29,ZJV00RMS,ST12000NM0007,12000138625024,0,71,12153664,98.0,0.0,100.0,2.0,100.0,0.0,89.0,849148828.0,92,7042,100.0,0.0,100,1,,,,,100.0,0.0,100.0,0.0,,,73.0,27.0,,,100.0,128.0,100.0,528.0,27,27,100.0,0.0,100.0,0.0,200.0,0.0,100.0,6950.0,100.0,42720351064.0,100.0,33219604630.0
2018-11-30,ZJV00RMS,ST12000NM0007,12000138625024,0,83,213886256,98.0,0.0,100.0,2.0,100.0,0.0,89.0,851355341.0,92,7066,100.0,0.0,100,1,,,,,100.0,0.0,100.0,0.0,,,73.0,27.0,,,100.0,128.0,100.0,528.0,27,27,100.0,0.0,100.0,0.0,200.0,0.0,100.0,6974.0,100.0,42758369768.0,100.0,33383318518.0
2018-12-01,ZJV00RMS,ST12000NM0007,12000138625024,0,71,13261904,98.0,0.0,100.0,2.0,100.0,0.0,89.0,854915159.0,92,7090,100.0,0.0,100,1,,,,,100.0,0.0,100.0,0.0,,,73.0,27.0,,,100.0,129.0,100.0,530.0,27,27,100.0,0.0,100.0,0.0,200.0,0.0,100.0,6998.0,100.0,42850727696.0,100.0,33578617782.0
2018-12-02,ZJV00RMS,ST12000NM0007,12000138625024,0,77,46911840,98.0,0.0,100.0,2.0,100.0,0.0,89.0,860030387.0,92,7114,100.0,0.0,100,1,,,,,100.0,0.0,100.0,0.0,,,74.0,26.0,,,100.0,130.0,100.0,531.0,26,26,100.0,0.0,100.0,0.0,200.0,0.0,100.0,7022.0,100.0,42946460424.0,100.0,33760675862.0
2018-12-03,ZJV00RMS,ST12000NM0007,12000138625024,0,71,11423136,98.0,0.0,100.0,2.0,100.0,0.0,89.0,862069172.0,92,7138,100.0,0.0,100,1,,,,,100.0,0.0,100.0,0.0,,,73.0,27.0,,,100.0,131.0,100.0,532.0,27,27,100.0,0.0,100.0,0.0,200.0,0.0,100.0,7046.0,100.0,42987983184.0,100.0,33927805510.0
2018-12-04,ZJV00RMS,ST12000NM0007,12000138625024,0,83,222650584,98.0,0.0,100.0,2.0,100.0,0.0,89.0,864073869.0,92,7163,100.0,0.0,100,1,,,,,100.0,0.0,100.0,0.0,,,73.0,27.0,,,100.0,131.0,100.0,533.0,27,27,100.0,0.0,100.0,0.0,200.0,0.0,100.0,7071.0,100.0,43027525424.0,100.0,34099490718.0
2018-12-05,ZJV00RMS,ST12000NM0007,12000138625024,0,83.0,190928104.0,98.0,0.0,100.0,2.0,100.0,0.0,89.0,866144139.0,92.0,7186.0,100.0,0.0,100.0,1.0,,,,,100.0,0.0,100.0,0.0,,,74.0,26.0,,,100.0,131.0,100.0,534.0,26.0,26.0,100.0,0.0,100.0,0.0,200.0,0.0,100.0,7094.0,100.0,43080006552.0,100.0,34259427822.0
2018-12-06,ZJV00RMS,ST12000NM0007,12000138625024,0,74,27933672,98.0,0.0,100.0,2.0,100.0,0.0,89.0,869947601.0,92,7205,100.0,0.0,100,1,,,,,100.0,0.0,100.0,0.0,,,73.0,27.0,,,100.0,131.0,100.0,534.0,27,27,100.0,0.0,100.0,0.0,200.0,0.0,100.0,7113.0,100.0,43169600952.0,100.0,34495120254.0
2018-12-07,ZJV00RMS,ST12000NM0007,12000138625024,0,83,193239872,98.0,0.0,100.0,2.0,100.0,0.0,89.0,872077440.0,92,7229,100.0,0.0,100,1,,,,,100.0,0.0,100.0,0.0,,,74.0,26.0,,,100.0,132.0,100.0,535.0,26,26,100.0,0.0,100.0,0.0,200.0,0.0,100.0,7137.0,100.0,43204042352.0,100.0,34625985054.0
2018-12-08,ZJV00RMS,ST12000NM0007,12000138625024,0,82,151993032,98.0,0.0,100.0,2.0,100.0,0.0,89.0,874323917.0,92,7254,100.0,0.0,100,1,,,,,100.0,0.0,100.0,0.0,,,74.0,26.0,,,100.0,133.0,100.0,536.0,26,26,100.0,0.0,100.0,0.0,200.0,0.0,100.0,7161.0,100.0,43246244704.0,100.0,34786676542.0
2018-12-09,ZJV00RMS,ST12000NM0007,12000138625024,0,83,203709912,98.0,0.0,100.0,2.0,100.0,0.0,89.0,880092257.0,92,7277,100.0,0.0,100,1,,,,,100.0,0.0,100.0,0.0,,,74.0,26.0,,,100.0,134.0,100.0,537.0,26,26,100.0,0.0,100.0,0.0,200.0,0.0,100.0,7184.0,100.0,43368613592.0,100.0,34960165166.0
2018-12-10,ZJV00RMS,ST12000NM0007,12000138625024,0,81,129854720,98.0,0.0,100.0,2.0,100.0,0.0,89.0,882034670.0,92,7302,100.0,0.0,100,1,,,,,100.0,0.0,100.0,0.0,,,74.0,26.0,,,100.0,135.0,100.0,538.0,26,26,100.0,0.0,100.0,0.0,200.0,0.0,100.0,7209.0,100.0,43402504184.0,100.0,35096560014.0
2018-12-11,ZJV00RMS,ST12000NM0007,12000138625024,0,72,15302616,98.0,0.0,100.0,2.0,100.0,0.0,89.0,883634955.0,92,7325,100.0,0.0,100,1,,,,,100.0,0.0,100.0,0.0,,,74.0,26.0,,,100.0,136.0,100.0,539.0,26,26,100.0,0.0,100.0,0.0,200.0,0.0,100.0,7232.0,100.0,43436318152.0,100.0,35192334574.0
2018-12-12,ZJV00RMS,ST12000NM0007,12000138625024,0,75,35235152,98.0,0.0,100.0,2.0,100.0,0.0,89.0,886996807.0,92,7350,100.0,0.0,100,1,,,,,100.0,0.0,100.0,0.0,,,74.0,26.0,,,100.0,136.0,100.0,540.0,26,26,100.0,0.0,100.0,0.0,200.0,0.0,100.0,7257.0,100.0,43513157432.0,100.0,35379568462.0
2018-12-13,ZJV00RMS,ST12000NM0007,12000138625024,0,79,82387224,98.0,0.0,100.0,2.0,100.0,0.0,89.0,891150994.0,92,7373,100.0,0.0,100,1,,,,,100.0,0.0,100.0,0.0,,,72.0,28.0,,,100.0,136.0,100.0,541.0,28,28,100.0,0.0,100.0,0.0,200.0,0.0,100.0,7280.0,100.0,43607409472.0,100.0,35576609350.0
2018-12-14,ZJV00RMS,ST12000NM0007,12000138625024,0,78,62076944,98.0,0.0,100.0,2.0,100.0,0.0,90.0,894995587.0,92,7397,100.0,0.0,100,1,,,,,100.0,0.0,100.0,0.0,,,73.0,27.0,,,100.0,137.0,100.0,542.0,27,27,100.0,0.0,100.0,0.0,200.0,0.0,100.0,7304.0,100.0,43685740352.0,100.0,35722108822.0
2018-12-15,ZJV00RMS,ST12000NM0007,12000138625024,0,70,9641592,98.0,0.0,100.0,2.0,100.0,0.0,90.0,897598816.0,92,7421,100.0,0.0,100,1,,,,,100.0,0.0,100.0,0.0,,,73.0,27.0,,,100.0,138.0,100.0,543.0,27,27,100.0,0.0,100.0,0.0,200.0,0.0,100.0,7328.0,100.0,43734925032.0,100.0,35864629422.0
2018-12-16,ZJV00RMS,ST12000NM0007,12000138625024,0,78,60165888,98.0,0.0,100.0,2.0,100.0,0.0,90.0,903415476.0,92,7445,100.0,0.0,100,1,,,,,100.0,0.0,100.0,0.0,,,73.0,27.0,,,100.0,138.0,100.0,544.0,27,27,100.0,0.0,100.0,0.0,200.0,0.0,100.0,7352.0,100.0,43837495384.0,100.0,36056724054.0
2018-12-17,ZJV00RMS,ST12000NM0007,12000138625024,0,75,28811824,98.0,0.0,100.0,2.0,100.0,0.0,90.0,905772847.0,92,7469,100.0,0.0,100,1,,,,,100.0,0.0,100.0,0.0,,,73.0,27.0,,,100.0,138.0,100.0,545.0,27,27,100.0,0.0,100.0,0.0,200.0,0.0,100.0,7376.0,100.0,43891569464.0,100.0,36215436646.0
2018-12-18,ZJV00RMS,ST12000NM0007,12000138625024,0,83,197801520,98.0,0.0,100.0,2.0,100.0,0.0,90.0,907620947.0,92,7493,100.0,0.0,100,1,,,,,100.0,0.0,100.0,0.0,,,73.0,27.0,,,100.0,139.0,100.0,546.0,27,27,100.0,0.0,100.0,0.0,200.0,0.0,100.0,7400.0,100.0,43930836144.0,100.0,36345159662.0
2018-12-19,ZJV00RMS,ST12000NM0007,12000138625024,0,82,159526904,98.0,0.0,100.0,2.0,100.0,0.0,90.0,909858627.0,92,7518,100.0,0.0,100,1,,,,,100.0,0.0,100.0,0.0,,,73.0,27.0,,,100.0,139.0,100.0,547.0,27,27,100.0,0.0,100.0,0.0,200.0,0.0,100.0,7424.0,100.0,43982828560.0,100.0,36499033398.0
2018-12-20,ZJV00RMS,ST12000NM0007,12000138625024,0,64,2493968,98.0,0.0,100.0,2.0,100.0,0.0,90.0,914142170.0,92,7542,100.0,0.0,100,1,,,,,100.0,0.0,100.0,0.0,,,73.0,27.0,,,100.0,139.0,100.0,548.0,27,27,100.0,0.0,100.0,0.0,200.0,0.0,100.0,7448.0,100.0,44079168832.0,100.0,36733941710.0
2018-12-21,ZJV00RMS,ST12000NM0007,12000138625024,0,75,29199296,98.0,0.0,100.0,2.0,100.0,0.0,90.0,917849312.0,92,7566,100.0,0.0,100,1,,,,,100.0,0.0,100.0,0.0,,,73.0,27.0,,,100.0,139.0,100.0,549.0,27,27,100.0,0.0,100.0,0.0,200.0,0.0,100.0,7472.0,100.0,44149439168.0,100.0,36934517390.0
2018-12-22,ZJV00RMS,ST12000NM0007,12000138625024,0,84,227585392,98.0,0.0,100.0,2.0,100.0,0.0,90.0,920107380.0,92,7590,100.0,0.0,100,1,,,,,100.0,0.0,100.0,0.0,,,73.0,27.0,,,100.0,140.0,100.0,550.0,27,27,100.0,0.0,100.0,0.0,200.0,0.0,100.0,7496.0,100.0,44192691040.0,100.0,37089651614.0
2018-12-23,ZJV00RMS,ST12000NM0007,12000138625024,0,83,218388560,98.0,0.0,100.0,2.0,100.0,0.0,90.0,924976978.0,92,7606,100.0,0.0,100,1,,,,,100.0,0.0,100.0,0.0,,,74.0,26.0,,,100.0,141.0,100.0,551.0,26,26,100.0,0.0,100.0,0.0,200.0,0.0,100.0,7512.0,100.0,44287606072.0,100.0,37229680694.0
2018-12-24,ZJV00RMS,ST12000NM0007,12000138625024,0,71,11904632,98.0,0.0,100.0,2.0,100.0,0.0,90.0,928260334.0,92,7637,100.0,0.0,100,1,,,,,100.0,0.0,100.0,0.0,,,73.0,27.0,,,100.0,142.0,100.0,552.0,27,27,100.0,0.0,100.0,0.0,200.0,0.0,100.0,7543.0,100.0,44354246552.0,100.0,37444837726.0
2018-12-25,ZJV00RMS,ST12000NM0007,12000138625024,0,80,108369672,98.0,0.0,100.0,2.0,100.0,0.0,90.0,932717942.0,92,7661,100.0,0.0,100,1,,,,,100.0,0.0,100.0,0.0,,,73.0,27.0,,,100.0,143.0,100.0,553.0,27,27,100.0,0.0,100.0,0.0,200.0,0.0,100.0,7568.0,100.0,44440234624.0,100.0,37699455526.0
2018-12-26,ZJV00RMS,ST12000NM0007,12000138625024,0,81,116214840,98.0,0.0,100.0,2.0,100.0,0.0,90.0,936660996.0,92,7685,100.0,0.0,100,1,,,,,100.0,0.0,100.0,0.0,,,73.0,27.0,,,100.0,143.0,100.0,554.0,27,27,100.0,0.0,100.0,0.0,200.0,0.0,100.0,7591.0,100.0,44493166824.0,100.0,37898509206.0
2018-12-27,ZJV00RMS,ST12000NM0007,12000138625024,0,83,219667800,98.0,0.0,100.0,2.0,100.0,0.0,90.0,941370618.0,92,7710,100.0,0.0,100,1,,,,,100.0,0.0,100.0,0.0,,,73.0,27.0,,,100.0,144.0,100.0,555.0,27,27,100.0,0.0,100.0,0.0,200.0,0.0,100.0,7616.0,100.0,44594899648.0,100.0,38144370334.0
2018-12-28,ZJV00RMS,ST12000NM0007,12000138625024,0,71,11271832,98.0,0.0,100.0,2.0,100.0,0.0,90.0,945092488.0,92,7733,100.0,0.0,100,1,,,,,100.0,0.0,100.0,0.0,,,73.0,27.0,,,100.0,144.0,100.0,556.0,27,27,100.0,0.0,100.0,0.0,200.0,0.0,100.0,7639.0,100.0,44680925600.0,100.0,38338231038.0
2018-12-29,ZJV00RMS,ST12000NM0007,12000138625024,0,84,236581048,98.0,0.0,100.0,2.0,100.0,0.0,90.0,947279706.0,92,7757,100.0,0.0,100,1,,,,,100.0,0.0,100.0,0.0,,,73.0,27.0,,,100.0,144.0,100.0,557.0,27,27,100.0,0.0,100.0,0.0,200.0,0.0,100.0,7663.0,100.0,44751056808.0,100.0,38493409046.0
2018-12-30,ZJV00RMS,ST12000NM0007,12000138625024,0,79,88771352,98.0,0.0,100.0,2.0,100.0,0.0,90.0,953385535.0,92,7781,100.0,0.0,100,1,,,,,100.0,0.0,100.0,0.0,,,73.0,27.0,,,100.0,145.0,100.0,558.0,27,27,100.0,0.0,100.0,0.0,200.0,0.0,100.0,7687.0,100.0,44903236568.0,100.0,38681701198.0
2018-12-31,ZJV00RMS,ST12000NM0007,12000138625024,0,80,107454672,98.0,0.0,100.0,2.0,100.0,0.0,90.0,955652227.0,92,7806,100.0,0.0,100,1,,,,,100.0,0.0,100.0,0.0,,,73.0,27.0,,,100.0,146.0,100.0,559.0,27,27,100.0,0.0,100.0,0.0,200.0,0.0,100.0,7711.0,100.0,44989516720.0,100.0,38858245094.0
