2018-01-13,ZJV009EX,ST12000NM0007,12000138625024,0,83.0,180694032.0,99.0,0.0,100.0,1.0,100,0,63.0,2129136.0,100,61,100.0,0.0,100,1,,,,,100.0,0.0,100.0,0.0,,,67.0,33.0,,,100.0,0.0,100.0,64.0,33.0,33.0,100.0,0.0,100.0,0.0,200,0,100.0,33.0,100.0,643694912.0,100.0,269447570.0
2018-01-14,ZJV009EX,ST12000NM0007,12000138625024,0,83.0,180985264.0,99.0,0.0,100.0,1.0,100,0,63.0,2164694.0,100,85,100.0,0.0,100,1,,,,,100.0,0.0,100.0,0.0,,,66.0,34.0,,,100.0,1.0,100.0,65.0,34.0,34.0,100.0,0.0,100.0,0.0,200,0,100.0,58.0,100.0,643787040.0,100.0,269646674.0
2018-01-15,ZJV009EX,ST12000NM0007,12000138625024,0,83.0,181265480.0,99.0,0.0,100.0,1.0,100,0,63.0,2198426.0,100,109,100.0,0.0,100,1,,,,,100.0,0.0,100.0,0.0,,,66.0,34.0,,,100.0,2.0,100.0,66.0,34.0,34.0,100.0,0.0,100.0,0.0,200,0,100.0,81.0,100.0,643876448.0,100.0,269837482.0
2018-01-16,ZJV009EX,ST12000NM0007,12000138625024,0,83.0,181557840.0,99.0,0.0,100.0,1.0,100,0,63.0,2232776.0,100,133,100.0,0.0,100,1,,,,,100.0,0.0,100.0,0.0,,,68.0,32.0,,,100.0,3.0,100.0,67.0,32.0,32.0,100.0,0.0,100.0,0.0,200,0,100.0,105.0,100.0,643969704.0,100.0,270036586.0
2018-01-17,ZJV009EX,ST12000NM0007,12000138625024,0,83.0,181837520.0,99.0,0.0,100.0,1.0,100,0,64.0,2266582.0,100,156,100.0,0.0,100,1,,,,,100.0,0.0,100.0,0.0,,,67.0,33.0,,,100.0,4.0,100.0,68.0,33.0,33.0,100.0,0.0,100.0,0.0,200,0,100.0,128.0,100.0,644058576.0,100.0,270227394.0
2018-01-18,ZJV009EX,ST12000NM0007,12000138625024,0,83.0,182127720.0,99.0,0.0,100.0,1.0,100.0,0.0,64.0,2300527.0,100.0,181.0,100.0,0.0,100.0,1.0,,,,,100.0,0.0,100.0,0.0,,,68.0,32.0,,,100.0,5.0,100.0,69.0,32.0,32.0,100.0,0.0,100.0,0.0,200.0,0.0,100.0,153.0,100.0,644149672.0,100.0,270426498.0
2018-01-19,ZJV009EX,ST12000NM0007,12000138625024,0,83.0,182418120.0,99.0,0.0,100.0,1.0,100.0,0.0,64.0,2335525.0,100.0,205.0,100.0,0.0,100.0,1.0,,,,,100.0,0.0,100.0,0.0,,,67.0,33.0,,,100.0,6.0,100.0,70.0,33.0,33.0,100.0,0.0,100.0,0.0,200.0,0.0,100.0,177.0,100.0,644240968.0,100.0,270625602.0
2018-01-20,ZJV009EX,ST12000NM0007,12000138625024,0,83.0,182696136.0,99.0,0.0,100.0,1.0,100,0,64.0,2367729.0,100,229,100.0,0.0,100,1,,,,,100.0,0.0,100.0,0.0,,,68.0,32.0,,,100.0,7.0,100.0,71.0,32.0,32.0,100.0,0.0,100.0,0.0,200,0,100.0,201.0,100.0,644324720.0,100.0,270819866.0
2018-01-21,ZJV009EX,ST12000NM0007,12000138625024,0,83.0,182982888.0,99.0,0.0,100.0,1.0,100,0,64.0,2401015.0,100,253,100.0,0.0,100,1,,,,,100.0,0.0,100.0,0.0,,,68.0,32.0,,,100.0,8.0,100.0,72.0,32.0,32.0,100.0,0.0,100.0,0.0,200,0,100.0,225.0,100.0,644412368.0,100.0,271018970.0
2018-01-22,ZJV009EX,ST12000NM0007,12000138625024,0,83.0,183256616.0,99.0,0.0,100.0,1.0,100,0,64.0,2432835.0,100,276,100.0,0.0,100,1,,,,,100.0,0.0,100.0,0.0,,,67.0,33.0,,,100.0,9.0,100.0,73.0,33.0,33.0,100.0,0.0,100.0,0.0,200,0,100.0,248.0,100.0,644495288.0,100.0,271209778.0
2018-01-23,ZJV009EX,ST12000NM0007,12000138625024,0,83.0,183542304.0,99.0,0.0,100.0,1.0,100,0,64.0,2465768.0,100,301,100.0,0.0,100,1,,,,,100.0,0.0,100.0,0.0,,,68.0,32.0,,,100.0,10.0,100.0,74.0,32.0,32.0,100.0,0.0,100.0,0.0,200,0,100.0,272.0,100.0,644581872.0,100.0,271408882.0
2018-01-24,ZJV009EX,ST12000NM0007,12000138625024,0,83.0,183827240.0,99.0,0.0,100.0,1.0,100,0,64.0,2499032.0,100,325,100.0,0.0,100,1,,,,,100.0,0.0,100.0,0.0,,,68.0,32.0,,,100.0,11.0,100.0,75.0,32.0,32.0,100.0,0.0,100.0,0.0,200,0,100.0,297.0,100.0,644667704.0,100.0,271607986.0
2018-01-25,ZJV009EX,ST12000NM0007,12000138625024,0,83.0,184101992.0,99.0,0.0,100.0,1.0,100,0,64.0,2530920.0,100,349,100.0,0.0,100,1,,,,,100.0,0.0,100.0,0.0,,,68.0,32.0,,,100.0,12.0,100.0,76.0,32.0,32.0,100.0,0.0,100.0,0.0,200,0,100.0,320.0,100.0,644751648.0,100.0,271798794.0
2018-01-26,ZJV009EX,ST12000NM0007,12000138625024,0,83.0,184387016.0,99.0,0.0,100.0,1.0,100,0,64.0,2563815.0,100,373,100.0,0.0,100,1,,,,,100.0,0.0,100.0,0.0,,,68.0,32.0,,,100.0,12.0,100.0,77.0,32.0,32.0,100.0,0.0,100.0,0.0,200,0,100.0,344.0,100.0,644837568.0,100.0,271997898.0
2018-01-27,ZJV009EX,ST12000NM0007,12000138625024,0,83.0,184660648.0,99.0,0.0,100.0,1.0,100,0,64.0,2595277.0,100,396,100.0,0.0,100,1,,,,,100.0,0.0,100.0,0.0,,,68.0,32.0,,,100.0,13.0,100.0,78.0,32.0,32.0,100.0,0.0,100.0,0.0,200,0,100.0,368.0,100.0,644920392.0,100.0,272188706.0
2018-01-28,ZJV009EX,ST12000NM0007,12000138625024,0,83.0,184945640.0,99.0,0.0,100.0,1.0,100,0,64.0,2628338.0,100,421,100.0,0.0,100,1,,,,,100.0,0.0,100.0,0.0,,,68.0,32.0,,,100.0,14.0,100.0,79.0,32.0,32.0,100.0,0.0,100.0,0.0,200,0,100.0,392.0,100.0,645006288.0,100.0,272387810.0
2018-01-29,ZJV009EX,ST12000NM0007,12000138625024,0,83.0,185230792.0,99.0,0.0,100.0,1.0,100,0,64.0,2661421.0,100,445,100.0,0.0,100,1,,,,,100.0,0.0,100.0,0.0,,,68.0,32.0,,,100.0,15.0,100.0,80.0,32.0,32.0,100.0,0.0,100.0,0.0,200,0,100.0,416.0,100.0,645092336.0,100.0,272586914.0
2018-01-30,ZJV009EX,ST12000NM0007,12000138625024,0,83.0,185505432.0,99.0,0.0,100.0,1.0,100,0,64.0,2693355.0,100,469,100.0,0.0,100,1,,,,,100.0,0.0,100.0,0.0,,,68.0,32.0,,,100.0,16.0,100.0,81.0,32.0,32.0,100.0,0.0,100.0,0.0,200,0,100.0,439.0,100.0,645176168.0,100.0,272777722.0
2018-01-31,ZJV009EX,ST12000NM0007,12000138625024,0,83.0,185789000.0,99.0,0.0,100.0,1.0,100.0,0.0,64.0,2726483.0,100.0,493.0,100.0,0.0,100.0,1.0,,,,,100.0,0.0,100.0,0.0,,,68.0,32.0,,,100.0,17.0,100.0,82.0,32.0,32.0,100.0,0.0,100.0,0.0,200.0,0.0,100.0,464.0,100.0,645260632.0,100.0,272976826.0
2018-02-01,ZJV009EX,ST12000NM0007,12000138625024,0,83.0,186061872.0,99.0,0.0,100.0,1.0,100,0,64.0,2757959.0,100,516,100.0,0.0,100,1,,,,,100.0,0.0,100.0,0.0,,,68.0,32.0,,,100.0,18.0,100.0,83.0,32.0,32.0,100.0,0.0,100.0,0.0,200,0,100.0,487.0,100.0,645341896.0,100.0,273168434.0
2018-02-02,ZJV009EX,ST12000NM0007,12000138625024,0,83.0,186345584.0,99.0,0.0,100.0,1.0,100,0,64.0,2790833.0,100,541,100.0,0.0,100,1,,,,,100.0,0.0,100.0,0.0,,,68.0,32.0,,,100.0,19.0,100.0,84.0,32.0,32.0,100.0,0.0,100.0,0.0,200,0,100.0,511.0,100.0,645426504.0,100.0,273367538.0
2018-02-03,ZJV009EX,ST12000NM0007,12000138625024,0,83.0,186629288.0,99.0,0.0,100.0,1.0,100,0,65.0,2823344.0,100,565,100.0,0.0,100,1,,,,,100.0,0.0,100.0,0.0,,,67.0,33.0,,,100.0,20.0,100.0,85.0,33.0,33.0,100.0,0.0,100.0,0.0,200,0,100.0,536.0,100.0,645511104.0,100.0,273566642.0
2018-02-04,ZJV009EX,ST12000NM0007,12000138625024,0,83.0,186900864.0,99.0,0.0,100.0,1.0,100,0,65.0,2854737.0,100,589,100.0,0.0,100,1,,,,,100.0,0.0,100.0,0.0,,,67.0,33.0,,,100.0,21.0,100.0,86.0,33.0,33.0,100.0,0.0,100.0,0.0,200,0,100.0,559.0,100.0,645591872.0,100.0,273757450.0
2018-02-05,ZJV009EX,ST12000NM0007,12000138625024,0,83.0,187183832.0,99.0,0.0,100.0,1.0,100,0,65.0,2887188.0,100,613,100.0,0.0,100,1,,,,,100.0,0.0,100.0,0.0,,,67.0,33.0,,,100.0,22.0,100.0,87.0,33.0,33.0,100.0,0.0,100.0,0.0,200,0,100.0,583.0,100.0,645675736.0,100.0,273956554.0
2018-02-06,ZJV009EX,ST12000NM0007,12000138625024,0,83.0,187466472.0,99.0,0.0,100.0,1.0,100,0,65.0,2919874.0,100,637,100.0,0.0,100,1,,,,,100.0,0.0,100.0,0.0,,,68.0,32.0,,,100.0,23.0,100.0,88.0,32.0,32.0,100.0,0.0,100.0,0.0,200,0,100.0,608.0,100.0,645759264.0,100.0,274155666.0
2018-02-07,ZJV009EX,ST12000NM0007,12000138625024,0,83.0,187738464.0,99.0,0.0,100.0,1.0,100,0,65.0,2951150.0,100,661,100.0,0.0,100,1,,,,,100.0,0.0,100.0,0.0,,,68.0,32.0,,,100.0,24.0,100.0,89.0,32.0,32.0,100.0,0.0,100.0,0.0,200,0,100.0,631.0,100.0,645840448.0,100.0,274346474.0
2018-02-08,ZJV009EX,ST12000NM0007,12000138625024,0,83.0,188024208.0,99.0,0.0,100.0,1.0,100,0,65.0,2984276.0,100,685,100.0,0.0,100,1,,,,,100.0,0.0,100.0,0.0,,,68.0,32.0,,,100.0,25.0,100.0,90.0,32.0,32.0,100.0,0.0,100.0,0.0,200,0,100.0,655.0,100.0,645927088.0,100.0,274545578.0
2018-02-09,ZJV009EX,ST12000NM0007,12000138625024,0,83,188297696,99,0,100,1,100,0,65,3015829,100,709,100,0,100,1,,,,,100.0,0.0,100.0,0.0,,,68.0,32.0,,,100.0,26.0,100.0,91.0,32,32,100,0,100,0,200,0,100.0,678.0,100.0,646009768.0,100.0,274736386.0
2018-02-10,ZJV009EX,ST12000NM0007,12000138625024,0,83.0,188582952.0,99.0,0.0,100.0,1.0,100.0,0.0,65.0,3048919.0,100.0,733.0,100.0,0.0,100.0,1.0,,,,,100.0,0.0,100.0,0.0,,,68.0,32.0,,,100.0,27.0,100.0,92.0,32.0,32.0,100.0,0.0,100.0,0.0,200.0,0.0,100.0,703.0,100.0,646095928.0,100.0,274935490.0
2018-02-11,ZJV009EX,ST12000NM0007,12000138625024,0,83,188868352,99,0,100,1,100,0,65,3081819,100,757,100,0,100,1,,,,,100.0,0.0,100.0,0.0,,,67.0,33.0,,,100.0,28.0,100.0,93.0,33,33,100,0,100,0,200,0,100.0,727.0,100.0,646182224.0,100.0,275134594.0
2018-02-12,ZJV009EX,ST12000NM0007,12000138625024,0,83,189142040,99,0,100,1,100,0,65,3113910,100,781,100,0,100,1,,,,,100.0,0.0,100.0,0.0,,,68.0,32.0,,,100.0,29.0,100.0,94.0,32,32,100,0,100,0,200,0,100.0,750.0,100.0,646265104.0,100.0,275325402.0
2018-02-13,ZJV009EX,ST12000NM0007,12000138625024,0,83,189427224,99,0,100,1,100,0,65,3147074,100,805,100,0,100,1,,,,,100.0,0.0,100.0,0.0,,,69.0,31.0,,,100.0,30.0,100.0,95.0,31,31,100,0,100,0,200,0,100.0,775.0,100.0,646351184.0,100.0,275524506.0
2018-02-14,ZJV009EX,ST12000NM0007,12000138625024,0,83,189701232,99,0,100,1,100,0,65,3179131,100,829,100,0,100,1,,,,,100.0,0.0,100.0,0.0,,,69.0,31.0,,,100.0,31.0,100.0,96.0,31,31,100,0,100,0,200,0,100.0,798.0,100.0,646434384.0,100.0,275715314.0
2018-02-15,ZJV009EX,ST12000NM0007,12000138625024,0,83,189988040,99,0,100,1,100,0,65,3212499,100,853,100,0,100,1,,,,,100.0,0.0,100.0,0.0,,,69.0,31.0,,,100.0,32.0,100.0,97.0,31,31,100,0,100,0,200,0,100.0,822.0,100.0,646522088.0,100.0,275914418.0
2018-02-16,ZJV009EX,ST12000NM0007,12000138625024,0,83,190271216,99,0,100,1,100,0,65,3245306,99,877,100,0,100,1,,,,,100.0,0.0,100.0,0.0,,,67.0,33.0,,,100.0,33.0,100.0,98.0,33,33,100,0,100,0,200,0,100.0,846.0,100.0,646606160.0,100.0,276113522.0
2018-02-17,ZJV009EX,ST12000NM0007,12000138625024,0,83,190543704,99,0,100,1,100,0,65,3276705,99,901,100,0,100,1,,,,,100.0,0.0,100.0,0.0,,,69.0,31.0,,,100.0,34.0,100.0,99.0,31,31,100,0,100,0,200,0,100.0,870.0,100.0,646687840.0,100.0,276304330.0
2018-02-18,ZJV009EX,ST12000NM0007,12000138625024,0,83,190830000,99,0,100,1,100,0,65,3309899,99,925,100,0,100,1,,,,,100.0,0.0,100.0,0.0,,,71.0,29.0,,,100.0,35.0,100.0,100.0,29,29,100,0,100,0,200,0,100.0,894.0,100.0,646775032.0,100.0,276503434.0
2018-02-19,ZJV009EX,ST12000NM0007,12000138625024,0,83,191104816,99,0,100,1,100,0,65,3342012,99,949,100,0,100,1,,,,,100.0,0.0,100.0,0.0,,,70.0,30.0,,,100.0,36.0,100.0,101.0,30,30,100,0,100,0,200,0,100.0,917.0,100.0,646859040.0,100.0,276694242.0
2018-02-20,ZJV009EX,ST12000NM0007,12000138625024,0,83,191389992,99,0,100,1,100,0,65,3375343,99,973,100,0,100,1,,,,,100.0,0.0,100.0,0.0,,,70.0,30.0,,,100.0,37.0,100.0,102.0,30,30,100,0,100,0,200,0,100.0,941.0,100.0,646945112.0,100.0,276893346.0
2018-02-21,ZJV009EX,ST12000NM0007,12000138625024,0,83,191676136,99,0,100,1,100,0,65,3408381,99,997,100,0,100,1,,,,,100.0,0.0,100.0,0.0,,,69.0,31.0,,,100.0,38.0,100.0,103.0,31,31,100,0,100,0,200,0,100.0,966.0,100.0,647032152.0,100.0,277092450.0
2018-02-22,ZJV009EX,ST12000NM0007,12000138625024,0,83,191951488,99,0,100,1,100,0,65,3439916,99,1021,100,0,100,1,,,,,100.0,0.0,100.0,0.0,,,69.0,31.0,,,100.0,39.0,100.0,104.0,31,31,100,0,100,0,200,0,100.0,989.0,100.0,647116696.0,100.0,277283258.0
2018-02-23,ZJV009EX,ST12000NM0007,12000138625024,0,83,192226880,99,0,100,1,100,0,65,3472242,99,1045,100,0,100,1,,,,,100.0,0.0,100.0,0.0,,,69.0,31.0,,,100.0,40.0,100.0,105.0,31,31,100,0,100,0,200,0,100.0,1013.0,100.0,647201280.0,100.0,277474066.0
2018-02-24,ZJV009EX,ST12000NM0007,12000138625024,0,83,192513344,99,0,100,1,100,0,65,3505449,99,1069,100,0,100,1,,,,,100.0,0.0,100.0,0.0,,,69.0,31.0,,,100.0,41.0,100.0,106.0,31,31,100,0,100,0,200,0,100.0,1037.0,100.0,647288640.0,100.0,277673170.0
2018-02-25,ZJV009EX,ST12000NM0007,12000138625024,0,83,192787536,99,0,100,1,100,0,65,3537288,99,1092,100,0,100,1,,,,,100.0,0.0,100.0,0.0,,,69.0,31.0,,,100.0,42.0,100.0,107.0,31,31,100,0,100,0,200,0,100.0,1060.0,100.0,647372024.0,100.0,277863978.0
2018-02-26,ZJV009EX,ST12000NM0007,12000138625024,0,83,193074272,99,0,100,1,100,0,66,3570386,99,1117,100,0,100,1,,,,,100.0,0.0,100.0,0.0,,,69.0,31.0,,,100.0,43.0,100.0,108.0,31,31,100,0,100,0,200,0,100.0,1085.0,100.0,647459656.0,100.0,278063082.0
2018-02-27,ZJV009EX,ST12000NM0007,12000138625024,0,83,223214920,99,0,100,1,100,0,66,3874931,99,1138,100,0,100,1,,,,,100.0,0.0,100.0,0.0,,,69.0,31.0,,,100.0,44.0,100.0,109.0,31,31,100,0,100,0,200,0,100.0,1106.0,100.0,662665816.0,100.0,292997570.0
2018-02-28,ZJV009EX,ST12000NM0007,12000138625024,0,83,182547960,99,0,100,1,100,0,68,6753183,99,1162,100,0,100,1,,,,,100.0,0.0,100.0,0.0,,,65.0,35.0,,,100.0,44.0,100.0,110.0,35,35,100,0,100,0,200,0,100.0,1130.0,100.0,907028784.0,100.0,496249690.0
2018-03-01,ZJV009EX,ST12000NM0007,12000138625024,0,82,143250648,99,0,100,1,100,0,70,10601723,99,1189,100,0,100,1,,,,,100.0,0.0,100.0,0.0,,,66.0,34.0,,,100.0,44.0,100.0,112.0,34,34,100,0,100,0,200,0,100.0,1156.0,100.0,1277831832.0,100.0,818571434.0
2018-03-02,ZJV009EX,ST12000NM0007,12000138625024,0,84,227669992,99,0,100,1,100,0,71,13906694,99,1213,100,0,100,1,,,,,100.0,0.0,100.0,0.0,,,66.0,34.0,,,100.0,44.0,100.0,113.0,34,34,100,0,100,0,200,0,100.0,1181.0,100.0,1575736456.0,100.0,1093367922.0
2018-03-03,ZJV009EX,ST12000NM0007,12000138625024,0,80,102359888,99,0,100,1,100,0,72,17333361,99,1237,100,0,100,1,,,,,100.0,0.0,100.0,0.0,,,66.0,34.0,,,100.0,44.0,100.0,114.0,34,34,100,0,100,0,200,0,100.0,1204.0,100.0,1893792344.0,100.0,1382424186.0
2018-03-04,ZJV009EX,ST12000NM0007,12000138625024,0,84,231265312,99,0,100,1,100,0,73,20818720,99,1262,100,0,100,1,,,,,100.0,0.0,100.0,0.0,,,66.0,34.0,,,100.0,44.0,100.0,115.0,34,34,100,0,100,0,200,0,100.0,1228.0,100.0,2224201200.0,100.0,1669202378.0
2018-03-05,ZJV009EX,ST12000NM0007,12000138625024,0,79,77381472,99,0,100,1,100,0,74,24286653,99,1286,100,0,100,1,,,,,100.0,0.0,100.0,0.0,,,66.0,34.0,,,100.0,44.0,100.0,116.0,34,34,100,0,100,0,200,0,100.0,1252.0,100.0,2542928904.0,100.0,1929013266.0
2018-03-06,ZJV009EX,ST12000NM0007,12000138625024,0,74,27430640,99,0,100,1,100,0,74,26933767,99,1304,100,0,100,1,,,,,100.0,0.0,100.0,0.0,,,65.0,35.0,,,100.0,44.0,100.0,117.0,35,35,100,0,100,0,200,0,100.0,1271.0,100.0,2781529400.0,100.0,2128743466.0
2018-03-07,ZJV009EX,ST12000NM0007,12000138625024,0,80.0,105961800.0,99.0,0.0,100.0,1.0,100.0,0.0,75.0,30248249.0,99.0,1328.0,100.0,0.0,100.0,1.0,,,,,100.0,0.0,100.0,0.0,,,66.0,34.0,,,100.0,44.0,100.0,118.0,34.0,34.0,100.0,0.0,100.0,0.0,200.0,0.0,100.0,1294.0,100.0,3086391872.0,100.0,2390693434.0
2018-03-08,ZJV009EX,ST12000NM0007,12000138625024,0,81,127171464,99,0,100,1,100,0,75,34520084,99,1357,100,0,100,1,,,,,100.0,0.0,100.0,0.0,,,66.0,34.0,,,100.0,44.0,100.0,119.0,34,34,100,0,100,0,200,0,100.0,1323.0,100.0,3482336480.0,100.0,2748380882.0
2018-03-09,ZJV009EX,ST12000NM0007,12000138625024,0,83,210932624,99,0,100,1,100,0,76,37903366,99,1381,100,0,100,1,,,,,100.0,0.0,100.0,0.0,,,66.0,34.0,,,100.0,44.0,100.0,120.0,34,34,100,0,100,0,200,0,100.0,1348.0,100.0,3778631824.0,100.0,3024128378.0
2018-03-10,ZJV009EX,ST12000NM0007,12000138625024,0,77,45763152,99,0,100,1,100,0,76,41344810,99,1405,100,0,100,1,,,,,100.0,0.0,100.0,0.0,,,66.0,34.0,,,100.0,44.0,100.0,121.0,34,34,100,0,100,0,200,0,100.0,1371.0,100.0,4100604408.0,100.0,3269408802.0
2018-03-11,ZJV009EX,ST12000NM0007,12000138625024,0,83,182356344,99,0,100,1,100,0,77,44942722,99,1430,100,0,100,1,,,,,100.0,0.0,100.0,0.0,,,66.0,34.0,,,100.0,44.0,100.0,122.0,34,34,100,0,100,0,200,0,100.0,1396.0,100.0,4438036728.0,100.0,3556851362.0
2018-03-12,ZJV009EX,ST12000NM0007,12000138625024,0,73,21812496,99,0,100,1,100,0,77,48377008,99,1453,100,0,100,1,,,,,100.0,0.0,100.0,0.0,,,66.0,34.0,,,100.0,45.0,100.0,123.0,34,34,100,0,100,0,200,0,100.0,1419.0,100.0,4728640248.0,100.0,3838126130.0
2018-03-13,ZJV009EX,ST12000NM0007,12000138625024,0,83,187927544,99,0,100,1,100,0,77,52021627,99,1477,100,0,100,1,,,,,100.0,0.0,100.0,0.0,,,66.0,34.0,,,100.0,45.0,100.0,124.0,34,34,100,0,100,0,200,0,100.0,1443.0,100.0,5071686984.0,100.0,4149476082.0
2018-03-14,ZJV009EX,ST12000NM0007,12000138625024,0,74,22472048,99,0,100,1,100,0,77,55620957,99,1502,100,0,100,1,,,,,100.0,0.0,100.0,0.0,,,66.0,34.0,,,100.0,45.0,100.0,125.0,34,34,100,0,100,0,200,0,100.0,1468.0,100.0,5364435136.0,100.0,4423694858.0
2018-03-15,ZJV009EX,ST12000NM0007,12000138625024,0,75,34787920,99,0,100,1,100,0,78,58906677,99,1525,100,0,100,1,,,,,100.0,0.0,100.0,0.0,,,66.0,34.0,,,100.0,45.0,100.0,126.0,34,34,100,0,100,0,200,0,100.0,1491.0,100.0,5626565136.0,100.0,4662162266.0
2018-03-16,ZJV009EX,ST12000NM0007,12000138625024,0,81.0,121396264.0,99.0,0.0,100.0,1.0,100.0,0.0,78.0,62448852.0,99.0,1549.0,100.0,0.0,100.0,1.0,,,,,100.0,0.0,100.0,0.0,,,66.0,34.0,,,100.0,45.0,100.0,127.0,34.0,34.0,100.0,0.0,100.0,0.0,200.0,0.0,100.0,1515.0,100.0,5928527392.0,100.0,4935090010.0
2018-03-17,ZJV009EX,ST12000NM0007,12000138625024,0,83,194286488,99,0,100,1,100,0,78,65865754,99,1573,100,0,100,1,,,,,100.0,0.0,100.0,0.0,,,66.0,34.0,,,100.0,45.0,100.0,128.0,34,34,100,0,100,0,200,0,100.0,1539.0,100.0,6202637704.0,100.0,5222151218.0
2018-03-18,ZJV009EX,ST12000NM0007,12000138625024,0,83,183461496,99,0,100,1,100,0,78,68921012,99,1596,100,0,100,1,,,,,100.0,0.0,100.0,0.0,,,67.0,33.0,,,100.0,45.0,100.0,129.0,33,33,100,0,100,0,200,0,100.0,1562.0,100.0,6445866768.0,100.0,5456378450.0
2018-03-19,ZJV009EX,ST12000NM0007,12000138625024,0,75,32866376,99,0,100,1,100,0,79,72612782,99,1621,100,0,100,1,,,,,100.0,0.0,100.0,0.0,,,67.0,33.0,,,100.0,45.0,100.0,130.0,33,33,100,0,100,0,200,0,100.0,1587.0,100.0,6754159872.0,100.0,5729912522.0
2018-03-20,ZJV009EX,ST12000NM0007,12000138625024,0,81,120014584,99,0,100,1,100,0,79,76102764,99,1645,100,0,100,1,,,,,100.0,0.0,100.0,0.0,,,66.0,34.0,,,100.0,45.0,100.0,131.0,34,34,100,0,100,0,200,0,100.0,1611.0,100.0,7048958248.0,100.0,6010543938.0
2018-03-21,ZJV009EX,ST12000NM0007,12000138625024,0,82,146376280,99,0,100,1,100,0,79,79387138,99,1668,100,0,100,1,,,,,100.0,0.0,100.0,0.0,,,67.0,33.0,,,100.0,45.0,100.0,132.0,33,33,100,0,100,0,200,0,100.0,1634.0,100.0,7324674336.0,100.0,6249471042.0
2018-03-22,ZJV009EX,ST12000NM0007,12000138625024,0,83,215039656,99,0,100,1,100,0,79,83066586,99,1693,100,0,100,1,,,,,100.0,0.0,100.0,0.0,,,67.0,33.0,,,100.0,45.0,100.0,133.0,33,33,100,0,100,0,200,0,100.0,1659.0,100.0,7620726552.0,100.0,6510363514.0
2018-03-23,ZJV009EX,ST12000NM0007,12000138625024,0,83,187172280,99,0,100,1,100,0,79,86341665,99,1717,100,0,100,1,,,,,100.0,0.0,100.0,0.0,,,67.0,33.0,,,100.0,45.0,100.0,134.0,33,33,100,0,100,0,200,0,100.0,1683.0,100.0,7858306872.0,100.0,6733197514.0
2018-03-24,ZJV009EX,ST12000NM0007,12000138625024,0,84,227145616,99,0,100,1,100,0,80,89816477,99,1741,100,0,100,1,,,,,100.0,0.0,100.0,0.0,,,66.0,34.0,,,100.0,45.0,100.0,135.0,34,34,100,0,100,0,200,0,100.0,1707.0,100.0,8117281848.0,100.0,7002477226.0
2018-03-25,ZJV009EX,ST12000NM0007,12000138625024,0,82,168683768,99,0,100,1,100,0,80,92843133,98,1765,100,0,100,1,,,,,100.0,0.0,100.0,0.0,,,67.0,33.0,,,100.0,45.0,100.0,136.0,33,33,100,0,100,0,200,0,100.0,1730.0,100.0,8338509320.0,100.0,7211069338.0
2018-03-26,ZJV009EX,ST12000NM0007,12000138625024,0,80,98464992,99,0,100,1,100,0,80,95861682,98,1789,100,0,100,1,,,,,100.0,0.0,100.0,0.0,,,67.0,33.0,,,100.0,45.0,100.0,137.0,33,33,100,0,100,0,200,0,100.0,1754.0,100.0,8545988704.0,100.0,7421652490.0
2018-03-27,ZJV009EX,ST12000NM0007,12000138625024,0,78,61059056,99,0,100,1,100,0,80,99038239,98,1813,100,0,100,1,,,,,100.0,0.0,100.0,0.0,,,67.0,33.0,,,100.0,45.0,100.0,138.0,33,33,100,0,100,0,200,0,100.0,1778.0,100.0,8783072080.0,100.0,7635444746.0
2018-03-28,ZJV009EX,ST12000NM0007,12000138625024,0,70,9284376,99,0,100,1,100,0,80,102122335,98,1837,100,0,100,1,,,,,100.0,0.0,100.0,0.0,,,66.0,34.0,,,100.0,45.0,100.0,139.0,34,34,100,0,100,0,200,0,100.0,1802.0,100.0,9002920832.0,100.0,7852102914.0
2018-03-29,ZJV009EX,ST12000NM0007,12000138625024,0,71,12884272,99,0,100,1,100,0,80,105448231,98,1861,100,0,100,1,,,,,100.0,0.0,100.0,0.0,,,67.0,33.0,,,100.0,45.0,100.0,140.0,33,33,100,0,100,0,200,0,100.0,1826.0,100.0,9222719960.0,100.0,8124185074.0
2018-03-30,ZJV009EX,ST12000NM0007,12000138625024,0,83,214143656,99,0,100,1,100,0,80,108546648,98,1885,100,0,100,1,,,,,100.0,0.0,100.0,0.0,,,67.0,33.0,,,100.0,45.0,100.0,141.0,33,33,100,0,100,0,200,0,100.0,1849.0,100.0,9451363440.0,100.0,8340941874.0
2018-03-31,ZJV009EX,ST12000NM0007,12000138625024,0,84,227920360,99,0,100,1,100,0,80,111889913,98,1909,100,0,100,1,,,,,100.0,0.0,100.0,0.0,,,67.0,33.0,,,100.0,45.0,100.0,142.0,33,33,100,0,100,0,200,0,100.0,1873.0,100.0,9712596352.0,100.0,8581767130.0
2018-04-01,ZJV009EX,ST12000NM0007,12000138625024,0,77,47264360,99,0,100,1,100,0,81,115377504,98,1933,100,0,100,1,,,,,100.0,0.0,100.0,0.0,,,66.0,34.0,,,100.0,45.0,100.0,143.0,34,34,100,0,100,0,200,0,100.0,1898.0,100.0,9978400776.0,100.0,8867729058.0
2018-04-02,ZJV009EX,ST12000NM0007,12000138625024,0,74,23698456,99,0,100,1,100,0,81,118602888,98,1956,100,0,100,1,,,,,100.0,0.0,100.0,0.0,,,66.0,34.0,,,100.0,45.0,100.0,144.0,34,34,100,0,100,0,200,0,100.0,1921.0,100.0,10221908712.0,100.0,9088936538.0
2018-04-03,ZJV009EX,ST12000NM0007,12000138625024,0,78,62340184,99,0,100,1,100,0,81,121974569,98,1980,100,0,100,1,,,,,100.0,0.0,100.0,0.0,,,66.0,34.0,,,100.0,45.0,100.0,145.0,34,34,100,0,100,0,200,0,100.0,1945.0,100.0,10508400440.0,100.0,9329367994.0
2018-04-04,ZJV009EX,ST12000NM0007,12000138625024,0,72,15213680,99,0,100,1,100,0,81,125138568,98,2004,100,0,100,1,,,,,100.0,0.0,100.0,0.0,,,66.0,34.0,,,100.0,45.0,100.0,146.0,34,34,100,0,100,0,200,0,100.0,1969.0,100.0,10728182480.0,100.0,9550740978.0
2018-04-05,ZJV009EX,ST12000NM0007,12000138625024,0,77,52470712,99,0,100,1,100,0,81,128612236,98,2029,100,0,100,1,,,,,100.0,0.0,100.0,0.0,,,66.0,34.0,,,100.0,45.0,100.0,147.0,34,34,100,0,100,0,200,0,100.0,1993.0,100.0,11000655216.0,100.0,9803806890.0
2018-04-06,ZJV009EX,ST12000NM0007,12000138625024,0,78,64709224,99,0,100,1,100,0,81,131967806,98,2052,100,0,100,1,,,,,100.0,0.0,100.0,0.0,,,66.0,34.0,,,100.0,45.0,100.0,148.0,34,34,100,0,100,0,200,0,100.0,2016.0,100.0,11243374752.0,100.0,10061607570.0
2018-04-07,ZJV009EX,ST12000NM0007,12000138625024,0,76.0,42122504.0,99.0,0.0,100.0,1.0,100.0,0.0,81.0,135147162.0,98.0,2076.0,100.0,0.0,100.0,1.0,,,,,100.0,0.0,100.0,0.0,,,65.0,35.0,,,100.0,45.0,100.0,149.0,35.0,35.0,100.0,0.0,100.0,0.0,200.0,0.0,100.0,2040.0,100.0,11461777848.0,100.0,10308899154.0
2018-04-08,ZJV009EX,ST12000NM0007,12000138625024,0,82,157916928,99,0,100,1,100,0,81,137717257,98,2098,100,0,100,1,,,,,100.0,0.0,100.0,0.0,,,65.0,35.0,,,100.0,46.0,100.0,151.0,35,35,100,0,100,0,200,0,100.0,2062.0,100.0,11628244032.0,100.0,10502368090.0
2018-04-09,ZJV009EX,ST12000NM0007,12000138625024,0,77,50633416,99,0,100,1,100,0,81,140630864,98,2121,100,0,100,1,,,,,100.0,0.0,100.0,0.0,,,65.0,35.0,,,100.0,46.0,100.0,152.0,35,35,100,0,100,0,200,0,100.0,2085.0,100.0,11810461560.0,100.0,10701148826.0
2018-04-10,ZJV009EX,ST12000NM0007,12000138625024,0,77,45586968,99,0,100,1,100,0,82,143961266,98,2145,100,0,100,1,,,,,100.0,0.0,100.0,0.0,,,66.0,34.0,,,100.0,46.0,100.0,153.0,34,34,100,0,100,0,200,0,100.0,2109.0,100.0,12062168256.0,100.0,10932677122.0
2018-04-11,ZJV009EX,ST12000NM0007,12000138625024,0,84,237486864,99,0,100,1,100,0,82,147167606,98,2169,100,0,100,1,,,,,100.0,0.0,100.0,0.0,,,65.0,35.0,,,100.0,46.0,100.0,154.0,35,35,100,0,100,0,200,0,100.0,2133.0,100.0,12291189088.0,100.0,11139696826.0
2018-04-12,ZJV009EX,ST12000NM0007,12000138625024,0,76,42063456,99,0,100,1,100,0,82,150779312,98,2197,100,0,100,1,,,,,100.0,0.0,100.0,0.0,,,65.0,35.0,,,100.0,46.0,100.0,156.0,35,35,100,0,100,0,200,0,100.0,2161.0,100.0,12550748360.0,100.0,11417136282.0
2018-04-13,ZJV009EX,ST12000NM0007,12000138625024,0,79,76550936,99,0,100,1,100,0,82,154214243,98,2221,100,0,100,1,,,,,100.0,0.0,100.0,0.0,,,64.0,36.0,,,100.0,46.0,100.0,157.0,36,36,100,0,100,0,200,0,100.0,2184.0,100.0,12802890472.0,100.0,11687765682.0
2018-04-14,ZJV009EX,ST12000NM0007,12000138625024,0,78,57038272,99,0,100,1,100,0,82,157242397,98,2245,100,0,100,1,,,,,100.0,0.0,100.0,0.0,,,65.0,35.0,,,100.0,46.0,100.0,158.0,35,35,100,0,100,0,200,0,100.0,2208.0,100.0,13023730072.0,100.0,11935694874.0
2018-04-15,ZJV009EX,ST12000NM0007,12000138625024,0,83,205464936,99,0,100,1,100,0,82,160110439,98,2269,100,0,100,1,,,,,100.0,0.0,100.0,0.0,,,65.0,35.0,,,100.0,46.0,100.0,159.0,35,35,100,0,100,0,200,0,100.0,2232.0,100.0,13187067704.0,100.0,12164925026.0
2018-04-16,ZJV009EX,ST12000NM0007,12000138625024,0,82,148484440,99,0,100,1,100,0,82,163146659,98,2293,100,0,100,1,,,,,100.0,0.0,100.0,0.0,,,65.0,35.0,,,100.0,46.0,100.0,160.0,35,35,100,0,100,0,200,0,100.0,2255.0,100.0,13374339912.0,100.0,12408953922.0
2018-04-17,ZJV009EX,ST12000NM0007,12000138625024,0,80,101461992,99,0,100,1,100,0,82,166266588,98,2317,100,0,100,1,,,,,100.0,0.0,100.0,0.0,,,65.0,35.0,,,100.0,46.0,100.0,161.0,35,35,100,0,100,0,200,0,100.0,2280.0,100.0,13567898312.0,100.0,12656654338.0
2018-04-18,ZJV009EX,ST12000NM0007,12000138625024,0,73,17884800,99,0,100,1,100,0,82,169207228,98,2341,100,0,100,1,,,,,100.0,0.0,100.0,0.0,,,65.0,35.0,,,100.0,46.0,100.0,162.0,35,35,100,0,100,0,200,0,100.0,2304.0,100.0,13744064696.0,100.0,12885192498.0
2018-04-19,ZJV009EX,ST12000NM0007,12000138625024,0,82,176086952,99,0,100,1,100,0,82,172104131,98,2365,100,0,100,1,,,,,100.0,0.0,100.0,0.0,,,65.0,35.0,,,100.0,46.0,100.0,163.0,35,35,100,0,100,0,200,0,100.0,2327.0,100.0,13921779488.0,100.0,13109820530.0
2018-04-20,ZJV009EX,ST12000NM0007,12000138625024,0,78,56543160,99,0,100,1,100,0,82,175010576,98,2389,100,0,100,1,,,,,100.0,0.0,100.0,0.0,,,65.0,35.0,,,100.0,46.0,100.0,164.0,35,35,100,0,100,0,200,0,100.0,2352.0,100.0,14090167024.0,100.0,13310170562.0
2018-04-21,ZJV009EX,ST12000NM0007,12000138625024,0,83,180299200,99,0,100,1,100,0,82,177804001,98,2412,100,0,100,1,,,,,100.0,0.0,100.0,0.0,,,65.0,35.0,,,100.0,46.0,100.0,165.0,35,35,100,0,100,0,200,0,100.0,2375.0,100.0,14255246656.0,100.0,13512987730.0
2018-04-22,ZJV009EX,ST12000NM0007,12000138625024,0,80,98283736,99,0,100,1,100,0,83,180660774,98,2436,100,0,100,1,,,,,100.0,0.0,100.0,0.0,,,65.0,35.0,,,100.0,46.0,100.0,166.0,35,35,100,0,100,0,200,0,100.0,2399.0,100.0,14418350296.0,100.0,13756151658.0
2018-04-23,ZJV009EX,ST12000NM0007,12000138625024,0,75,35426840,99,0,100,1,100,0,83,183731996,98,2461,100,0,100,1,,,,,100.0,0.0,100.0,0.0,,,65.0,35.0,,,100.0,46.0,100.0,167.0,35,35,100,0,100,0,200,0,100.0,2424.0,100.0,14601939656.0,100.0,13997986970.0
2018-04-24,ZJV009EX,ST12000NM0007,12000138625024,0,83,184650112,99,0,100,1,100,0,83,186519718,98,2485,100,0,100,1,,,,,100.0,0.0,100.0,0.0,,,65.0,35.0,,,100.0,46.0,100.0,168.0,35,35,100,0,100,0,200,0,100.0,2447.0,100.0,14763687080.0,100.0,14229603690.0
2018-04-25,ZJV009EX,ST12000NM0007,12000138625024,0,78,60156536,99,0,100,1,100,0,83,189299822,98,2509,100,0,100,1,,,,,100.0,0.0,100.0,0.0,,,65.0,35.0,,,100.0,46.0,100.0,169.0,35,35,100,0,100,0,200,0,100.0,2471.0,100.0,14916679320.0,100.0,14440399474.0
2018-04-26,ZJV009EX,ST12000NM0007,12000138625024,0,84,237077144,99,0,100,1,100,0,83,192306015,98,2533,100,0,100,1,,,,,100.0,0.0,100.0,0.0,,,66.0,34.0,,,100.0,46.0,100.0,170.0,34,34,100,0,100,0,200,0,100.0,2495.0,100.0,15087688464.0,100.0,14690451850.0
2018-04-27,ZJV009EX,ST12000NM0007,12000138625024,0,78,59851168,99,0,100,1,100,0,83,194674749,98,2555,100,0,100,1,,,,,100.0,0.0,100.0,0.0,,,65.0,35.0,,,100.0,46.0,100.0,171.0,35,35,100,0,100,0,200,0,100.0,2517.0,100.0,15211099272.0,100.0,14878096610.0
2018-04-28,ZJV009EX,ST12000NM0007,12000138625024,0,82,154376736,99,0,100,1,100,0,83,197387877,98,2580,100,0,100,1,,,,,100.0,0.0,100.0,0.0,,,65.0,35.0,,,100.0,46.0,100.0,172.0,35,35,100,0,100,0,200,0,100.0,2541.0,100.0,15344973592.0,100.0,15082888506.0
2018-04-29,ZJV009EX,ST12000NM0007,12000138625024,0,82,159594168,99,0,100,1,100,0,83,199541842,98,2603,100,0,100,1,,,,,100.0,0.0,100.0,0.0,,,65.0,35.0,,,100.0,47.0,100.0,173.0,35,35,100,0,100,0,200,0,100.0,2565.0,100.0,15442634096.0,100.0,15234586106.0
2018-04-30,ZJV009EX,ST12000NM0007,12000138625024,0,84,230524872,99,0,100,1,100,0,83,202141656,97,2628,100,0,100,1,,,,,100.0,0.0,100.0,0.0,,,65.0,35.0,,,100.0,47.0,100.0,174.0,35,35,100,0,100,0,200,0,100.0,2589.0,100.0,15583274296.0,100.0,15409017242.0
2018-05-01,ZJV009EX,ST12000NM0007,12000138625024,0,81,138691552,99,0,100,1,100,0,83,205083223,97,2651,100,0,100,1,,,,,100.0,0.0,100.0,0.0,,,65.0,35.0,,,100.0,47.0,100.0,175.0,35,35,100,0,100,0,200,0,100.0,2613.0,100.0,15725321128.0,100.0,15663418362.0
2018-05-02,ZJV009EX,ST12000NM0007,12000138625024,0,75.0,29258832.0,99.0,0.0,100.0,1.0,100.0,0.0,83.0,208003063.0,97.0,2676.0,100.0,0.0,100.0,1.0,,,,,100.0,0.0,100.0,0.0,,,65.0,35.0,,,100.0,47.0,100.0,176.0,35.0,35.0,100.0,0.0,100.0,0.0,200.0,0.0,100.0,2637.0,100.0,15864205928.0,100.0,15903382146.0
2018-05-03,ZJV009EX,ST12000NM0007,12000138625024,0,84,240138760,99,0,100,1,100,0,83,211278040,97,2701,100,0,100,1,,,,,100.0,0.0,100.0,0.0,,,66.0,34.0,,,100.0,47.0,100.0,178.0,34,34,100,0,100,0,200,0,100.0,2662.0,100.0,16019513696.0,100.0,16203094938.0
2018-05-04,ZJV009EX,ST12000NM0007,12000138625024,0,79,72684328,99,0,100,1,100,0,83,213753605,97,2725,100,0,100,1,,,,,100.0,0.0,100.0,0.0,,,65.0,35.0,,,100.0,47.0,100.0,179.0,35,35,100,0,100,0,200,0,100.0,2686.0,100.0,16134807248.0,100.0,16408628410.0
2018-05-05,ZJV009EX,ST12000NM0007,12000138625024,0,83,219488296,99,0,100,1,100,0,83,216906002,97,2749,100,0,100,1,,,,,100.0,0.0,100.0,0.0,,,65.0,35.0,,,100.0,47.0,100.0,180.0,35,35,100,0,100,0,200,0,100.0,2710.0,100.0,16279659712.0,100.0,16654720954.0
2018-05-06,ZJV009EX,ST12000NM0007,12000138625024,0,80,108423056,99,0,100,1,100,0,83,219702117,97,2772,100,0,100,1,,,,,100.0,0.0,100.0,0.0,,,65.0,35.0,,,100.0,47.0,100.0,181.0,35,35,100,0,100,0,200,0,100.0,2733.0,100.0,16404559816.0,100.0,16907036938.0
2018-05-07,ZJV009EX,ST12000NM0007,12000138625024,0,77,44732384,99,0,100,1,100,0,83,222882966,97,2797,100,0,100,1,,,,,100.0,0.0,100.0,0.0,,,65.0,35.0,,,100.0,47.0,100.0,182.0,35,35,100,0,100,0,200,0,100.0,2758.0,100.0,16576020104.0,100.0,17160167434.0
2018-05-08,ZJV009EX,ST12000NM0007,12000138625024,0,84,237924280,99,0,100,1,100,0,84,226158392,97,2821,100,0,100,1,,,,,100.0,0.0,100.0,0.0,,,65.0,35.0,,,100.0,47.0,100.0,183.0,35,35,100,0,100,0,200,0,100.0,2782.0,100.0,16731434616.0,100.0,17442085498.0
2018-05-09,ZJV009EX,ST12000NM0007,12000138625024,0,80,94460760,99,0,100,1,100,0,84,228881721,97,2845,100,0,100,1,,,,,100.0,0.0,100.0,0.0,,,66.0,34.0,,,100.0,47.0,100.0,184.0,34,34,100,0,100,0,200,0,100.0,2805.0,100.0,16864790960.0,100.0,17653547466.0
2018-05-10,ZJV009EX,ST12000NM0007,12000138625024,0,82,158341984,99,0,100,1,100,0,84,231260666,97,2869,100,0,100,1,,,,,100.0,0.0,100.0,0.0,,,66.0,34.0,,,100.0,48.0,100.0,186.0,34,34,100,0,100,0,200,0,100.0,2829.0,100.0,16969942160.0,100.0,17856418186.0
2018-05-11,ZJV009EX,ST12000NM0007,12000138625024,0,84,229044280,99,0,100,1,100,0,84,233824659,97,2893,100,0,100,1,,,,,100.0,0.0,100.0,0.0,,,65.0,35.0,,,100.0,49.0,100.0,187.0,35,35,100,0,100,0,200,0,100.0,2853.0,100.0,17082407480.0,100.0,18058795938.0
2018-05-12,ZJV009EX,ST12000NM0007,12000138625024,0,78,64938696,98,0,100,2,100,0,84,236385253,97,2916,100,0,100,1,,,,,100.0,0.0,100.0,0.0,,,66.0,34.0,,,100.0,49.0,100.0,191.0,34,34,100,0,100,0,200,0,100.0,2876.0,100.0,17184235232.0,100.0,18281144052.0
2018-05-13,ZJV009EX,ST12000NM0007,12000138625024,0,82,146222624,98,0,100,2,100,0,84,238867848,97,2941,100,0,100,1,,,,,100.0,0.0,100.0,0.0,,,66.0,34.0,,,100.0,50.0,100.0,192.0,34,34,100,0,100,0,200,0,100.0,2901.0,100.0,17292263616.0,100.0,18498540540.0
2018-05-14,ZJV009EX,ST12000NM0007,12000138625024,0,83,208023888,98,0,100,2,100,0,84,241275422,97,2965,100,0,100,1,,,,,100.0,0.0,100.0,0.0,,,66.0,34.0,,,100.0,51.0,100.0,193.0,34,34,100,0,100,0,200,0,100.0,2924.0,100.0,17401155152.0,100.0,18695590956.0
2018-05-15,ZJV009EX,ST12000NM0007,12000138625024,0,81.0,114396544.0,98.0,0.0,100.0,2.0,100.0,0.0,84.0,244320163.0,97.0,2989.0,100.0,0.0,100.0,1.0,,,,,100.0,0.0,100.0,0.0,,,65.0,35.0,,,100.0,51.0,100.0,194.0,35.0,35.0,100.0,0.0,100.0,0.0,200.0,0.0,100.0,2949.0,100.0,17534487152.0,100.0,18956913044.0
2018-05-16,ZJV009EX,ST12000NM0007,12000138625024,0,76,38648408,98,0,100,2,100,0,84,247357058,97,3013,100,0,100,1,,,,,100.0,0.0,100.0,0.0,,,66.0,34.0,,,100.0,51.0,100.0,195.0,34,34,100,0,100,0,200,0,100.0,2972.0,100.0,17682912304.0,100.0,19221021076.0
2018-05-17,ZJV009EX,ST12000NM0007,12000138625024,0,83,204927312,98,0,100,2,100,0,84,250391454,97,3037,100,0,100,1,,,,,100.0,0.0,100.0,0.0,,,65.0,35.0,,,100.0,52.0,100.0,197.0,35,35,100,0,100,0,200,0,100.0,2996.0,100.0,17818725272.0,100.0,19495627844.0
2018-05-18,ZJV009EX,ST12000NM0007,12000138625024,0,73,20921184,98,0,100,2,100,0,84,252557859,97,3061,100,0,100,1,,,,,100.0,0.0,100.0,0.0,,,66.0,34.0,,,100.0,52.0,100.0,198.0,34,34,100,0,100,0,200,0,100.0,3020.0,100.0,17918607600.0,100.0,19700020788.0
2018-05-19,ZJV009EX,ST12000NM0007,12000138625024,0,84,230413912,98,0,100,2,100,0,84,255515825,97,3085,100,0,100,1,,,,,100.0,0.0,100.0,0.0,,,66.0,34.0,,,100.0,53.0,100.0,199.0,34,34,100,0,100,0,200,0,100.0,3044.0,100.0,18051394096.0,100.0,20020867948.0
2018-05-20,ZJV009EX,ST12000NM0007,12000138625024,0,80,101914984,98,0,100,2,100,0,84,258250219,97,3109,100,0,100,1,,,,,100.0,0.0,100.0,0.0,,,66.0,34.0,,,100.0,53.0,100.0,200.0,34,34,100,0,100,0,200,0,100.0,3068.0,100.0,18186411352.0,100.0,20245633124.0
2018-05-21,ZJV009EX,ST12000NM0007,12000138625024,0,84,243534208,98,0,100,2,100,0,84,261120846,97,3133,100,0,100,1,,,,,100.0,0.0,100.0,0.0,,,66.0,34.0,,,100.0,54.0,100.0,201.0,34,34,100,0,100,0,200,0,100.0,3092.0,100.0,18312823832.0,100.0,20504980636.0
2018-05-22,ZJV009EX,ST12000NM0007,12000138625024,0,82,147591208,98,0,100,2,100,0,84,263895079,97,3157,100,0,100,1,,,,,100.0,0.0,100.0,0.0,,,67.0,33.0,,,100.0,55.0,100.0,202.0,33,33,100,0,100,0,200,0,100.0,3116.0,100.0,18426266360.0,100.0,20783876572.0
2018-05-23,ZJV009EX,ST12000NM0007,12000138625024,0,83,202574240,98,0,100,2,100,0,84,266228159,97,3181,100,0,100,1,,,,,100.0,0.0,100.0,0.0,,,67.0,33.0,,,100.0,55.0,100.0,203.0,33,33,100,0,100,0,200,0,100.0,3139.0,100.0,18531215584.0,100.0,20978051388.0
2018-05-24,ZJV009EX,ST12000NM0007,12000138625024,0,84,243308640,98,0,100,2,100,0,84,268479224,97,3205,100,0,100,1,,,,,100.0,0.0,100.0,0.0,,,67.0,33.0,,,100.0,56.0,100.0,204.0,33,33,100,0,100,0,200,0,100.0,3163.0,100.0,18639498352.0,100.0,21154643868.0
2018-05-25,ZJV009EX,ST12000NM0007,12000138625024,0,79,83637064,98,0,100,2,100,0,84,271189716,97,3229,100,0,100,1,,,,,100.0,0.0,100.0,0.0,,,66.0,34.0,,,100.0,56.0,100.0,205.0,34,34,100,0,100,0,200,0,100.0,3187.0,100.0,18773485744.0,100.0,21349266420.0
2018-05-26,ZJV009EX,ST12000NM0007,12000138625024,0,80,102693136,98,0,100,2,100,0,84,273185785,97,3248,100,0,100,1,,,,,100.0,0.0,100.0,0.0,,,66.0,34.0,,,100.0,56.0,100.0,207.0,34,34,100,0,100,0,200,0,100.0,3205.0,100.0,18877420240.0,100.0,21508529124.0
2018-05-27,ZJV009EX,ST12000NM0007,12000138625024,0,82,149851232,98,0,100,2,100,0,84,275589759,97,3272,100,0,100,1,,,,,100.0,0.0,100.0,0.0,,,66.0,34.0,,,100.0,56.0,100.0,208.0,34,34,100,0,100,0,200,0,100.0,3230.0,100.0,19002774296.0,100.0,21674473956.0
2018-05-28,ZJV009EX,ST12000NM0007,12000138625024,0,83,185413976,98,0,100,2,100,0,84,277822774,97,3296,100,0,100,1,,,,,100.0,0.0,100.0,0.0,,,66.0,34.0,,,100.0,57.0,100.0,209.0,34,34,100,0,100,0,200,0,100.0,3253.0,100.0,19122889456.0,100.0,21834062220.0
2018-05-29,ZJV009EX,ST12000NM0007,12000138625024,0,65,3392368,98,0,100,2,100,0,84,280424102,97,3320,100,0,100,1,,,,,100.0,0.0,100.0,0.0,,,66.0,34.0,,,100.0,57.0,100.0,210.0,34,34,100,0,100,0,200,0,100.0,3278.0,100.0,19242042616.0,100.0,22021168900.0
2018-05-30,ZJV009EX,ST12000NM0007,12000138625024,0,78,62902384,98,0,100,2,100,0,85,282917969,97,3343,100,0,100,1,,,,,100.0,0.0,100.0,0.0,,,66.0,34.0,,,100.0,57.0,100.0,211.0,34,34,100,0,100,0,200,0,100.0,3301.0,100.0,19361578088.0,100.0,22205284092.0
2018-05-31,ZJV009EX,ST12000NM0007,12000138625024,0,81,120275224,98,0,100,2,100,0,85,285570156,97,3368,100,0,100,1,,,,,100.0,0.0,100.0,0.0,,,67.0,33.0,,,100.0,57.0,100.0,212.0,33,33,100,0,100,0,200,0,100.0,3325.0,100.0,19500818944.0,100.0,22367556772.0
2018-06-01,ZJV009EX,ST12000NM0007,12000138625024,0,83,219703480,98,0,100,2,100,0,85,288118222,97,3391,100,0,100,1,,,,,100.0,0.0,100.0,0.0,,,67.0,33.0,,,100.0,57.0,100.0,215.0,33,33,100,0,100,0,200,0,100.0,3348.0,100.0,19618640544.0,100.0,22593304100.0
2018-06-02,ZJV009EX,ST12000NM0007,12000138625024,0,76,41797672,98,0,100,2,100,0,85,290597033,97,3416,100,0,100,1,,,,,100.0,0.0,100.0,0.0,,,67.0,33.0,,,100.0,58.0,100.0,216.0,33,33,100,0,100,0,200,0,100.0,3373.0,100.0,19742558096.0,100.0,22779762108.0
2018-06-03,ZJV009EX,ST12000NM0007,12000138625024,0,80,94954128,98,0,100,2,100,0,85,292842872,97,3439,100,0,100,1,,,,,100.0,0.0,100.0,0.0,,,67.0,33.0,,,100.0,58.0,100.0,216.0,33,33,100,0,100,0,200,0,100.0,3396.0,100.0,19836803704.0,100.0,22982813708.0
2018-06-04,ZJV009EX,ST12000NM0007,12000138625024,0,84,230902664,98,0,100,2,100,0,85,295523600,97,3464,100,0,100,1,,,,,100.0,0.0,100.0,0.0,,,67.0,33.0,,,100.0,60.0,100.0,218.0,33,33,100,0,100,0,200,0,100.0,3420.0,100.0,19973036672.0,100.0,23226669940.0
2018-06-05,ZJV009EX,ST12000NM0007,12000138625024,0,77,54427784,98,0,100,2,100,0,85,298201312,97,3488,100,0,100,1,,,,,100.0,0.0,100.0,0.0,,,67.0,33.0,,,100.0,60.0,100.0,219.0,33,33,100,0,100,0,200,0,100.0,3445.0,100.0,20089775480.0,100.0,23421737764.0
2018-06-06,ZJV009EX,ST12000NM0007,12000138625024,0,80,92909032,98,0,100,2,100,0,85,300493908,96,3511,100,0,100,1,,,,,100.0,0.0,100.0,0.0,,,67.0,33.0,,,100.0,60.0,100.0,219.0,33,33,100,0,100,0,200,0,100.0,3468.0,100.0,20196572544.0,100.0,23597562732.0
2018-06-07,ZJV009EX,ST12000NM0007,12000138625024,0,82,170112024,98,0,100,2,100,0,85,303027462,96,3536,100,0,100,1,,,,,100.0,0.0,100.0,0.0,,,67.0,33.0,,,100.0,60.0,100.0,220.0,33,33,100,0,100,0,200,0,100.0,3492.0,100.0,20322096312.0,100.0,23793382692.0
2018-06-08,ZJV009EX,ST12000NM0007,12000138625024,0,69,8400280,98,0,100,2,100,0,85,305385024,96,3559,100,0,100,1,,,,,100.0,0.0,100.0,0.0,,,66.0,34.0,,,100.0,60.0,100.0,221.0,34,34,100,0,100,0,200,0,100.0,3516.0,100.0,20427555400.0,100.0,24014493372.0
2018-06-09,ZJV009EX,ST12000NM0007,12000138625024,0,79,71974680,98,0,100,2,100,0,85,307775343,96,3584,100,0,100,1,,,,,100.0,0.0,100.0,0.0,,,67.0,33.0,,,100.0,60.0,100.0,222.0,33,33,100,0,100,0,200,0,100.0,3540.0,100.0,20528722592.0,100.0,24221041260.0
2018-06-10,ZJV009EX,ST12000NM0007,12000138625024,0,81,129326592,98,0,100,2,100,0,85,309895818,96,3608,100,0,100,1,,,,,100.0,0.0,100.0,0.0,,,66.0,34.0,,,100.0,60.0,100.0,223.0,34,34,100,0,100,0,200,0,100.0,3564.0,100.0,20625065448.0,100.0,24426191044.0
2018-06-11,ZJV009EX,ST12000NM0007,12000138625024,0,83,188772592,98,0,100,2,100,0,85,312051609,96,3631,100,0,100,1,,,,,100.0,0.0,100.0,0.0,,,66.0,34.0,,,100.0,60.0,100.0,224.0,34,34,100,0,100,0,200,0,100.0,3588.0,100.0,20711469336.0,100.0,24643373908.0
2018-06-12,ZJV009EX,ST12000NM0007,12000138625024,0,78,70016672,98,0,100,2,100,0,85,314531706,96,3656,100,0,100,1,,,,,100.0,0.0,100.0,0.0,,,66.0,34.0,,,100.0,60.0,100.0,225.0,34,34,100,0,100,0,200,0,100.0,3612.0,100.0,20820135928.0,100.0,24904232812.0
2018-06-13,ZJV009EX,ST12000NM0007,12000138625024,0,81,122676072,98,0,100,2,100,0,85,316723354,96,3679,100,0,100,1,,,,,100.0,0.0,100.0,0.0,,,67.0,33.0,,,100.0,60.0,100.0,226.0,33,33,100,0,100,0,200,0,100.0,3635.0,100.0,20919612200.0,100.0,25101556580.0
2018-06-14,ZJV009EX,ST12000NM0007,12000138625024,0,83,216716648,98,0,100,2,100,0,85,319328297,96,3704,100,0,100,1,,,,,100.0,0.0,100.0,0.0,,,66.0,34.0,,,100.0,60.0,100.0,227.0,34,34,100,0,100,0,200,0,100.0,3660.0,100.0,21039893992.0,100.0,25319456004.0
2018-06-15,ZJV009EX,ST12000NM0007,12000138625024,0,78.0,64311920.0,98.0,0.0,100.0,2.0,100.0,0.0,85.0,321668271.0,96.0,3726.0,100.0,0.0,100.0,1.0,,,,,100.0,0.0,100.0,0.0,,,66.0,34.0,,,100.0,61.0,100.0,229.0,34.0,34.0,100.0,0.0,100.0,0.0,200.0,0.0,100.0,3682.0,100.0,21141552544.0,100.0,25553674212.0
2018-06-16,ZJV009EX,ST12000NM0007,12000138625024,0,82.0,166466520.0,98.0,0.0,100.0,2.0,100.0,0.0,85.0,324283774.0,96.0,3751.0,100.0,0.0,100.0,1.0,,,,,100.0,0.0,100.0,0.0,,,67.0,33.0,,,100.0,62.0,100.0,230.0,33.0,33.0,100.0,0.0,100.0,0.0,200.0,0.0,100.0,3706.0,100.0,21262532808.0,100.0,25778989228.0
2018-06-17,ZJV009EX,ST12000NM0007,12000138625024,0,83.0,217031928.0,98.0,0.0,100.0,2.0,100.0,0.0,85.0,326531436.0,96.0,3774.0,100.0,0.0,100.0,1.0,,,,,100.0,0.0,100.0,0.0,,,66.0,34.0,,,100.0,63.0,100.0,231.0,34.0,34.0,100.0,0.0,100.0,0.0,200.0,0.0,100.0,3730.0,100.0,21354526280.0,100.0,25981701828.0
2018-06-18,ZJV009EX,ST12000NM0007,12000138625024,0,78.0,57525648.0,98.0,0.0,100.0,2.0,100.0,0.0,85.0,328986427.0,96.0,3799.0,100.0,0.0,100.0,1.0,,,,,100.0,0.0,100.0,0.0,,,66.0,34.0,,,100.0,63.0,100.0,232.0,34.0,34.0,100.0,0.0,100.0,0.0,200.0,0.0,100.0,3754.0,100.0,21458506648.0,100.0,26206496572.0
2018-06-19,ZJV009EX,ST12000NM0007,12000138625024,0,81,119250664,98,0,100,2,100,0,85,331104010,96,3823,100,0,100,1,,,,,100.0,0.0,100.0,0.0,,,67.0,33.0,,,100.0,63.0,100.0,233.0,33,33,100,0,100,0,200,0,100.0,3778.0,100.0,21543687944.0,100.0,26427181188.0
2018-06-20,ZJV009EX,ST12000NM0007,12000138625024,0,83,179037392,98,0,100,2,100,0,85,333342277,96,3846,100,0,100,1,,,,,100.0,0.0,100.0,0.0,,,66.0,34.0,,,100.0,63.0,100.0,234.0,34,34,100,0,100,0,200,0,100.0,3802.0,100.0,21633973400.0,100.0,26640823748.0
2018-06-21,ZJV009EX,ST12000NM0007,12000138625024,0,74,25729992,98,0,100,2,100,0,85,335698629,96,3871,100,0,100,1,,,,,100.0,0.0,100.0,0.0,,,67.0,33.0,,,100.0,63.0,100.0,235.0,33,33,100,0,100,0,200,0,100.0,3826.0,100.0,21720574584.0,100.0,26889214268.0
2018-06-22,ZJV009EX,ST12000NM0007,12000138625024,0,78,64591464,98,0,100,2,100,0,85,338113630,96,3894,100,0,100,1,,,,,100.0,0.0,100.0,0.0,,,66.0,34.0,,,100.0,63.0,100.0,236.0,34,34,100,0,100,0,200,0,100.0,3849.0,100.0,21811558200.0,100.0,27081232756.0
2018-06-23,ZJV009EX,ST12000NM0007,12000138625024,0,78,63747656,98,0,100,2,100,0,85,340182773,96,3919,100,0,100,1,,,,,100.0,0.0,100.0,0.0,,,66.0,34.0,,,100.0,64.0,100.0,237.0,34,34,100,0,100,0,200,0,100.0,3873.0,100.0,21906948616.0,100.0,27229139420.0
2018-06-24,ZJV009EX,ST12000NM0007,12000138625024,0,81,133135480,98,0,100,2,100,0,85,342456804,96,3943,100,0,100,1,,,,,100.0,0.0,100.0,0.0,,,66.0,34.0,,,100.0,64.0,100.0,238.0,34,34,100,0,100,0,200,0,100.0,3898.0,100.0,22007028680.0,100.0,27442587812.0
2018-06-25,ZJV009EX,ST12000NM0007,12000138625024,0,100,290856,98,0,100,2,100,0,85,345091809,96,3966,100,0,100,1,,,,,100.0,0.0,100.0,0.0,,,66.0,34.0,,,100.0,64.0,100.0,239.0,34,34,100,0,100,0,200,0,100.0,3921.0,100.0,22139508104.0,100.0,27665545172.0
2018-06-26,ZJV009EX,ST12000NM0007,12000138625024,0,81,118225648,98,0,100,2,100,0,85,347865614,96,3991,100,0,100,1,,,,,100.0,0.0,100.0,0.0,,,66.0,34.0,,,100.0,64.0,100.0,240.0,34,34,100,0,100,0,200,0,100.0,3945.0,100.0,22265114568.0,100.0,27902014188.0
2018-06-27,ZJV009EX,ST12000NM0007,12000138625024,0,83,189827504,98,0,100,2,100,0,85,350115154,96,4014,100,0,100,1,,,,,100.0,0.0,100.0,0.0,,,66.0,34.0,,,100.0,64.0,100.0,241.0,34,34,100,0,100,0,200,0,100.0,3968.0,100.0,22370474984.0,100.0,28112396412.0
2018-06-28,ZJV009EX,ST12000NM0007,12000138625024,0,74,23427048,98,0,100,2,100,0,85,352362171,96,4039,100,0,100,1,,,,,100.0,0.0,100.0,0.0,,,65.0,35.0,,,100.0,64.0,100.0,242.0,35,35,100,0,100,0,200,0,100.0,3993.0,100.0,22467013944.0,100.0,28337738484.0
2018-06-29,ZJV009EX,ST12000NM0007,12000138625024,0,81,134626456,98,0,100,2,100,0,86,354833589,96,4062,100,0,100,1,,,,,100.0,0.0,100.0,0.0,,,66.0,34.0,,,100.0,64.0,100.0,243.0,34,34,100,0,100,0,200,0,100.0,4016.0,100.0,22565690680.0,100.0,28594401868.0
2018-06-30,ZJV009EX,ST12000NM0007,12000138625024,0,82,167058464,98,0,100,2,100,0,86,357293269,96,4089,100,0,100,1,,,,,100.0,0.0,100.0,0.0,,,65.0,35.0,,,100.0,65.0,100.0,245.0,35,35,100,0,100,0,200,0,100.0,4042.0,100.0,22653432928.0,100.0,28783232484.0
2018-07-01,ZJV009EX,ST12000NM0007,12000138625024,0,73,18071248,98,0,100,2,100,0,86,359987748,96,4113,100,0,100,1,,,,,100.0,0.0,100.0,0.0,,,66.0,34.0,,,100.0,65.0,100.0,246.0,34,34,100,0,100,0,200,0,100.0,4066.0,100.0,22741654904.0,100.0,29034304684.0
2018-07-02,ZJV009EX,ST12000NM0007,12000138625024,0,79,84531896,98,0,100,2,100,0,86,362403142,96,4137,100,0,100,1,,,,,100.0,0.0,100.0,0.0,,,66.0,34.0,,,100.0,66.0,100.0,247.0,34,34,100,0,100,0,200,0,100.0,4090.0,100.0,22847449824.0,100.0,29239111060.0
2018-07-03,ZJV009EX,ST12000NM0007,12000138625024,0,81,140656720,98,0,100,2,100,0,86,364699614,96,4161,100,0,100,1,,,,,100.0,0.0,100.0,0.0,,,66.0,34.0,,,100.0,66.0,100.0,248.0,34,34,100,0,100,0,200,0,100.0,4114.0,100.0,22926901848.0,100.0,29459924804.0
2018-07-04,ZJV009EX,ST12000NM0007,12000138625024,0,82,161072840,98,0,100,2,100,0,86,366764583,96,4185,100,0,100,1,,,,,100.0,0.0,100.0,0.0,,,66.0,34.0,,,100.0,66.0,100.0,249.0,34,34,100,0,100,0,200,0,100.0,4138.0,100.0,22993899024.0,100.0,29657484420.0
2018-07-05,ZJV009EX,ST12000NM0007,12000138625024,0,71,13598112,98,0,100,2,100,0,86,369346297,96,4209,100,0,100,1,,,,,100.0,0.0,100.0,0.0,,,66.0,34.0,,,100.0,66.0,100.0,250.0,34,34,100,0,100,0,200,0,100.0,4162.0,100.0,23097205600.0,100.0,29894984860.0
2018-07-06,ZJV009EX,ST12000NM0007,12000138625024,0,80,110933192,98,0,100,2,100,0,86,372043208,96,4236,100,0,100,1,,,,,100.0,0.0,100.0,0.0,,,66.0,34.0,,,100.0,66.0,100.0,251.0,34,34,100,0,100,0,200,0,100.0,4189.0,100.0,23204285392.0,100.0,30129380916.0
2018-07-07,ZJV009EX,ST12000NM0007,12000138625024,0,83,189623168,98,0,100,2,100,0,86,374516933,96,4260,100,0,100,1,,,,,100.0,0.0,100.0,0.0,,,66.0,34.0,,,100.0,66.0,100.0,252.0,34,34,100,0,100,0,200,0,100.0,4213.0,100.0,23313897816.0,100.0,30342599308.0
2018-07-08,ZJV009EX,ST12000NM0007,12000138625024,0,84,242767896,98,0,100,2,100,0,86,376872051,96,4285,100,0,100,1,,,,,100.0,0.0,100.0,0.0,,,66.0,34.0,,,100.0,66.0,100.0,253.0,34,34,100,0,100,0,200,0,100.0,4237.0,100.0,23429677056.0,100.0,30524105668.0
2018-07-09,ZJV009EX,ST12000NM0007,12000138625024,0,84,240821040,98,0,100,2,100,0,86,379038163,96,4308,100,0,100,1,,,,,100.0,0.0,100.0,0.0,,,66.0,34.0,,,100.0,66.0,100.0,254.0,34,34,100,0,100,0,200,0,100.0,4261.0,100.0,23528416992.0,100.0,30667559620.0
2018-07-10,ZJV009EX,ST12000NM0007,12000138625024,0,79.0,80109000.0,98.0,0.0,100.0,2.0,100.0,0.0,86.0,381345812.0,96.0,4333.0,100.0,0.0,100.0,1.0,,,,,100.0,0.0,100.0,0.0,,,67.0,33.0,,,100.0,67.0,100.0,255.0,33.0,33.0,100.0,0.0,100.0,0.0,200.0,0.0,100.0,4285.0,100.0,23612264160.0,100.0,30911281844.0
2018-07-11,ZJV009EX,ST12000NM0007,12000138625024,0,79,87691416,98,0,100,2,100,0,86,383168790,96,4356,100,0,100,1,,,,,100.0,0.0,100.0,0.0,,,67.0,33.0,,,100.0,68.0,100.0,256.0,33,33,100,0,100,0,200,0,100.0,4308.0,100.0,23670000720.0,100.0,31105268332.0
2018-07-12,ZJV009EX,ST12000NM0007,12000138625024,0,81,119654256,98,0,100,2,100,0,86,385368552,95,4381,100,0,100,1,,,,,100.0,0.0,100.0,0.0,,,67.0,33.0,,,100.0,68.0,100.0,257.0,33,33,100,0,100,0,200,0,100.0,4333.0,100.0,23737623440.0,100.0,31313749132.0
2018-07-13,ZJV009EX,ST12000NM0007,12000138625024,0,80,96515640,98,0,100,2,100,0,86,387007142,95,4400,100,0,100,1,,,,,100.0,0.0,100.0,0.0,,,66.0,34.0,,,100.0,68.0,100.0,259.0,34,34,100,0,100,0,200,0,100.0,4351.0,100.0,23806647496.0,100.0,31465727268.0
2018-07-14,ZJV009EX,ST12000NM0007,12000138625024,0,83,210871120,98,0,100,2,100,0,86,389824559,95,4423,100,0,100,1,,,,,100.0,0.0,100.0,0.0,,,66.0,34.0,,,100.0,69.0,100.0,260.0,34,34,100,0,100,0,200,0,100.0,4375.0,100.0,23913927144.0,100.0,31716943932.0
2018-07-15,ZJV009EX,ST12000NM0007,12000138625024,0,71,12887112,98,0,100,2,100,0,86,392156748,95,4448,100,0,100,1,,,,,100.0,0.0,100.0,0.0,,,66.0,34.0,,,100.0,69.0,100.0,261.0,34,34,100,0,100,0,200,0,100.0,4399.0,100.0,24015541904.0,100.0,31905626636.0
2018-07-16,ZJV009EX,ST12000NM0007,12000138625024,0,80,93188000,98,0,100,2,100,0,86,394636625,95,4471,100,0,100,1,,,,,100.0,0.0,100.0,0.0,,,67.0,33.0,,,100.0,69.0,100.0,262.0,33,33,100,0,100,0,200,0,100.0,4422.0,100.0,24111998056.0,100.0,32133612180.0
2018-07-17,ZJV009EX,ST12000NM0007,12000138625024,0,83,221081256,98,0,100,2,100,0,86,397518963,95,4496,100,0,100,1,,,,,100.0,0.0,100.0,0.0,,,66.0,34.0,,,100.0,69.0,100.0,263.0,34,34,100,0,100,0,200,0,100.0,4447.0,100.0,24250920072.0,100.0,32366724212.0
2018-07-18,ZJV009EX,ST12000NM0007,12000138625024,0,75,32259456,98,0,100,2,100,0,86,399978810,95,4519,100,0,100,1,,,,,100.0,0.0,100.0,0.0,,,67.0,33.0,,,100.0,69.0,100.0,264.0,33,33,100,0,100,0,200,0,100.0,4470.0,100.0,24344037248.0,100.0,32573066660.0
2018-07-19,ZJV009EX,ST12000NM0007,12000138625024,0,80,89536064,98,0,100,2,100,0,86,402226304,95,4544,100,0,100,1,,,,,100.0,0.0,100.0,0.0,,,67.0,33.0,,,100.0,69.0,100.0,265.0,33,33,100,0,100,0,200,0,100.0,4494.0,100.0,24418154160.0,100.0,32800367276.0
2018-07-20,ZJV009EX,ST12000NM0007,12000138625024,0,81,130003384,98,0,100,2,100,0,86,404531594,95,4567,100,0,100,1,,,,,100.0,0.0,100.0,0.0,,,67.0,33.0,,,100.0,69.0,100.0,266.0,33,33,100,0,100,0,200,0,100.0,4517.0,100.0,24501063008.0,100.0,33002066380.0
2018-07-21,ZJV009EX,ST12000NM0007,12000138625024,0,83,198801304,98,0,100,2,100,0,86,406917659,95,4592,100,0,100,1,,,,,100.0,0.0,100.0,0.0,,,67.0,33.0,,,100.0,69.0,100.0,267.0,33,33,100,0,100,0,200,0,100.0,4542.0,100.0,24587288888.0,100.0,33228779140.0
2018-07-22,ZJV009EX,ST12000NM0007,12000138625024,0,77,48622880,98,0,100,2,100,0,86,409644062,95,4615,100,0,100,1,,,,,100.0,0.0,100.0,0.0,,,67.0,33.0,,,100.0,69.0,100.0,268.0,33,33,100,0,100,0,200,0,100.0,4565.0,100.0,24688365520.0,100.0,33465805708.0
2018-07-23,ZJV009EX,ST12000NM0007,12000138625024,0,80,108014912,98,0,100,2,100,0,86,412188659,95,4640,100,0,100,1,,,,,100.0,0.0,100.0,0.0,,,67.0,33.0,,,100.0,70.0,100.0,269.0,33,33,100,0,100,0,200,0,100.0,4590.0,100.0,24805041584.0,100.0,33652662340.0
2018-07-24,ZJV009EX,ST12000NM0007,12000138625024,0,82,151651424,98,0,100,2,100,0,86,414420246,95,4663,100,0,100,1,,,,,100.0,0.0,100.0,0.0,,,67.0,33.0,,,100.0,71.0,100.0,270.0,33,33,100,0,100,0,200,0,100.0,4613.0,100.0,24898791064.0,100.0,33846690276.0
2018-07-25,ZJV009EX,ST12000NM0007,12000138625024,0,83.0,214331056.0,98.0,0.0,100.0,2.0,100.0,0.0,86.0,416736938.0,95.0,4687.0,100.0,0.0,100.0,1.0,,,,,100.0,0.0,100.0,0.0,,,64.0,36.0,,,100.0,71.0,100.0,271.0,36.0,36.0,100.0,0.0,100.0,0.0,200.0,0.0,100.0,4637.0,100.0,24984269048.0,100.0,34068032572.0
2018-07-26,ZJV009EX,ST12000NM0007,12000138625024,0,75,34721016,98,0,100,2,100,0,86,419297369,95,4711,100,0,100,1,,,,,100.0,0.0,100.0,0.0,,,64.0,36.0,,,100.0,71.0,100.0,272.0,36,36,100,0,100,0,200,0,100.0,4660.0,100.0,25086314880.0,100.0,34274658476.0
2018-07-27,ZJV009EX,ST12000NM0007,12000138625024,0,82,166561088,98,0,100,2,100,0,86,421699495,95,4735,100,0,100,1,,,,,100.0,0.0,100.0,0.0,,,64.0,36.0,,,100.0,71.0,100.0,273.0,36,36,100,0,100,0,200,0,100.0,4685.0,100.0,25203270920.0,100.0,34533683444.0
2018-07-28,ZJV009EX,ST12000NM0007,12000138625024,0,83,201087544,98,0,100,2,100,0,86,423810753,95,4760,100,0,100,1,,,,,100.0,0.0,100.0,0.0,,,64.0,36.0,,,100.0,72.0,100.0,275.0,36,36,100,0,100,0,200,0,100.0,4709.0,100.0,25288813160.0,100.0,34726808476.0
2018-07-29,ZJV009EX,ST12000NM0007,12000138625024,0,84,244120928,98,0,100,2,100,0,86,426011987,95,4784,100,0,100,1,,,,,100.0,0.0,100.0,0.0,,,64.0,36.0,,,100.0,72.0,100.0,276.0,36,36,100,0,100,0,200,0,100.0,4733.0,100.0,25388418008.0,100.0,34914377644.0
2018-07-30,ZJV009EX,ST12000NM0007,12000138625024,0,81,127034872,98,0,100,2,100,0,86,429035394,95,4808,100,0,100,1,,,,,100.0,0.0,100.0,0.0,,,64.0,36.0,,,100.0,72.0,100.0,277.0,36,36,100,0,100,0,200,0,100.0,4757.0,100.0,25509215680.0,100.0,35164775300.0
2018-07-31,ZJV009EX,ST12000NM0007,12000138625024,0,76,35571168,98,0,100,2,100,0,86,431792321,95,4832,100,0,100,1,,,,,100.0,0.0,100.0,0.0,,,64.0,36.0,,,100.0,72.0,100.0,278.0,36,36,100,0,100,0,200,0,100.0,4781.0,100.0,25637466176.0,100.0,35433342884.0
2018-08-01,ZJV009EX,ST12000NM0007,12000138625024,0,74,23512896,98,0,100,2,100,0,86,433869593,95,4855,100,0,100,1,,,,,100.0,0.0,100.0,0.0,,,64.0,36.0,,,100.0,73.0,100.0,279.0,36,36,100,0,100,0,200,0,100.0,4804.0,100.0,25739844328.0,100.0,35563047188.0
2018-08-02,ZJV009EX,ST12000NM0007,12000138625024,0,80,91312712,98,0,100,2,100,0,86,436209146,95,4880,100,0,100,1,,,,,100.0,0.0,100.0,0.0,,,64.0,36.0,,,100.0,73.0,100.0,280.0,36,36,100,0,100,0,200,0,100.0,4829.0,100.0,25848163600.0,100.0,35766668364.0
2018-08-03,ZJV009EX,ST12000NM0007,12000138625024,0,83,210893576,98,0,100,2,100,0,86,438895210,95,4903,100,0,100,1,,,,,100.0,0.0,100.0,0.0,,,63.0,37.0,,,100.0,73.0,100.0,281.0,37,37,100,0,100,0,200,0,100.0,4852.0,100.0,25965063936.0,100.0,36013489756.0
2018-08-04,ZJV009EX,ST12000NM0007,12000138625024,0,73,21907720,98,0,100,2,100,0,86,441429856,95,4928,100,0,100,1,,,,,100.0,0.0,100.0,0.0,,,64.0,36.0,,,100.0,73.0,100.0,282.0,36,36,100,0,100,0,200,0,100.0,4876.0,100.0,26075003424.0,100.0,36202846276.0
2018-08-05,ZJV009EX,ST12000NM0007,12000138625024,0,80,111780728,98,0,100,2,100,0,86,443981780,95,4952,100,0,100,1,,,,,100.0,0.0,100.0,0.0,,,63.0,37.0,,,100.0,73.0,100.0,283.0,37,37,100,0,100,0,200,0,100.0,4900.0,100.0,26188962912.0,100.0,36422900692.0
2018-08-06,ZJV009EX,ST12000NM0007,12000138625024,0,83,203619592,98,0,100,2,100,0,86,446402437,95,4976,100,0,100,1,,,,,100.0,0.0,100.0,0.0,,,63.0,37.0,,,100.0,73.0,100.0,284.0,37,37,100,0,100,0,200,0,100.0,4924.0,100.0,26287195840.0,100.0,36660647356.0
2018-08-07,ZJV009EX,ST12000NM0007,12000138625024,0,84,241880416,98,0,100,2,100,0,87,448479007,95,4999,100,0,100,1,,,,,100.0,0.0,100.0,0.0,,,64.0,36.0,,,100.0,74.0,100.0,285.0,36,36,100,0,100,0,200,0,100.0,4947.0,100.0,26372998040.0,100.0,36857246820.0
2018-08-08,ZJV009EX,ST12000NM0007,12000138625024,0,81,116346288,98,0,100,2,100,0,87,451121968,95,5024,100,0,100,1,,,,,100.0,0.0,100.0,0.0,,,63.0,37.0,,,100.0,75.0,100.0,286.0,37,37,100,0,100,0,200,0,100.0,4972.0,100.0,26498473576.0,100.0,37094518892.0
2018-08-09,ZJV009EX,ST12000NM0007,12000138625024,0,83,196521128,98,0,100,2,100,0,87,453775406,95,5048,100,0,100,1,,,,,100.0,0.0,100.0,0.0,,,65.0,35.0,,,100.0,76.0,100.0,287.0,35,35,100,0,100,0,200,0,100.0,4995.0,100.0,26612111512.0,100.0,37305196668.0
2018-08-10,ZJV009EX,ST12000NM0007,12000138625024,0,81,138148104,98,0,100,2,100,0,87,456844442,95,5078,100,0,100,1,,,,,100.0,0.0,100.0,0.0,,,61.0,39.0,,,100.0,76.0,100.0,290.0,39,39,100,0,100,0,200,0,100.0,5025.0,100.0,26743014184.0,100.0,37604202332.0
2018-08-11,ZJV009EX,ST12000NM0007,12000138625024,0,83,198132048,98,0,100,2,100,0,87,459069924,95,5102,100,0,100,1,,,,,100.0,0.0,100.0,0.0,,,59.0,41.0,,,100.0,76.0,100.0,291.0,41,41,100,0,100,0,200,0,100.0,5049.0,100.0,26839169120.0,100.0,37812172332.0
2018-08-12,ZJV009EX,ST12000NM0007,12000138625024,0,84,237955256,98,0,100,2,100,0,87,461222486,95,5125,100,0,100,1,,,,,100.0,0.0,100.0,0.0,,,65.0,35.0,,,100.0,76.0,100.0,292.0,35,35,100,0,100,0,200,0,100.0,5072.0,100.0,26931838744.0,100.0,38003466604.0
2018-08-13,ZJV009EX,ST12000NM0007,12000138625024,0,78,70145728,98,0,100,2,100,0,87,463665453,95,5150,100,0,100,1,,,,,100.0,0.0,100.0,0.0,,,65.0,35.0,,,100.0,76.0,100.0,293.0,35,35,100,0,100,0,200,0,100.0,5097.0,100.0,27018102032.0,100.0,38237675476.0
2018-08-14,ZJV009EX,ST12000NM0007,12000138625024,0,82.0,145925072.0,98.0,0.0,100.0,2.0,100.0,0.0,87.0,466262098.0,95.0,5174.0,100.0,0.0,100.0,1.0,,,,,100.0,0.0,100.0,0.0,,,65.0,35.0,,,100.0,77.0,100.0,294.0,35.0,35.0,100.0,0.0,100.0,0.0,200.0,0.0,100.0,5121.0,100.0,27126655184.0,100.0,38449042420.0
2018-08-15,ZJV009EX,ST12000NM0007,12000138625024,0,84.0,227595904.0,98.0,0.0,100.0,2.0,100.0,0.0,87.0,468938051.0,95.0,5198.0,100.0,0.0,100.0,1.0,,,,,100.0,0.0,100.0,0.0,,,64.0,36.0,,,100.0,77.0,100.0,295.0,36.0,36.0,100.0,0.0,100.0,0.0,200.0,0.0,100.0,5144.0,100.0,27211802024.0,100.0,38689707332.0
2018-08-16,ZJV009EX,ST12000NM0007,12000138625024,0,77,54252600,98,0,100,2,100,0,87,471128291,95,5221,100,0,100,1,,,,,100.0,0.0,100.0,0.0,,,64.0,36.0,,,100.0,77.0,100.0,296.0,36,36,100,0,100,0,200,0,100.0,5168.0,100.0,27288695712.0,100.0,38927751644.0
2018-08-17,ZJV009EX,ST12000NM0007,12000138625024,0,79,85608816,98,0,100,2,100,0,87,473232008,95,5245,100,0,100,1,,,,,100.0,0.0,100.0,0.0,,,63.0,37.0,,,100.0,77.0,100.0,297.0,37,37,100,0,100,0,200,0,100.0,5191.0,100.0,27379077072.0,100.0,39112867140.0
2018-08-18,ZJV009EX,ST12000NM0007,12000138625024,0,81,133137760,98,0,100,2,100,0,87,475509495,94,5269,100,0,100,1,,,,,100.0,0.0,100.0,0.0,,,64.0,36.0,,,100.0,77.0,100.0,298.0,36,36,100,0,100,0,200,0,100.0,5215.0,100.0,27464018408.0,100.0,39319595460.0
2018-08-19,ZJV009EX,ST12000NM0007,12000138625024,0,80,108593200,98,0,100,2,100,0,87,477584056,94,5292,100,0,100,1,,,,,100.0,0.0,100.0,0.0,,,63.0,37.0,,,100.0,77.0,100.0,299.0,37,37,100,0,100,0,200,0,100.0,5238.0,100.0,27542070240.0,100.0,39461139820.0
2018-08-20,ZJV009EX,ST12000NM0007,12000138625024,0,83,180375656,98,0,100,2,100,0,87,480399287,94,5317,100,0,100,1,,,,,100.0,0.0,100.0,0.0,,,64.0,36.0,,,100.0,77.0,100.0,300.0,36,36,100,0,100,0,200,0,100.0,5262.0,100.0,27631675672.0,100.0,39687457484.0
2018-08-21,ZJV009EX,ST12000NM0007,12000138625024,0,83,179138552,98,0,100,2,100,0,87,482290430,94,5341,100,0,100,1,,,,,100.0,0.0,100.0,0.0,,,65.0,35.0,,,100.0,77.0,100.0,301.0,35,35,100,0,100,0,200,0,100.0,5287.0,100.0,27700052296.0,100.0,39861984636.0
2018-08-22,ZJV009EX,ST12000NM0007,12000138625024,0,77,52354696,98,0,100,2,100,0,87,484512736,94,5365,100,0,100,1,,,,,100.0,0.0,100.0,0.0,,,64.0,36.0,,,100.0,78.0,100.0,302.0,36,36,100,0,100,0,200,0,100.0,5310.0,100.0,27760080496.0,100.0,40163454076.0
2018-08-23,ZJV009EX,ST12000NM0007,12000138625024,0,82,150735512,98,0,100,2,100,0,87,487084769,94,5389,100,0,100,1,,,,,100.0,0.0,100.0,0.0,,,64.0,36.0,,,100.0,79.0,100.0,303.0,36,36,100,0,100,0,200,0,100.0,5334.0,100.0,27853570464.0,100.0,40412485588.0
2018-08-24,ZJV009EX,ST12000NM0007,12000138625024,0,83,205348096,98,0,100,2,100,0,87,489443373,94,5413,100,0,100,1,,,,,100.0,0.0,100.0,0.0,,,64.0,36.0,,,100.0,80.0,100.0,304.0,36,36,100,0,100,0,200,0,100.0,5358.0,100.0,27949545352.0,100.0,40615263916.0
2018-08-25,ZJV009EX,ST12000NM0007,12000138625024,0,78,70539312,98,0,100,2,100,0,87,492380738,94,5437,100,0,100,1,,,,,100.0,0.0,100.0,0.0,,,64.0,36.0,,,100.0,81.0,100.0,305.0,36,36,100,0,100,0,200,0,100.0,5382.0,100.0,28039626952.0,100.0,40878654852.0
2018-08-26,ZJV009EX,ST12000NM0007,12000138625024,0,81,128058704,98,0,100,2,100,0,87,494789189,94,5461,100,0,100,1,,,,,100.0,0.0,100.0,0.0,,,64.0,36.0,,,100.0,82.0,100.0,306.0,36,36,100,0,100,0,200,0,100.0,5405.0,100.0,28139735296.0,100.0,41080206572.0
2018-08-27,ZJV009EX,ST12000NM0007,12000138625024,0,82,149455792,98,0,100,2,100,0,87,496910178,94,5485,100,0,100,1,,,,,100.0,0.0,100.0,0.0,,,64.0,36.0,,,100.0,83.0,100.0,307.0,36,36,100,0,100,0,200,0,100.0,5430.0,100.0,28228588552.0,100.0,41256891036.0
2018-08-28,ZJV009EX,ST12000NM0007,12000138625024,0,76,40792712,98,0,100,2,100,0,87,499667186,94,5508,100,0,100,1,,,,,100.0,0.0,100.0,0.0,,,64.0,36.0,,,100.0,83.0,100.0,308.0,36,36,100,0,100,0,200,0,100.0,5453.0,100.0,28342305568.0,100.0,41522792556.0
2018-08-29,ZJV009EX,ST12000NM0007,12000138625024,0,81,129201600,98,0,100,2,100,0,87,502311649,94,5533,100,0,100,1,,,,,100.0,0.0,100.0,0.0,,,64.0,36.0,,,100.0,84.0,100.0,309.0,36,36,100,0,100,0,200,0,100.0,5477.0,100.0,28469712808.0,100.0,41727934892.0
2018-08-30,ZJV009EX,ST12000NM0007,12000138625024,0,80,104240752,98,0,100,2,100,0,87,503992645,94,5551,100,0,100,1,,,,,100.0,0.0,100.0,0.0,,,63.0,37.0,,,100.0,85.0,100.0,311.0,37,37,100,0,100,0,200,0,100.0,5496.0,100.0,28531861760.0,100.0,41884965724.0
2018-08-31,ZJV009EX,ST12000NM0007,12000138625024,0,84,228929632,98,0,100,2,100,0,87,506866355,94,5575,100,0,100,1,,,,,100.0,0.0,100.0,0.0,,,63.0,37.0,,,100.0,85.0,100.0,312.0,37,37,100,0,100,0,200,0,100.0,5519.0,100.0,28631018344.0,100.0,42154639140.0
2018-09-01,ZJV009EX,ST12000NM0007,12000138625024,0,78,68090720,98,0,100,2,100,0,87,509397311,94,5599,100,0,100,1,,,,,100.0,0.0,100.0,0.0,,,63.0,37.0,,,100.0,85.0,100.0,313.0,37,37,100,0,100,0,200,0,100.0,5543.0,100.0,28740954096.0,100.0,42372146132.0
2018-09-02,ZJV009EX,ST12000NM0007,12000138625024,0,81,140611976,98,0,100,2,100,0,87,511871559,94,5622,100,0,100,1,,,,,100.0,0.0,100.0,0.0,,,64.0,36.0,,,100.0,85.0,100.0,314.0,36,36,100,0,100,0,200,0,100.0,5567.0,100.0,28855691952.0,100.0,42574070292.0
2018-09-03,ZJV009EX,ST12000NM0007,12000138625024,0,75,34381296,98,0,100,2,100,0,87,514752522,94,5647,100,0,100,1,,,,,100.0,0.0,100.0,0.0,,,63.0,37.0,,,100.0,86.0,100.0,315.0,37,37,100,0,100,0,200,0,100.0,5591.0,100.0,28993685720.0,100.0,42818127548.0
2018-09-04,ZJV009EX,ST12000NM0007,12000138625024,0,82,162329792,98,0,100,2,100,0,87,517658893,94,5671,100,0,100,1,,,,,100.0,0.0,100.0,0.0,,,63.0,37.0,,,100.0,86.0,100.0,316.0,37,37,100,0,100,0,200,0,100.0,5615.0,100.0,29096582832.0,100.0,43087319780.0
2018-09-05,ZJV009EX,ST12000NM0007,12000138625024,0,83,215381728,98,0,100,2,100,0,87,520064588,94,5695,100,0,100,1,,,,,100.0,0.0,100.0,0.0,,,64.0,36.0,,,100.0,87.0,100.0,317.0,36,36,100,0,100,0,200,0,100.0,5638.0,100.0,29193208088.0,100.0,43287887180.0
2018-09-06,ZJV009EX,ST12000NM0007,12000138625024,0,75,28684856,98,0,100,2,100,0,87,523049485,94,5723,100,0,100,1,,,,,100.0,0.0,100.0,0.0,,,64.0,36.0,,,100.0,87.0,100.0,318.0,36,36,100,0,100,0,200,0,100.0,5667.0,100.0,29303099368.0,100.0,43479580668.0
2018-09-07,ZJV009EX,ST12000NM0007,12000138625024,0,82,161435568,98,0,100,2,100,0,87,525635412,94,5748,100,0,100,1,,,,,100.0,0.0,100.0,0.0,,,63.0,37.0,,,100.0,87.0,100.0,319.0,37,37,100,0,100,0,200,0,100.0,5691.0,100.0,29401004304.0,100.0,43758567204.0
2018-09-08,ZJV009EX,ST12000NM0007,12000138625024,0,83,206517864,98,0,100,2,100,0,87,527969423,94,5772,100,0,100,1,,,,,100.0,0.0,100.0,0.0,,,64.0,36.0,,,100.0,88.0,100.0,320.0,36,36,100,0,100,0,200,0,100.0,5716.0,100.0,29484212784.0,100.0,43964581724.0
2018-09-09,ZJV009EX,ST12000NM0007,12000138625024,0,73,21533576,98,0,100,2,100,0,87,530515985,94,5796,100,0,100,1,,,,,100.0,0.0,100.0,0.0,,,64.0,36.0,,,100.0,88.0,100.0,321.0,36,36,100,0,100,0,200,0,100.0,5739.0,100.0,29575578992.0,100.0,44176512596.0
2018-09-10,ZJV009EX,ST12000NM0007,12000138625024,0,82,154004912,98,0,100,2,100,0,87,533444612,94,5820,100,0,100,1,,,,,100.0,0.0,100.0,0.0,,,63.0,37.0,,,100.0,88.0,100.0,322.0,37,37,100,0,100,0,200,0,100.0,5763.0,100.0,29702767408.0,100.0,44425936156.0
2018-09-11,ZJV009EX,ST12000NM0007,12000138625024,0,78,57953120,98,0,100,2,100,0,87,536578497,94,5844,100,0,100,1,,,,,100.0,0.0,100.0,0.0,,,63.0,37.0,,,100.0,88.0,100.0,323.0,37,37,100,0,100,0,200,0,100.0,5787.0,100.0,29861659800.0,100.0,44659273364.0
2018-09-12,ZJV009EX,ST12000NM0007,12000138625024,0,81,114425336,98,0,100,2,100,0,87,539460498,94,5868,100,0,100,1,,,,,100.0,0.0,100.0,0.0,,,64.0,36.0,,,100.0,88.0,100.0,324.0,36,36,100,0,100,0,200,0,100.0,5811.0,100.0,29967632816.0,100.0,44853913364.0
2018-09-13,ZJV009EX,ST12000NM0007,12000138625024,0,80,95220584,98,0,100,2,100,0,87,541371638,94,5889,100,0,100,1,,,,,100.0,0.0,100.0,0.0,,,63.0,37.0,,,100.0,89.0,100.0,325.0,37,37,100,0,100,0,200,0,100.0,5832.0,100.0,30054356656.0,100.0,44992125412.0
2018-09-14,ZJV009EX,ST12000NM0007,12000138625024,0,82,147271216,98,0,100,2,100,0,87,543727264,94,5912,100,0,100,1,,,,,100.0,0.0,100.0,0.0,,,64.0,36.0,,,100.0,89.0,100.0,326.0,36,36,100,0,100,0,200,0,100.0,5855.0,100.0,30138409312.0,100.0,45204264148.0
2018-09-15,ZJV009EX,ST12000NM0007,12000138625024,0,82,157285256,98,0,100,2,100,0,87,545992694,94,5937,100,0,100,1,,,,,100.0,0.0,100.0,0.0,,,63.0,37.0,,,100.0,90.0,100.0,327.0,37,37,100,0,100,0,200,0,100.0,5879.0,100.0,30209752456.0,100.0,45387075684.0
2018-09-16,ZJV009EX,ST12000NM0007,12000138625024,0,83,211755648,98,0,100,2,100,0,87,548524957,94,5960,100,0,100,1,,,,,100.0,0.0,100.0,0.0,,,63.0,37.0,,,100.0,90.0,100.0,328.0,37,37,100,0,100,0,200,0,100.0,5903.0,100.0,30304184784.0,100.0,45591254604.0
2018-09-17,ZJV009EX,ST12000NM0007,12000138625024,0,76,41227256,98,0,100,2,100,0,87,551133827,94,5985,100,0,100,1,,,,,100.0,0.0,100.0,0.0,,,63.0,37.0,,,100.0,91.0,100.0,329.0,37,37,100,0,100,0,200,0,100.0,5927.0,100.0,30394725704.0,100.0,45818466812.0
2018-09-18,ZJV009EX,ST12000NM0007,12000138625024,0,82,156098088,98,0,100,2,100,0,87,554026907,94,6008,100,0,100,1,,,,,100.0,0.0,100.0,0.0,,,63.0,37.0,,,100.0,91.0,100.0,330.0,37,37,100,0,100,0,200,0,100.0,5950.0,100.0,30500465440.0,100.0,46071738788.0
2018-09-19,ZJV009EX,ST12000NM0007,12000138625024,0,82,174324224,98,0,100,2,100,0,87,556111012,94,6032,100,0,100,1,,,,,100.0,0.0,100.0,0.0,,,63.0,37.0,,,100.0,91.0,100.0,331.0,37,37,100,0,100,0,200,0,100.0,5974.0,100.0,30584036280.0,100.0,46250535172.0
2018-09-20,ZJV009EX,ST12000NM0007,12000138625024,0,72,16702904,98,0,100,2,100,0,87,558630131,94,6057,100,0,100,1,,,,,100.0,0.0,100.0,0.0,,,63.0,37.0,,,100.0,91.0,100.0,332.0,37,37,100,0,100,0,200,0,100.0,5999.0,100.0,30692124056.0,100.0,46473107636.0
2018-09-21,ZJV009EX,ST12000NM0007,12000138625024,0,80,108764560,98,0,100,2,100,0,87,561050172,94,6080,100,0,100,1,,,,,100.0,0.0,100.0,0.0,,,62.0,38.0,,,100.0,91.0,100.0,333.0,38,38,100,0,100,0,200,0,100.0,6022.0,100.0,30788082424.0,100.0,46713351660.0
2018-09-22,ZJV009EX,ST12000NM0007,12000138625024,0,83,179118216,98,0,100,2,100,0,88,563739236,94,6105,100,0,100,1,,,,,100.0,0.0,100.0,0.0,,,62.0,38.0,,,100.0,92.0,100.0,334.0,38,38,100,0,100,0,200,0,100.0,6046.0,100.0,30896332760.0,100.0,46919595684.0
2018-09-23,ZJV009EX,ST12000NM0007,12000138625024,0,84,240108592,98,0,100,2,100,0,88,566234833,94,6129,100,0,100,1,,,,,100.0,0.0,100.0,0.0,,,63.0,37.0,,,100.0,92.0,100.0,335.0,37,37,100,0,100,0,200,0,100.0,6070.0,100.0,30997265368.0,100.0,47123794084.0
2018-09-24,ZJV009EX,ST12000NM0007,12000138625024,0,82,145872712,98,0,100,2,100,0,88,569399292,93,6152,100,0,100,1,,,,,100.0,0.0,100.0,0.0,,,63.0,37.0,,,100.0,92.0,100.0,336.0,37,37,100,0,100,0,200,0,100.0,6094.0,100.0,31161661352.0,100.0,47353443900.0
2018-09-25,ZJV009EX,ST12000NM0007,12000138625024,0,72,17349416,98,0,100,2,100,0,88,572334008,93,6177,100,0,100,1,,,,,100.0,0.0,100.0,0.0,,,63.0,37.0,,,100.0,92.0,100.0,337.0,37,37,100,0,100,0,200,0,100.0,6118.0,100.0,31263645640.0,100.0,47611217780.0
2018-09-26,ZJV009EX,ST12000NM0007,12000138625024,0,84,243156656,98,0,100,2,100,0,88,574270173,93,6200,100,0,100,1,,,,,100.0,0.0,100.0,0.0,,,63.0,37.0,,,100.0,92.0,100.0,338.0,37,37,100,0,100,0,200,0,100.0,6142.0,100.0,31350622648.0,100.0,47750048012.0
2018-09-27,ZJV009EX,ST12000NM0007,12000138625024,0,71,11454552,98,0,100,2,100,0,88,576239371,93,6225,100,0,100,1,,,,,100.0,0.0,100.0,0.0,,,64.0,36.0,,,100.0,93.0,100.0,339.0,36,36,100,0,100,0,200,0,100.0,6166.0,100.0,31422921880.0,100.0,47934328028.0
2018-09-28,ZJV009EX,ST12000NM0007,12000138625024,0,79,87505872,98,0,100,2,100,0,88,578515650,93,6248,100,0,100,1,,,,,100.0,0.0,100.0,0.0,,,63.0,37.0,,,100.0,93.0,100.0,340.0,37,37,100,0,100,0,200,0,100.0,6190.0,100.0,31520468136.0,100.0,48156973956.0
2018-09-29,ZJV009EX,ST12000NM0007,12000138625024,0,83,189193160,98,0,100,2,100,0,88,581129211,93,6273,100,0,100,1,,,,,100.0,0.0,100.0,0.0,,,63.0,37.0,,,100.0,93.0,100.0,341.0,37,37,100,0,100,0,200,0,100.0,6214.0,100.0,31601826080.0,100.0,48421443988.0
2018-09-30,ZJV009EX,ST12000NM0007,12000138625024,0,79,84312768,98,0,100,2,100,0,88,584242427,93,6296,100,0,100,1,,,,,100.0,0.0,100.0,0.0,,,63.0,37.0,,,100.0,93.0,100.0,342.0,37,37,100,0,100,0,200,0,100.0,6238.0,100.0,31691606640.0,100.0,48715064380.0
2018-10-01,ZJV009EX,ST12000NM0007,12000138625024,0,81,123750608,98,0,100,2,100,0,88,586528147,93,6320,100,0,100,1,,,,,100.0,0.0,100.0,0.0,,,63.0,37.0,,,100.0,94.0,100.0,343.0,37,37,100,0,100,0,200,0,100.0,6261.0,100.0,31781645056.0,100.0,48908604516.0
2018-10-02,ZJV009EX,ST12000NM0007,12000138625024,0,82,177622656,98,0,100,2,100,0,88,588840107,93,6344,100,0,100,1,,,,,100.0,0.0,100.0,0.0,,,64.0,36.0,,,100.0,94.0,100.0,344.0,36,36,100,0,100,0,200,0,100.0,6286.0,100.0,31902759120.0,100.0,49085503332.0
2018-10-03,ZJV009EX,ST12000NM0007,12000138625024,0,71,13322400,98,0,100,2,100,0,88,591373739,93,6369,100,0,100,1,,,,,100.0,0.0,100.0,0.0,,,64.0,36.0,,,100.0,94.0,100.0,345.0,36,36,100,0,100,0,200,0,100.0,6310.0,100.0,32018045728.0,100.0,49294197852.0
2018-10-04,ZJV009EX,ST12000NM0007,12000138625024,0,78.0,61098928.0,98.0,0.0,100.0,2.0,100.0,0.0,88.0,593454467.0,93.0,6392.0,100.0,0.0,100.0,1.0,,,,,100.0,0.0,100.0,0.0,,,63.0,37.0,,,100.0,95.0,100.0,346.0,37.0,37.0,100.0,0.0,100.0,0.0,200.0,0.0,100.0,6333.0,100.0,32119745856.0,100.0,49484415068.0
2018-10-05,ZJV009EX,ST12000NM0007,12000138625024,0,71,11754336,98,0,100,2,100,0,88,596509497,93,6417,100,0,100,1,,,,,100.0,0.0,100.0,0.0,,,64.0,36.0,,,100.0,96.0,100.0,347.0,36,36,100,0,100,0,200,0,100.0,6358.0,100.0,32224861464.0,100.0,49818236412.0
2018-10-06,ZJV009EX,ST12000NM0007,12000138625024,0,77,47814336,98,0,100,2,100,0,88,598753616,93,6440,100,0,100,1,,,,,100.0,0.0,100.0,0.0,,,64.0,36.0,,,100.0,97.0,100.0,348.0,36,36,100,0,100,0,200,0,100.0,6381.0,100.0,32312900888.0,100.0,50010397804.0
2018-10-07,ZJV009EX,ST12000NM0007,12000138625024,0,80,107009320,98,0,100,2,100,0,88,600937439,93,6465,100,0,100,1,,,,,100.0,0.0,100.0,0.0,,,65.0,35.0,,,100.0,98.0,100.0,349.0,35,35,100,0,100,0,200,0,100.0,6405.0,100.0,32412946320.0,100.0,50213688028.0
2018-10-08,ZJV009EX,ST12000NM0007,12000138625024,0,81,126953784,98,0,100,2,100,0,88,602975133,93,6489,100,0,100,1,,,,,100.0,0.0,100.0,0.0,,,65.0,35.0,,,100.0,99.0,100.0,350.0,35,35,100,0,100,0,200,0,100.0,6430.0,100.0,32499692088.0,100.0,50391027724.0
2018-10-09,ZJV009EX,ST12000NM0007,12000138625024,0,82.0,155413792.0,98.0,0.0,100.0,2.0,100.0,0.0,88.0,605316600.0,93.0,6512.0,100.0,0.0,100.0,1.0,,,,,100.0,0.0,100.0,0.0,,,65.0,35.0,,,100.0,100.0,100.0,351.0,35.0,35.0,100.0,0.0,100.0,0.0,200.0,0.0,100.0,6453.0,100.0,32567519424.0,100.0,50595801476.0
2018-10-10,ZJV009EX,ST12000NM0007,12000138625024,0,82,165479536,98,0,100,2,100,0,88,607376562,93,6537,100,0,100,1,,,,,100.0,0.0,100.0,0.0,,,64.0,36.0,,,100.0,101.0,100.0,352.0,36,36,100,0,100,0,200,0,100.0,6477.0,100.0,32657828656.0,100.0,50759698772.0
2018-10-11,ZJV009EX,ST12000NM0007,12000138625024,0,82,145476546,98,0,100,2,100,0,88,609212656,93,6560,100,0,100,1,,,,,100.0,0.0,100.0,0.0,,,65.0,35.0,,,100.0,102.0,100.0,360.0,35,35,100,0,100,0,200,0,100.0,6500.0,100.0,32742073032.0,100.0,50899592262.0
2018-10-12,ZJV009EX,ST12000NM0007,12000138625024,0,67,5582320,98,0,100,2,100,0,88,611844111,93,6584,100,0,100,1,,,,,100.0,0.0,100.0,0.0,,,65.0,35.0,,,100.0,103.0,100.0,361.0,35,35,100,0,100,0,200,0,100.0,6523.0,100.0,32865278408.0,100.0,51124774174.0
2018-10-13,ZJV009EX,ST12000NM0007,12000138625024,0,73,21240928,98,0,100,2,100,0,88,614102339,93,6608,100,0,100,1,,,,,100.0,0.0,100.0,0.0,,,65.0,35.0,,,100.0,104.0,100.0,362.0,35,35,100,0,100,0,200,0,100.0,6547.0,100.0,32960209768.0,100.0,51289642398.0
2018-10-14,ZJV009EX,ST12000NM0007,12000138625024,0,77,54327696,98,0,100,2,100,0,88,616503701,93,6632,100,0,100,1,,,,,100.0,0.0,100.0,0.0,,,65.0,35.0,,,100.0,105.0,100.0,363.0,35,35,100,0,100,0,200,0,100.0,6571.0,100.0,33018693544.0,100.0,51508386030.0
2018-10-15,ZJV009EX,ST12000NM0007,12000138625024,0,80,105698344,98,0,100,2,100,0,88,618700178,93,6656,100,0,100,1,,,,,100.0,0.0,100.0,0.0,,,64.0,36.0,,,100.0,106.0,100.0,364.0,36,36,100,0,100,0,200,0,100.0,6595.0,100.0,33083999456.0,100.0,51738591534.0
2018-10-16,ZJV009EX,ST12000NM0007,12000138625024,0,74,27627336,98,0,100,2,100,0,88,621436618,93,6680,100,0,100,1,,,,,100.0,0.0,100.0,0.0,,,63.0,37.0,,,100.0,106.0,100.0,365.0,37,37,100,0,100,0,200,0,100.0,6619.0,100.0,33167737136.0,100.0,52065064366.0
2018-10-17,ZJV009EX,ST12000NM0007,12000138625024,0,82,158215400,98,0,100,2,100,0,88,624088940,93,6704,100,0,100,1,,,,,100.0,0.0,100.0,0.0,,,64.0,36.0,,,100.0,106.0,100.0,366.0,36,36,100,0,100,0,200,0,100.0,6643.0,100.0,33261264056.0,100.0,52346266150.0
2018-10-18,ZJV009EX,ST12000NM0007,12000138625024,0,77,49527992,98,0,100,2,100,0,88,627011490,93,6734,100,0,100,1,,,,,100.0,0.0,100.0,0.0,,,64.0,36.0,,,100.0,106.0,100.0,367.0,36,36,100,0,100,0,200,0,100.0,6672.0,100.0,33393389600.0,100.0,52593734606.0
2018-10-19,ZJV009EX,ST12000NM0007,12000138625024,0,81,117122832,98,0,100,2,100,0,88,629707110,93,6757,100,0,100,1,,,,,100.0,0.0,100.0,0.0,,,67.0,33.0,,,100.0,107.0,100.0,368.0,33,33,100,0,100,0,200,0,100.0,6696.0,100.0,33476542544.0,100.0,52822317366.0
2018-10-20,ZJV009EX,ST12000NM0007,12000138625024,0,82,157137112,98,0,100,2,100,0,88,632027997,93,6782,100,0,100,1,,,,,100.0,0.0,100.0,0.0,,,66.0,34.0,,,100.0,107.0,100.0,369.0,34,34,100,0,100,0,200,0,100.0,6720.0,100.0,33564681928.0,100.0,53018332958.0
2018-10-21,ZJV009EX,ST12000NM0007,12000138625024,0,83,184031056,98,0,100,2,100,0,88,634307959,93,6805,100,0,100,1,,,,,100.0,0.0,100.0,0.0,,,66.0,34.0,,,100.0,107.0,100.0,370.0,34,34,100,0,100,0,200,0,100.0,6743.0,100.0,33669270856.0,100.0,53184778694.0
2018-10-22,ZJV009EX,ST12000NM0007,12000138625024,0,100,1059720,98,0,100,2,100,0,88,636817508,93,6829,100,0,100,1,,,,,100.0,0.0,100.0,0.0,,,66.0,34.0,,,100.0,108.0,100.0,371.0,34,34,100,0,100,0,200,0,100.0,6767.0,100.0,33769103384.0,100.0,53390256638.0
2018-10-23,ZJV009EX,ST12000NM0007,12000138625024,0,79,83469576,98,0,100,2,100,0,88,639387697,93,6853,100,0,100,1,,,,,100.0,0.0,100.0,0.0,,,66.0,34.0,,,100.0,108.0,100.0,372.0,34,34,100,0,100,0,200,0,100.0,6790.0,100.0,33864441008.0,100.0,53621469510.0
2018-10-24,ZJV009EX,ST12000NM0007,12000138625024,0,80,101479408,98,0,100,2,100,0,88,641916224,93,6877,100,0,100,1,,,,,100.0,0.0,100.0,0.0,,,66.0,34.0,,,100,108,100.0,373.0,34,34,100,0,100,0,200,0,100.0,6815.0,100.0,33958581192.0,100.0,53789479918.0
2018-10-25,ZJV009EX,ST12000NM0007,12000138625024,0,79,79899584,98,0,100,2,100,0,88,643759926,93,6898,100,0,100,1,,,,,100.0,0.0,100.0,0.0,,,67.0,33.0,,,100.0,109.0,100.0,374.0,33,33,100,0,100,0,200,0,100.0,6835.0,100.0,34042627536.0,100.0,53927994622.0
2018-10-26,ZJV009EX,ST12000NM0007,12000138625024,0,82,147204128,98,0,100,2,100,0,88,645919492,93,6922,100,0,100,1,,,,,100.0,0.0,100.0,0.0,,,67.0,33.0,,,100.0,109.0,100.0,375.0,33,33,100,0,100,0,200,0,100.0,6859.0,100.0,34124007680.0,100.0,54158060110.0
2018-10-27,ZJV009EX,ST12000NM0007,12000138625024,0,82,172384496,98,0,100,2,100,0,88,647970047,93,6946,100,0,100,1,,,,,100.0,0.0,100.0,0.0,,,66.0,34.0,,,100.0,110.0,100.0,376.0,34,34,100,0,100,0,200,0,100.0,6883.0,100.0,34203312840.0,100.0,54348075982.0
2018-10-28,ZJV009EX,ST12000NM0007,12000138625024,0,83,195699680,98,0,100,2,100,0,88,650081938,93,6970,100,0,100,1,,,,,100.0,0.0,100.0,0.0,,,66.0,34.0,,,100.0,111.0,100.0,377.0,34,34,100,0,100,0,200,0,100.0,6907.0,100.0,34297312120.0,100.0,54521532726.0
2018-10-29,ZJV009EX,ST12000NM0007,12000138625024,0,79,71577952,98,0,100,2,100,0,88,653183318,93,6995,100,0,100,1,,,,,100.0,0.0,100.0,0.0,,,66.0,34.0,,,100.0,112.0,100.0,378.0,34,34,100,0,100,0,200,0,100.0,6932.0,100.0,34398120992.0,100.0,54784883542.0
2018-10-30,ZJV009EX,ST12000NM0007,12000138625024,0,83,206328912,98,0,100,2,100,0,88,655958322,92,7019,100,0,100,1,,,,,100.0,0.0,100.0,0.0,,,67.0,33.0,,,100.0,113.0,100.0,379.0,33,33,100,0,100,0,200,0,100.0,6956.0,100.0,34517360688.0,100.0,55044535454.0
2018-10-31,ZJV009EX,ST12000NM0007,12000138625024,0,72,17585696,98.0,0.0,100.0,2.0,100.0,0.0,88.0,658211501.0,92,7044,100.0,0.0,100,1,,,,,100.0,0.0,100.0,0.0,,,67.0,33.0,,,100.0,113.0,100.0,380.0,33,33,100.0,0.0,100.0,0.0,200.0,0.0,100.0,6981.0,100.0,34607581224.0,100.0,55253853270.0
2018-11-01,ZJV009EX,ST12000NM0007,12000138625024,0,84,239097656,98.0,0.0,100.0,2.0,100.0,0.0,88.0,660064225.0,92,7065,100.0,0.0,100,1,,,,,100.0,0.0,100.0,0.0,,,67.0,33.0,,,100.0,113.0,100.0,381.0,33,33,100.0,0.0,100.0,0.0,200.0,0.0,100.0,7002.0,100.0,34682073024.0,100.0,55400873430.0
2018-11-02,ZJV009EX,ST12000NM0007,12000138625024,0,79,86660024,98.0,0.0,100.0,2.0,100.0,0.0,88.0,662291479.0,92,7089,100.0,0.0,100,1,,,,,100.0,0.0,100.0,0.0,,,67.0,33.0,,,100.0,113.0,100.0,382.0,33,33,100.0,0.0,100.0,0.0,200.0,0.0,100.0,7025.0,100.0,34771367928.0,100.0,55647422758.0
2018-11-03,ZJV009EX,ST12000NM0007,12000138625024,0,83,199262864,98.0,0.0,100.0,2.0,100.0,0.0,88.0,665138825.0,92,7113,100.0,0.0,100,1,,,,,100.0,0.0,100.0,0.0,,,67.0,33.0,,,100.0,114.0,100.0,383.0,33,33,100.0,0.0,100.0,0.0,200.0,0.0,100.0,7050.0,100.0,34877911992.0,100.0,55897622310.0
2018-11-04,ZJV009EX,ST12000NM0007,12000138625024,0,83,207199616,98.0,0.0,100.0,2.0,100.0,0.0,88.0,667248308.0,92,7137,100.0,0.0,100,1,,,,,100.0,0.0,100.0,0.0,,,67.0,33.0,,,100.0,115.0,100.0,384.0,33,33,100.0,0.0,100.0,0.0,200.0,0.0,100.0,7073.0,100.0,34977500936.0,100.0,56050110854.0
2018-11-05,ZJV009EX,ST12000NM0007,12000138625024,0,73,19550056,98.0,0.0,100.0,2.0,100.0,0.0,88.0,669486025.0,92,7161,100.0,0.0,100,1,,,,,100.0,0.0,100.0,0.0,,,67.0,33.0,,,100.0,115.0,100.0,385.0,33,33,100.0,0.0,100.0,0.0,200.0,0.0,100.0,7097.0,100.0,35071492968.0,100.0,56256750782.0
2018-11-06,ZJV009EX,ST12000NM0007,12000138625024,0,80.0,109234832.0,98.0,0.0,100.0,2.0,100.0,0.0,88.0,671816284.0,92.0,7185.0,100.0,0.0,100.0,1.0,,,,,100.0,0.0,100.0,0.0,,,67.0,33.0,,,100.0,116.0,100.0,386.0,33.0,33.0,100.0,0.0,100.0,0.0,200.0,0.0,100.0,7122.0,100.0,35161623472.0,100.0,56500445686.0
2018-11-07,ZJV009EX,ST12000NM0007,12000138625024,0,81.0,138070776.0,98.0,0.0,100.0,2.0,100.0,0.0,88.0,674092242.0,92.0,7209.0,100.0,0.0,100.0,1.0,,,,,100.0,0.0,100.0,0.0,,,67.0,33.0,,,100.0,117.0,100.0,387.0,33.0,33.0,100.0,0.0,100.0,0.0,200.0,0.0,100.0,7145.0,100.0,35238721880.0,100.0,56696323974.0
2018-11-08,ZJV009EX,ST12000NM0007,12000138625024,0,76.0,36512664.0,98.0,0.0,100.0,2.0,100.0,0.0,88.0,676938523.0,92.0,7237.0,100.0,0.0,100.0,1.0,,,,,100.0,0.0,100.0,0.0,,,67.0,33.0,,,100.0,117.0,100.0,388.0,33.0,33.0,100.0,0.0,100.0,0.0,200.0,0.0,100.0,7174.0,100.0,35346416512.0,100.0,56975352990.0
2018-11-09,ZJV009EX,ST12000NM0007,12000138625024,0,79,71955344,98.0,0.0,100.0,2.0,100.0,0.0,88.0,679017743.0,92,7261,100.0,0.0,100,1,,,,,100.0,0.0,100.0,0.0,,,67.0,33.0,,,100.0,117.0,100.0,389.0,33,33,100.0,0.0,100.0,0.0,200.0,0.0,100.0,7197.0,100.0,35428492264.0,100.0,57172860550.0
2018-11-10,ZJV009EX,ST12000NM0007,12000138625024,0,81,132986008,98.0,0.0,100.0,2.0,100.0,0.0,88.0,681410487.0,92,7285,100.0,0.0,100,1,,,,,100.0,0.0,100.0,0.0,,,67.0,33.0,,,100.0,117.0,100.0,390.0,33,33,100.0,0.0,100.0,0.0,200.0,0.0,100.0,7221.0,100.0,35518212576.0,100.0,57388311614.0
2018-11-11,ZJV009EX,ST12000NM0007,12000138625024,0,83,197596584,98.0,0.0,100.0,2.0,100.0,0.0,88.0,683707839.0,92,7309,100.0,0.0,100,1,,,,,100.0,0.0,100.0,0.0,,,67.0,33.0,,,100.0,117.0,100.0,391.0,33,33,100.0,0.0,100.0,0.0,200.0,0.0,100.0,7245.0,100.0,35616954256.0,100.0,57598321150.0
2018-11-12,ZJV009EX,ST12000NM0007,12000138625024,0,80,102430792,98.0,0.0,100.0,2.0,100.0,0.0,88.0,686816944.0,92,7333,100.0,0.0,100,1,,,,,100.0,0.0,100.0,0.0,,,67.0,33.0,,,100.0,117.0,100.0,392.0,33,33,100.0,0.0,100.0,0.0,200.0,0.0,100.0,7269.0,100.0,35718749288.0,100.0,57889641926.0
2018-11-13,ZJV009EX,ST12000NM0007,12000138625024,0,83,209205736,98.0,0.0,100.0,2.0,100.0,0.0,88.0,689414379.0,92,7357,100.0,0.0,100,1,,,,,100.0,0.0,100.0,0.0,,,67.0,33.0,,,100.0,118.0,100.0,393.0,33,33,100.0,0.0,100.0,0.0,200.0,0.0,100.0,7293.0,100.0,35820434040.0,100.0,58138872790.0
2018-11-14,ZJV009EX,ST12000NM0007,12000138625024,0,84,235558720,98.0,0.0,100.0,2.0,100.0,0.0,88.0,691526907.0,92,7381,100.0,0.0,100,1,,,,,100.0,0.0,100.0,0.0,,,67.0,33.0,,,100.0,119.0,100.0,394.0,33,33,100.0,0.0,100.0,0.0,200.0,0.0,100.0,7317.0,100.0,35912819312.0,100.0,58316981198.0
2018-11-15,ZJV009EX,ST12000NM0007,12000138625024,0,80,89190320,98.0,0.0,100.0,2.0,100.0,0.0,88.0,693971634.0,92,7406,100.0,0.0,100,1,,,,,100.0,0.0,100.0,0.0,,,67.0,33.0,,,100.0,120.0,100.0,395.0,33,33,100.0,0.0,100.0,0.0,200.0,0.0,100.0,7342.0,100.0,36010680824.0,100.0,58561032662.0
2018-11-16,ZJV009EX,ST12000NM0007,12000138625024,0,76,42453568,98.0,0.0,100.0,2.0,100.0,0.0,88.0,695583176.0,92,7423,100.0,0.0,100,1,,,,,100.0,0.0,100.0,0.0,,,67.0,33.0,,,100.0,121.0,100.0,396.0,33,33,100.0,0.0,100.0,0.0,200.0,0.0,100.0,7359.0,100.0,36085719888.0,100.0,58683397654.0
2018-11-17,ZJV009EX,ST12000NM0007,12000138625024,0,81.0,133209112.0,98.0,0.0,100.0,2.0,100.0,0.0,88.0,698060441.0,92.0,7447.0,100.0,0.0,100.0,1.0,,,,,100.0,0.0,100.0,0.0,,,66.0,34.0,,,100.0,122.0,100.0,397.0,34.0,34.0,100.0,0.0,100.0,0.0,200.0,0.0,100.0,7382.0,100.0,36193418848.0,100.0,58910594982.0
2018-11-18,ZJV009EX,ST12000NM0007,12000138625024,0,68,5862232,98.0,0.0,100.0,2.0,100.0,0.0,88.0,701085996.0,92,7471,100.0,0.0,100,1,,,,,100.0,0.0,100.0,0.0,,,66.0,34.0,,,100.0,122.0,100.0,398.0,34,34,100.0,0.0,100.0,0.0,200.0,0.0,100.0,7407.0,100.0,36297585856.0,100.0,59167362478.0
2018-11-19,ZJV009EX,ST12000NM0007,12000138625024,0,80,97392192,98.0,0.0,100.0,2.0,100.0,0.0,88.0,703579666.0,92,7495,100.0,0.0,100,1,,,,,100.0,0.0,100.0,0.0,,,66.0,34.0,,,100.0,123.0,100.0,399.0,34,34,100.0,0.0,100.0,0.0,200.0,0.0,100.0,7431.0,100.0,36381745648.0,100.0,59418873350.0
2018-11-20,ZJV009EX,ST12000NM0007,12000138625024,0,83,207691752,98.0,0.0,100.0,2.0,100.0,0.0,88.0,706062636.0,92,7519,100.0,0.0,100,1,,,,,100.0,0.0,100.0,0.0,,,67.0,33.0,,,100.0,124.0,100.0,400.0,33,33,100.0,0.0,100.0,0.0,200.0,0.0,100.0,7455.0,100.0,36485900464.0,100.0,59669159134.0
2018-11-21,ZJV009EX,ST12000NM0007,12000138625024,0,100,758016,98.0,0.0,100.0,2.0,100.0,0.0,89.0,708211739.0,92,7543,100.0,0.0,100,1,,,,,100.0,0.0,100.0,0.0,,,66.0,34.0,,,100.0,124.0,100.0,401.0,34,34,100.0,0.0,100.0,0.0,200.0,0.0,100.0,7479.0,100.0,36584467352.0,100.0,59851939838.0
2018-11-22,ZJV009EX,ST12000NM0007,12000138625024,0,78,68268424,98.0,0.0,100.0,2.0,100.0,0.0,89.0,710497548.0,92,7567,100.0,0.0,100,1,,,,,100.0,0.0,100.0,0.0,,,67.0,33.0,,,100.0,124.0,100.0,402.0,33,33,100.0,0.0,100.0,0.0,200.0,0.0,100.0,7503.0,100.0,36710998696.0,100.0,60037059782.0
2018-11-23,ZJV009EX,ST12000NM0007,12000138625024,0,82,165571152,98.0,0.0,100.0,2.0,100.0,0.0,89.0,713076495.0,92,7590,100.0,0.0,100,1,,,,,100.0,0.0,100.0,0.0,,,66.0,34.0,,,100.0,124.0,100.0,403.0,34,34,100.0,0.0,100.0,0.0,200.0,0.0,100.0,7526.0,100.0,36808839816.0,100.0,60280662022.0
2018-11-24,ZJV009EX,ST12000NM0007,12000138625024,0,82,164228672,98.0,0.0,100.0,2.0,100.0,0.0,89.0,714974926.0,92,7615,100.0,0.0,100,1,,,,,100.0,0.0,100.0,0.0,,,67.0,33.0,,,100.0,125.0,100.0,404.0,33,33,100.0,0.0,100.0,0.0,200.0,0.0,100.0,7550.0,100.0,36877764896.0,100.0,60454535230.0
2018-11-25,ZJV009EX,ST12000NM0007,12000138625024,0,84,241938680,98.0,0.0,100.0,2.0,100.0,0.0,89.0,717155939.0,92,7639,100.0,0.0,100,1,,,,,100.0,0.0,100.0,0.0,,,67.0,33.0,,,100.0,126.0,100.0,405.0,33,33,100.0,0.0,100.0,0.0,200.0,0.0,100.0,7574.0,100.0,36968998824.0,100.0,60685152150.0
2018-11-26,ZJV009EX,ST12000NM0007,12000138625024,0,77,54304880,98.0,0.0,100.0,2.0,100.0,0.0,89.0,719229017.0,92,7663,100.0,0.0,100,1,,,,,100.0,0.0,100.0,0.0,,,67.0,33.0,,,100.0,126.0,100.0,406.0,33,33,100.0,0.0,100.0,0.0,200.0,0.0,100.0,7598.0,100.0,37051345416.0,100.0,60903453310.0
2018-11-27,ZJV009EX,ST12000NM0007,12000138625024,0,81,124854496,98.0,0.0,100.0,2.0,100.0,0.0,89.0,721496131.0,92,7687,100.0,0.0,100,1,,,,,100.0,0.0,100.0,0.0,,,66.0,34.0,,,100.0,126.0,100.0,407.0,34,34,100.0,0.0,100.0,0.0,200.0,0.0,100.0,7622.0,100.0,37134177152.0,100.0,61135311838.0
2018-11-28,ZJV009EX,ST12000NM0007,12000138625024,0,70,9265064,98.0,0.0,100.0,2.0,100.0,0.0,89.0,724394003.0,92,7712,100.0,0.0,100,1,,,,,100.0,0.0,100.0,0.0,,,66.0,34.0,,,100.0,127.0,100.0,408.0,34,34,100.0,0.0,100.0,0.0,200.0,0.0,100.0,7646.0,100.0,37261024768.0,100.0,61381156054.0
2018-11-29,ZJV009EX,ST12000NM0007,12000138625024,0,81,116758672,98.0,0.0,100.0,2.0,100.0,0.0,89.0,727423093.0,92,7735,100.0,0.0,100,1,,,,,100.0,0.0,100.0,0.0,,,67.0,33.0,,,100.0,127.0,100.0,409.0,33,33,100.0,0.0,100.0,0.0,200.0,0.0,100.0,7670.0,100.0,37343309440.0,100.0,61650505686.0
2018-11-30,ZJV009EX,ST12000NM0007,12000138625024,0,82,175729680,98.0,0.0,100.0,2.0,100.0,0.0,89.0,729934380.0,92,7759,100.0,0.0,100,1,,,,,100.0,0.0,100.0,0.0,,,66.0,34.0,,,100.0,128.0,100.0,410.0,34,34,100.0,0.0,100.0,0.0,200.0,0.0,100.0,7693.0,100.0,37424496784.0,100.0,61872430062.0
2018-12-01,ZJV009EX,ST12000NM0007,12000138625024,0,81,135605416,98.0,0.0,100.0,2.0,100.0,0.0,89.0,733330234.0,92,7789,100.0,0.0,100,1,,,,,100.0,0.0,100.0,0.0,,,66.0,34.0,,,100.0,128.0,100.0,411.0,34,34,100.0,0.0,100.0,0.0,200.0,0.0,100.0,7723.0,100.0,37550803304.0,100.0,62194281198.0
2018-12-02,ZJV009EX,ST12000NM0007,12000138625024,0,84,237423400,98.0,0.0,100.0,2.0,100.0,0.0,89.0,735968246.0,92,7813,100.0,0.0,100,1,,,,,100.0,0.0,100.0,0.0,,,66.0,34.0,,,100.0,129.0,100.0,412.0,34,34,100.0,0.0,100.0,0.0,200.0,0.0,100.0,7747.0,100.0,37667631848.0,100.0,62423411414.0
2018-12-03,ZJV009EX,ST12000NM0007,12000138625024,0,80,109408480,98.0,0.0,100.0,2.0,100.0,0.0,89.0,738553879.0,92,7838,100.0,0.0,100,1,,,,,100.0,0.0,100.0,0.0,,,67.0,33.0,,,100.0,129.0,100.0,413.0,33,33,100.0,0.0,100.0,0.0,200.0,0.0,100.0,7772.0,100.0,37790773968.0,100.0,62660535662.0
2018-12-04,ZJV009EX,ST12000NM0007,12000138625024,0,78,59636296,98.0,0.0,100.0,2.0,100.0,0.0,89.0,741675780.0,92,7861,100.0,0.0,100,1,,,,,100.0,0.0,100.0,0.0,,,67.0,33.0,,,100.0,129.0,100.0,414.0,33,33,100.0,0.0,100.0,0.0,200.0,0.0,100.0,7795.0,100.0,37897874928.0,100.0,62991944062.0
2018-12-05,ZJV009EX,ST12000NM0007,12000138625024,0,82.0,163670384.0,98.0,0.0,100.0,2.0,100.0,0.0,89.0,744828257.0,91.0,7886.0,100.0,0.0,100.0,1.0,,,,,100.0,0.0,100.0,0.0,,,67.0,33.0,,,100.0,130.0,100.0,415.0,33.0,33.0,100.0,0.0,100.0,0.0,200.0,0.0,100.0,7819.0,100.0,37984075520.0,100.0,63253918254.0
2018-12-06,ZJV009EX,ST12000NM0007,12000138625024,0,77,54405448,98.0,0.0,100.0,2.0,100.0,0.0,89.0,747699610.0,91,7910,100.0,0.0,100,1,,,,,100.0,0.0,100.0,0.0,,,67.0,33.0,,,100.0,130.0,100.0,416.0,33,33,100.0,0.0,100.0,0.0,200.0,0.0,100.0,7843.0,100.0,38056670944.0,100.0,63560339398.0
2018-12-07,ZJV009EX,ST12000NM0007,12000138625024,0,80,92132008,98.0,0.0,100.0,2.0,100.0,0.0,89.0,750013238.0,91,7934,100.0,0.0,100,1,,,,,100.0,0.0,100.0,0.0,,,66.0,34.0,,,100.0,131.0,100.0,417.0,34,34,100.0,0.0,100.0,0.0,200.0,0.0,100.0,7868.0,100.0,38147556184.0,100.0,63751321630.0
2018-12-08,ZJV009EX,ST12000NM0007,12000138625024,0,81,137885032,98.0,0.0,100.0,2.0,100.0,0.0,89.0,752526238.0,91,7958,100.0,0.0,100,1,,,,,100.0,0.0,100.0,0.0,,,67.0,33.0,,,100.0,131.0,100.0,418.0,33,33,100.0,0.0,100.0,0.0,200.0,0.0,100.0,7891.0,100.0,38233989928.0,100.0,63954781582.0
2018-12-09,ZJV009EX,ST12000NM0007,12000138625024,0,82,153032088,98.0,0.0,100.0,2.0,100.0,0.0,89.0,754610783.0,91,7977,100.0,0.0,100,1,,,,,100.0,0.0,100.0,0.0,,,66.0,34.0,,,100.0,132.0,100.0,419.0,34,34,100.0,0.0,100.0,0.0,200.0,0.0,100.0,7910.0,100.0,38292566824.0,100.0,64155492374.0
2018-12-10,ZJV009EX,ST12000NM0007,12000138625024,0,82,160083072,98.0,0.0,100.0,2.0,100.0,0.0,89.0,756813978.0,91,8001,100.0,0.0,100,1,,,,,100.0,0.0,100.0,0.0,,,67.0,33.0,,,100.0,132.0,100.0,420.0,33,33,100.0,0.0,100.0,0.0,200.0,0.0,100.0,7935.0,100.0,38371874608.0,100.0,64327376318.0
2018-12-11,ZJV009EX,ST12000NM0007,12000138625024,0,84,230992624,98.0,0.0,100.0,2.0,100.0,0.0,89.0,759857080.0,91,8025,100.0,0.0,100,1,,,,,100.0,0.0,100.0,0.0,,,66.0,34.0,,,100.0,132.0,100.0,421.0,34,34,100.0,0.0,100.0,0.0,200.0,0.0,100.0,7958.0,100.0,38466216128.0,100.0,64548084982.0
2018-12-12,ZJV009EX,ST12000NM0007,12000138625024,0,72,15503968,98.0,0.0,100.0,2.0,100.0,0.0,89.0,762264673.0,91,8048,100.0,0.0,100,1,,,,,100.0,0.0,100.0,0.0,,,66.0,34.0,,,100.0,132.0,100.0,422.0,34,34,100.0,0.0,100.0,0.0,200.0,0.0,100.0,7981.0,100.0,38545226176.0,100.0,64741868174.0
2018-12-13,ZJV009EX,ST12000NM0007,12000138625024,0,79,84330176,98.0,0.0,100.0,2.0,100.0,0.0,89.0,764917328.0,91,8073,100.0,0.0,100,1,,,,,100.0,0.0,100.0,0.0,,,66.0,34.0,,,100.0,132.0,100.0,423.0,34,34,100.0,0.0,100.0,0.0,200.0,0.0,100.0,8006.0,100.0,38646233680.0,100.0,64953828574.0
2018-12-14,ZJV009EX,ST12000NM0007,12000138625024,0,82,156671200,98.0,0.0,100.0,2.0,100.0,0.0,89.0,767767771.0,91,8097,100.0,0.0,100,1,,,,,100.0,0.0,100.0,0.0,,,67.0,33.0,,,100.0,133.0,100.0,424.0,33,33,100.0,0.0,100.0,0.0,200.0,0.0,100.0,8030.0,100.0,38737020072.0,100.0,65179523894.0
2018-12-15,ZJV009EX,ST12000NM0007,12000138625024,0,83,195043360,98.0,0.0,100.0,2.0,100.0,0.0,89.0,770287354.0,91,8121,100.0,0.0,100,1,,,,,100.0,0.0,100.0,0.0,,,66.0,34.0,,,100.0,134.0,100.0,425.0,34,34,100.0,0.0,100.0,0.0,200.0,0.0,100.0,8054.0,100.0,38817814496.0,100.0,65381242286.0
2018-12-16,ZJV009EX,ST12000NM0007,12000138625024,0,83,194715464,98.0,0.0,100.0,2.0,100.0,0.0,89.0,772513593.0,91,8145,100.0,0.0,100,1,,,,,100.0,0.0,100.0,0.0,,,66.0,34.0,,,100.0,135.0,100.0,426.0,34,34,100.0,0.0,100.0,0.0,200.0,0.0,100.0,8077.0,100.0,38899871696.0,100.0,65542998118.0
2018-12-17,ZJV009EX,ST12000NM0007,12000138625024,0,73,22159136,98.0,0.0,100.0,2.0,100.0,0.0,89.0,775534037.0,91,8169,100.0,0.0,100,1,,,,,100.0,0.0,100.0,0.0,,,66.0,34.0,,,100.0,136.0,100.0,427.0,34,34,100.0,0.0,100.0,0.0,200.0,0.0,100.0,8101.0,100.0,39027565800.0,100.0,65731029470.0
2018-12-18,ZJV009EX,ST12000NM0007,12000138625024,0,83,181395104,98.0,0.0,100.0,2.0,100.0,0.0,89.0,779236872.0,91,8193,100.0,0.0,100,1,,,,,100.0,0.0,100.0,0.0,,,66.0,34.0,,,100.0,136.0,100.0,428.0,34,34,100.0,0.0,100.0,0.0,200.0,0.0,100.0,8125.0,100.0,39125694096.0,100.0,66036278278.0
2018-12-19,ZJV009EX,ST12000NM0007,12000138625024,0,69,8089120,98.0,0.0,100.0,2.0,100.0,0.0,89.0,781722258.0,91,8218,100.0,0.0,100,1,,,,,100.0,0.0,100.0,0.0,,,66.0,34.0,,,100.0,137.0,100.0,429.0,34,34,100.0,0.0,100.0,0.0,200.0,0.0,100.0,8150.0,100.0,39214598768.0,100.0,66262349318.0
2018-12-20,ZJV009EX,ST12000NM0007,12000138625024,0,79,83598232,98.0,0.0,100.0,2.0,100.0,0.0,89.0,784265765.0,91,8241,100.0,0.0,100,1,,,,,100.0,0.0,100.0,0.0,,,66.0,34.0,,,100.0,138.0,100.0,430.0,34,34,100.0,0.0,100.0,0.0,200.0,0.0,100.0,8173.0,100.0,39295062304.0,100.0,66501535558.0
2018-12-21,ZJV009EX,ST12000NM0007,12000138625024,0,80,104682416,98.0,0.0,100.0,2.0,100.0,0.0,89.0,786577543.0,91,8265,100.0,0.0,100,1,,,,,100.0,0.0,100.0,0.0,,,66.0,34.0,,,100.0,139.0,100.0,431.0,34,34,100.0,0.0,100.0,0.0,200.0,0.0,100.0,8197.0,100.0,39357171944.0,100.0,66704651342.0
2018-12-22,ZJV009EX,ST12000NM0007,12000138625024,0,83,182948544,98.0,0.0,100.0,2.0,100.0,0.0,89.0,789235582.0,91,8288,100.0,0.0,100,1,,,,,100.0,0.0,100.0,0.0,,,66.0,34.0,,,100.0,139.0,100.0,432.0,34,34,100.0,0.0,100.0,0.0,200.0,0.0,100.0,8220.0,100.0,39441111336.0,100.0,66943120862.0
2018-12-23,ZJV009EX,ST12000NM0007,12000138625024,0,75,28536376,98.0,0.0,100.0,2.0,100.0,0.0,89.0,791949095.0,91,8313,100.0,0.0,100,1,,,,,100.0,0.0,100.0,0.0,,,67.0,33.0,,,100.0,140.0,100.0,433.0,33,33,100.0,0.0,100.0,0.0,200.0,0.0,100.0,8245.0,100.0,39524500032.0,100.0,67193601774.0
2018-12-24,ZJV009EX,ST12000NM0007,12000138625024,0,78,64701448,98.0,0.0,100.0,2.0,100.0,0.0,89.0,794477416.0,91,8338,100.0,0.0,100,1,,,,,100.0,0.0,100.0,0.0,,,66.0,34.0,,,100.0,141.0,100.0,434.0,34,34,100.0,0.0,100.0,0.0,200.0,0.0,100.0,8269.0,100.0,39596479080.0,100.0,67401928462.0
2018-12-25,ZJV009EX,ST12000NM0007,12000138625024,0,82,148896560,98.0,0.0,100.0,2.0,100.0,0.0,89.0,797404010.0,91,8361,100.0,0.0,100,1,,,,,100.0,0.0,100.0,0.0,,,66.0,34.0,,,100.0,141.0,100.0,435.0,34,34,100.0,0.0,100.0,0.0,200.0,0.0,100.0,8292.0,100.0,39668773912.0,100.0,67657969478.0
2018-12-26,ZJV009EX,ST12000NM0007,12000138625024,0,84,228048128,98.0,0.0,100.0,2.0,100.0,0.0,89.0,799833579.0,91,8385,100.0,0.0,100,1,,,,,100.0,0.0,100.0,0.0,,,66.0,34.0,,,100.0,142.0,100.0,436.0,34,34,100.0,0.0,100.0,0.0,200.0,0.0,100.0,8316.0,100.0,39768429960.0,100.0,67881605766.0
2018-12-27,ZJV009EX,ST12000NM0007,12000138625024,0,75,28233696,98.0,0.0,100.0,2.0,100.0,0.0,89.0,802240904.0,91,8409,100.0,0.0,100,1,,,,,100.0,0.0,100.0,0.0,,,66.0,34.0,,,100.0,143.0,100.0,437.0,34,34,100.0,0.0,100.0,0.0,200.0,0.0,100.0,8341.0,100.0,39869211872.0,100.0,68069291382.0
2018-12-28,ZJV009EX,ST12000NM0007,12000138625024,0,79,81680936,98.0,0.0,100.0,2.0,100.0,0.0,89.0,804661457.0,91,8433,100.0,0.0,100,1,,,,,100.0,0.0,100.0,0.0,,,66.0,34.0,,,100.0,143.0,100.0,438.0,34,34,100.0,0.0,100.0,0.0,200.0,0.0,100.0,8364.0,100.0,39964265120.0,100.0,68271826118.0
2018-12-29,ZJV009EX,ST12000NM0007,12000138625024,0,83,223706712,98.0,0.0,100.0,2.0,100.0,0.0,89.0,808095227.0,91,8462,100.0,0.0,100,1,,,,,100.0,0.0,100.0,0.0,,,66.0,34.0,,,100.0,143.0,100.0,439.0,34,34,100.0,0.0,100.0,0.0,200.0,0.0,100.0,8393.0,100.0,40056678976.0,100.0,68565578670.0
2018-12-30,ZJV009EX,ST12000NM0007,12000138625024,0,73,20690080,98.0,0.0,100.0,2.0,100.0,0.0,89.0,810805881.0,91,8486,100.0,0.0,100,1,,,,,100.0,0.0,100.0,0.0,,,66.0,34.0,,,100.0,143.0,100.0,440.0,34,34,100.0,0.0,100.0,0.0,200.0,0.0,100.0,8417.0,100.0,40133592784.0,100.0,68773930366.0
2018-12-31,ZJV009EX,ST12000NM0007,12000138625024,0,79,88897080,98.0,0.0,100.0,2.0,100.0,0.0,89.0,814074475.0,91,8510,100.0,0.0,100,1,,,,,100.0,0.0,100.0,0.0,,,66.0,34.0,,,100.0,143.0,100.0,441.0,34,34,100.0,0.0,100.0,0.0,200.0,0.0,100.0,8441.0,100.0,40228569240.0,100.0,68991301542.0
