2019-04-26,ZJV279KT,ST12000NM0007,12000138625024,0,82.0,171109920.0,94.0,0.0,100.0,5.0,100.0,0.0,70.0,10009830.0,100.0,68.0,100.0,0.0,100.0,5.0,,,,,100.0,0.0,100.0,0.0,,,72.0,28.0,,,100.0,0.0,100.0,13.0,28.0,28.0,100.0,0.0,100.0,0.0,200.0,0.0,100.0,21.0,100.0,36457838080.0,100.0,17968.0
2019-04-27,ZJV279KT,ST12000NM0007,12000138625024,0,82.0,143957112.0,94.0,0.0,100.0,5.0,100.0,0.0,71.0,12714556.0,100.0,100.0,100.0,0.0,100.0,5.0,,,,,100.0,0.0,100.0,0.0,,,67.0,33.0,,,100.0,0.0,100.0,15.0,33.0,33.0,100.0,0.0,100.0,0.0,200.0,0.0,100.0,52.0,100.0,38567573496.0,100.0,304564122.0
2019-04-28,ZJV279KT,ST12000NM0007,12000138625024,0,83.0,220026504.0,94.0,0.0,100.0,5.0,100.0,0.0,71.0,13821463.0,100.0,116.0,100.0,0.0,100.0,5.0,,,,,100.0,0.0,100.0,0.0,,,66.0,34.0,,,100.0,0.0,100.0,15.0,34.0,34.0,100.0,0.0,100.0,0.0,200.0,0.0,100.0,68.0,100.0,39257871824.0,100.0,422759434.0
2019-04-29,ZJV279KT,ST12000NM0007,12000138625024,0,83.0,213495352.0,94.0,0.0,100.0,5.0,100.0,0.0,72.0,16661412.0,100.0,147.0,100.0,0.0,100.0,5.0,,,,,100.0,0.0,100.0,0.0,,,67.0,33.0,,,100.0,1.0,100.0,17.0,33.0,33.0,100.0,0.0,100.0,0.0,200.0,0.0,100.0,100.0,100.0,40566034072.0,100.0,1061194714.0
2019-04-30,ZJV279KT,ST12000NM0007,12000138625024,0,83.0,222958616.0,94.0,0.0,100.0,5.0,100.0,0.0,73.0,17941789.0,100.0,163.0,100.0,0.0,100.0,5.0,,,,,100.0,0.0,100.0,0.0,,,66.0,34.0,,,100.0,1.0,100.0,17.0,34.0,34.0,100.0,0.0,100.0,0.0,200.0,0.0,100.0,116.0,100.0,41166467352.0,100.0,1202650386.0
2019-05-01,ZJV279KT,ST12000NM0007,12000138625024,0,77.0,49284512.0,94.0,0.0,100.0,5.0,100.0,0.0,73.0,20491431.0,100.0,195.0,100.0,0.0,100.0,5.0,,,,,100.0,0.0,100.0,0.0,,,66.0,34.0,,,100.0,2.0,100.0,19.0,34.0,34.0,100.0,0.0,100.0,0.0,200.0,0.0,100.0,147.0,100.0,42191235096.0,100.0,1469054978.0
2019-05-02,ZJV279KT,ST12000NM0007,12000138625024,0,82.0,149300240.0,94.0,0.0,100.0,5.0,100.0,0.0,73.0,21700006.0,100.0,211.0,100.0,0.0,100.0,5.0,,,,,100.0,0.0,100.0,0.0,,,66.0,34.0,,,100.0,2.0,100.0,19.0,34.0,34.0,100.0,0.0,100.0,0.0,200.0,0.0,100.0,163.0,100.0,42693390080.0,100.0,1555197338.0
2019-05-03,ZJV279KT,ST12000NM0007,12000138625024,0,78.0,59724792.0,94.0,0.0,100.0,5.0,100.0,0.0,74.0,24447380.0,100.0,242.0,100.0,0.0,100.0,5.0,,,,,100.0,0.0,100.0,0.0,,,67.0,33.0,,,100.0,3.0,100.0,21.0,33.0,33.0,100.0,0.0,100.0,0.0,200.0,0.0,100.0,194.0,100.0,44292712560.0,100.0,1575288938.0
2019-05-04,ZJV279KT,ST12000NM0007,12000138625024,0,79.0,77532056.0,94.0,0.0,100.0,5.0,100.0,0.0,74.0,26141755.0,100.0,258.0,100.0,0.0,100.0,5.0,,,,,100.0,0.0,100.0,0.0,,,66.0,34.0,,,100.0,3.0,100.0,21.0,34.0,34.0,100.0,0.0,100.0,0.0,200.0,0.0,100.0,210.0,100.0,45766585720.0,100.0,1584071066.0
2019-05-05,ZJV279KT,ST12000NM0007,12000138625024,0,76.0,38969216.0,94.0,0.0,100.0,5.0,100.0,0.0,75.0,29596241.0,100.0,290.0,100.0,0.0,100.0,5.0,,,,,100.0,0.0,100.0,0.0,,,66.0,34.0,,,100.0,5.0,100.0,23.0,34.0,34.0,100.0,0.0,100.0,0.0,200.0,0.0,100.0,242.0,100.0,48636769880.0,100.0,1605140922.0
2019-05-06,ZJV279KT,ST12000NM0007,12000138625024,0,83.0,194858304.0,94.0,0.0,100.0,5.0,100.0,0.0,75.0,31196415.0,100.0,306.0,100.0,0.0,100.0,5.0,,,,,100.0,0.0,100.0,0.0,,,66.0,34.0,,,100.0,5.0,100.0,23.0,34.0,34.0,100.0,0.0,100.0,0.0,200.0,0.0,100.0,258.0,100.0,49760656936.0,100.0,1613717050.0
2019-05-07,ZJV279KT,ST12000NM0007,12000138625024,0,84.0,228984720.0,94.0,0.0,100.0,5.0,100.0,0.0,75.0,34575432.0,100.0,338.0,100.0,0.0,100.0,5.0,,,,,100.0,0.0,100.0,0.0,,,66.0,34.0,,,100.0,7.0,100.0,25.0,34.0,34.0,100.0,0.0,100.0,0.0,200.0,0.0,100.0,289.0,100.0,51468845208.0,100.0,1648669802.0
2019-05-08,ZJV279KT,ST12000NM0007,12000138625024,0,82.0,174139360.0,94.0,0.0,100.0,5.0,100.0,0.0,76.0,36270543.0,100.0,354.0,100.0,0.0,100.0,5.0,,,,,100.0,0.0,100.0,0.0,,,65.0,35.0,,,100.0,7.0,100.0,25.0,35.0,35.0,100.0,0.0,100.0,0.0,200.0,0.0,100.0,305.0,100.0,52381948960.0,100.0,1657285762.0
2019-05-09,ZJV279KT,ST12000NM0007,12000138625024,0,84.0,237543256.0,94.0,0.0,100.0,5.0,100.0,0.0,76.0,40913102.0,100.0,385.0,100.0,0.0,100.0,5.0,,,,,100.0,0.0,100.0,0.0,,,67.0,33.0,,,100.0,8.0,100.0,27.0,33.0,33.0,100.0,0.0,100.0,0.0,200.0,0.0,100.0,337.0,100.0,54115610224.0,100.0,1696015034.0
2019-05-10,ZJV279KT,ST12000NM0007,12000138625024,0,84.0,237306088.0,94.0,0.0,100.0,5.0,100.0,0.0,76.0,43023726.0,100.0,401.0,100.0,0.0,100.0,5.0,,,,,100.0,0.0,100.0,0.0,,,66.0,34.0,,,100.0,8.0,100.0,27.0,34.0,34.0,100.0,0.0,100.0,0.0,200.0,0.0,100.0,352.0,100.0,54837589512.0,100.0,1706221226.0
2019-05-11,ZJV279KT,ST12000NM0007,12000138625024,0,79.0,76729152.0,94.0,0.0,100.0,5.0,100.0,0.0,77.0,47734417.0,100.0,433.0,100.0,0.0,100.0,5.0,,,,,100.0,0.0,100.0,0.0,,,67.0,33.0,,,100.0,10.0,100.0,29.0,33.0,33.0,100.0,0.0,100.0,0.0,200.0,0.0,100.0,384.0,100.0,56363440560.0,100.0,1728803074.0
2019-05-12,ZJV279KT,ST12000NM0007,12000138625024,0,82.0,151662376.0,94.0,0.0,100.0,5.0,100.0,0.0,77.0,50202616.0,100.0,448.0,100.0,0.0,100.0,5.0,,,,,100.0,0.0,100.0,0.0,,,65.0,35.0,,,100.0,10.0,100.0,29.0,35.0,35.0,100.0,0.0,100.0,0.0,200.0,0.0,100.0,400.0,100.0,57160063120.0,100.0,1739536530.0
2019-05-13,ZJV279KT,ST12000NM0007,12000138625024,0,80.0,104546208.0,94.0,0.0,100.0,5.0,100.0,0.0,77.0,55197245.0,100.0,480.0,100.0,0.0,100.0,5.0,,,,,100.0,0.0,100.0,0.0,,,67.0,33.0,,,100.0,10.0,100.0,31.0,33.0,33.0,100.0,0.0,100.0,0.0,200.0,0.0,100.0,431.0,100.0,58529632192.0,100.0,1787698722.0
2019-05-14,ZJV279KT,ST12000NM0007,12000138625024,0,82.0,171459704.0,94.0,0.0,100.0,5.0,100.0,0.0,78.0,57197434.0,100.0,512.0,100.0,0.0,100.0,5.0,,,,,100.0,0.0,100.0,0.0,,,66.0,34.0,,,100.0,11.0,100.0,32.0,34.0,34.0,100.0,0.0,100.0,0.0,200.0,0.0,100.0,463.0,100.0,58626923736.0,100.0,2001461426.0
2019-05-15,ZJV279KT,ST12000NM0007,12000138625024,0,77.0,48195400.0,94.0,0.0,100.0,5.0,100.0,0.0,78.0,58110506.0,100.0,528.0,100.0,0.0,100.0,5.0,,,,,100.0,0.0,100.0,0.0,,,66.0,34.0,,,100.0,11.0,100.0,33.0,34.0,34.0,100.0,0.0,100.0,0.0,200.0,0.0,100.0,479.0,100.0,58673152936.0,100.0,2076108554.0
2019-05-16,ZJV279KT,ST12000NM0007,12000138625024,0,84.0,231749864.0,94.0,0.0,100.0,5.0,100.0,0.0,78.0,59585768.0,100.0,544.0,100.0,0.0,100.0,5.0,,,,,100.0,0.0,100.0,0.0,,,66.0,34.0,,,100.0,11.0,100.0,33.0,34.0,34.0,100.0,0.0,100.0,0.0,200.0,0.0,100.0,495.0,100.0,58726523376.0,100.0,2206292578.0
2019-05-17,ZJV279KT,ST12000NM0007,12000138625024,0,70.0,9169848.0,94.0,0.0,100.0,5.0,100.0,0.0,78.0,61433866.0,100.0,575.0,100.0,0.0,100.0,5.0,,,,,100.0,0.0,100.0,0.0,,,66.0,34.0,,,100.0,12.0,100.0,35.0,34.0,34.0,100.0,0.0,100.0,0.0,200.0,0.0,100.0,526.0,100.0,58789052200.0,100.0,2409465594.0
2019-05-18,ZJV279KT,ST12000NM0007,12000138625024,0,82.0,152668056.0,94.0,0.0,100.0,5.0,100.0,0.0,78.0,62374504.0,100.0,591.0,100.0,0.0,100.0,5.0,,,,,100.0,0.0,100.0,0.0,,,65.0,35.0,,,100.0,12.0,100.0,35.0,35.0,35.0,100.0,0.0,100.0,0.0,200.0,0.0,100.0,542.0,100.0,58822446424.0,100.0,2519569578.0
2019-05-19,ZJV279KT,ST12000NM0007,12000138625024,0,84.0,226006352.0,94.0,0.0,100.0,5.0,100.0,0.0,78.0,64781135.0,100.0,623.0,100.0,0.0,100.0,5.0,,,,,100.0,0.0,100.0,0.0,,,66.0,34.0,,,100.0,13.0,100.0,37.0,34.0,34.0,100.0,0.0,100.0,0.0,200.0,0.0,100.0,573.0,100.0,58905088696.0,100.0,2754407322.0
2019-05-20,ZJV279KT,ST12000NM0007,12000138625024,0,78.0,57949384.0,94.0,0.0,100.0,5.0,100.0,0.0,78.0,66722025.0,100.0,655.0,100.0,0.0,100.0,5.0,,,,,100.0,0.0,100.0,0.0,,,65.0,35.0,,,100.0,14.0,100.0,38.0,35.0,35.0,100.0,0.0,100.0,0.0,200.0,0.0,100.0,605.0,100.0,58978446824.0,100.0,3001273858.0
2019-05-21,ZJV279KT,ST12000NM0007,12000138625024,0,83.0,217172560.0,94.0,0.0,100.0,5.0,100.0,0.0,78.0,67758568.0,100.0,671.0,100.0,0.0,100.0,5.0,,,,,100.0,0.0,100.0,0.0,,,66.0,34.0,,,100.0,15.0,100.0,39.0,34.0,34.0,100.0,0.0,100.0,0.0,200.0,0.0,100.0,621.0,100.0,59019323824.0,100.0,3119620034.0
2019-05-22,ZJV279KT,ST12000NM0007,12000138625024,0,75.0,30667032.0,94.0,0.0,100.0,5.0,100.0,0.0,78.0,69833018.0,100.0,702.0,100.0,0.0,100.0,5.0,,,,,100.0,0.0,100.0,0.0,,,66.0,34.0,,,100.0,16.0,100.0,40.0,34.0,34.0,100.0,0.0,100.0,0.0,200.0,0.0,100.0,653.0,100.0,59093761208.0,100.0,3346958794.0
2019-05-23,ZJV279KT,ST12000NM0007,12000138625024,0,83.0,206473616.0,94.0,0.0,100.0,5.0,100.0,0.0,79.0,71110346.0,100.0,718.0,100.0,0.0,100.0,5.0,,,,,100.0,0.0,100.0,0.0,,,66.0,34.0,,,100.0,17.0,100.0,41.0,34.0,34.0,100.0,0.0,100.0,0.0,200.0,0.0,100.0,668.0,100.0,59135533312.0,100.0,3480993274.0
2019-05-24,ZJV279KT,ST12000NM0007,12000138625024,0,73.0,19953384.0,94.0,0.0,100.0,5.0,100.0,0.0,79.0,73131212.0,100.0,750.0,100.0,0.0,100.0,5.0,,,,,100.0,0.0,100.0,0.0,,,66.0,34.0,,,100.0,17.0,100.0,42.0,34.0,34.0,100.0,0.0,100.0,0.0,200.0,0.0,100.0,700.0,100.0,59213552856.0,100.0,3704734962.0
2019-05-25,ZJV279KT,ST12000NM0007,12000138625024,0,83.0,182177600.0,94.0,0.0,100.0,5.0,100.0,0.0,79.0,74344216.0,100.0,765.0,100.0,0.0,100.0,5.0,,,,,100.0,0.0,100.0,0.0,,,67.0,33.0,,,100.0,18.0,100.0,43.0,33.0,33.0,100.0,0.0,100.0,0.0,200.0,0.0,100.0,716.0,100.0,59261108040.0,100.0,3819403994.0
2019-05-26,ZJV279KT,ST12000NM0007,12000138625024,0,83.0,222371736.0,94.0,0.0,100.0,5.0,100.0,0.0,79.0,76725498.0,100.0,797.0,100.0,0.0,100.0,5.0,,,,,100.0,0.0,100.0,0.0,,,67.0,33.0,,,100.0,18.0,100.0,44.0,33.0,33.0,100.0,0.0,100.0,0.0,200.0,0.0,100.0,747.0,100.0,59310840736.0,100.0,4054006146.0
2019-05-27,ZJV279KT,ST12000NM0007,12000138625024,0,81.0,115101856.0,94.0,0.0,100.0,5.0,100.0,0.0,79.0,77491637.0,100.0,813.0,100.0,0.0,100.0,5.0,,,,,100.0,0.0,100.0,0.0,,,66.0,34.0,,,100.0,19.0,100.0,45.0,34.0,34.0,100.0,0.0,100.0,0.0,200.0,0.0,100.0,763.0,100.0,59345646400.0,100.0,4156071282.0
2019-05-28,ZJV279KT,ST12000NM0007,12000138625024,0,82.0,151651184.0,94.0,0.0,100.0,5.0,100.0,0.0,79.0,79183325.0,100.0,844.0,100.0,0.0,100.0,5.0,,,,,100.0,0.0,100.0,0.0,,,66.0,34.0,,,100.0,19.0,100.0,46.0,34.0,34.0,100.0,0.0,100.0,0.0,200.0,0.0,100.0,794.0,100.0,59416003176.0,100.0,4366404538.0
2019-05-29,ZJV279KT,ST12000NM0007,12000138625024,0,77.0,44731944.0,94.0,0.0,100.0,5.0,100.0,0.0,79.0,80110473.0,100.0,860.0,100.0,0.0,100.0,5.0,,,,,100.0,0.0,100.0,0.0,,,66.0,34.0,,,100.0,20.0,100.0,47.0,34.0,34.0,100.0,0.0,100.0,0.0,200.0,0.0,100.0,810.0,100.0,59444524944.0,100.0,4475104474.0
2019-05-30,ZJV279KT,ST12000NM0007,12000138625024,0,83.0,216582144.0,94.0,0.0,100.0,5.0,100.0,0.0,79.0,81423383.0,99.0,876.0,100.0,0.0,100.0,5.0,,,,,100.0,0.0,100.0,0.0,,,66.0,34.0,,,100.0,20.0,100.0,47.0,34.0,34.0,100.0,0.0,100.0,0.0,200.0,0.0,100.0,826.0,100.0,59489132256.0,100.0,4602347362.0
2019-05-31,ZJV279KT,ST12000NM0007,12000138625024,0,76.0,39653960.0,94.0,0.0,100.0,5.0,100.0,0.0,79.0,83818758.0,99.0,908.0,100.0,0.0,100.0,5.0,,,,,100.0,0.0,100.0,0.0,,,66.0,34.0,,,100.0,21.0,100.0,49.0,34.0,34.0,100.0,0.0,100.0,0.0,200.0,0.0,100.0,857.0,100.0,59560207480.0,100.0,4842625362.0
2019-06-01,ZJV279KT,ST12000NM0007,12000138625024,0,82.0,168143200.0,94.0,0.0,100.0,5.0,100.0,0.0,79.0,84952359.0,99.0,924.0,100.0,0.0,100.0,5.0,,,,,100.0,0.0,100.0,0.0,,,66.0,34.0,,,100.0,21.0,100.0,50.0,34.0,34.0,100.0,0.0,100.0,0.0,200.0,0.0,100.0,873.0,100.0,59589982496.0,100.0,4941339586.0
2019-06-02,ZJV279KT,ST12000NM0007,12000138625024,0,82.0,169742624.0,94.0,0.0,100.0,5.0,100.0,0.0,79.0,87506721.0,99.0,955.0,100.0,0.0,100.0,5.0,,,,,100.0,0.0,100.0,0.0,,,65.0,35.0,,,100.0,22.0,100.0,51.0,35.0,35.0,100.0,0.0,100.0,0.0,200.0,0.0,100.0,905.0,100.0,59651721040.0,100.0,5125341290.0
2019-06-03,ZJV279KT,ST12000NM0007,12000138625024,0,79.0,82869288.0,94.0,0.0,100.0,5.0,100.0,0.0,79.0,88724022.0,99.0,971.0,100.0,0.0,100.0,5.0,,,,,100.0,0.0,100.0,0.0,,,65.0,35.0,,,100.0,22.0,100.0,52.0,35.0,35.0,100.0,0.0,100.0,0.0,200.0,0.0,100.0,921.0,100.0,59683850832.0,100.0,5250478818.0
2019-06-04,ZJV279KT,ST12000NM0007,12000138625024,0,80.0,99486880.0,94.0,0.0,100.0,5.0,100.0,0.0,80.0,90777839.0,99.0,1003.0,100.0,0.0,100.0,5.0,,,,,100.0,0.0,100.0,0.0,,,65.0,35.0,,,100.0,23.0,100.0,53.0,35.0,35.0,100.0,0.0,100.0,0.0,200.0,0.0,100.0,952.0,100.0,59741286592.0,100.0,5453801322.0
2019-06-05,ZJV279KT,ST12000NM0007,12000138625024,0,82.0,143550496.0,94.0,0.0,100.0,5.0,100.0,0.0,80.0,92854958.0,99.0,1034.0,100.0,0.0,100.0,5.0,,,,,100.0,0.0,100.0,0.0,,,67.0,33.0,,,100.0,24.0,100.0,55.0,33.0,33.0,100.0,0.0,100.0,0.0,200.0,0.0,100.0,983.0,100.0,59797013440.0,100.0,5686278786.0
2019-06-06,ZJV279KT,ST12000NM0007,12000138625024,0,79.0,80552514.0,94.0,0.0,100.0,5.0,100.0,0.0,80.0,94203500.0,99.0,1050.0,100.0,0.0,100.0,5.0,,,,,100.0,0.0,100.0,0.0,,,66.0,34.0,,,100.0,24.0,100.0,56.0,34.0,34.0,100.0,0.0,100.0,0.0,200.0,0.0,100.0,999.0,100.0,59834827536.0,100.0,5829607492.0
2019-06-07,ZJV279KT,ST12000NM0007,12000138625024,0,81.0,133006224.0,92.0,0.0,100.0,6.0,100.0,0.0,80.0,96540529.0,99.0,1082.0,100.0,0.0,100.0,6.0,,,,,100.0,0.0,100.0,0.0,,,66.0,34.0,,,100.0,25.0,100.0,59.0,34.0,34.0,100.0,0.0,100.0,0.0,200.0,0.0,100.0,1031.0,100.0,59915347864.0,100.0,6045681710.0
2019-06-08,ZJV279KT,ST12000NM0007,12000138625024,0,68.0,6852568.0,92.0,0.0,100.0,6.0,100.0,0.0,80.0,97694711.0,99.0,1098.0,100.0,0.0,100.0,6.0,,,,,100.0,0.0,100.0,0.0,,,66.0,34.0,,,100.0,25.0,100.0,59.0,34.0,34.0,100.0,0.0,100.0,0.0,200.0,0.0,100.0,1047.0,100.0,59941808832.0,100.0,6137207766.0
2019-06-09,ZJV279KT,ST12000NM0007,12000138625024,0,77.0,55451904.0,92.0,0.0,100.0,6.0,100.0,0.0,80.0,100295368.0,99.0,1129.0,100.0,0.0,100.0,6.0,,,,,100.0,0.0,100.0,0.0,,,66.0,34.0,,,100.0,25.0,100.0,61.0,34.0,34.0,100.0,0.0,100.0,0.0,200.0,0.0,100.0,1078.0,100.0,60033248072.0,100.0,6338509062.0
2019-06-10,ZJV279KT,ST12000NM0007,12000138625024,0,83.0,189763992.0,92.0,0.0,100.0,6.0,100.0,0.0,80.0,101301899.0,99.0,1145.0,100.0,0.0,100.0,6.0,,,,,100.0,0.0,100.0,0.0,,,66.0,34.0,,,100.0,25.0,100.0,61.0,34.0,34.0,100.0,0.0,100.0,0.0,200.0,0.0,100.0,1094.0,100.0,60062207040.0,100.0,6443862182.0
2019-06-11,ZJV279KT,ST12000NM0007,12000138625024,0,80.0,103335792.0,89.0,0.0,100.0,8.0,100.0,0.0,80.0,102198582.0,99.0,1177.0,100.0,0.0,100.0,8.0,,,,,100.0,0.0,100.0,0.0,,,67.0,33.0,,,100.0,26.0,100.0,69.0,33.0,33.0,100.0,0.0,100.0,0.0,200.0,0.0,100.0,1126.0,100.0,60072076296.0,100.0,6591705412.0
2019-06-12,ZJV279KT,ST12000NM0007,12000138625024,0,82.0,159655376.0,89.0,0.0,100.0,8.0,100.0,0.0,80.0,102574156.0,99.0,1193.0,100.0,0.0,100.0,8.0,,,,,100.0,0.0,100.0,0.0,,,67.0,33.0,,,100.0,26.0,100.0,69.0,33.0,33.0,100.0,0.0,100.0,0.0,200.0,0.0,100.0,1142.0,100.0,60078257280.0,100.0,6641844012.0
2019-06-13,ZJV279KT,ST12000NM0007,12000138625024,0,100.0,46568.0,89.0,0.0,100.0,8.0,100.0,0.0,80.0,105763864.0,99.0,1225.0,100.0,0.0,100.0,8.0,,,,,100.0,0.0,100.0,0.0,,,66.0,34.0,,,100.0,28.0,100.0,71.0,34.0,34.0,100.0,0.0,100.0,0.0,200.0,0.0,100.0,1173.0,100.0,60198908584.0,100.0,6849865508.0
2019-06-14,ZJV279KT,ST12000NM0007,12000138625024,0,81.0,129970688.0,89.0,0.0,100.0,8.0,100.0,0.0,80.0,107476217.0,99.0,1241.0,100.0,0.0,100.0,8.0,,,,,100.0,0.0,100.0,0.0,,,66.0,34.0,,,100.0,28.0,100.0,71.0,34.0,34.0,100.0,0.0,100.0,0.0,200.0,0.0,100.0,1189.0,100.0,60224106992.0,100.0,6954591220.0
2019-06-15,ZJV279KT,ST12000NM0007,12000138625024,0,82.0,173944072.0,89.0,0.0,100.0,9.0,100.0,0.0,80.0,110073051.0,99.0,1273.0,100.0,0.0,100.0,9.0,,,,,100.0,0.0,100.0,0.0,,,66.0,34.0,,,100.0,28.0,100.0,73.0,34.0,34.0,100.0,0.0,100.0,0.0,200.0,0.0,100.0,1221.0,100.0,60294344824.0,100.0,7172467600.0
2019-06-16,ZJV279KT,ST12000NM0007,12000138625024,0,79.0,82554656.0,89.0,0.0,100.0,9.0,100.0,0.0,80.0,111259701.0,99.0,1288.0,100.0,0.0,100.0,9.0,,,,,100.0,0.0,100.0,0.0,,,66.0,34.0,,,100.0,28.0,100.0,73.0,34.0,34.0,100.0,0.0,100.0,0.0,200.0,0.0,100.0,1236.0,100.0,60329397480.0,100.0,7290166288.0
2019-06-17,ZJV279KT,ST12000NM0007,12000138625024,0,82.0,164513264.0,89.0,0.0,100.0,9.0,100.0,0.0,81.0,113583453.0,99.0,1320.0,100.0,0.0,100.0,9.0,,,,,100.0,0.0,100.0,0.0,,,66.0,34.0,,,100.0,29.0,100.0,75.0,34.0,34.0,100.0,0.0,100.0,0.0,200.0,0.0,100.0,1268.0,100.0,60406249176.0,100.0,7539413840.0
2019-06-18,ZJV279KT,ST12000NM0007,12000138625024,0,79.0,75398032.0,89.0,0.0,100.0,9.0,100.0,0.0,81.0,114706921.0,99.0,1336.0,100.0,0.0,100.0,9.0,,,,,100.0,0.0,100.0,0.0,,,66.0,34.0,,,100.0,29.0,100.0,75.0,34.0,34.0,100.0,0.0,100.0,0.0,200.0,0.0,100.0,1284.0,100.0,60441259248.0,100.0,7659429176.0
2019-06-19,ZJV279KT,ST12000NM0007,12000138625024,0,81.0,129191200.0,89.0,0.0,100.0,9.0,100.0,0.0,81.0,116922732.0,99.0,1368.0,100.0,0.0,100.0,9.0,,,,,100.0,0.0,100.0,0.0,,,66.0,34.0,,,100.0,31.0,100.0,77.0,34.0,34.0,100.0,0.0,100.0,0.0,200.0,0.0,100.0,1315.0,100.0,60508940144.0,100.0,7889682168.0
2019-06-20,ZJV279KT,ST12000NM0007,12000138625024,0,84.0,241207432.0,89.0,0.0,100.0,9.0,100.0,0.0,81.0,119638842.0,99.0,1399.0,100.0,0.0,100.0,9.0,,,,,100.0,0.0,100.0,0.0,,,66.0,34.0,,,100.0,32.0,100.0,78.0,34.0,34.0,100.0,0.0,100.0,0.0,200.0,0.0,100.0,1347.0,100.0,60575265360.0,100.0,8179513904.0
2019-06-21,ZJV279KT,ST12000NM0007,12000138625024,0,82.0,148371128.0,89.0,0.0,100.0,9.0,100.0,0.0,81.0,120721000.0,99.0,1415.0,100.0,0.0,100.0,9.0,,,,,100.0,0.0,100.0,0.0,,,67.0,33.0,,,100.0,32.0,100.0,79.0,33.0,33.0,100.0,0.0,100.0,0.0,200.0,0.0,100.0,1363.0,100.0,60607435936.0,100.0,8298647664.0
2019-06-22,ZJV279KT,ST12000NM0007,12000138625024,0,83.0,205660008.0,89.0,0.0,100.0,9.0,100.0,0.0,81.0,123300425.0,99.0,1447.0,100.0,0.0,100.0,9.0,,,,,100.0,0.0,100.0,0.0,,,66.0,34.0,,,100.0,33.0,100.0,80.0,34.0,34.0,100.0,0.0,100.0,0.0,200.0,0.0,100.0,1394.0,100.0,60689968336.0,100.0,8517544776.0
2019-06-23,ZJV279KT,ST12000NM0007,12000138625024,0,81.0,114166808.0,89.0,0.0,100.0,9.0,100.0,0.0,81.0,124330129.0,99.0,1462.0,100.0,0.0,100.0,9.0,,,,,100.0,0.0,100.0,0.0,,,67.0,33.0,,,100.0,34.0,100.0,81.0,33.0,33.0,100.0,0.0,100.0,0.0,200.0,0.0,100.0,1410.0,100.0,60723861792.0,100.0,8636299104.0
2019-06-24,ZJV279KT,ST12000NM0007,12000138625024,0,83.0,189677064.0,89.0,0.0,100.0,9.0,100.0,0.0,81.0,126928883.0,99.0,1494.0,100.0,0.0,100.0,9.0,,,,,100.0,0.0,100.0,0.0,,,66.0,34.0,,,100.0,35.0,100.0,82.0,34.0,34.0,100.0,0.0,100.0,0.0,200.0,0.0,100.0,1442.0,100.0,60811785928.0,100.0,8868026000.0
2019-06-25,ZJV279KT,ST12000NM0007,12000138625024,0,80.0,90530344.0,89.0,0.0,100.0,9.0,100.0,0.0,81.0,128061418.0,99.0,1510.0,100.0,0.0,100.0,9.0,,,,,100.0,0.0,100.0,0.0,,,66.0,34.0,,,100.0,36.0,100.0,83.0,34.0,34.0,100.0,0.0,100.0,0.0,200.0,0.0,100.0,1457.0,100.0,60843522576.0,100.0,8981283288.0
2019-06-26,ZJV279KT,ST12000NM0007,12000138625024,0,83.0,196826984.0,89.0,0.0,100.0,9.0,100.0,0.0,81.0,130579220.0,99.0,1542.0,100.0,0.0,100.0,9.0,,,,,100.0,0.0,100.0,0.0,,,66.0,34.0,,,100.0,37.0,100.0,85.0,34.0,34.0,100.0,0.0,100.0,0.0,200.0,0.0,100.0,1489.0,100.0,60934689384.0,100.0,9240553800.0
2019-06-27,ZJV279KT,ST12000NM0007,12000138625024,0,69.0,8749320.0,89.0,0.0,100.0,9.0,100.0,0.0,81.0,132512344.0,99.0,1558.0,100.0,0.0,100.0,9.0,,,,,100.0,0.0,100.0,0.0,,,66.0,34.0,,,100.0,37.0,100.0,85.0,34.0,34.0,100.0,0.0,100.0,0.0,200.0,0.0,100.0,1505.0,100.0,60992952008.0,100.0,9482494912.0
2019-06-28,ZJV279KT,ST12000NM0007,12000138625024,0,73.0,18843360.0,89.0,0.0,100.0,9.0,100.0,0.0,81.0,135237805.0,99.0,1589.0,100.0,0.0,100.0,9.0,,,,,100.0,0.0,100.0,0.0,,,65.0,35.0,,,100.0,37.0,100.0,87.0,35.0,35.0,100.0,0.0,100.0,0.0,200.0,0.0,100.0,1536.0,100.0,61088355312.0,100.0,9885467376.0
2019-06-29,ZJV279KT,ST12000NM0007,12000138625024,0,84.0,228470088.0,89.0,0.0,100.0,9.0,100.0,0.0,81.0,136631736.0,99.0,1605.0,100.0,0.0,100.0,9.0,,,,,100.0,0.0,100.0,0.0,,,66.0,34.0,,,100.0,37.0,100.0,87.0,34.0,34.0,100.0,0.0,100.0,0.0,200.0,0.0,100.0,1552.0,100.0,61129024240.0,100.0,10054425176.0
2019-06-30,ZJV279KT,ST12000NM0007,12000138625024,0,83.0,179115032.0,89.0,0.0,100.0,9.0,100.0,0.0,81.0,139378120.0,99.0,1637.0,100.0,0.0,100.0,9.0,,,,,100.0,0.0,100.0,0.0,,,66.0,34.0,,,100.0,39.0,100.0,89.0,34.0,34.0,100.0,0.0,100.0,0.0,200.0,0.0,100.0,1583.0,100.0,61203095080.0,100.0,10419280968.0
2019-07-01,ZJV279KT,ST12000NM0007,12000138625024,0,83.0,199069760.0,89.0,0.0,100.0,9.0,100.0,0.0,81.0,140788331.0,99.0,1652.0,100.0,0.0,100.0,9.0,,,,,100.0,0.0,100.0,0.0,,,66.0,34.0,,,100.0,39.0,100.0,89.0,34.0,34.0,100.0,0.0,100.0,0.0,200.0,0.0,100.0,1599.0,100.0,61249095000.0,100.0,10637376432.0
2019-07-02,ZJV279KT,ST12000NM0007,12000138625024,0,83.0,184676440.0,89.0,0.0,100.0,9.0,100.0,0.0,82.0,144112365.0,99.0,1684.0,100.0,0.0,100.0,9.0,,,,,100.0,0.0,100.0,0.0,,,65.0,35.0,,,100.0,39.0,100.0,91.0,35.0,35.0,100.0,0.0,100.0,0.0,200.0,0.0,100.0,1630.0,100.0,61361727544.0,100.0,10998632168.0
2019-07-03,ZJV279KT,ST12000NM0007,12000138625024,0,82.0,142180184.0,89.0,0.0,100.0,9.0,100.0,0.0,82.0,145312994.0,99.0,1700.0,100.0,0.0,100.0,9.0,,,,,100.0,0.0,100.0,0.0,,,66.0,34.0,,,100.0,39.0,100.0,91.0,34.0,34.0,100.0,0.0,100.0,0.0,200.0,0.0,100.0,1646.0,100.0,61406362336.0,100.0,11155641944.0
2019-07-04,ZJV279KT,ST12000NM0007,12000138625024,0,79.0,86866944.0,89.0,0.0,100.0,9.0,100.0,0.0,82.0,148029264.0,99.0,1731.0,100.0,0.0,100.0,9.0,,,,,100.0,0.0,100.0,0.0,,,66.0,34.0,,,100.0,40.0,100.0,93.0,34.0,34.0,100.0,0.0,100.0,0.0,200.0,0.0,100.0,1678.0,100.0,61477959984.0,100.0,11517012560.0
2019-07-05,ZJV279KT,ST12000NM0007,12000138625024,0,78.0,59977648.0,89.0,0.0,100.0,9.0,100.0,0.0,82.0,149143532.0,99.0,1747.0,100.0,0.0,100.0,9.0,,,,,100.0,0.0,100.0,0.0,,,65.0,35.0,,,100.0,40.0,100.0,93.0,35.0,35.0,100.0,0.0,100.0,0.0,200.0,0.0,100.0,1693.0,100.0,61508807624.0,100.0,11703416312.0
2019-07-06,ZJV279KT,ST12000NM0007,12000138625024,0,73.0,20304040.0,89.0,0.0,100.0,9.0,100.0,0.0,82.0,152021354.0,98.0,1779.0,100.0,0.0,100.0,9.0,,,,,100.0,0.0,100.0,0.0,,,66.0,34.0,,,100.0,40.0,100.0,95.0,34.0,34.0,100.0,0.0,100.0,0.0,200.0,0.0,100.0,1725.0,100.0,61615291880.0,100.0,12045539816.0
2019-07-07,ZJV279KT,ST12000NM0007,12000138625024,0,68.0,6636544.0,89.0,0.0,100.0,9.0,100.0,0.0,82.0,153290287.0,98.0,1795.0,100.0,0.0,100.0,9.0,,,,,100.0,0.0,100.0,0.0,,,66.0,34.0,,,100.0,40.0,100.0,95.0,34.0,34.0,100.0,0.0,100.0,0.0,200.0,0.0,100.0,1741.0,100.0,61652177440.0,100.0,12239127464.0
2019-07-08,ZJV279KT,ST12000NM0007,12000138625024,0,82.0,176146472.0,89.0,0.0,100.0,9.0,100.0,0.0,82.0,155471342.0,98.0,1826.0,100.0,0.0,100.0,9.0,,,,,100.0,0.0,100.0,0.0,,,66.0,34.0,,,100.0,41.0,100.0,96.0,34.0,34.0,100.0,0.0,100.0,0.0,200.0,0.0,100.0,1772.0,100.0,61719069208.0,100.0,12585886368.0
2019-07-09,ZJV279KT,ST12000NM0007,12000138625024,0,82.0,156775984.0,89.0,0.0,100.0,9.0,100.0,0.0,82.0,156635588.0,98.0,1842.0,100.0,0.0,100.0,9.0,,,,,100.0,0.0,100.0,0.0,,,66.0,34.0,,,100.0,41.0,100.0,97.0,34.0,34.0,100.0,0.0,100.0,0.0,200.0,0.0,100.0,1788.0,100.0,61760536136.0,100.0,12769189672.0
2019-07-10,ZJV279KT,ST12000NM0007,12000138625024,0,83.0,205503592.0,89.0,0.0,100.0,10.0,100.0,0.0,82.0,159838171.0,98.0,1874.0,100.0,0.0,100.0,10.0,,,,,100.0,0.0,100.0,0.0,,,64.0,36.0,,,100.0,41.0,100.0,101.0,36.0,36.0,100.0,0.0,100.0,0.0,200.0,0.0,100.0,1819.0,100.0,61845923040.0,100.0,13709093266.0
2019-07-11,ZJV279KT,ST12000NM0007,12000138625024,0,69.0,7083224.0,89.0,0.0,100.0,10.0,100.0,0.0,82.0,162350026.0,98.0,1890.0,100.0,0.0,100.0,10.0,,,,,100.0,0.0,100.0,0.0,,,64.0,36.0,,,100.0,42.0,100.0,102.0,36.0,36.0,100.0,0.0,100.0,0.0,200.0,0.0,100.0,1835.0,100.0,61893057704.0,100.0,14684242890.0
2019-07-12,ZJV279KT,ST12000NM0007,12000138625024,0,83.0,192718248.0,89.0,0.0,100.0,10.0,100.0,0.0,82.0,167675214.0,98.0,1922.0,100.0,0.0,100.0,10.0,,,,,100.0,0.0,100.0,0.0,,,65.0,35.0,,,100.0,42.0,100.0,103.0,35.0,35.0,100.0,0.0,100.0,0.0,200.0,0.0,100.0,1867.0,100.0,61972718000.0,100.0,17231625418.0
2019-07-13,ZJV279KT,ST12000NM0007,12000138625024,0,84.0,240816152.0,89.0,0.0,100.0,10.0,100.0,0.0,82.0,172187277.0,98.0,1953.0,100.0,0.0,100.0,10.0,,,,,100.0,0.0,100.0,0.0,,,64.0,36.0,,,100.0,42.0,100.0,104.0,36.0,36.0,100.0,0.0,100.0,0.0,200.0,0.0,100.0,1898.0,100.0,62078281952.0,100.0,18639008490.0
2019-07-14,ZJV279KT,ST12000NM0007,12000138625024,0,83.0,177921552.0,89.0,0.0,100.0,10.0,100.0,0.0,82.0,174718096.0,98.0,1969.0,100.0,0.0,100.0,10.0,,,,,100.0,0.0,100.0,0.0,,,65.0,35.0,,,100.0,42.0,100.0,105.0,35.0,35.0,100.0,0.0,100.0,0.0,200.0,0.0,100.0,1914.0,100.0,62117282120.0,100.0,19757818282.0
2019-07-15,ZJV279KT,ST12000NM0007,12000138625024,0,79.0,71768768.0,89.0,0.0,100.0,10.0,100.0,0.0,83.0,179444229.0,98.0,2001.0,100.0,0.0,100.0,10.0,,,,,100.0,0.0,100.0,0.0,,,64.0,36.0,,,100.0,42.0,100.0,106.0,36.0,36.0,100.0,0.0,100.0,0.0,200.0,0.0,100.0,1946.0,100.0,62185400080.0,100.0,21780814218.0
2019-07-16,ZJV279KT,ST12000NM0007,12000138625024,0,82.0,151239016.0,89.0,0.0,100.0,10.0,100.0,0.0,83.0,181794972.0,98.0,2017.0,100.0,0.0,100.0,10.0,,,,,100.0,0.0,100.0,0.0,,,65.0,35.0,,,100.0,42.0,100.0,107.0,35.0,35.0,100.0,0.0,100.0,0.0,200.0,0.0,100.0,1962.0,100.0,62245814888.0,100.0,22776433042.0
2019-07-17,ZJV279KT,ST12000NM0007,12000138625024,0,83.0,207887024.0,89.0,0.0,100.0,10.0,100.0,0.0,83.0,184191972.0,98.0,2033.0,100.0,0.0,100.0,10.0,,,,,100.0,0.0,100.0,0.0,,,64.0,36.0,,,100.0,42.0,100.0,108.0,36.0,36.0,100.0,0.0,100.0,0.0,200.0,0.0,100.0,1977.0,100.0,62328022960.0,100.0,23727436314.0
2019-07-18,ZJV279KT,ST12000NM0007,12000138625024,0,79.0,88206688.0,89.0,0.0,100.0,10.0,100.0,0.0,83.0,188608323.0,98.0,2064.0,100.0,0.0,100.0,10.0,,,,,100.0,0.0,100.0,0.0,,,64.0,36.0,,,100.0,42.0,100.0,109.0,36.0,36.0,100.0,0.0,100.0,0.0,200.0,0.0,100.0,2009.0,100.0,62412112328.0,100.0,25232652730.0
2019-07-19,ZJV279KT,ST12000NM0007,12000138625024,0,82.0,151586432.0,89.0,0.0,100.0,10.0,100.0,0.0,83.0,191219694.0,98.0,2080.0,100.0,0.0,100.0,10.0,,,,,100.0,0.0,100.0,0.0,,,64.0,36.0,,,100.0,43.0,100.0,110.0,36.0,36.0,100.0,0.0,100.0,0.0,200.0,0.0,100.0,2025.0,100.0,62446244744.0,100.0,25994322332.0
2019-07-20,ZJV279KT,ST12000NM0007,12000138625024,0,83.0,178147888.0,89.0,0.0,100.0,11.0,100.0,0.0,83.0,197173754.0,98.0,2112.0,100.0,0.0,100.0,11.0,,,,,100.0,0.0,100.0,0.0,,,64.0,36.0,,,100.0,43.0,100.0,112.0,36.0,36.0,100.0,0.0,100.0,0.0,200.0,0.0,100.0,2056.0,100.0,62470186624.0,100.0,27950068662.0
2019-07-21,ZJV279KT,ST12000NM0007,12000138625024,0,82.0,163393952.0,89.0,0.0,100.0,11.0,100.0,0.0,83.0,199598700.0,98.0,2128.0,100.0,0.0,100.0,11.0,,,,,100.0,0.0,100.0,0.0,,,64.0,36.0,,,100.0,43.0,100.0,112.0,36.0,36.0,100.0,0.0,100.0,0.0,200.0,0.0,100.0,2072.0,100.0,62503557672.0,100.0,28634365630.0
2019-07-22,ZJV279KT,ST12000NM0007,12000138625024,0,83.0,211800168.0,89.0,0.0,100.0,11.0,100.0,0.0,83.0,205871434.0,98.0,2159.0,100.0,0.0,100.0,11.0,,,,,100.0,0.0,100.0,0.0,,,64.0,36.0,,,100.0,44.0,100.0,114.0,36.0,36.0,100.0,0.0,100.0,0.0,200.0,0.0,100.0,2104.0,100.0,62521209176.0,100.0,30862387854.0
2019-07-23,ZJV279KT,ST12000NM0007,12000138625024,0,80.0,93793248.0,89.0,0.0,100.0,11.0,100.0,0.0,83.0,208898984.0,98.0,2175.0,100.0,0.0,100.0,11.0,,,,,100.0,0.0,100.0,0.0,,,64.0,36.0,,,100.0,44.0,100.0,114.0,36.0,36.0,100.0,0.0,100.0,0.0,200.0,0.0,100.0,2119.0,100.0,62526690472.0,100.0,31959604126.0
2019-07-24,ZJV279KT,ST12000NM0007,12000138625024,0,84.0,231612784.0,89.0,0.0,100.0,11.0,100.0,0.0,83.0,215868771.0,98.0,2207.0,100.0,0.0,100.0,11.0,,,,,100.0,0.0,100.0,0.0,,,64.0,36.0,,,100.0,46.0,100.0,116.0,36.0,36.0,100.0,0.0,100.0,0.0,200.0,0.0,100.0,2151.0,100.0,62536166704.0,100.0,34285214582.0
2019-07-25,ZJV279KT,ST12000NM0007,12000138625024,0,84.0,241236344.0,89.0,0.0,100.0,11.0,100.0,0.0,83.0,218213128.0,98.0,2223.0,100.0,0.0,100.0,11.0,,,,,100.0,0.0,100.0,0.0,,,64.0,36.0,,,100.0,46.0,100.0,116.0,36.0,36.0,100.0,0.0,100.0,0.0,200.0,0.0,100.0,2167.0,100.0,62569118752.0,100.0,35238449558.0
2019-07-26,ZJV279KT,ST12000NM0007,12000138625024,0,81.0,135517840.0,89.0,0.0,100.0,11.0,100.0,0.0,83.0,222987479.0,98.0,2254.0,100.0,0.0,100.0,11.0,,,,,100.0,0.0,100.0,0.0,,,64.0,36.0,,,100.0,46.0,100.0,118.0,36.0,36.0,100.0,0.0,100.0,0.0,200.0,0.0,100.0,2198.0,100.0,62656916080.0,100.0,37242202206.0
2019-07-27,ZJV279KT,ST12000NM0007,12000138625024,0,84.0,229415600.0,89.0,0.0,100.0,12.0,100.0,0.0,84.0,224521056.0,98.0,2270.0,100.0,0.0,100.0,12.0,,,,,100.0,0.0,100.0,0.0,,,61.0,39.0,,,100.0,46.0,100.0,119.0,39.0,39.0,100.0,0.0,100.0,0.0,200.0,0.0,100.0,2214.0,100.0,62684128960.0,100.0,37797168770.0
2019-07-28,ZJV279KT,ST12000NM0007,12000138625024,0,81.0,119169072.0,89.0,0.0,100.0,12.0,100.0,0.0,84.0,227231387.0,98.0,2302.0,100.0,0.0,100.0,12.0,,,,,100.0,0.0,100.0,0.0,,,61.0,39.0,,,100.0,46.0,100.0,120.0,39.0,39.0,100.0,0.0,100.0,0.0,200.0,0.0,100.0,2246.0,100.0,62762496288.0,100.0,38585120578.0
2019-07-29,ZJV279KT,ST12000NM0007,12000138625024,0,81.0,140919808.0,89.0,0.0,100.0,12.0,100.0,0.0,84.0,228528325.0,98.0,2318.0,100.0,0.0,100.0,12.0,,,,,100.0,0.0,100.0,0.0,,,61.0,39.0,,,100.0,47.0,100.0,121.0,39.0,39.0,100.0,0.0,100.0,0.0,200.0,0.0,100.0,2262.0,100.0,62782082928.0,100.0,39075566474.0
2019-07-30,ZJV279KT,ST12000NM0007,12000138625024,0,72.0,14811584.0,89.0,0.0,100.0,12.0,100.0,0.0,84.0,231038420.0,98.0,2350.0,100.0,0.0,100.0,12.0,,,,,100.0,0.0,100.0,0.0,,,61.0,39.0,,,100.0,47.0,100.0,122.0,39.0,39.0,100.0,0.0,100.0,0.0,200.0,0.0,100.0,2293.0,100.0,62816964816.0,100.0,39891139450.0
2019-07-31,ZJV279KT,ST12000NM0007,12000138625024,0,68.0,5883664.0,89.0,0.0,100.0,12.0,100.0,0.0,84.0,232601820.0,98.0,2366.0,100.0,0.0,100.0,12.0,,,,,100.0,0.0,100.0,0.0,,,60.0,40.0,,,100.0,48.0,100.0,123.0,40.0,40.0,100.0,0.0,100.0,0.0,200.0,0.0,100.0,2309.0,100.0,62857131496.0,100.0,40330326602.0
2019-08-01,ZJV279KT,ST12000NM0007,12000138625024,0,83.0,206741056.0,89.0,0.0,100.0,12.0,100.0,0.0,84.0,236135604.0,98.0,2397.0,100.0,0.0,100.0,12.0,,,,,100.0,0.0,100.0,0.0,,,61.0,39.0,,,100.0,48.0,100.0,124.0,39.0,39.0,100.0,0.0,100.0,0.0,200.0,0.0,100.0,2341.0,100.0,62943703744.0,100.0,41177034042.0
2019-08-02,ZJV279KT,ST12000NM0007,12000138625024,0,80.0,109076280.0,89.0,0.0,100.0,12.0,100.0,0.0,84.0,237423469.0,98.0,2413.0,100.0,0.0,100.0,12.0,,,,,100.0,0.0,100.0,0.0,,,61.0,39.0,,,100.0,48.0,100.0,125.0,39.0,39.0,100.0,0.0,100.0,0.0,200.0,0.0,100.0,2356.0,100.0,62989922528.0,100.0,41521436642.0
2019-08-03,ZJV279KT,ST12000NM0007,12000138625024,0,79.0,78431656.0,89.0,0.0,100.0,12.0,100.0,0.0,84.0,240838778.0,98.0,2445.0,100.0,0.0,100.0,12.0,,,,,100.0,0.0,100.0,0.0,,,61.0,39.0,,,100.0,49.0,100.0,126.0,39.0,39.0,100.0,0.0,100.0,0.0,200.0,0.0,100.0,2388.0,100.0,63081527192.0,100.0,42375750898.0
2019-08-04,ZJV279KT,ST12000NM0007,12000138625024,0,81.0,140579600.0,89.0,0.0,100.0,13.0,100.0,0.0,84.0,244583585.0,98.0,2477.0,100.0,0.0,100.0,13.0,,,,,100.0,0.0,100.0,0.0,,,69.0,31.0,,,100.0,50.0,100.0,128.0,31.0,31.0,100.0,0.0,100.0,0.0,200.0,0.0,100.0,2420.0,100.0,63171818360.0,100.0,43080030054.0
2019-08-05,ZJV279KT,ST12000NM0007,12000138625024,0,82.0,177134160.0,89.0,0.0,100.0,13.0,100.0,0.0,84.0,246188914.0,98.0,2493.0,100.0,0.0,100.0,13.0,,,,,100.0,0.0,100.0,0.0,,,70.0,30.0,,,100.0,50.0,100.0,128.0,30.0,30.0,100.0,0.0,100.0,0.0,200.0,0.0,100.0,2436.0,100.0,63211732560.0,100.0,43564951846.0
2019-08-06,ZJV279KT,ST12000NM0007,12000138625024,0,84.0,236479840.0,89.0,0.0,100.0,13.0,100.0,0.0,84.0,249460364.0,98.0,2524.0,100.0,0.0,100.0,13.0,,,,,100.0,0.0,100.0,0.0,,,69.0,31.0,,,100.0,50.0,100.0,130.0,31.0,31.0,100.0,0.0,100.0,0.0,200.0,0.0,100.0,2467.0,100.0,63295802232.0,100.0,44516791582.0
2019-08-07,ZJV279KT,ST12000NM0007,12000138625024,0,83.0,203351072.0,89.0,0.0,100.0,13.0,100.0,0.0,84.0,251311599.0,98.0,2540.0,100.0,0.0,100.0,13.0,,,,,100.0,0.0,100.0,0.0,,,70.0,30.0,,,100.0,50.0,100.0,130.0,30.0,30.0,100.0,0.0,100.0,0.0,200.0,0.0,100.0,2483.0,100.0,63339758848.0,100.0,44927988054.0
2019-08-08,ZJV279KT,ST12000NM0007,12000138625024,0,79.0,87917520.0,89.0,0.0,100.0,13.0,100.0,0.0,84.0,255304255.0,98.0,2572.0,100.0,0.0,100.0,13.0,,,,,100.0,0.0,100.0,0.0,,,70.0,30.0,,,100.0,51.0,100.0,132.0,30.0,30.0,100.0,0.0,100.0,0.0,200.0,0.0,100.0,2514.0,100.0,63421100136.0,100.0,45707776782.0
2019-08-09,ZJV279KT,ST12000NM0007,12000138625024,0,82.0,144060088.0,89.0,0.0,100.0,13.0,100.0,0.0,84.0,257313403.0,98.0,2588.0,100.0,0.0,100.0,13.0,,,,,100.0,0.0,100.0,0.0,,,70.0,30.0,,,100.0,51.0,100.0,132.0,30.0,30.0,100.0,0.0,100.0,0.0,200.0,0.0,100.0,2530.0,100.0,63459011752.0,100.0,46214289382.0
2019-08-10,ZJV279KT,ST12000NM0007,12000138625024,0,81.0,126625656.0,89.0,0.0,100.0,13.0,100.0,0.0,84.0,261503777.0,98.0,2619.0,100.0,0.0,100.0,13.0,,,,,100.0,0.0,100.0,0.0,,,69.0,31.0,,,100.0,52.0,100.0,134.0,31.0,31.0,100.0,0.0,100.0,0.0,200.0,0.0,100.0,2561.0,100.0,63552888384.0,100.0,46835400526.0
2019-08-11,ZJV279KT,ST12000NM0007,12000138625024,0,77.0,54401904.0,89.0,0.0,100.0,13.0,100.0,0.0,84.0,263422662.0,97.0,2635.0,100.0,0.0,100.0,13.0,,,,,100.0,0.0,100.0,0.0,,,69.0,31.0,,,100.0,52.0,100.0,134.0,31.0,31.0,100.0,0.0,100.0,0.0,200.0,0.0,100.0,2577.0,100.0,63607316224.0,100.0,47197030422.0
2019-08-12,ZJV279KT,ST12000NM0007,12000138625024,0,84.0,225002784.0,89.0,0.0,100.0,13.0,100.0,0.0,84.0,267003033.0,97.0,2667.0,100.0,0.0,100.0,13.0,,,,,100.0,0.0,100.0,0.0,,,70.0,30.0,,,100.0,54.0,100.0,136.0,30.0,30.0,100.0,0.0,100.0,0.0,200.0,0.0,100.0,2609.0,100.0,63671872752.0,100.0,48035497094.0
2019-08-13,ZJV279KT,ST12000NM0007,12000138625024,0,83.0,217269344.0,89.0,0.0,100.0,13.0,100.0,0.0,84.0,268543207.0,97.0,2683.0,100.0,0.0,100.0,13.0,,,,,100.0,0.0,100.0,0.0,,,70.0,30.0,,,100.0,54.0,100.0,136.0,30.0,30.0,100.0,0.0,100.0,0.0,200.0,0.0,100.0,2625.0,100.0,63719179544.0,100.0,48468738374.0
2019-08-14,ZJV279KT,ST12000NM0007,12000138625024,0,82.0,144837880.0,89.0,0.0,100.0,13.0,100.0,0.0,84.0,271993044.0,97.0,2715.0,100.0,0.0,100.0,13.0,,,,,100.0,0.0,100.0,0.0,,,70.0,30.0,,,100.0,54.0,100.0,138.0,30.0,30.0,100.0,0.0,100.0,0.0,200.0,0.0,100.0,2656.0,100.0,63803676056.0,100.0,49288376526.0
2019-08-15,ZJV279KT,ST12000NM0007,12000138625024,0,77.0,54038024.0,89.0,0.0,100.0,13.0,100.0,0.0,84.0,274320029.0,97.0,2730.0,100.0,0.0,100.0,13.0,,,,,100.0,0.0,100.0,0.0,,,71.0,29.0,,,100.0,54.0,100.0,138.0,29.0,29.0,100.0,0.0,100.0,0.0,200.0,0.0,100.0,2672.0,100.0,63857923008.0,100.0,49631611198.0
2019-08-16,ZJV279KT,ST12000NM0007,12000138625024,0,81.0,113466672.0,89.0,0.0,100.0,13.0,100.0,0.0,84.0,278484275.0,97.0,2762.0,100.0,0.0,100.0,13.0,,,,,100.0,0.0,100.0,0.0,,,70.0,30.0,,,100.0,54.0,100.0,140.0,30.0,30.0,100.0,0.0,100.0,0.0,200.0,0.0,100.0,2703.0,100.0,63940485784.0,100.0,50585039958.0
2019-08-17,ZJV279KT,ST12000NM0007,12000138625024,0,78.0,58066632.0,89.0,0.0,100.0,13.0,100.0,0.0,84.0,280881153.0,97.0,2778.0,100.0,0.0,100.0,13.0,,,,,100.0,0.0,100.0,0.0,,,71.0,29.0,,,100.0,54.0,100.0,140.0,29.0,29.0,100.0,0.0,100.0,0.0,200.0,0.0,100.0,2719.0,100.0,63972325216.0,100.0,50986082022.0
2019-08-18,ZJV279KT,ST12000NM0007,12000138625024,0,81.0,119749136.0,89.0,0.0,100.0,13.0,100.0,0.0,85.0,285903434.0,97.0,2809.0,100.0,0.0,100.0,13.0,,,,,100.0,0.0,100.0,0.0,,,71.0,29.0,,,100.0,55.0,100.0,142.0,29.0,29.0,100.0,0.0,100.0,0.0,200.0,0.0,100.0,2751.0,100.0,64041950048.0,100.0,51710561798.0
2019-08-19,ZJV279KT,ST12000NM0007,12000138625024,0,82.0,174047400.0,89.0,0.0,100.0,13.0,100.0,0.0,85.0,288457792.0,97.0,2825.0,100.0,0.0,100.0,13.0,,,,,100.0,0.0,100.0,0.0,,,71.0,29.0,,,100.0,55.0,100.0,142.0,29.0,29.0,100.0,0.0,100.0,0.0,200.0,0.0,100.0,2767.0,100.0,64073462328.0,100.0,52221629206.0
2019-08-20,ZJV279KT,ST12000NM0007,12000138625024,0,83.0,213548904.0,89.0,0.0,100.0,13.0,100.0,0.0,85.0,295115175.0,97.0,2857.0,100.0,0.0,100.0,13.0,,,,,100.0,0.0,100.0,0.0,,,71.0,29.0,,,100.0,55.0,100.0,144.0,29.0,29.0,100.0,0.0,100.0,0.0,200.0,0.0,100.0,2798.0,100.0,64168222504.0,100.0,53387074334.0
2019-08-21,ZJV279KT,ST12000NM0007,12000138625024,0,81.0,121611592.0,89.0,0.0,100.0,13.0,100.0,0.0,85.0,297651852.0,97.0,2873.0,100.0,0.0,100.0,13.0,,,,,100.0,0.0,100.0,0.0,,,72.0,28.0,,,100.0,55.0,100.0,144.0,28.0,28.0,100.0,0.0,100.0,0.0,200.0,0.0,100.0,2814.0,100.0,64199936312.0,100.0,53751704638.0
2019-08-22,ZJV279KT,ST12000NM0007,12000138625024,0,79.0,74310160.0,89.0,0.0,100.0,13.0,100.0,0.0,85.0,301689418.0,97.0,2904.0,100.0,0.0,100.0,13.0,,,,,100.0,0.0,100.0,0.0,,,72.0,28.0,,,100.0,56.0,100.0,146.0,28.0,28.0,100.0,0.0,100.0,0.0,200.0,0.0,100.0,2845.0,100.0,64275424688.0,100.0,54117196374.0
2019-08-23,ZJV279KT,ST12000NM0007,12000138625024,0,75.0,31059224.0,89.0,0.0,100.0,13.0,100.0,0.0,85.0,303349700.0,97.0,2920.0,100.0,0.0,100.0,13.0,,,,,100.0,0.0,100.0,0.0,,,73.0,27.0,,,100.0,56.0,100.0,146.0,27.0,27.0,100.0,0.0,100.0,0.0,200.0,0.0,100.0,2861.0,100.0,64306935328.0,100.0,54286575510.0
2019-08-24,ZJV279KT,ST12000NM0007,12000138625024,0,83.0,214528792.0,89.0,0.0,100.0,13.0,100.0,0.0,85.0,306150346.0,97.0,2952.0,100.0,0.0,100.0,13.0,,,,,100.0,0.0,100.0,0.0,,,72.0,28.0,,,100.0,58.0,100.0,148.0,28.0,28.0,100.0,0.0,100.0,0.0,200.0,0.0,100.0,2893.0,100.0,64381861240.0,100.0,54639260022.0
2019-08-25,ZJV279KT,ST12000NM0007,12000138625024,0,83.0,180410372.0,89.0,0.0,100.0,14.0,100.0,0.0,85.0,309178957.0,97.0,2984.0,100.0,0.0,100.0,14.0,,,,,100.0,0.0,100.0,0.0,,,66.0,34.0,,,100.0,59.0,100.0,151.0,34.0,34.0,100.0,0.0,100.0,0.0,200.0,0.0,100.0,2924.0,100.0,64456757888.0,100.0,55018526794.0
2019-08-26,ZJV279KT,ST12000NM0007,12000138625024,0,84.0,230197186.0,89.0,0.0,100.0,15.0,100.0,0.0,85.0,312267458.0,97.0,3017.0,100.0,0.0,100.0,15.0,,,,,100.0,0.0,100.0,0.0,,,67.0,33.0,,,100.0,59.0,100.0,156.0,33.0,33.0,100.0,0.0,100.0,0.0,200.0,0.0,100.0,2956.0,100.0,64535355712.0,100.0,55722138176.0
2019-08-27,ZJV279KT,ST12000NM0007,12000138625024,0,84.0,230197186.0,89.0,0.0,100.0,15.0,100.0,0.0,85.0,312267458.0,97.0,3017.0,100.0,0.0,100.0,15.0,,,,,100.0,0.0,100.0,0.0,,,67.0,33.0,,,100.0,59.0,100.0,156.0,33.0,33.0,100.0,0.0,100.0,0.0,200.0,0.0,100.0,2956.0,100.0,64535355712.0,100.0,55722138176.0
2019-08-28,ZJV279KT,ST12000NM0007,12000138625024,0,81.0,128279600.0,89.0,0.0,100.0,15.0,100.0,0.0,85.0,315119192.0,97.0,3048.0,100.0,0.0,100.0,15.0,,,,,100.0,0.0,100.0,0.0,,,67.0,33.0,,,100.0,59.0,100.0,158.0,33.0,33.0,100.0,0.0,100.0,0.0,200.0,0.0,100.0,2988.0,100.0,64594070112.0,100.0,56782210128.0
2019-08-29,ZJV279KT,ST12000NM0007,12000138625024,0,83.0,199396280.0,89.0,0.0,100.0,15.0,100.0,0.0,85.0,317344271.0,97.0,3064.0,100.0,0.0,100.0,15.0,,,,,100.0,0.0,100.0,0.0,,,68.0,32.0,,,100.0,59.0,100.0,158.0,32.0,32.0,100.0,0.0,100.0,0.0,200.0,0.0,100.0,3004.0,100.0,64643602096.0,100.0,57292076464.0
2019-08-30,ZJV279KT,ST12000NM0007,12000138625024,0,77.0,53348000.0,89.0,0.0,100.0,15.0,100.0,0.0,85.0,320448387.0,97.0,3096.0,100.0,0.0,100.0,15.0,,,,,100.0,0.0,100.0,0.0,,,67.0,33.0,,,100.0,59.0,100.0,159.0,33.0,33.0,100.0,0.0,100.0,0.0,200.0,0.0,100.0,3035.0,100.0,64712573392.0,100.0,58297760736.0
2019-08-31,ZJV279KT,ST12000NM0007,12000138625024,0,72.0,15461628.0,89.0,0.0,100.0,16.0,100.0,0.0,85.0,321869437.0,97.0,3112.0,100.0,0.0,100.0,16.0,,,,,100.0,0.0,100.0,0.0,,,68.0,32.0,,,100.0,59.0,100.0,162.0,32.0,32.0,100.0,0.0,100.0,0.0,200.0,0.0,100.0,3052.0,100.0,64747074120.0,100.0,58713655580.0
2019-09-01,ZJV279KT,ST12000NM0007,12000138625024,0,82.0,147822888.0,89.0,0.0,100.0,16.0,100.0,0.0,85.0,325016712.0,97.0,3144.0,100.0,0.0,100.0,16.0,,,,,100.0,0.0,100.0,0.0,,,67.0,33.0,,,100.0,59.0,100.0,163.0,33.0,33.0,100.0,0.0,100.0,0.0,200.0,0.0,100.0,3083.0,100.0,64806769000.0,100.0,59518745164.0
2019-09-02,ZJV279KT,ST12000NM0007,12000138625024,0,78.0,67086256.0,89.0,0.0,100.0,16.0,100.0,0.0,85.0,327765021.0,97.0,3175.0,100.0,0.0,100.0,16.0,,,,,100.0,0.0,100.0,0.0,,,67.0,33.0,,,100.0,59.0,100.0,164.0,33.0,33.0,100.0,0.0,100.0,0.0,200.0,0.0,100.0,3115.0,100.0,64856924224.0,100.0,60364416060.0
2019-09-03,ZJV279KT,ST12000NM0007,12000138625024,0,73.0,21490832.0,89.0,0.0,100.0,16.0,100.0,0.0,85.0,329118726.0,97.0,3191.0,100.0,0.0,100.0,16.0,,,,,100.0,0.0,100.0,0.0,,,67.0,33.0,,,100.0,59.0,100.0,165.0,33.0,33.0,100.0,0.0,100.0,0.0,200.0,0.0,100.0,3131.0,100.0,64887495976.0,100.0,60776530196.0
2019-09-04,ZJV279KT,ST12000NM0007,12000138625024,0,83.0,216516624.0,89.0,0.0,100.0,16.0,100.0,0.0,85.0,331808063.0,97.0,3223.0,100.0,0.0,100.0,16.0,,,,,100.0,0.0,100.0,0.0,,,66.0,34.0,,,100.0,59.0,100.0,166.0,34.0,34.0,100.0,0.0,100.0,0.0,200.0,0.0,100.0,3162.0,100.0,64954772768.0,100.0,61636701148.0
2019-09-05,ZJV279KT,ST12000NM0007,12000138625024,0,83.0,210960080.0,89.0,0.0,100.0,16.0,100.0,0.0,85.0,333877183.0,97.0,3239.0,100.0,0.0,100.0,16.0,,,,,100.0,0.0,100.0,0.0,,,67.0,33.0,,,100.0,59.0,100.0,167.0,33.0,33.0,100.0,0.0,100.0,0.0,200.0,0.0,100.0,3178.0,100.0,65001352688.0,100.0,62072846700.0
2019-09-06,ZJV279KT,ST12000NM0007,12000138625024,0,80.0,109435120.0,89.0,0.0,100.0,16.0,100.0,0.0,85.0,337150037.0,97.0,3271.0,100.0,0.0,100.0,16.0,,,,,100.0,0.0,100.0,0.0,,,66.0,34.0,,,100.0,60.0,100.0,168.0,34.0,34.0,100.0,0.0,100.0,0.0,200.0,0.0,100.0,3210.0,100.0,65091488288.0,100.0,62857749492.0
2019-09-07,ZJV279KT,ST12000NM0007,12000138625024,0,84.0,227042880.0,89.0,0.0,100.0,16.0,100.0,0.0,85.0,338696972.0,97.0,3287.0,100.0,0.0,100.0,16.0,,,,,100.0,0.0,100.0,0.0,,,67.0,33.0,,,100.0,61.0,100.0,169.0,33.0,33.0,100.0,0.0,100.0,0.0,200.0,0.0,100.0,3225.0,100.0,65123658080.0,100.0,63187328284.0
2019-09-08,ZJV279KT,ST12000NM0007,12000138625024,0,83.0,207651976.0,89.0,0.0,100.0,16.0,100.0,0.0,85.0,341496143.0,97.0,3318.0,100.0,0.0,100.0,16.0,,,,,100.0,0.0,100.0,0.0,,,66.0,34.0,,,100.0,61.0,100.0,170.0,34.0,34.0,100.0,0.0,100.0,0.0,200.0,0.0,100.0,3257.0,100.0,65175402432.0,100.0,63848615452.0
2019-09-09,ZJV279KT,ST12000NM0007,12000138625024,0,83.0,202512224.0,89.0,0.0,100.0,16.0,100.0,0.0,85.0,342948467.0,97.0,3334.0,100.0,0.0,100.0,16.0,,,,,100.0,0.0,100.0,0.0,,,67.0,33.0,,,100.0,62.0,100.0,171.0,33.0,33.0,100.0,0.0,100.0,0.0,200.0,0.0,100.0,3273.0,100.0,65214494400.0,100.0,64292665588.0
2019-09-10,ZJV279KT,ST12000NM0007,12000138625024,0,80.0,104166456.0,89.0,0.0,100.0,16.0,100.0,0.0,85.0,345623245.0,97.0,3366.0,100.0,0.0,100.0,16.0,,,,,100.0,0.0,100.0,0.0,,,66.0,34.0,,,100.0,62.0,100.0,172.0,34.0,34.0,100.0,0.0,100.0,0.0,200.0,0.0,100.0,3304.0,100.0,65281503792.0,100.0,65103878740.0
2019-09-11,ZJV279KT,ST12000NM0007,12000138625024,0,75.0,31741352.0,89.0,0.0,100.0,16.0,100.0,0.0,85.0,346907419.0,97.0,3382.0,100.0,0.0,100.0,16.0,,,,,100.0,0.0,100.0,0.0,,,68.0,32.0,,,100.0,62.0,100.0,173.0,32.0,32.0,100.0,0.0,100.0,0.0,200.0,0.0,100.0,3320.0,100.0,65307404368.0,100.0,65493834572.0
2019-09-12,ZJV279KT,ST12000NM0007,12000138625024,0,83.0,192083168.0,89.0,0.0,100.0,16.0,100.0,0.0,85.0,348676624.0,97.0,3398.0,100.0,0.0,100.0,16.0,,,,,100.0,0.0,100.0,0.0,,,67.0,33.0,,,100.0,62.0,100.0,174.0,33.0,33.0,100.0,0.0,100.0,0.0,200.0,0.0,100.0,3337.0,100.0,65347265128.0,100.0,65858456316.0
2019-09-13,ZJV279KT,ST12000NM0007,12000138625024,0,77.0,53679536.0,89.0,0.0,100.0,16.0,100.0,0.0,85.0,351554766.0,97.0,3430.0,100.0,0.0,100.0,16.0,,,,,100.0,0.0,100.0,0.0,,,67.0,33.0,,,100.0,62.0,100.0,175.0,33.0,33.0,100.0,0.0,100.0,0.0,200.0,0.0,100.0,3368.0,100.0,65401353376.0,100.0,66642527910.0
2019-09-14,ZJV279KT,ST12000NM0007,12000138625024,0,75.0,32798024.0,89.0,0.0,100.0,16.0,100.0,0.0,85.0,352916258.0,97.0,3446.0,100.0,0.0,100.0,16.0,,,,,100.0,0.0,100.0,0.0,,,67.0,33.0,,,100.0,63.0,100.0,176.0,33.0,33.0,100.0,0.0,100.0,0.0,200.0,0.0,100.0,3384.0,100.0,65436293776.0,100.0,67074987518.0
2019-09-15,ZJV279KT,ST12000NM0007,12000138625024,0,83.0,204677928.0,89.0,0.0,100.0,17.0,100.0,0.0,86.0,356147125.0,97.0,3478.0,100.0,0.0,100.0,17.0,,,,,100.0,0.0,100.0,0.0,,,67.0,33.0,,,100.0,63.0,100.0,182.0,33.0,33.0,100.0,0.0,100.0,0.0,200.0,0.0,100.0,3415.0,100.0,65499677440.0,100.0,67915906144.0
2019-09-16,ZJV279KT,ST12000NM0007,12000138625024,0,72.0,14394512.0,89.0,0.0,100.0,17.0,100.0,0.0,86.0,357994577.0,97.0,3493.0,100.0,0.0,100.0,17.0,,,,,100.0,0.0,100.0,0.0,,,66.0,34.0,,,100.0,63.0,100.0,182.0,34.0,34.0,100.0,0.0,100.0,0.0,200.0,0.0,100.0,3431.0,100.0,65548158736.0,100.0,68409563688.0
2019-09-17,ZJV279KT,ST12000NM0007,12000138625024,0,79.0,72390816.0,89.0,0.0,100.0,17.0,100.0,0.0,86.0,362134806.0,96.0,3525.0,100.0,0.0,100.0,17.0,,,,,100.0,0.0,100.0,0.0,,,67.0,33.0,,,100.0,63.0,100.0,183.0,33.0,33.0,100.0,0.0,100.0,0.0,200.0,0.0,100.0,3462.0,100.0,65628114280.0,100.0,69364167680.0
2019-09-18,ZJV279KT,ST12000NM0007,12000138625024,0,82.0,172536832.0,89.0,0.0,100.0,17.0,100.0,0.0,86.0,365064521.0,96.0,3557.0,100.0,0.0,100.0,17.0,,,,,100.0,0.0,100.0,0.0,,,66.0,34.0,,,100.0,63.0,100.0,185.0,34.0,34.0,100.0,0.0,100.0,0.0,200.0,0.0,100.0,3494.0,100.0,65702394104.0,100.0,70122455864.0
2019-09-19,ZJV279KT,ST12000NM0007,12000138625024,0,82.0,174255424.0,89.0,0.0,100.0,17.0,100.0,0.0,86.0,367515570.0,96.0,3573.0,100.0,0.0,100.0,17.0,,,,,100.0,0.0,100.0,0.0,,,66.0,34.0,,,100.0,63.0,100.0,185.0,34.0,34.0,100.0,0.0,100.0,0.0,200.0,0.0,100.0,3509.0,100.0,65731658024.0,100.0,70583192384.0
2019-09-20,ZJV279KT,ST12000NM0007,12000138625024,0,83.0,212778424.0,89.0,0.0,100.0,17.0,100.0,0.0,86.0,371105073.0,96.0,3604.0,100.0,0.0,100.0,17.0,,,,,100.0,0.0,100.0,0.0,,,66.0,34.0,,,100.0,64.0,100.0,187.0,34.0,34.0,100.0,0.0,100.0,0.0,200.0,0.0,100.0,3541.0,100.0,65801640336.0,100.0,71528296008.0
2019-09-21,ZJV279KT,ST12000NM0007,12000138625024,0,82.0,157894440.0,89.0,0.0,100.0,17.0,100.0,0.0,86.0,373071302.0,96.0,3620.0,100.0,0.0,100.0,17.0,,,,,100.0,0.0,100.0,0.0,,,66.0,34.0,,,100.0,64.0,100.0,187.0,34.0,34.0,100.0,0.0,100.0,0.0,200.0,0.0,100.0,3557.0,100.0,65828668960.0,100.0,71934664728.0
2019-09-22,ZJV279KT,ST12000NM0007,12000138625024,0,83.0,201852280.0,89.0,0.0,100.0,17.0,100.0,0.0,86.0,377193271.0,96.0,3652.0,100.0,0.0,100.0,17.0,,,,,100.0,0.0,100.0,0.0,,,66.0,34.0,,,100.0,66.0,100.0,189.0,34.0,34.0,100.0,0.0,100.0,0.0,200.0,0.0,100.0,3588.0,100.0,65902442864.0,100.0,72637270920.0
2019-09-23,ZJV279KT,ST12000NM0007,12000138625024,0,82.0,142157272.0,89.0,0.0,100.0,17.0,100.0,0.0,86.0,378586720.0,96.0,3668.0,100.0,0.0,100.0,17.0,,,,,100.0,0.0,100.0,0.0,,,67.0,33.0,,,100.0,66.0,100.0,189.0,33.0,33.0,100.0,0.0,100.0,0.0,200.0,0.0,100.0,3604.0,100.0,65929236560.0,100.0,73039063992.0
2019-09-24,ZJV279KT,ST12000NM0007,12000138625024,0,75.0,31187344.0,89.0,0.0,100.0,17.0,100.0,0.0,86.0,381287096.0,96.0,3699.0,100.0,0.0,100.0,17.0,,,,,100.0,0.0,100.0,0.0,,,66.0,34.0,,,100.0,67.0,100.0,191.0,34.0,34.0,100.0,0.0,100.0,0.0,200.0,0.0,100.0,3635.0,100.0,65963142096.0,100.0,73870751608.0
2019-09-25,ZJV279KT,ST12000NM0007,12000138625024,0,70.0,10162280.0,89.0,0.0,100.0,17.0,100.0,0.0,86.0,382598613.0,96.0,3715.0,100.0,0.0,100.0,17.0,,,,,100.0,0.0,100.0,0.0,,,68.0,32.0,,,100.0,67.0,100.0,191.0,32.0,32.0,100.0,0.0,100.0,0.0,200.0,0.0,100.0,3651.0,100.0,65978020576.0,100.0,74323129376.0
2019-09-26,ZJV279KT,ST12000NM0007,12000138625024,0,77.0,47468088.0,89.0,0.0,100.0,17.0,100.0,0.0,86.0,387436408.0,96.0,3746.0,100.0,0.0,100.0,17.0,,,,,100.0,0.0,100.0,0.0,,,66.0,34.0,,,100.0,68.0,100.0,193.0,34.0,34.0,100.0,0.0,100.0,0.0,200.0,0.0,100.0,3682.0,100.0,66020192568.0,100.0,75294826000.0
2019-09-27,ZJV279KT,ST12000NM0007,12000138625024,0,77.0,48777232.0,89.0,0.0,100.0,17.0,100.0,0.0,86.0,389745664.0,96.0,3762.0,100.0,0.0,100.0,17.0,,,,,100.0,0.0,100.0,0.0,,,67.0,33.0,,,100.0,68.0,100.0,193.0,33.0,33.0,100.0,0.0,100.0,0.0,200.0,0.0,100.0,3698.0,100.0,66042719200.0,100.0,75761890368.0
2019-09-28,ZJV279KT,ST12000NM0007,12000138625024,0,81.0,113519528.0,89.0,0.0,100.0,18.0,100.0,0.0,86.0,392338286.0,96.0,3778.0,100.0,0.0,100.0,18.0,,,,,100.0,0.0,100.0,0.0,,,66.0,34.0,,,100.0,68.0,100.0,195.0,34.0,34.0,100.0,0.0,100.0,0.0,200.0,0.0,100.0,3714.0,100.0,66066626240.0,100.0,76291006948.0
2019-09-29,ZJV279KT,ST12000NM0007,12000138625024,0,77.0,55735864.0,89.0,0.0,100.0,18.0,100.0,0.0,86.0,397930733.0,96.0,3810.0,100.0,0.0,100.0,18.0,,,,,100.0,0.0,100.0,0.0,,,67.0,33.0,,,100.0,69.0,100.0,196.0,33.0,33.0,100.0,0.0,100.0,0.0,200.0,0.0,100.0,3745.0,100.0,66106446496.0,100.0,77169966468.0
2019-09-30,ZJV279KT,ST12000NM0007,12000138625024,0,81.0,132554456.0,89.0,0.0,100.0,18.0,100.0,0.0,86.0,400797795.0,96.0,3826.0,100.0,0.0,100.0,18.0,,,,,100.0,0.0,100.0,0.0,,,66.0,34.0,,,100.0,70.0,100.0,197.0,34.0,34.0,100.0,0.0,100.0,0.0,200.0,0.0,100.0,3761.0,100.0,66124417304.0,100.0,77717095564.0
2019-10-01,ZJV279KT,ST12000NM0007,12000138625024,0,81.0,119432296.0,89.0,0.0,100.0,18.0,100.0,0.0,86.0,406522614.0,96.0,3857.0,100.0,0.0,100.0,18.0,,,,,100.0,0.0,100.0,0.0,,,66.0,34.0,,,100.0,71.0,100.0,198.0,34.0,34.0,100.0,0.0,100.0,0.0,200.0,0.0,100.0,3793.0,100.0,66166118384.0,100.0,78638835668.0
2019-10-02,ZJV279KT,ST12000NM0007,12000138625024,0,74.0,24948528.0,89.0,0.0,100.0,18.0,100.0,0.0,86.0,411128584.0,96.0,3889.0,100.0,0.0,100.0,18.0,,,,,100.0,0.0,100.0,0.0,,,67.0,33.0,,,100.0,71.0,100.0,200.0,33.0,33.0,100.0,0.0,100.0,0.0,200.0,0.0,100.0,3824.0,100.0,66213225216.0,100.0,79229667468.0
2019-10-03,ZJV279KT,ST12000NM0007,12000138625024,0,82.0,171316568.0,89.0,0.0,100.0,18.0,100.0,0.0,86.0,413573759.0,96.0,3905.0,100.0,0.0,100.0,18.0,,,,,100.0,0.0,100.0,0.0,,,68.0,32.0,,,100.0,71.0,100.0,200.0,32.0,32.0,100.0,0.0,100.0,0.0,200.0,0.0,100.0,3840.0,100.0,66239490240.0,100.0,79349770484.0
2019-10-04,ZJV279KT,ST12000NM0007,12000138625024,0,79.0,71969128.0,89.0,0.0,100.0,18.0,100.0,0.0,86.0,415958562.0,96.0,3936.0,100.0,0.0,100.0,18.0,,,,,100.0,0.0,100.0,0.0,,,69.0,31.0,,,100.0,72.0,100.0,202.0,31.0,31.0,100.0,0.0,100.0,0.0,200.0,0.0,100.0,3871.0,100.0,66258217384.0,100.0,79475836572.0
2019-10-05,ZJV279KT,ST12000NM0007,12000138625024,0,83.0,216341064.0,89.0,0.0,100.0,18.0,100.0,0.0,86.0,416970097.0,96.0,3952.0,100.0,0.0,100.0,18.0,,,,,100.0,0.0,100.0,0.0,,,68.0,32.0,,,100.0,72.0,100.0,202.0,32.0,32.0,100.0,0.0,100.0,0.0,200.0,0.0,100.0,3887.0,100.0,66286647968.0,100.0,79591777924.0
2019-10-06,ZJV279KT,ST12000NM0007,12000138625024,0,67.0,5208776.0,89.0,0.0,100.0,18.0,100.0,0.0,86.0,419469255.0,96.0,3984.0,100.0,0.0,100.0,18.0,,,,,100.0,0.0,100.0,0.0,,,68.0,32.0,,,100.0,73.0,100.0,205.0,32.0,32.0,100.0,0.0,100.0,0.0,200.0,0.0,100.0,3919.0,100.0,66336782416.0,100.0,79818792806.0
2019-10-07,ZJV279KT,ST12000NM0007,12000138625024,0,80.0,94411112.0,89.0,0.0,100.0,18.0,100.0,0.0,86.0,420369024.0,96.0,4000.0,100.0,0.0,100.0,18.0,,,,,100.0,0.0,100.0,0.0,,,68.0,32.0,,,100.0,73.0,100.0,205.0,32.0,32.0,100.0,0.0,100.0,0.0,200.0,0.0,100.0,3934.0,100.0,66352966512.0,100.0,79891811046.0
2019-10-08,ZJV279KT,ST12000NM0007,12000138625024,0,78.0,70069000.0,89.0,0.0,100.0,18.0,100.0,0.0,86.0,423274117.0,96.0,4031.0,100.0,0.0,100.0,18.0,,,,,100.0,0.0,100.0,0.0,,,68.0,32.0,,,100.0,75.0,100.0,207.0,32.0,32.0,100.0,0.0,100.0,0.0,200.0,0.0,100.0,3965.0,100.0,66414221184.0,100.0,80050354894.0
2019-10-09,ZJV279KT,ST12000NM0007,12000138625024,0,82.0,171263610.0,89.0,0.0,100.0,18.0,100.0,0.0,86.0,424326316.0,96.0,4047.0,100.0,0.0,100.0,18.0,,,,,100.0,0.0,100.0,0.0,,,69.0,31.0,,,100.0,75.0,100.0,208.0,31.0,31.0,100.0,0.0,100.0,0.0,200.0,0.0,100.0,3981.0,100.0,66447946440.0,100.0,80117824248.0
2019-10-10,ZJV279KT,ST12000NM0007,12000138625024,0,83.0,204634944.0,89.0,0.0,100.0,18.0,100.0,0.0,86.0,427029193.0,96.0,4079.0,100.0,0.0,100.0,18.0,,,,,100.0,0.0,100.0,0.0,,,68.0,32.0,,,100.0,76.0,100.0,209.0,32.0,32.0,100.0,0.0,100.0,0.0,200.0,0.0,100.0,4013.0,100.0,66514508808.0,100.0,80328773928.0
2019-10-11,ZJV279KT,ST12000NM0007,12000138625024,0,82.0,163591034.0,89.0,0.0,100.0,18.0,100.0,0.0,86.0,428583229.0,96.0,4094.0,100.0,0.0,100.0,18.0,,,,,100.0,0.0,100.0,0.0,,,68.0,32.0,,,100.0,76.0,100.0,213.0,32.0,32.0,100.0,0.0,100.0,0.0,200.0,0.0,100.0,4027.0,100.0,66551103472.0,100.0,80495276010.0
2019-10-12,ZJV279KT,ST12000NM0007,12000138625024,0,76.0,42476936.0,89.0,0.0,100.0,20.0,100.0,0.0,86.0,431486541.0,96.0,4125.0,100.0,0.0,100.0,20.0,,,,,100.0,0.0,100.0,0.0,,,67.0,33.0,,,100.0,76.0,100.0,227.0,33.0,33.0,100.0,0.0,100.0,0.0,200.0,0.0,100.0,4057.0,100.0,66615229600.0,100.0,80798317252.0
2019-10-13,ZJV279KT,ST12000NM0007,12000138625024,0,82.0,170758536.0,89.0,0.0,100.0,20.0,100.0,0.0,86.0,435467318.0,96.0,4157.0,100.0,0.0,100.0,20.0,,,,,100.0,0.0,100.0,0.0,,,67.0,33.0,,,100.0,76.0,100.0,228.0,33.0,33.0,100.0,0.0,100.0,0.0,200.0,0.0,100.0,4088.0,100.0,66622367024.0,100.0,82140165068.0
2019-10-14,ZJV279KT,ST12000NM0007,12000138625024,0,71.0,13710904.0,89.0,0.0,100.0,20.0,100.0,0.0,86.0,438193101.0,96.0,4173.0,100.0,0.0,100.0,20.0,,,,,100.0,0.0,100.0,0.0,,,68.0,32.0,,,100.0,77.0,100.0,229.0,32.0,32.0,100.0,0.0,100.0,0.0,200.0,0.0,100.0,4104.0,100.0,66625498208.0,100.0,83444830756.0
2019-10-15,ZJV279KT,ST12000NM0007,12000138625024,0,82.0,172455072.0,89.0,0.0,100.0,20.0,100.0,0.0,87.0,446749476.0,96.0,4220.0,100.0,0.0,100.0,20.0,,,,,100.0,0.0,100.0,0.0,,,68.0,32.0,,,100.0,77.0,100.0,231.0,32.0,32.0,100.0,0.0,100.0,0.0,200.0,0.0,100.0,4151.0,100.0,66637595032.0,100.0,87497729740.0
2019-10-16,ZJV279KT,ST12000NM0007,12000138625024,0,82.0,172455072.0,89.0,0.0,100.0,20.0,100.0,0.0,87.0,446749476.0,96.0,4220.0,100.0,0.0,100.0,20.0,,,,,100.0,0.0,100.0,0.0,,,68.0,32.0,,,100.0,77.0,100.0,231.0,32.0,32.0,100.0,0.0,100.0,0.0,200.0,0.0,100.0,4151.0,100.0,66637595032.0,100.0,87497729740.0
2019-10-17,ZJV279KT,ST12000NM0007,12000138625024,0,83.0,200176352.0,89.0,0.0,100.0,20.0,100.0,0.0,87.0,452605874.0,96.0,4252.0,100.0,0.0,100.0,20.0,,,,,100.0,0.0,100.0,0.0,,,67.0,33.0,,,100.0,77.0,100.0,233.0,33.0,33.0,100.0,0.0,100.0,0.0,200.0,0.0,100.0,4183.0,100.0,66654858424.0,100.0,89705453652.0
2019-10-18,ZJV279KT,ST12000NM0007,12000138625024,0,82.0,159816104.0,89.0,0.0,100.0,20.0,100.0,0.0,87.0,454832760.0,96.0,4268.0,100.0,0.0,100.0,20.0,,,,,100.0,0.0,100.0,0.0,,,67.0,33.0,,,100.0,77.0,100.0,233.0,33.0,33.0,100.0,0.0,100.0,0.0,200.0,0.0,100.0,4198.0,100.0,66658341672.0,100.0,90638172964.0
2019-10-19,ZJV279KT,ST12000NM0007,12000138625024,0,84.0,240117456.0,89.0,0.0,100.0,20.0,100.0,0.0,87.0,456858961.0,96.0,4283.0,100.0,0.0,100.0,20.0,,,,,100.0,0.0,100.0,0.0,,,66.0,34.0,,,100.0,78.0,100.0,234.0,34.0,34.0,100.0,0.0,100.0,0.0,200.0,0.0,100.0,4214.0,100.0,66661541768.0,100.0,91447696412.0
2019-10-20,ZJV279KT,ST12000NM0007,12000138625024,0,77.0,51873208.0,89.0,0.0,100.0,20.0,100.0,0.0,87.0,461549883.0,96.0,4315.0,100.0,0.0,100.0,20.0,,,,,100.0,0.0,100.0,0.0,,,66.0,34.0,,,100.0,78.0,100.0,236.0,34.0,34.0,100.0,0.0,100.0,0.0,200.0,0.0,100.0,4246.0,100.0,66676876392.0,100.0,93197243388.0
2019-10-21,ZJV279KT,ST12000NM0007,12000138625024,0,82.0,149444592.0,89.0,0.0,100.0,20.0,100.0,0.0,87.0,463936355.0,96.0,4331.0,100.0,0.0,100.0,20.0,,,,,100.0,0.0,100.0,0.0,,,65.0,35.0,,,100.0,78.0,100.0,237.0,35.0,35.0,100.0,0.0,100.0,0.0,200.0,0.0,100.0,4261.0,100.0,66681833944.0,100.0,94022279564.0
2019-10-22,ZJV279KT,ST12000NM0007,12000138625024,0,73.0,20731216.0,89.0,0.0,100.0,20.0,100.0,0.0,87.0,465936697.0,96.0,4347.0,100.0,0.0,100.0,20.0,,,,,100.0,0.0,100.0,0.0,,,66.0,34.0,,,100.0,78.0,100.0,238.0,34.0,34.0,100.0,0.0,100.0,0.0,200.0,0.0,100.0,4277.0,100.0,66691051216.0,100.0,94616771492.0
2019-10-23,ZJV279KT,ST12000NM0007,12000138625024,0,72.0,17247192.0,89.0,0.0,100.0,20.0,100.0,0.0,87.0,468357025.0,96.0,4379.0,100.0,0.0,100.0,20.0,,,,,100.0,0.0,100.0,0.0,,,66.0,34.0,,,100.0,79.0,100.0,239.0,34.0,34.0,100.0,0.0,100.0,0.0,200.0,0.0,100.0,4309.0,100.0,66749594640.0,100.0,94798884996.0
2019-10-24,ZJV279KT,ST12000NM0007,12000138625024,0,71.0,13476424.0,89.0,0.0,100.0,20.0,100.0,0.0,87.0,470939441.0,95.0,4410.0,100.0,0.0,100.0,20.0,,,,,100.0,0.0,100.0,0.0,,,66.0,34.0,,,100.0,80.0,100.0,240.0,34.0,34.0,100.0,0.0,100.0,0.0,200.0,0.0,100.0,4340.0,100.0,66798089752.0,100.0,94990760180.0
2019-10-25,ZJV279KT,ST12000NM0007,12000138625024,0,84.0,232883922.0,89.0,0.0,100.0,20.0,100.0,0.0,87.0,473063632.0,95.0,4442.0,100.0,0.0,100.0,20.0,,,,,100.0,0.0,100.0,0.0,,,67.0,33.0,,,100.0,81.0,100.0,242.0,33.0,33.0,100.0,0.0,100.0,0.0,200.0,0.0,100.0,4372.0,100.0,66850999680.0,100.0,95157257750.0
2019-10-26,ZJV279KT,ST12000NM0007,12000138625024,0,79.0,89029944.0,89.0,0.0,100.0,20.0,100.0,0.0,87.0,474196891.0,95.0,4458.0,100.0,0.0,100.0,20.0,,,,,100.0,0.0,100.0,0.0,,,66.0,34.0,,,100.0,81.0,100.0,242.0,34.0,34.0,100.0,0.0,100.0,0.0,200.0,0.0,100.0,4388.0,100.0,66875039360.0,100.0,95233504742.0
2019-10-27,ZJV279KT,ST12000NM0007,12000138625024,0,76.0,39966424.0,89.0,0.0,100.0,20.0,100.0,0.0,87.0,476696280.0,95.0,4489.0,100.0,0.0,100.0,20.0,,,,,100.0,0.0,100.0,0.0,,,67.0,33.0,,,100.0,82.0,100.0,244.0,33.0,33.0,100.0,0.0,100.0,0.0,200.0,0.0,100.0,4419.0,100.0,66916880128.0,100.0,95386741174.0
2019-10-28,ZJV279KT,ST12000NM0007,12000138625024,0,82.0,144771424.0,89.0,0.0,100.0,20.0,100.0,0.0,87.0,477653741.0,95.0,4505.0,100.0,0.0,100.0,20.0,,,,,100.0,0.0,100.0,0.0,,,67.0,33.0,,,100.0,82.0,100.0,244.0,33.0,33.0,100.0,0.0,100.0,0.0,200.0,0.0,100.0,4435.0,100.0,66942786200.0,100.0,95465640102.0
2019-10-29,ZJV279KT,ST12000NM0007,12000138625024,0,74.0,25641968.0,89.0,0.0,100.0,20.0,100.0,0.0,87.0,478643485.0,95.0,4521.0,100.0,0.0,100.0,20.0,,,,,100.0,0.0,100.0,0.0,,,67.0,33.0,,,100.0,83.0,100.0,245.0,33.0,33.0,100.0,0.0,100.0,0.0,200.0,0.0,100.0,4451.0,100.0,66975725640.0,100.0,95557714606.0
2019-10-30,ZJV279KT,ST12000NM0007,12000138625024,0,83.0,218732400.0,89.0,0.0,100.0,20.0,100.0,0.0,87.0,480605585.0,95.0,4553.0,100.0,0.0,100.0,20.0,,,,,100.0,0.0,100.0,0.0,,,66.0,34.0,,,100.0,83.0,100.0,246.0,34.0,34.0,100.0,0.0,100.0,0.0,200.0,0.0,100.0,4482.0,100.0,67024429968.0,100.0,95702100710.0
2019-10-31,ZJV279KT,ST12000NM0007,12000138625024,0,72.0,15772672.0,89.0,0.0,100.0,20.0,100.0,0.0,87.0,483404564.0,95.0,4585.0,100.0,0.0,100.0,20.0,,,,,100.0,0.0,100.0,0.0,,,66.0,34.0,,,100.0,84.0,100.0,248.0,34.0,34.0,100.0,0.0,100.0,0.0,200.0,0.0,100.0,4513.0,100.0,67082447400.0,100.0,95929404862.0
2019-11-01,ZJV279KT,ST12000NM0007,12000138625024,0,83.0,196244992.0,89.0,0.0,100.0,20.0,100.0,0.0,87.0,484405658.0,95.0,4601.0,100.0,0.0,100.0,20.0,,,,,100.0,0.0,100.0,0.0,,,62.0,38.0,,,100.0,84.0,100.0,248.0,38.0,38.0,100.0,0.0,100.0,0.0,200.0,0.0,100.0,4529.0,100.0,67091101240.0,100.0,96101223342.0
2019-11-02,ZJV279KT,ST12000NM0007,12000138625024,0,82.0,144868664.0,89.0,0.0,100.0,20.0,100.0,0.0,87.0,488416155.0,95.0,4632.0,100.0,0.0,100.0,20.0,,,,,100.0,0.0,100.0,0.0,,,65.0,35.0,,,100.0,86.0,100.0,250.0,35.0,35.0,100.0,0.0,100.0,0.0,200.0,0.0,100.0,4561.0,100.0,67120403992.0,100.0,96508825798.0
2019-11-03,ZJV279KT,ST12000NM0007,12000138625024,0,80.0,97009240.0,89.0,0.0,100.0,20.0,100.0,0.0,87.0,489417110.0,95.0,4648.0,100.0,0.0,100.0,20.0,,,,,100.0,0.0,100.0,0.0,,,62.0,38.0,,,100.0,86.0,100.0,250.0,38.0,38.0,100.0,0.0,100.0,0.0,200.0,0.0,100.0,4577.0,100.0,67132335736.0,100.0,96693175478.0
2019-11-04,ZJV279KT,ST12000NM0007,12000138625024,0,83.0,203983952.0,89.0,0.0,100.0,20.0,100.0,0.0,87.0,491311017.0,95.0,4680.0,100.0,0.0,100.0,20.0,,,,,100.0,0.0,100.0,0.0,,,66.0,34.0,,,100.0,88.0,100.0,252.0,34.0,34.0,100.0,0.0,100.0,0.0,200.0,0.0,100.0,4608.0,100.0,67157797032.0,100.0,97018829758.0
2019-11-06,ZJV279KT,ST12000NM0007,12000138625024,0,77.0,54254048.0,89.0,0.0,100.0,20.0,100.0,0.0,87.0,494286669.0,95.0,4727.0,100.0,0.0,100.0,20.0,,,,,100.0,0.0,100.0,0.0,,,66.0,34.0,,,100.0,89.0,100.0,254.0,34.0,34.0,100.0,0.0,100.0,0.0,200.0,0.0,100.0,4655.0,100.0,67211240192.0,100.0,97548079206.0
2019-11-07,ZJV279KT,ST12000NM0007,12000138625024,0,69.0,8646872.0,89.0,0.0,100.0,20.0,100.0,0.0,87.0,495639062.0,95.0,4743.0,100.0,0.0,100.0,20.0,,,,,100.0,0.0,100.0,0.0,,,67.0,33.0,,,100.0,89.0,100.0,255.0,33.0,33.0,100.0,0.0,100.0,0.0,200.0,0.0,100.0,4671.0,100.0,67226694272.0,100.0,97731158582.0
2019-11-08,ZJV279KT,ST12000NM0007,12000138625024,0,82.0,147641392.0,89.0,0.0,100.0,20.0,100.0,0.0,87.0,498652862.0,95.0,4775.0,100.0,0.0,100.0,20.0,,,,,100.0,0.0,100.0,0.0,,,66.0,34.0,,,100.0,90.0,100.0,256.0,34.0,34.0,100.0,0.0,100.0,0.0,200.0,0.0,100.0,4702.0,100.0,67249053464.0,100.0,98091934742.0
2019-11-09,ZJV279KT,ST12000NM0007,12000138625024,0,79.0,85782560.0,89.0,0.0,100.0,20.0,100.0,0.0,87.0,500361198.0,95.0,4790.0,100.0,0.0,100.0,20.0,,,,,100.0,0.0,100.0,0.0,,,67.0,33.0,,,100.0,91.0,100.0,257.0,33.0,33.0,100.0,0.0,100.0,0.0,200.0,0.0,100.0,4718.0,100.0,67259779120.0,100.0,98263490910.0
2019-11-10,ZJV279KT,ST12000NM0007,12000138625024,0,78.0,66879864.0,89.0,0.0,100.0,20.0,100.0,0.0,87.0,502591170.0,95.0,4822.0,100.0,0.0,100.0,20.0,,,,,100.0,0.0,100.0,0.0,,,67.0,33.0,,,100.0,91.0,100.0,258.0,33.0,33.0,100.0,0.0,100.0,0.0,200.0,0.0,100.0,4749.0,100.0,67283278336.0,100.0,98465229630.0
2019-11-11,ZJV279KT,ST12000NM0007,12000138625024,0,83.0,222806704.0,89.0,0.0,100.0,20.0,100.0,0.0,87.0,503370908.0,95.0,4838.0,100.0,0.0,100.0,20.0,,,,,100.0,0.0,100.0,0.0,,,67.0,33.0,,,100.0,91.0,100.0,259.0,33.0,33.0,100.0,0.0,100.0,0.0,200.0,0.0,100.0,4764.0,100.0,67286086552.0,100.0,98618348254.0
2019-11-12,ZJV279KT,ST12000NM0007,12000138625024,0,78.0,62957200.0,89.0,0.0,100.0,20.0,100.0,0.0,87.0,505127536.0,95.0,4869.0,100.0,0.0,100.0,20.0,,,,,100.0,0.0,100.0,0.0,,,67.0,33.0,,,100.0,91.0,100.0,260.0,33.0,33.0,100.0,0.0,100.0,0.0,200.0,0.0,100.0,4796.0,100.0,67314082448.0,100.0,98918784390.0
2019-11-13,ZJV279KT,ST12000NM0007,12000138625024,0,82.0,168157456.0,89.0,0.0,100.0,20.0,100.0,0.0,87.0,507009328.0,95.0,4901.0,100.0,0.0,100.0,20.0,,,,,100.0,0.0,100.0,0.0,,,66.0,34.0,,,100.0,92.0,100.0,262.0,34.0,34.0,100.0,0.0,100.0,0.0,200.0,0.0,100.0,4827.0,100.0,67351475448.0,100.0,99230732390.0
2019-11-14,ZJV279KT,ST12000NM0007,12000138625024,0,81.0,112964944.0,89.0,0.0,100.0,20.0,100.0,0.0,87.0,508801988.0,95.0,4916.0,100.0,0.0,100.0,20.0,,,,,100.0,0.0,100.0,0.0,,,67.0,33.0,,,100.0,92.0,100.0,262.0,33.0,33.0,100.0,0.0,100.0,0.0,200.0,0.0,100.0,4843.0,100.0,67373583864.0,100.0,99397572238.0
2019-11-15,ZJV279KT,ST12000NM0007,12000138625024,0,76.0,44421848.0,89.0,0.0,100.0,20.0,100.0,0.0,87.0,509694830.0,95.0,4932.0,100.0,0.0,100.0,20.0,,,,,100.0,0.0,100.0,0.0,,,67.0,33.0,,,100.0,92.0,100.0,263.0,33.0,33.0,100.0,0.0,100.0,0.0,200.0,0.0,100.0,4858.0,100.0,67384915752.0,100.0,99561838286.0
2019-11-16,ZJV279KT,ST12000NM0007,12000138625024,0,82.0,159601256.0,89.0,0.0,100.0,20.0,100.0,0.0,87.0,511701670.0,95.0,4964.0,100.0,0.0,100.0,20.0,,,,,100.0,0.0,100.0,0.0,,,67.0,33.0,,,100.0,93.0,100.0,264.0,33.0,33.0,100.0,0.0,100.0,0.0,200.0,0.0,100.0,4890.0,100.0,67415381168.0,100.0,99890693334.0
2019-11-17,ZJV279KT,ST12000NM0007,12000138625024,0,73.0,20223048.0,89.0,0.0,100.0,20.0,100.0,0.0,87.0,513158324.0,95.0,4979.0,100.0,0.0,100.0,20.0,,,,,100.0,0.0,100.0,0.0,,,68.0,32.0,,,100.0,94.0,100.0,265.0,32.0,32.0,100.0,0.0,100.0,0.0,200.0,0.0,100.0,4905.0,100.0,67428788200.0,100.0,99982051262.0
2019-11-18,ZJV279KT,ST12000NM0007,12000138625024,0,82.0,148013992.0,89.0,0.0,100.0,20.0,100.0,0.0,87.0,515105631.0,95.0,5011.0,100.0,0.0,100.0,20.0,,,,,100.0,0.0,100.0,0.0,,,67.0,33.0,,,100.0,94.0,100.0,266.0,33.0,33.0,100.0,0.0,100.0,0.0,200.0,0.0,100.0,4937.0,100.0,67472679592.0,100.0,100310091590.0
2019-11-19,ZJV279KT,ST12000NM0007,12000138625024,0,78.0,60709032.0,90.0,0.0,100.0,21.0,100.0,0.0,87.0,518462820.0,95.0,5043.0,100.0,0.0,100.0,20.0,,,,,100.0,0.0,100.0,0.0,,,67.0,33.0,,,100.0,94.0,100.0,271.0,33.0,33.0,100.0,0.0,100.0,0.0,200.0,0.0,100.0,4968.0,100.0,67499773296.0,100.0,100683974704.0
2019-11-20,ZJV279KT,ST12000NM0007,12000138625024,0,83.0,221042264.0,90.0,0.0,100.0,21.0,100.0,0.0,87.0,519357606.0,95.0,5059.0,100.0,0.0,100.0,20.0,,,,,100.0,0.0,100.0,0.0,,,66.0,34.0,,,100.0,94.0,100.0,271.0,34.0,34.0,100.0,0.0,100.0,0.0,200.0,0.0,100.0,4984.0,100.0,67514075400.0,100.0,100830005832.0
2019-11-21,ZJV279KT,ST12000NM0007,12000138625024,0,82.0,153874640.0,90.0,0.0,100.0,21.0,100.0,0.0,87.0,520308336.0,95.0,5075.0,100.0,0.0,100.0,20.0,,,,,100.0,0.0,100.0,0.0,,,66.0,34.0,,,100.0,95.0,100.0,273.0,34.0,34.0,100.0,0.0,100.0,0.0,200.0,0.0,100.0,4999.0,100.0,67523873680.0,100.0,100997180728.0
2019-11-22,ZJV279KT,ST12000NM0007,12000138625024,0,72.0,16638480.0,90.0,0.0,100.0,21.0,100.0,0.0,87.0,522619563.0,95.0,5106.0,100.0,0.0,100.0,20.0,,,,,100.0,0.0,100.0,0.0,,,67.0,33.0,,,100.0,96.0,100.0,274.0,33.0,33.0,100.0,0.0,100.0,0.0,200.0,0.0,100.0,5031.0,100.0,67553538240.0,100.0,101318561528.0
2019-11-23,ZJV279KT,ST12000NM0007,12000138625024,0,82.0,146384808.0,90.0,0.0,100.0,21.0,100.0,0.0,87.0,523216963.0,95.0,5122.0,100.0,0.0,100.0,20.0,,,,,100.0,0.0,100.0,0.0,,,67.0,33.0,,,100.0,97.0,100.0,275.0,33.0,33.0,100.0,0.0,100.0,0.0,200.0,0.0,100.0,5047.0,100.0,67557287368.0,100.0,101444558728.0
2019-11-24,ZJV279KT,ST12000NM0007,12000138625024,0,73.0,19714616.0,90.0,0.0,100.0,21.0,100.0,0.0,87.0,524913730.0,95.0,5154.0,100.0,0.0,100.0,20.0,,,,,100.0,0.0,100.0,0.0,,,67.0,33.0,,,100.0,98.0,100.0,276.0,33.0,33.0,100.0,0.0,100.0,0.0,200.0,0.0,100.0,5078.0,100.0,67557414272.0,100.0,101561902264.0
2019-11-25,ZJV279KT,ST12000NM0007,12000138625024,0,79.0,73923744.0,90.0,0.0,100.0,21.0,100.0,0.0,87.0,526079592.0,95.0,5185.0,100.0,0.0,100.0,20.0,,,,,100.0,0.0,100.0,0.0,,,68.0,32.0,,,100.0,100.0,100.0,278.0,32.0,32.0,100.0,0.0,100.0,0.0,200.0,0.0,100.0,5109.0,100.0,67557824592.0,100.0,101859841960.0
2019-11-26,ZJV279KT,ST12000NM0007,12000138625024,0,83.0,220681176.0,90.0,0.0,100.0,21.0,100.0,0.0,87.0,526668305.0,95.0,5201.0,100.0,0.0,100.0,20.0,,,,,100.0,0.0,100.0,0.0,,,68.0,32.0,,,100.0,100.0,100.0,278.0,32.0,32.0,100.0,0.0,100.0,0.0,200.0,0.0,100.0,5125.0,100.0,67558030056.0,100.0,102006393928.0
2019-11-27,ZJV279KT,ST12000NM0007,12000138625024,0,82.0,176748856.0,90.0,0.0,100.0,21.0,100.0,0.0,87.0,527720959.0,95.0,5233.0,100.0,0.0,100.0,20.0,,,,,100.0,0.0,100.0,0.0,,,68.0,32.0,,,100.0,102.0,100.0,280.0,32.0,32.0,100.0,0.0,100.0,0.0,200.0,0.0,100.0,5156.0,100.0,67558447736.0,100.0,102206184616.0
2019-11-28,ZJV279KT,ST12000NM0007,12000138625024,0,79.0,80391120.0,90.0,0.0,100.0,21.0,100.0,0.0,87.0,528622990.0,95.0,5248.0,100.0,0.0,100.0,20.0,,,,,100.0,0.0,100.0,0.0,,,68.0,32.0,,,100.0,102.0,100.0,280.0,32.0,32.0,100.0,0.0,100.0,0.0,200.0,0.0,100.0,5172.0,100.0,67558665968.0,100.0,102353749392.0
2019-11-29,ZJV279KT,ST12000NM0007,12000138625024,0,82.0,171130448.0,90.0,0.0,100.0,21.0,100.0,0.0,87.0,530584492.0,94.0,5280.0,100.0,0.0,100.0,20.0,,,,,100.0,0.0,100.0,0.0,,,68.0,32.0,,,100.0,104.0,100.0,282.0,32.0,32.0,100.0,0.0,100.0,0.0,200.0,0.0,100.0,5204.0,100.0,67559080608.0,100.0,102688214944.0
2019-11-30,ZJV279KT,ST12000NM0007,12000138625024,0,80.0,111607160.0,90.0,0.0,100.0,21.0,100.0,0.0,87.0,531222581.0,94.0,5296.0,100.0,0.0,100.0,20.0,,,,,100.0,0.0,100.0,0.0,,,68.0,32.0,,,100.0,104.0,100.0,282.0,32.0,32.0,100.0,0.0,100.0,0.0,200.0,0.0,100.0,5220.0,100.0,67562026584.0,100.0,102869886480.0
2019-12-01,ZJV279KT,ST12000NM0007,12000138625024,0,76.0,41457632.0,90.0,0.0,100.0,21.0,100.0,0.0,87.0,532896360.0,94.0,5328.0,100.0,0.0,100.0,20.0,,,,,100.0,0.0,100.0,0.0,,,68.0,32.0,,,100.0,104.0,100.0,283.0,32.0,32.0,100.0,0.0,100.0,0.0,200.0,0.0,100.0,5251.0,100.0,67564156000.0,100.0,103041748216.0
2019-12-02,ZJV279KT,ST12000NM0007,12000138625024,0,78.0,69377560.0,90.0,0.0,100.0,21.0,100.0,0.0,87.0,534001039.0,94.0,5359.0,100.0,0.0,100.0,20.0,,,,,100.0,0.0,100.0,0.0,,,69.0,31.0,,,100.0,105.0,100.0,285.0,31.0,31.0,100.0,0.0,100.0,0.0,200.0,0.0,100.0,5283.0,100.0,67564567912.0,100.0,103313397096.0
2019-12-03,ZJV279KT,ST12000NM0007,12000138625024,0,83.0,180674952.0,90.0,0.0,100.0,21.0,100.0,0.0,87.0,534547026.0,94.0,5375.0,100.0,0.0,100.0,20.0,,,,,100.0,0.0,100.0,0.0,,,68.0,32.0,,,100.0,105.0,100.0,285.0,32.0,32.0,100.0,0.0,100.0,0.0,200.0,0.0,100.0,5299.0,100.0,67564774664.0,100.0,103424487736.0
2019-12-04,ZJV279KT,ST12000NM0007,12000138625024,0,72.0,17575024.0,90.0,0.0,100.0,21.0,100.0,0.0,87.0,535806333.0,94.0,5407.0,100.0,0.0,100.0,20.0,,,,,100.0,0.0,100.0,0.0,,,68.0,32.0,,,100.0,107.0,100.0,287.0,32.0,32.0,100.0,0.0,100.0,0.0,200.0,0.0,100.0,5330.0,100.0,67567566024.0,100.0,103746877952.0
2019-12-05,ZJV279KT,ST12000NM0007,12000138625024,0,82.0,156178136.0,90.0,0.0,100.0,21.0,100.0,0.0,87.0,537257654.0,94.0,5423.0,100.0,0.0,100.0,20.0,,,,,100.0,0.0,100.0,0.0,,,68.0,32.0,,,100.0,108.0,100.0,288.0,32.0,32.0,100.0,0.0,100.0,0.0,200.0,0.0,100.0,5346.0,100.0,67567772712.0,100.0,103885274376.0
2019-12-06,ZJV279KT,ST12000NM0007,12000138625024,0,82.0,170769624.0,90.0,0.0,100.0,21.0,100.0,0.0,87.0,538412230.0,94.0,5454.0,100.0,0.0,100.0,20.0,,,,,100.0,0.0,100.0,0.0,,,67.0,33.0,,,100.0,109.0,100.0,289.0,33.0,33.0,100.0,0.0,100.0,0.0,200.0,0.0,100.0,5377.0,100.0,67568183424.0,100.0,104143595960.0
2019-12-07,ZJV279KT,ST12000NM0007,12000138625024,0,77.0,45900744.0,90.0,0.0,100.0,21.0,100.0,0.0,87.0,539187051.0,94.0,5470.0,100.0,0.0,100.0,20.0,,,,,100.0,0.0,100.0,0.0,,,67.0,33.0,,,100.0,109.0,100.0,289.0,33.0,33.0,100.0,0.0,100.0,0.0,200.0,0.0,100.0,5393.0,100.0,67568317448.0,100.0,104262733920.0
2019-12-08,ZJV279KT,ST12000NM0007,12000138625024,0,100.0,1705368.0,90.0,0.0,100.0,21.0,100.0,0.0,87.0,541209645.0,94.0,5502.0,100.0,0.0,100.0,20.0,,,,,100.0,0.0,100.0,0.0,,,67.0,33.0,,,100.0,110.0,100.0,291.0,33.0,33.0,100.0,0.0,100.0,0.0,200.0,0.0,100.0,5425.0,100.0,67568524880.0,100.0,104462471888.0
2019-12-09,ZJV279KT,ST12000NM0007,12000138625024,0,83.0,186890176.0,90.0,0.0,100.0,21.0,100.0,0.0,87.0,542000856.0,94.0,5518.0,100.0,0.0,100.0,20.0,,,,,100.0,0.0,100.0,0.0,,,67.0,33.0,,,100.0,110.0,100.0,291.0,33.0,33.0,100.0,0.0,100.0,0.0,200.0,0.0,100.0,5440.0,100.0,67568729952.0,100.0,104647451624.0
2019-12-10,ZJV279KT,ST12000NM0007,12000138625024,0,84.0,238933104.0,90.0,0.0,100.0,21.0,100.0,0.0,87.0,543421911.0,94.0,5549.0,100.0,0.0,100.0,20.0,,,,,100.0,0.0,100.0,0.0,,,67.0,33.0,,,100.0,110.0,100.0,293.0,33.0,33.0,100.0,0.0,100.0,0.0,200.0,0.0,100.0,5472.0,100.0,67569139560.0,100.0,104943225760.0
2019-12-11,ZJV279KT,ST12000NM0007,12000138625024,0,77.0,46479544.0,90.0,0.0,100.0,21.0,100.0,0.0,87.0,543817894.0,94.0,5565.0,100.0,0.0,100.0,20.0,,,,,100.0,0.0,100.0,0.0,,,67.0,33.0,,,100.0,110.0,100.0,293.0,33.0,33.0,100.0,0.0,100.0,0.0,200.0,0.0,100.0,5488.0,100.0,67569343840.0,100.0,104994709056.0
2019-12-12,ZJV279KT,ST12000NM0007,12000138625024,0,81.0,112431040.0,90.0,0.0,100.0,21.0,100.0,0.0,87.0,545944932.0,94.0,5596.0,100.0,0.0,100.0,20.0,,,,,100.0,0.0,100.0,0.0,,,67.0,33.0,,,100.0,111.0,100.0,295.0,33.0,33.0,100.0,0.0,100.0,0.0,200.0,0.0,100.0,5519.0,100.0,67569753440.0,100.0,105304399408.0
2019-12-13,ZJV279KT,ST12000NM0007,12000138625024,0,78.0,57270064.0,90.0,0.0,100.0,21.0,100.0,0.0,87.0,546601211.0,94.0,5612.0,100.0,0.0,100.0,20.0,,,,,100.0,0.0,100.0,0.0,,,69.0,31.0,,,100.0,111.0,100.0,295.0,31.0,31.0,100.0,0.0,100.0,0.0,200.0,0.0,100.0,5535.0,100.0,67569957712.0,100.0,105493174888.0
2019-12-14,ZJV279KT,ST12000NM0007,12000138625024,0,75.0,28995648.0,90.0,0.0,100.0,21.0,100.0,0.0,87.0,547797744.0,94.0,5644.0,100.0,0.0,100.0,20.0,,,,,100.0,0.0,100.0,0.0,,,67.0,33.0,,,100.0,112.0,100.0,297.0,33.0,33.0,100.0,0.0,100.0,0.0,200.0,0.0,100.0,5566.0,100.0,67570224432.0,100.0,105708774464.0
2019-12-15,ZJV279KT,ST12000NM0007,12000138625024,0,80.0,110932104.0,90.0,0.0,100.0,21.0,100.0,0.0,87.0,548850684.0,94.0,5660.0,100.0,0.0,100.0,20.0,,,,,100.0,0.0,100.0,0.0,,,69.0,31.0,,,100.0,112.0,100.0,297.0,31.0,31.0,100.0,0.0,100.0,0.0,200.0,0.0,100.0,5582.0,100.0,67570327344.0,100.0,105790608008.0
2019-12-16,ZJV279KT,ST12000NM0007,12000138625024,0,66.0,3715992.0,90.0,0.0,100.0,21.0,100.0,0.0,87.0,549440925.0,94.0,5675.0,100.0,0.0,100.0,20.0,,,,,100.0,0.0,100.0,0.0,,,68.0,32.0,,,100.0,113.0,100.0,298.0,32.0,32.0,100.0,0.0,100.0,0.0,200.0,0.0,100.0,5597.0,100.0,67570531848.0,100.0,105927328072.0
2019-12-17,ZJV279KT,ST12000NM0007,12000138625024,0,80.0,99429072.0,90.0,0.0,100.0,22.0,100.0,0.0,87.0,550730526.0,94.0,5707.0,100.0,0.0,100.0,21.0,,,,,100.0,0.0,100.0,0.0,,,68.0,32.0,,,100.0,114.0,100.0,302.0,32.0,32.0,100.0,0.0,100.0,0.0,200.0,0.0,100.0,5629.0,100.0,67570938592.0,100.0,106266775114.0
2019-12-18,ZJV279KT,ST12000NM0007,12000138625024,0,70.0,10525368.0,90.0,0.0,100.0,22.0,100.0,0.0,87.0,551341502.0,94.0,5723.0,100.0,0.0,100.0,21.0,,,,,100.0,0.0,100.0,0.0,,,68.0,32.0,,,100.0,114.0,100.0,302.0,32.0,32.0,100.0,0.0,100.0,0.0,200.0,0.0,100.0,5644.0,100.0,67571144080.0,100.0,106421806874.0
2019-12-19,ZJV279KT,ST12000NM0007,12000138625024,0,76.0,39254288.0,90.0,0.0,100.0,22.0,100.0,0.0,87.0,552390648.0,94.0,5754.0,100.0,0.0,100.0,21.0,,,,,100.0,0.0,100.0,0.0,,,70.0,30.0,,,100.0,115.0,100.0,304.0,30.0,30.0,100.0,0.0,100.0,0.0,200.0,0.0,100.0,5675.0,100.0,67571550400.0,100.0,106694270106.0
2019-12-20,ZJV279KT,ST12000NM0007,12000138625024,0,82.0,174368856.0,90.0,0.0,100.0,22.0,100.0,0.0,87.0,552943720.0,94.0,5770.0,100.0,0.0,100.0,21.0,,,,,100.0,0.0,100.0,0.0,,,67.0,33.0,,,100.0,115.0,100.0,305.0,33.0,33.0,100.0,0.0,100.0,0.0,200.0,0.0,100.0,5691.0,100.0,67571755672.0,100.0,106829179402.0
2019-12-21,ZJV279KT,ST12000NM0007,12000138625024,0,73.0,19652546.0,90.0,0.0,100.0,22.0,100.0,0.0,87.0,554145715.0,94.0,5802.0,100.0,0.0,100.0,21.0,,,,,100.0,0.0,100.0,0.0,,,71.0,29.0,,,100.0,116.0,100.0,307.0,29.0,29.0,100.0,0.0,100.0,0.0,200.0,0.0,100.0,5723.0,100.0,67572164944.0,100.0,107162335364.0
2019-12-22,ZJV279KT,ST12000NM0007,12000138625024,0,83.0,197461818.0,90.0,0.0,100.0,22.0,100.0,0.0,87.0,554758487.0,94.0,5818.0,100.0,0.0,100.0,21.0,,,,,100.0,0.0,100.0,0.0,,,68.0,32.0,,,100.0,116.0,100.0,307.0,32.0,32.0,100.0,0.0,100.0,0.0,200.0,0.0,100.0,5739.0,100.0,67572370256.0,100.0,107339939324.0
2019-12-23,ZJV279KT,ST12000NM0007,12000138625024,0,100.0,564904.0,90.0,0.0,100.0,22.0,100.0,0.0,87.0,555918908.0,94.0,5849.0,100.0,0.0,100.0,21.0,,,,,100.0,0.0,100.0,0.0,,,69.0,31.0,,,100.0,117.0,100.0,309.0,31.0,31.0,100.0,0.0,100.0,0.0,200.0,0.0,100.0,5770.0,100.0,67572780296.0,100.0,107630913884.0
2019-12-24,ZJV279KT,ST12000NM0007,12000138625024,0,83.0,185333272.0,90.0,0.0,100.0,22.0,100.0,0.0,87.0,556551411.0,94.0,5865.0,100.0,0.0,100.0,21.0,,,,,100.0,0.0,100.0,0.0,,,68.0,32.0,,,100.0,117.0,100.0,309.0,32.0,32.0,100.0,0.0,100.0,0.0,200.0,0.0,100.0,5786.0,100.0,67572983216.0,100.0,107815479332.0
2019-12-25,ZJV279KT,ST12000NM0007,12000138625024,0,69.0,7974880.0,90.0,0.0,100.0,22.0,100.0,0.0,87.0,557724644.0,94.0,5897.0,100.0,0.0,100.0,21.0,,,,,100.0,0.0,100.0,0.0,,,70.0,30.0,,,100.0,119.0,100.0,311.0,30.0,30.0,100.0,0.0,100.0,0.0,200.0,0.0,100.0,5817.0,100.0,67573400088.0,100.0,108125985540.0
2019-12-26,ZJV279KT,ST12000NM0007,12000138625024,0,100.0,2241776.0,90.0,0.0,100.0,22.0,100.0,0.0,87.0,558766072.0,94.0,5928.0,100.0,0.0,100.0,21.0,,,,,100.0,0.0,100.0,0.0,,,70.0,30.0,,,100.0,120.0,100.0,312.0,30.0,30.0,100.0,0.0,100.0,0.0,200.0,0.0,100.0,5849.0,100.0,67573821528.0,100.0,108363971852.0
2019-12-27,ZJV279KT,ST12000NM0007,12000138625024,0,81.0,123554216.0,90.0,0.0,100.0,22.0,100.0,0.0,87.0,559290201.0,94.0,5944.0,100.0,0.0,100.0,21.0,,,,,100.0,0.0,100.0,0.0,,,70.0,30.0,,,100.0,120.0,100.0,312.0,30.0,30.0,100.0,0.0,100.0,0.0,200.0,0.0,100.0,5864.0,100.0,67574032832.0,100.0,108485072988.0
2019-12-28,ZJV279KT,ST12000NM0007,12000138625024,0,81.0,125694944.0,90.0,0.0,100.0,22.0,100.0,0.0,87.0,560363987.0,94.0,5975.0,100.0,0.0,100.0,21.0,,,,,100.0,0.0,100.0,0.0,,,70.0,30.0,,,100.0,122.0,100.0,314.0,30.0,30.0,100.0,0.0,100.0,0.0,200.0,0.0,100.0,5895.0,100.0,67574455840.0,100.0,108730931412.0
2019-12-29,ZJV279KT,ST12000NM0007,12000138625024,0,76.0,44195880.0,90.0,0.0,100.0,22.0,100.0,0.0,87.0,561004660.0,94.0,5991.0,100.0,0.0,100.0,21.0,,,,,100.0,0.0,100.0,0.0,,,70.0,30.0,,,100.0,122.0,100.0,314.0,30.0,30.0,100.0,0.0,100.0,0.0,200.0,0.0,100.0,5911.0,100.0,67574667120.0,100.0,108893361748.0
2019-12-30,ZJV279KT,ST12000NM0007,12000138625024,0,81.0,129136848.0,90.0,0.0,100.0,22.0,100.0,0.0,87.0,562276930.0,94.0,6023.0,100.0,0.0,100.0,21.0,,,,,100.0,0.0,100.0,0.0,,,69.0,31.0,,,100.0,124.0,100.0,316.0,31.0,31.0,100.0,0.0,100.0,0.0,200.0,0.0,100.0,5943.0,100.0,67575089984.0,100.0,109222020548.0
2019-12-31,ZJV279KT,ST12000NM0007,12000138625024,0,78.0,67362584.0,90.0,0.0,100.0,22.0,100.0,0.0,88.0,562918653.0,94.0,6038.0,100.0,0.0,100.0,21.0,,,,,100.0,0.0,100.0,0.0,,,68.0,32.0,,,100.0,124.0,100.0,316.0,32.0,32.0,100.0,0.0,100.0,0.0,200.0,0.0,100.0,5958.0,100.0,67575300968.0,100.0,109404176036.0
