2018-01-01,Z3015CB9,ST4000DM000,4000787030016,0,118,181708456,91,0,100,13,100,0,81,119655872,60,35051,100,0,100,13,100.0,0.0,100.0,0.0,100.0,0.0,100.0,0.0,94.0,6.0,79.0,21.0,100.0,0.0,100.0,5.0,85.0,30782.0,21,21,100,0,100,0,200,0,100.0,34940.0,100.0,29902371578.0,100.0,268545443583.0
2018-01-02,Z3015CB9,ST4000DM000,4000787030016,0,116,100877752,91,0,100,13,100,0,81,120470020,60,35075,100,0,100,13,100.0,0.0,100.0,0.0,100.0,0.0,100.0,0.0,94.0,6.0,80.0,20.0,100.0,0.0,100.0,5.0,85.0,30782.0,20,20,100,0,100,0,200,0,100.0,34964.0,100.0,29908620464.0,100.0,268578293776.0
2018-01-03,Z3015CB9,ST4000DM000,4000787030016,0,111,35085080,91,0,100,13,100,0,81,121284316,60,35099,100,0,100,13,100.0,0.0,100.0,0.0,100.0,0.0,100.0,0.0,94.0,6.0,79.0,21.0,100.0,0.0,100.0,5.0,85.0,30782.0,21,21,100,0,100,0,200,0,100.0,34987.0,100.0,29914750168.0,100.0,268614626614.0
2018-01-04,Z3015CB9,ST4000DM000,4000787030016,0,111,35085080,91,0,100,13,100,0,81,121284316,60,35099,100,0,100,13,100.0,0.0,100.0,0.0,100.0,0.0,100.0,0.0,94.0,6.0,79.0,21.0,100.0,0.0,100.0,5.0,85.0,30782.0,21,21,100,0,100,0,200,0,100.0,34987.0,100.0,29914750168.0,100.0,268614626614.0
2018-01-05,Z3015CB9,ST4000DM000,4000787030016,0,114.0,70006400.0,91.0,0.0,100.0,13.0,100.0,0.0,81.0,123079891.0,60.0,35147.0,100.0,0.0,100.0,13.0,100.0,0.0,100.0,0.0,100.0,0.0,100.0,0.0,94.0,6.0,80.0,20.0,100.0,0.0,100.0,5.0,85.0,30782.0,20.0,20.0,100.0,0.0,100.0,0.0,200.0,0.0,100.0,35036.0,100.0,29930629796.0,100.0,268686032663.0
2018-01-06,Z3015CB9,ST4000DM000,4000787030016,0,115,89610112,91,0,100,13,100,0,81,123518621,60,35159,100,0,100,13,100.0,0.0,100.0,0.0,100.0,0.0,100.0,0.0,94.0,6.0,80.0,20.0,100.0,0.0,100.0,5.0,85.0,30782.0,20,20,100,0,100,0,200,0,100.0,35047.0,100.0,29934223904.0,100.0,268703657853.0
2018-01-07,Z3015CB9,ST4000DM000,4000787030016,0,119,219016240,91,0,100,13,100,0,81,124959775,60,35195,100,0,100,13,100.0,0.0,100.0,0.0,100.0,0.0,100.0,0.0,94.0,6.0,80.0,20.0,100.0,0.0,100.0,5.0,85.0,30782.0,20,20,100,0,100,0,200,0,100.0,35083.0,100.0,29946813260.0,100.0,268756960550.0
2018-01-08,Z3015CB9,ST4000DM000,4000787030016,0,117,128518720,91,0,100,13,100,0,81,125950312,60,35219,100,0,100,13,100.0,0.0,100.0,0.0,100.0,0.0,100.0,0.0,94.0,6.0,80.0,20.0,100.0,0.0,100.0,5.0,85.0,30782.0,20,20,100,0,100,0,200,0,100.0,35108.0,100.0,29955555478.0,100.0,268795254238.0
2018-01-09,Z3015CB9,ST4000DM000,4000787030016,0,117,122324856,91,0,100,13,100,0,81,126877826,60,35243,100,0,100,13,100.0,0.0,100.0,0.0,100.0,0.0,100.0,0.0,94.0,6.0,80.0,20.0,100.0,0.0,100.0,5.0,85.0,30782.0,20,20,100,0,100,0,200,0,100.0,35131.0,100.0,29964742754.0,100.0,268828623293.0
2018-01-10,Z3015CB9,ST4000DM000,4000787030016,0,114,82751304,91,0,100,13,100,0,81,127686876,60,35267,100,0,100,13,100.0,0.0,100.0,0.0,100.0,0.0,100.0,0.0,94.0,6.0,80.0,20.0,100.0,0.0,100.0,5.0,85.0,30782.0,20,20,100,0,100,0,200,0,100.0,35155.0,100.0,29969820032.0,100.0,268862234219.0
2018-01-11,Z3015CB9,ST4000DM000,4000787030016,0,119,206835240,91,0,100,13,100,0,81,128147170,60,35280,100,0,100,13,100.0,0.0,100.0,0.0,100.0,0.0,100.0,0.0,94.0,6.0,80.0,20.0,100.0,0.0,100.0,5.0,85.0,30782.0,20,20,100,0,100,0,200,0,100.0,35169.0,100.0,29971531344.0,100.0,268883444326.0
2018-01-12,Z3015CB9,ST4000DM000,4000787030016,0,115,91298968,91,0,100,13,100,0,81,128967865,60,35305,100,0,100,13,100.0,0.0,100.0,0.0,100.0,0.0,100.0,0.0,94.0,6.0,80.0,20.0,100.0,0.0,100.0,5.0,85.0,30783.0,20,20,100,0,100,0,200,0,100.0,35194.0,100.0,29974522042.0,100.0,268920953716.0
2018-01-13,Z3015CB9,ST4000DM000,4000787030016,0,114.0,80153072.0,91.0,0.0,100.0,13.0,100,0,81.0,129864334.0,60,35333,100.0,0.0,100,13,100.0,0.0,100.0,0.0,100.0,0.0,100.0,0.0,94.0,6.0,80.0,20.0,100.0,0.0,100.0,5.0,85.0,30783.0,20.0,20.0,100.0,0.0,100.0,0.0,200,0,100.0,35221.0,100.0,29977502890.0,100.0,268955382461.0
2018-01-14,Z3015CB9,ST4000DM000,4000787030016,0,120.0,235007480.0,91.0,0.0,100.0,13.0,100,0,81.0,130949858.0,60,35357,100.0,0.0,100,13,100.0,0.0,100.0,0.0,100.0,0.0,100.0,0.0,94.0,6.0,78.0,22.0,100.0,0.0,100.0,5.0,85.0,30791.0,22.0,22.0,100.0,0.0,100.0,0.0,200,0,100.0,35245.0,100.0,29980255820.0,100.0,268988399214.0
2018-01-15,Z3015CB9,ST4000DM000,4000787030016,0,111.0,33753344.0,91.0,0.0,100.0,13.0,100,0,81.0,131822320.0,60,35380,100.0,0.0,100,13,100.0,0.0,100.0,0.0,100.0,0.0,100.0,0.0,94.0,6.0,80.0,20.0,100.0,0.0,100.0,5.0,85.0,30791.0,20.0,20.0,100.0,0.0,100.0,0.0,200,0,100.0,35269.0,100.0,29982917902.0,100.0,269024763454.0
2018-01-16,Z3015CB9,ST4000DM000,4000787030016,0,117.0,153354184.0,91.0,0.0,100.0,13.0,100,0,81.0,132624346.0,60,35404,100.0,0.0,100,13,100.0,0.0,100.0,0.0,100.0,0.0,100.0,0.0,94.0,6.0,79.0,21.0,100.0,0.0,100.0,5.0,85.0,30798.0,21.0,21.0,100.0,0.0,100.0,0.0,200,0,100.0,35293.0,100.0,29985094190.0,100.0,269056458275.0
2018-01-17,Z3015CB9,ST4000DM000,4000787030016,0,118.0,189825120.0,91.0,0.0,100.0,13.0,100,0,81.0,133605056.0,60,35429,100.0,0.0,100,13,100.0,0.0,100.0,0.0,100.0,0.0,100.0,0.0,94.0,6.0,80.0,20.0,100.0,0.0,100.0,5.0,85.0,30799.0,20.0,20.0,100.0,0.0,100.0,0.0,200,0,100.0,35317.0,100.0,29987702858.0,100.0,269096951823.0
2018-01-18,Z3015CB9,ST4000DM000,4000787030016,0,114.0,76465448.0,91.0,0.0,100.0,13.0,100.0,0.0,81.0,134501341.0,60.0,35453.0,100.0,0.0,100.0,13.0,100.0,0.0,100.0,0.0,100.0,0.0,100.0,0.0,94.0,6.0,80.0,20.0,100.0,0.0,100.0,5.0,85.0,30799.0,20.0,20.0,100.0,0.0,100.0,0.0,200.0,0.0,100.0,35342.0,100.0,29990401124.0,100.0,269135874729.0
2018-01-19,Z3015CB9,ST4000DM000,4000787030016,0,118.0,192287168.0,91.0,0.0,100.0,13.0,100.0,0.0,81.0,135637136.0,60.0,35477.0,100.0,0.0,100.0,13.0,100.0,0.0,100.0,0.0,100.0,0.0,100.0,0.0,94.0,6.0,80.0,20.0,100.0,0.0,100.0,5.0,85.0,30799.0,20.0,20.0,100.0,0.0,100.0,0.0,200.0,0.0,100.0,35365.0,100.0,29993403710.0,100.0,269190538402.0
2018-01-20,Z3015CB9,ST4000DM000,4000787030016,0,117.0,136105984.0,91.0,0.0,100.0,13.0,100,0,81.0,136463082.0,60,35502,100.0,0.0,100,13,100.0,0.0,100.0,0.0,100.0,0.0,100.0,0.0,94.0,6.0,79.0,21.0,100.0,0.0,100.0,5.0,85.0,30806.0,21.0,21.0,100.0,0.0,100.0,0.0,200,0,100.0,35390.0,100.0,29995636472.0,100.0,269225691478.0
2018-01-21,Z3015CB9,ST4000DM000,4000787030016,0,117.0,123435304.0,91.0,0.0,100.0,13.0,100,0,81.0,137286487.0,60,35525,100.0,0.0,100,13,100.0,0.0,100.0,0.0,100.0,0.0,100.0,0.0,94.0,6.0,80.0,20.0,100.0,0.0,100.0,5.0,85.0,30806.0,20.0,20.0,100.0,0.0,100.0,0.0,200,0,100.0,35414.0,100.0,29997808622.0,100.0,269257250148.0
2018-01-22,Z3015CB9,ST4000DM000,4000787030016,0,117.0,160538392.0,91.0,0.0,100.0,13.0,100,0,81.0,138135207.0,60,35549,100.0,0.0,100,13,100.0,0.0,100.0,0.0,100.0,0.0,100.0,0.0,94.0,6.0,81.0,19.0,100.0,0.0,100.0,5.0,85.0,30806.0,19.0,19.0,100.0,0.0,100.0,0.0,200,0,100.0,35437.0,100.0,30000001212.0,100.0,269290955125.0
2018-01-23,Z3015CB9,ST4000DM000,4000787030016,0,105.0,10305328.0,91.0,0.0,100.0,13.0,100,0,81.0,138542629.0,60,35561,100.0,0.0,100,13,100.0,0.0,100.0,0.0,100.0,0.0,100.0,0.0,94.0,6.0,79.0,21.0,100.0,0.0,100.0,5.0,85.0,30813.0,21.0,21.0,100.0,0.0,100.0,0.0,200,0,100.0,35450.0,100.0,30001066374.0,100.0,269307889784.0
2018-01-24,Z3015CB9,ST4000DM000,4000787030016,0,107.0,13765640.0,91.0,0.0,100.0,13.0,100,0,81.0,139988986.0,60,35597,100.0,0.0,100,13,100.0,0.0,100.0,0.0,100.0,0.0,100.0,0.0,94.0,6.0,81.0,19.0,100.0,0.0,100.0,5.0,85.0,30819.0,19.0,19.0,100.0,0.0,100.0,0.0,200,0,100.0,35486.0,100.0,30004848400.0,100.0,269363227368.0
2018-01-25,Z3015CB9,ST4000DM000,4000787030016,0,117.0,138988552.0,91.0,0.0,100.0,13.0,100,0,81.0,140885812.0,60,35621,100.0,0.0,100,13,100.0,0.0,100.0,0.0,100.0,0.0,100.0,0.0,94.0,6.0,81.0,19.0,100.0,0.0,100.0,5.0,85.0,30819.0,19.0,19.0,100.0,0.0,100.0,0.0,200,0,100.0,35509.0,100.0,30007561412.0,100.0,269397579727.0
2018-01-26,Z3015CB9,ST4000DM000,4000787030016,0,117.0,123661392.0,91.0,0.0,100.0,13.0,100,0,81.0,141689999.0,60,35645,100.0,0.0,100,13,100.0,0.0,100.0,0.0,100.0,0.0,100.0,0.0,94.0,6.0,81.0,19.0,100.0,0.0,100.0,5.0,85.0,30841.0,19.0,19.0,100.0,0.0,100.0,0.0,200,0,100.0,35533.0,100.0,30009611162.0,100.0,269434466305.0
2018-01-27,Z3015CB9,ST4000DM000,4000787030016,0,116.0,110112136.0,91.0,0.0,100.0,13.0,100,0,81.0,142543645.0,60,35669,100.0,0.0,100,13,100.0,0.0,100.0,0.0,100.0,0.0,100.0,0.0,94.0,6.0,81.0,19.0,100.0,0.0,100.0,5.0,85.0,30841.0,19.0,19.0,100.0,0.0,100.0,0.0,200,0,100.0,35558.0,100.0,30011972328.0,100.0,269470667703.0
2018-01-28,Z3015CB9,ST4000DM000,4000787030016,0,117.0,142395576.0,91.0,0.0,100.0,13.0,100,0,81.0,143406910.0,60,35693,100.0,0.0,100,13,100.0,0.0,100.0,0.0,100.0,0.0,100.0,0.0,94.0,6.0,80.0,20.0,100.0,0.0,100.0,5.0,85.0,30841.0,20.0,20.0,100.0,0.0,100.0,0.0,200,0,100.0,35581.0,100.0,30014308908.0,100.0,269501874462.0
2018-01-29,Z3015CB9,ST4000DM000,4000787030016,0,120.0,242593624.0,91.0,0.0,100.0,13.0,100,0,81.0,144183079.0,60,35717,100.0,0.0,100,13,100.0,0.0,100.0,0.0,100.0,0.0,100.0,0.0,94.0,6.0,81.0,19.0,100.0,0.0,100.0,5.0,85.0,30841.0,19.0,19.0,100.0,0.0,100.0,0.0,200,0,100.0,35605.0,100.0,30016424074.0,100.0,269531710256.0
2018-01-30,Z3015CB9,ST4000DM000,4000787030016,0,116.0,111638040.0,91.0,0.0,100.0,13.0,100,0,81.0,144950007.0,60,35739,100.0,0.0,100,13,100.0,0.0,100.0,0.0,100.0,0.0,100.0,0.0,94.0,6.0,81.0,19.0,100.0,0.0,100.0,5.0,85.0,30841.0,19.0,19.0,100.0,0.0,100.0,0.0,200,0,100.0,35627.0,100.0,30018547252.0,100.0,269561440914.0
2018-01-31,Z3015CB9,ST4000DM000,4000787030016,0,109.0,21706408.0,91.0,0.0,100.0,13.0,100.0,0.0,81.0,146131215.0,60.0,35763.0,100.0,0.0,100.0,13.0,100.0,0.0,100.0,0.0,100.0,0.0,100.0,0.0,94.0,6.0,80.0,20.0,100.0,0.0,100.0,5.0,85.0,30841.0,20.0,20.0,100.0,0.0,100.0,0.0,200.0,0.0,100.0,35651.0,100.0,30021490306.0,100.0,269605848451.0
2018-02-01,Z3015CB9,ST4000DM000,4000787030016,0,118.0,200398280.0,91.0,0.0,100.0,13.0,100,0,81.0,147071527.0,60,35788,100.0,0.0,100,13,100.0,0.0,100.0,0.0,100.0,0.0,100.0,0.0,94.0,6.0,80.0,20.0,100.0,0.0,100.0,5.0,85.0,30841.0,20.0,20.0,100.0,0.0,100.0,0.0,200,0,100.0,35676.0,100.0,30024015628.0,100.0,269646043106.0
2018-02-02,Z3015CB9,ST4000DM000,4000787030016,0,120.0,237209448.0,91.0,0.0,100.0,13.0,100,0,81.0,147949489.0,60,35811,100.0,0.0,100,13,100.0,0.0,100.0,0.0,100.0,0.0,100.0,0.0,94.0,6.0,80.0,20.0,100.0,0.0,100.0,5.0,85.0,30841.0,20.0,20.0,100.0,0.0,100.0,0.0,200,0,100.0,35700.0,100.0,30026443298.0,100.0,269680040074.0
2018-02-03,Z3015CB9,ST4000DM000,4000787030016,0,115.0,100620488.0,91.0,0.0,100.0,13.0,100,0,81.0,148728997.0,60,35835,100.0,0.0,100,13,100.0,0.0,100.0,0.0,100.0,0.0,100.0,0.0,94.0,6.0,81.0,19.0,100.0,0.0,100.0,5.0,85.0,30841.0,19.0,19.0,100.0,0.0,100.0,0.0,200,0,100.0,35723.0,100.0,30028606796.0,100.0,269712761986.0
2018-02-04,Z3015CB9,ST4000DM000,4000787030016,0,114.0,65796680.0,91.0,0.0,100.0,13.0,100,0,81.0,149905176.0,60,35867,100.0,0.0,100,13,100.0,0.0,100.0,0.0,100.0,0.0,100.0,0.0,94.0,6.0,81.0,19.0,100.0,0.0,100.0,5.0,85.0,30841.0,19.0,19.0,100.0,0.0,100.0,0.0,200,0,100.0,35756.0,100.0,30031736522.0,100.0,269753992890.0
2018-02-05,Z3015CB9,ST4000DM000,4000787030016,0,120.0,243003688.0,91.0,0.0,100.0,13.0,100,0,81.0,150724165.0,60,35891,100.0,0.0,100,13,100.0,0.0,100.0,0.0,100.0,0.0,100.0,0.0,94.0,6.0,81.0,19.0,100.0,0.0,100.0,5.0,85.0,30841.0,19.0,19.0,100.0,0.0,100.0,0.0,200,0,100.0,35779.0,100.0,30033969894.0,100.0,269785060521.0
2018-02-06,Z3015CB9,ST4000DM000,4000787030016,0,119.0,209479752.0,91.0,0.0,100.0,13.0,100,0,81.0,151563126.0,59,35916,100.0,0.0,100,13,100.0,0.0,100.0,0.0,100.0,0.0,100.0,0.0,94.0,6.0,80.0,20.0,100.0,0.0,100.0,5.0,85.0,30841.0,20.0,20.0,100.0,0.0,100.0,0.0,200,0,100.0,35804.0,100.0,30036230704.0,100.0,269817555196.0
2018-02-07,Z3015CB9,ST4000DM000,4000787030016,0,106.0,12151544.0,91.0,0.0,100.0,13.0,100,0,81.0,152314763.0,59,35939,100.0,0.0,100,13,100.0,0.0,100.0,0.0,100.0,0.0,100.0,0.0,94.0,6.0,81.0,19.0,100.0,0.0,100.0,5.0,85.0,30841.0,19.0,19.0,100.0,0.0,100.0,0.0,200,0,100.0,35828.0,100.0,30038271060.0,100.0,269848042168.0
2018-02-08,Z3015CB9,ST4000DM000,4000787030016,0,113.0,54943736.0,91.0,0.0,100.0,13.0,100,0,81.0,153177702.0,59,35963,100.0,0.0,100,13,100.0,0.0,100.0,0.0,100.0,0.0,100.0,0.0,94.0,6.0,80.0,20.0,100.0,0.0,100.0,5.0,85.0,30841.0,20.0,20.0,100.0,0.0,100.0,0.0,200,0,100.0,35851.0,100.0,30040592850.0,100.0,269879631374.0
2018-02-09,Z3015CB9,ST4000DM000,4000787030016,0,111,38878784,91,0,100,13,100,0,81,154016038,59,35987,100,0,100,13,100.0,0.0,100.0,0.0,100.0,0.0,100.0,0.0,94.0,6.0,80.0,20.0,100.0,0.0,100.0,5.0,85.0,30841.0,20,20,100,0,100,0,200,0,100.0,35875.0,100.0,30042851474.0,100.0,269914807622.0
2018-02-10,Z3015CB9,ST4000DM000,4000787030016,0,119.0,220941800.0,91.0,0.0,100.0,13.0,100.0,0.0,81.0,154981087.0,59.0,36011.0,100.0,0.0,100.0,13.0,100.0,0.0,100.0,0.0,100.0,0.0,100.0,0.0,94.0,6.0,80.0,20.0,100.0,0.0,100.0,5.0,85.0,30841.0,20.0,20.0,100.0,0.0,100.0,0.0,200.0,0.0,100.0,35900.0,100.0,30045365646.0,100.0,269947496402.0
2018-02-11,Z3015CB9,ST4000DM000,4000787030016,0,110,29243296,91,0,100,13,100,0,81,155871829,59,36035,100,0,100,13,100.0,0.0,100.0,0.0,100.0,0.0,100.0,0.0,94.0,6.0,74.0,26.0,100.0,0.0,100.0,5.0,85.0,30841.0,26,26,100,0,100,0,200,0,100.0,35923.0,100.0,30047710178.0,100.0,269977474712.0
2018-02-12,Z3015CB9,ST4000DM000,4000787030016,0,114,59647592,91,0,100,13,100,0,81,156738046,59,36059,100,0,100,13,100.0,0.0,100.0,0.0,100.0,0.0,100.0,0.0,94.0,6.0,81.0,19.0,100.0,0.0,100.0,5.0,85.0,30841.0,19,19,100,0,100,0,200,0,100.0,35947.0,100.0,30050124712.0,100.0,270009025506.0
2018-02-13,Z3015CB9,ST4000DM000,4000787030016,0,106,11207744,91,0,100,13,100,0,81,157692071,59,36083,100,0,100,13,100.0,0.0,100.0,0.0,100.0,0.0,100.0,0.0,94.0,6.0,80.0,20.0,100.0,0.0,100.0,5.0,85.0,30841.0,20,20,100,0,100,0,200,0,100.0,35972.0,100.0,30052656580.0,100.0,270043878006.0
2018-02-14,Z3015CB9,ST4000DM000,4000787030016,0,119,202505144,91,0,100,13,100,0,81,158618997,59,36107,100,0,100,13,100.0,0.0,100.0,0.0,100.0,0.0,100.0,0.0,94.0,6.0,80.0,20.0,100.0,0.0,100.0,5.0,85.0,30841.0,20,20,100,0,100,0,200,0,100.0,35995.0,100.0,30055037914.0,100.0,270079374024.0
2018-02-15,Z3015CB9,ST4000DM000,4000787030016,0,119,219057696,91,0,100,13,100,0,81,159583589,59,36131,100,0,100,13,100.0,0.0,100.0,0.0,100.0,0.0,100.0,0.0,94.0,6.0,80.0,20.0,100.0,0.0,100.0,5.0,85.0,30841.0,20,20,100,0,100,0,200,0,100.0,36019.0,100.0,30057524332.0,100.0,270120285707.0
2018-02-16,Z3015CB9,ST4000DM000,4000787030016,0,119,203269016,91,0,100,13,100,0,81,160553700,59,36156,100,0,100,13,100.0,0.0,100.0,0.0,100.0,0.0,100.0,0.0,94.0,6.0,81.0,19.0,100.0,0.0,100.0,5.0,85.0,30841.0,19,19,100,0,100,0,200,0,100.0,36044.0,100.0,30060041006.0,100.0,270155052017.0
2018-02-17,Z3015CB9,ST4000DM000,4000787030016,0,114,60712472,91,0,100,13,100,0,81,161451953,59,36179,100,0,100,13,100.0,0.0,100.0,0.0,100.0,0.0,100.0,0.0,94.0,6.0,79.0,21.0,100.0,0.0,100.0,5.0,85.0,30841.0,21,21,100,0,100,0,200,0,100.0,36068.0,100.0,30062459244.0,100.0,270189911842.0
2018-02-18,Z3015CB9,ST4000DM000,4000787030016,0,116,115966448,91,0,100,13,100,0,81,162332851,59,36203,100,0,100,13,100.0,0.0,100.0,0.0,100.0,0.0,100.0,0.0,94.0,6.0,80.0,20.0,100.0,0.0,100.0,5.0,85.0,30841.0,20,20,100,0,100,0,200,0,100.0,36091.0,100.0,30064813650.0,100.0,270220305387.0
2018-02-19,Z3015CB9,ST4000DM000,4000787030016,0,115,95779392,91,0,100,14,100,0,81,162626461,59,36224,100,0,100,14,100.0,0.0,100.0,0.0,100.0,0.0,100.0,0.0,94.0,6.0,80.0,20.0,100.0,0.0,100.0,6.0,85.0,30872.0,20,20,100,0,100,0,200,0,100.0,36113.0,100.0,30065524874.0,100.0,273050952295.0
2018-02-20,Z3015CB9,ST4000DM000,4000787030016,0,120,237060672,91,0,100,14,100,0,81,162721309,59,36248,100,0,100,14,100.0,0.0,100.0,0.0,100.0,0.0,100.0,0.0,94.0,6.0,80.0,20.0,100.0,0.0,100.0,6.0,85.0,30872.0,20,20,100,0,100,0,200,0,100.0,36136.0,100.0,30065692134.0,100.0,277571419327.0
2018-02-21,Z3015CB9,ST4000DM000,4000787030016,0,116,106194096,91,0,100,14,100,0,81,162829397,59,36273,100,0,100,14,100.0,0.0,100.0,0.0,100.0,0.0,100.0,0.0,94.0,6.0,81.0,19.0,100.0,0.0,100.0,6.0,84.0,32028.0,19,19,100,0,100,0,200,0,100.0,36153.0,100.0,30065710304.0,100.0,278093297029.0
2018-02-22,Z3015CB9,ST4000DM000,4000787030016,0,117,146542168,91,0,100,14,100,0,81,162836505,59,36297,100,0,100,14,100.0,0.0,100.0,0.0,100.0,0.0,100.0,0.0,94.0,6.0,81.0,19.0,100.0,0.0,100.0,6.0,84.0,33414.0,19,19,100,0,100,0,200,0,100.0,36166.0,100.0,30065711024.0,100.0,278128776329.0
2018-02-23,Z3015CB9,ST4000DM000,4000787030016,0,118,182679840,91,0,100,14,100,0,81,162842463,59,36320,100,0,100,14,100.0,0.0,100.0,0.0,100.0,0.0,100.0,0.0,94.0,6.0,80.0,20.0,100.0,0.0,100.0,6.0,83.0,34814.0,20,20,100,0,100,0,200,0,100.0,36180.0,100.0,30065711744.0,100.0,278164028265.0
2018-02-24,Z3015CB9,ST4000DM000,4000787030016,0,119,220228592,91,0,100,14,100,0,81,162848774,59,36345,100,0,100,14,100.0,0.0,100.0,0.0,100.0,0.0,100.0,0.0,94.0,6.0,81.0,19.0,100.0,0.0,100.0,6.0,82.0,36255.0,19,19,100,0,100,0,200,0,100.0,36194.0,100.0,30065712464.0,100.0,278199546402.0
2018-02-25,Z3015CB9,ST4000DM000,4000787030016,0,108,19710424,91,0,100,14,100,0,81,162857205,59,36369,100,0,100,14,100.0,0.0,100.0,0.0,100.0,0.0,100.0,0.0,94.0,6.0,81.0,19.0,100.0,0.0,100.0,6.0,82.0,37623.0,19,19,100,0,100,0,200,0,100.0,36208.0,100.0,30065713184.0,100.0,278235533330.0
2018-02-26,Z3015CB9,ST4000DM000,4000787030016,0,114,70931272,91,0,100,14,100,0,81,162868700,59,36392,100,0,100,14,100.0,0.0,100.0,0.0,100.0,0.0,100.0,0.0,94.0,6.0,81.0,19.0,100.0,0.0,100.0,6.0,81.0,38964.0,19,19,100,0,100,0,200,0,100.0,36222.0,100.0,30065713874.0,100.0,278271143784.0
2018-02-27,Z3015CB9,ST4000DM000,4000787030016,0,117,128462248,91,0,100,14,100,0,81,162881832,59,36417,100,0,100,14,100.0,0.0,100.0,0.0,100.0,0.0,100.0,0.0,94.0,6.0,79.0,21.0,100.0,0.0,100.0,6.0,80.0,40297.0,21,21,100,0,100,0,200,0,100.0,36238.0,100.0,30065714624.0,100.0,278310090747.0
2018-02-28,Z3015CB9,ST4000DM000,4000787030016,0,118,177171440,91,0,100,14,100,0,81,162891708,59,36441,100,0,100,14,100.0,0.0,100.0,0.0,100.0,0.0,100.0,0.0,94.0,6.0,81.0,19.0,100.0,0.0,100.0,6.0,80.0,41627.0,19,19,100,0,100,0,200,0,100.0,36253.0,100.0,30065715344.0,100.0,278346053940.0
2018-03-01,Z3015CB9,ST4000DM000,4000787030016,0,119,213715872,91,0,100,14,100,0,81,162899117,59,36458,100,0,100,14,100.0,0.0,100.0,0.0,100.0,0.0,100.0,0.0,94.0,6.0,81.0,19.0,100.0,0.0,100.0,6.0,79.0,42606.0,19,19,100,0,100,0,200,0,100.0,36264.0,100.0,30065715884.0,100.0,278373228373.0
2018-03-02,Z3015CB9,ST4000DM000,4000787030016,0,104,6642640,91,0,100,14,100,0,81,162905849,59,36482,100,0,100,14,100.0,0.0,100.0,0.0,100.0,0.0,100.0,0.0,94.0,6.0,81.0,19.0,100.0,0.0,100.0,6.0,78.0,44017.0,19,19,100,0,100,0,200,0,100.0,36278.0,100.0,30065716574.0,100.0,278407257111.0
2018-03-03,Z3015CB9,ST4000DM000,4000787030016,0,112,46328480,91,0,100,14,100,0,81,162912904,59,36506,100,0,100,14,100.0,0.0,100.0,0.0,100.0,0.0,100.0,0.0,94.0,6.0,80.0,20.0,100.0,0.0,100.0,6.0,78.0,45429.0,20,20,100,0,100,0,200,0,100.0,36292.0,100.0,30065717294.0,100.0,278442389513.0
2018-03-04,Z3015CB9,ST4000DM000,4000787030016,0,115,90922264,91,0,100,14,100,0,81,162921070,59,36531,100,0,100,14,100.0,0.0,100.0,0.0,100.0,0.0,100.0,0.0,94.0,6.0,81.0,19.0,100.0,0.0,100.0,6.0,77.0,46886.0,19,19,100,0,100,0,200,0,100.0,36306.0,100.0,30065718044.0,100.0,278479711889.0
2018-03-05,Z3015CB9,ST4000DM000,4000787030016,0,117,126604928,91,0,100,14,100,0,81,162926772,59,36554,100,0,100,14,100.0,0.0,100.0,0.0,100.0,0.0,100.0,0.0,94.0,6.0,81.0,19.0,100.0,0.0,100.0,6.0,76.0,48311.0,19,19,100,0,100,0,200,0,100.0,36320.0,100.0,30065718764.0,100.0,278514761338.0
2018-03-06,Z3015CB9,ST4000DM000,4000787030016,0,118,175878744,91,0,100,14,100,0,81,162936665,59,36582,100,0,100,14,100.0,0.0,100.0,0.0,100.0,0.0,100.0,0.0,94.0,6.0,82.0,18.0,100.0,0.0,100.0,6.0,76.0,49921.0,18,18,100,0,100,0,200,0,100.0,36336.0,100.0,30065719574.0,100.0,278554881572.0
2018-03-07,Z3015CB9,ST4000DM000,4000787030016,0,119.0,212852968.0,91.0,0.0,100.0,14.0,100.0,0.0,81.0,162942748.0,59.0,36606.0,100.0,0.0,100.0,14.0,100.0,0.0,100.0,0.0,100.0,0.0,100.0,0.0,94.0,6.0,81.0,19.0,100.0,0.0,100.0,6.0,75.0,51392.0,19.0,19.0,100.0,0.0,100.0,0.0,200.0,0.0,100.0,36350.0,100.0,30065720324.0,100.0,278590618206.0
2018-03-08,Z3015CB9,ST4000DM000,4000787030016,0,120,240794368,91,0,100,14,100,0,81,162947473,59,36626,100,0,100,14,100.0,0.0,100.0,0.0,100.0,0.0,100.0,0.0,94.0,6.0,81.0,19.0,100.0,0.0,100.0,6.0,74.0,52537.0,19,19,100,0,100,0,200,0,100.0,36361.0,100.0,30065720894.0,100.0,278617664633.0
2018-03-09,Z3015CB9,ST4000DM000,4000787030016,0,116,107390608,91,0,100,14,100,0,81,162977633,59,36650,100,0,100,14,100.0,0.0,100.0,0.0,100.0,0.0,100.0,0.0,94.0,6.0,82.0,18.0,100.0,0.0,100.0,6.0,74.0,53904.0,18,18,100,0,100,0,200,0,100.0,36376.0,100.0,30065721614.0,100.0,278665640967.0
2018-03-10,Z3015CB9,ST4000DM000,4000787030016,0,117,146170304,91,0,100,14,100,0,81,162983878,59,36674,100,0,100,14,100.0,0.0,100.0,0.0,100.0,0.0,100.0,0.0,94.0,6.0,82.0,18.0,100.0,0.0,100.0,6.0,73.0,55295.0,18,18,100,0,100,0,200,0,100.0,36390.0,100.0,30065722364.0,100.0,278702244159.0
2018-03-11,Z3015CB9,ST4000DM000,4000787030016,0,118,191708184,91,0,100,14,100,0,81,162992829,59,36698,100,0,100,14,100.0,0.0,100.0,0.0,100.0,0.0,100.0,0.0,94.0,6.0,81.0,19.0,100.0,0.0,100.0,6.0,72.0,56623.0,19,19,100,0,100,0,200,0,100.0,36405.0,100.0,30065723084.0,100.0,278738288434.0
2018-03-12,Z3015CB9,ST4000DM000,4000787030016,0,120,238238760,91,0,100,14,100,0,81,163002265,59,36722,100,0,100,14,100.0,0.0,100.0,0.0,100.0,0.0,100.0,0.0,94.0,6.0,82.0,18.0,100.0,0.0,100.0,6.0,72.0,57989.0,18,18,100,0,100,0,200,0,100.0,36420.0,100.0,30065723804.0,100.0,278773904923.0
2018-03-13,Z3015CB9,ST4000DM000,4000787030016,0,112,43629368,91,0,100,14,100,0,81,163012943,59,36746,100,0,100,14,100.0,0.0,100.0,0.0,100.0,0.0,100.0,0.0,94.0,6.0,82.0,18.0,100.0,0.0,100.0,6.0,71.0,59259.0,18,18,100,0,100,0,200,0,100.0,36435.0,100.0,30065724494.0,100.0,278808195752.0
2018-03-14,Z3015CB9,ST4000DM000,4000787030016,0,115,95130536,91,0,100,14,100,0,81,163023985,59,36770,100,0,100,14,100.0,0.0,100.0,0.0,100.0,0.0,100.0,0.0,94.0,6.0,81.0,19.0,100.0,0.0,100.0,6.0,70.0,60536.0,19,19,100,0,100,0,200,0,100.0,36450.0,100.0,30065725214.0,100.0,278843687947.0
2018-03-15,Z3015CB9,ST4000DM000,4000787030016,0,117,155412544,91,0,100,14,100,0,81,163035874,58,36801,100,0,100,14,100.0,0.0,100.0,0.0,100.0,0.0,100.0,0.0,94.0,6.0,81.0,19.0,100.0,0.0,100.0,6.0,69.0,62287.0,19,19,100,0,100,0,200,0,100.0,36469.0,100.0,30065726174.0,100.0,278890349403.0
2018-03-16,Z3015CB9,ST4000DM000,4000787030016,0,119.0,203822888.0,91.0,0.0,100.0,14.0,100.0,0.0,81.0,163045935.0,58.0,36825.0,100.0,0.0,100.0,14.0,100.0,0.0,100.0,0.0,100.0,0.0,100.0,0.0,94.0,6.0,82.0,18.0,100.0,0.0,100.0,6.0,69.0,63575.0,18.0,18.0,100.0,0.0,100.0,0.0,200.0,0.0,100.0,36484.0,100.0,30065726894.0,100.0,278925136389.0
2018-03-17,Z3015CB9,ST4000DM000,4000787030016,0,105,9417696,91,0,100,14,100,0,81,163057057,58,36849,100,0,100,14,100.0,0.0,100.0,0.0,100.0,0.0,100.0,0.0,94.0,6.0,80.0,20.0,100.0,0.0,100.0,6.0,68.0,64887.0,20,20,100,0,100,0,200,0,100.0,36498.0,100.0,30065727584.0,100.0,278958853143.0
2018-03-18,Z3015CB9,ST4000DM000,4000787030016,0,113,56037040,91,0,100,14,100,0,81,163066336,58,36874,100,0,100,14,100.0,0.0,100.0,0.0,100.0,0.0,100.0,0.0,94.0,6.0,80.0,20.0,100.0,0.0,100.0,6.0,67.0,66251.0,20,20,100,0,100,0,200,0,100.0,36513.0,100.0,30065728334.0,100.0,278994951634.0
2018-03-19,Z3015CB9,ST4000DM000,4000787030016,0,115,99192848,91,0,100,14,100,0,81,163075115,58,36897,100,0,100,14,100.0,0.0,100.0,0.0,100.0,0.0,100.0,0.0,94.0,6.0,80.0,20.0,100.0,0.0,100.0,6.0,67.0,67572.0,20,20,100,0,100,0,200,0,100.0,36528.0,100.0,30065729024.0,100.0,279028097462.0
2018-03-20,Z3015CB9,ST4000DM000,4000787030016,0,117,139644544,91,0,100,14,100,0,81,163470400,58,36921,100,0,100,14,100.0,0.0,100.0,0.0,100.0,0.0,100.0,0.0,94.0,6.0,81.0,19.0,100.0,0.0,100.0,6.0,66.0,68168.0,19,19,100,0,100,0,200,0,100.0,36548.0,100.0,30066809214.0,100.0,279062666271.0
2018-03-21,Z3015CB9,ST4000DM000,4000787030016,0,117,139444984,91,0,100,14,100,0,81,164184294,58,36946,100,0,100,14,100.0,0.0,100.0,0.0,100.0,0.0,100.0,0.0,94.0,6.0,80.0,20.0,100.0,0.0,100.0,6.0,66.0,68168.0,20,20,100,0,100,0,200,0,100.0,36572.0,100.0,30068773264.0,100.0,279096400273.0
2018-03-22,Z3015CB9,ST4000DM000,4000787030016,0,118,180103256,91,0,100,14,100,0,81,164966227,58,36969,100,0,100,14,100.0,0.0,100.0,0.0,100.0,0.0,100.0,0.0,94.0,6.0,80.0,20.0,100.0,0.0,100.0,6.0,66.0,68168.0,20,20,100,0,100,0,200,0,100.0,36596.0,100.0,30072431370.0,100.0,279236664029.0
2018-03-23,Z3015CB9,ST4000DM000,4000787030016,0,119,231459584,91,0,100,14,100,0,81,165677226,58,36993,100,0,100,14,100.0,0.0,100.0,0.0,100.0,0.0,100.0,0.0,94.0,6.0,81.0,19.0,100.0,0.0,100.0,6.0,66.0,68168.0,19,19,100,0,100,0,200,0,100.0,36620.0,100.0,30074323498.0,100.0,279269175938.0
2018-03-24,Z3015CB9,ST4000DM000,4000787030016,0,113,58205400,91,0,100,14,100,0,81,166409801,58,37018,100,0,100,14,100.0,0.0,100.0,0.0,100.0,0.0,100.0,0.0,94.0,6.0,80.0,20.0,100.0,0.0,100.0,6.0,66.0,68168.0,20,20,100,0,100,0,200,0,100.0,36644.0,100.0,30076352908.0,100.0,279306066911.0
2018-03-25,Z3015CB9,ST4000DM000,4000787030016,0,115,86480648,91,0,100,14,100,0,81,167118199,58,37041,100,0,100,14,100.0,0.0,100.0,0.0,100.0,0.0,100.0,0.0,94.0,6.0,81.0,19.0,100.0,0.0,100.0,6.0,66.0,68168.0,19,19,100,0,100,0,200,0,100.0,36668.0,100.0,30078263826.0,100.0,279340334119.0
2018-03-26,Z3015CB9,ST4000DM000,4000787030016,0,114,82881024,91,0,100,14,100,0,82,167808555,58,37065,100,0,100,14,100.0,0.0,100.0,0.0,100.0,0.0,100.0,0.0,94.0,6.0,80.0,20.0,100.0,0.0,100.0,6.0,66.0,68168.0,20,20,100,0,100,0,200,0,100.0,36692.0,100.0,30080188210.0,100.0,279372439730.0
2018-03-27,Z3015CB9,ST4000DM000,4000787030016,0,116,101682464,91,0,100,14,100,0,82,168524574,58,37090,100,0,100,14,100.0,0.0,100.0,0.0,100.0,0.0,100.0,0.0,94.0,6.0,81.0,19.0,100.0,0.0,100.0,6.0,66.0,68168.0,19,19,100,0,100,0,200,0,100.0,36716.0,100.0,30082115290.0,100.0,279404755148.0
2018-03-28,Z3015CB9,ST4000DM000,4000787030016,0,106,10582560,91,0,100,14,100,0,82,169183946,58,37114,100,0,100,14,100.0,0.0,100.0,0.0,100.0,0.0,100.0,0.0,94.0,6.0,81.0,19.0,100.0,0.0,100.0,6.0,66.0,68168.0,19,19,100,0,100,0,200,0,100.0,36740.0,100.0,30083881636.0,100.0,279436054031.0
2018-03-29,Z3015CB9,ST4000DM000,4000787030016,0,119,218370920,91,0,100,14,100,0,82,170128971,58,37137,100,0,100,14,100.0,0.0,100.0,0.0,100.0,0.0,100.0,0.0,94.0,6.0,80.0,20.0,100.0,0.0,100.0,6.0,66.0,68168.0,20,20,100,0,100,0,200,0,100.0,36764.0,100.0,30086386216.0,100.0,279473191949.0
2018-03-30,Z3015CB9,ST4000DM000,4000787030016,0,118,201268496,91,0,100,14,100,0,82,170964253,58,37161,100,0,100,14,100.0,0.0,100.0,0.0,100.0,0.0,100.0,0.0,94.0,6.0,81.0,19.0,100.0,0.0,100.0,6.0,66.0,68168.0,19,19,100,0,100,0,200,0,100.0,36788.0,100.0,30089337408.0,100.0,279520842702.0
2018-03-31,Z3015CB9,ST4000DM000,4000787030016,0,118,176614640,91,0,100,14,100,0,82,171684477,58,37185,100,0,100,14,100.0,0.0,100.0,0.0,100.0,0.0,100.0,0.0,94.0,6.0,82.0,18.0,100.0,0.0,100.0,6.0,66.0,68168.0,18,18,100,0,100,0,200,0,100.0,36811.0,100.0,30091372446.0,100.0,279553314058.0
2018-04-01,Z3015CB9,ST4000DM000,4000787030016,0,117,139775448,91,0,100,14,100,0,82,172391230,58,37209,100,0,100,14,100.0,0.0,100.0,0.0,100.0,0.0,100.0,0.0,94.0,6.0,81.0,19.0,100.0,0.0,100.0,6.0,66.0,68168.0,19,19,100,0,100,0,200,0,100.0,36835.0,100.0,30093354280.0,100.0,279582621241.0
2018-04-02,Z3015CB9,ST4000DM000,4000787030016,0,115,89404720,91,0,100,14,100,0,82,173101548,58,37233,100,0,100,14,100.0,0.0,100.0,0.0,100.0,0.0,100.0,0.0,94.0,6.0,80.0,20.0,100.0,0.0,100.0,6.0,66.0,68168.0,20,20,100,0,100,0,200,0,100.0,36860.0,100.0,30095350946.0,100.0,279613550416.0
2018-04-03,Z3015CB9,ST4000DM000,4000787030016,0,105,9023256,91,0,100,14,100,0,82,173791095,58,37257,100,0,100,14,100.0,0.0,100.0,0.0,100.0,0.0,100.0,0.0,94.0,6.0,81.0,19.0,100.0,0.0,100.0,6.0,66.0,68168.0,19,19,100,0,100,0,200,0,100.0,36884.0,100.0,30097331674.0,100.0,279642173220.0
2018-04-04,Z3015CB9,ST4000DM000,4000787030016,0,117,155788144,91,0,100,14,100,0,82,174471283,58,37281,100,0,100,14,100.0,0.0,100.0,0.0,100.0,0.0,100.0,0.0,94.0,6.0,81.0,19.0,100.0,0.0,100.0,6.0,66.0,68168.0,19,19,100,0,100,0,200,0,100.0,36907.0,100.0,30099258220.0,100.0,279676342100.0
2018-04-05,Z3015CB9,ST4000DM000,4000787030016,0,117,132147304,91,0,100,14,100,0,82,175194302,58,37305,100,0,100,14,100.0,0.0,100.0,0.0,100.0,0.0,100.0,0.0,94.0,6.0,82.0,18.0,100.0,0.0,100.0,6.0,66.0,68168.0,18,18,100,0,100,0,200,0,100.0,36932.0,100.0,30101305030.0,100.0,279707776554.0
2018-04-06,Z3015CB9,ST4000DM000,4000787030016,0,116,108656088,91,0,100,14,100,0,82,175905423,58,37329,100,0,100,14,100.0,0.0,100.0,0.0,100.0,0.0,100.0,0.0,94.0,6.0,82.0,18.0,100.0,0.0,100.0,6.0,66.0,68168.0,18,18,100,0,100,0,200,0,100.0,36956.0,100.0,30103321442.0,100.0,279738387229.0
2018-04-07,Z3015CB9,ST4000DM000,4000787030016,0,114.0,63002376.0,91.0,0.0,100.0,14.0,100.0,0.0,82.0,176605500.0,58.0,37353.0,100.0,0.0,100.0,14.0,100.0,0.0,100.0,0.0,100.0,0.0,100.0,0.0,94.0,6.0,82.0,18.0,100.0,0.0,100.0,6.0,66.0,68168.0,18.0,18.0,100.0,0.0,100.0,0.0,200.0,0.0,100.0,36979.0,100.0,30105286982.0,100.0,279765559563.0
2018-04-08,Z3015CB9,ST4000DM000,4000787030016,0,109,24348392,91,0,100,14,100,0,82,177320368,58,37377,100,0,100,14,100.0,0.0,100.0,0.0,100.0,0.0,100.0,0.0,94.0,6.0,83.0,17.0,100.0,0.0,100.0,6.0,66.0,68168.0,17,17,100,0,100,0,200,0,100.0,37004.0,100.0,30107344774.0,100.0,279796051636.0
2018-04-09,Z3015CB9,ST4000DM000,4000787030016,0,116,107869408,91,0,100,14,100,0,82,178066919,58,37401,100,0,100,14,100.0,0.0,100.0,0.0,100.0,0.0,100.0,0.0,94.0,6.0,83.0,17.0,100.0,0.0,100.0,6.0,66.0,68168.0,17,17,100,0,100,0,200,0,100.0,37028.0,100.0,30109448012.0,100.0,279826377077.0
2018-04-10,Z3015CB9,ST4000DM000,4000787030016,0,114,79147384,91,0,100,14,100,0,82,178770371,58,37425,100,0,100,14,100.0,0.0,100.0,0.0,100.0,0.0,100.0,0.0,94.0,6.0,83.0,17.0,100.0,0.0,100.0,6.0,66.0,68168.0,17,17,100,0,100,0,200,0,100.0,37051.0,100.0,30111442840.0,100.0,279858747695.0
2018-04-11,Z3015CB9,ST4000DM000,4000787030016,0,111,41402216,91,0,100,14,100,0,82,179463643,58,37449,100,0,100,14,100.0,0.0,100.0,0.0,100.0,0.0,100.0,0.0,94.0,6.0,82.0,18.0,100.0,0.0,100.0,6.0,66.0,68168.0,18,18,100,0,100,0,200,0,100.0,37075.0,100.0,30113345106.0,100.0,279894734627.0
2018-04-12,Z3015CB9,ST4000DM000,4000787030016,0,118,196496320,91,0,100,14,100,0,82,180421925,58,37473,100,0,100,14,100.0,0.0,100.0,0.0,100.0,0.0,100.0,0.0,94.0,6.0,82.0,18.0,100.0,0.0,100.0,6.0,66.0,68168.0,18,18,100,0,100,0,200,0,100.0,37100.0,100.0,30115959252.0,100.0,279929732458.0
2018-04-13,Z3015CB9,ST4000DM000,4000787030016,0,104,6944512,91,0,100,14,100,0,82,181462008,58,37497,100,0,100,14,100.0,0.0,100.0,0.0,100.0,0.0,100.0,0.0,94.0,6.0,82.0,18.0,100.0,0.0,100.0,6.0,66.0,68168.0,18,18,100,0,100,0,200,0,100.0,37124.0,100.0,30118596048.0,100.0,279966685443.0
2018-04-14,Z3015CB9,ST4000DM000,4000787030016,0,116,116965624,91,0,100,14,100,0,82,182163656,58,37522,100,0,100,14,100.0,0.0,100.0,0.0,100.0,0.0,100.0,0.0,94.0,6.0,82.0,18.0,100.0,0.0,100.0,6.0,66.0,68168.0,18,18,100,0,100,0,200,0,100.0,37148.0,100.0,30120679722.0,100.0,279995022080.0
2018-04-15,Z3015CB9,ST4000DM000,4000787030016,0,112,46709952,91,0,100,14,100,0,82,182881319,58,37545,100,0,100,14,100.0,0.0,100.0,0.0,100.0,0.0,100.0,0.0,94.0,6.0,82.0,18.0,100.0,0.0,100.0,6.0,66.0,68168.0,18,18,100,0,100,0,200,0,100.0,37172.0,100.0,30122703912.0,100.0,280025707306.0
2018-04-16,Z3015CB9,ST4000DM000,4000787030016,0,119,225616104,91,0,100,14,100,0,82,183578974,58,37569,100,0,100,14,100.0,0.0,100.0,0.0,100.0,0.0,100.0,0.0,94.0,6.0,82.0,18.0,100.0,0.0,100.0,6.0,66.0,68168.0,18,18,100,0,100,0,200,0,100.0,37196.0,100.0,30124659578.0,100.0,280057126768.0
2018-04-17,Z3015CB9,ST4000DM000,4000787030016,0,114,60781032,91,0,100,15,100,0,82,184468962,58,37594,100,0,100,15,100.0,0.0,100.0,0.0,100.0,0.0,100.0,0.0,94.0,6.0,69.0,31.0,100.0,0.0,100.0,6.0,66.0,68208.0,31,31,100,0,100,0,200,0,100.0,37220.0,100.0,30126998784.0,100.0,280105819760.0
2018-04-18,Z3015CB9,ST4000DM000,4000787030016,0,117,157679312,91,0,100,15,100,0,82,185613976,58,37618,100,0,100,15,100.0,0.0,100.0,0.0,100.0,0.0,100.0,0.0,94.0,6.0,69.0,31.0,100.0,0.0,100.0,6.0,66.0,68209.0,31,31,100,0,100,0,200,0,100.0,37244.0,100.0,30129720910.0,100.0,280144443914.0
2018-04-19,Z3015CB9,ST4000DM000,4000787030016,0,119,215859432,91,0,100,15,100,0,82,186747925,58,37641,100,0,100,15,100.0,0.0,100.0,0.0,100.0,0.0,100.0,0.0,94.0,6.0,75.0,25.0,100.0,0.0,100.0,6.0,66.0,68209.0,25,25,100,0,100,0,200,0,100.0,37268.0,100.0,30132683132.0,100.0,280183731704.0
2018-04-20,Z3015CB9,ST4000DM000,4000787030016,0,115,98326760,91,0,100,15,100,0,82,187804806,58,37666,100,0,100,15,100.0,0.0,100.0,0.0,100.0,0.0,100.0,0.0,94.0,6.0,75.0,25.0,100.0,0.0,100.0,6.0,66.0,68209.0,25,25,100,0,100,0,200,0,100.0,37292.0,100.0,30135466414.0,100.0,280222594616.0
2018-04-21,Z3015CB9,ST4000DM000,4000787030016,0,111,37797744,91,0,100,15,100,0,82,188635971,57,37690,100,0,100,15,100.0,0.0,100.0,0.0,100.0,0.0,100.0,0.0,94.0,6.0,74.0,26.0,100.0,0.0,100.0,6.0,66.0,68209.0,26,26,100,0,100,0,200,0,100.0,37316.0,100.0,30137660724.0,100.0,280253168196.0
2018-04-22,Z3015CB9,ST4000DM000,4000787030016,0,118,172695104,91,0,100,15,100,0,82,189442022,57,37713,100,0,100,15,100.0,0.0,100.0,0.0,100.0,0.0,100.0,0.0,94.0,6.0,75.0,25.0,100.0,0.0,100.0,6.0,66.0,68209.0,25,25,100,0,100,0,200,0,100.0,37340.0,100.0,30139857258.0,100.0,280284469267.0
2018-04-23,Z3015CB9,ST4000DM000,4000787030016,0,109,22857928,91,0,100,15,100,0,82,190234308,57,37738,100,0,100,15,100.0,0.0,100.0,0.0,100.0,0.0,100.0,0.0,94.0,6.0,76.0,24.0,100.0,0.0,100.0,6.0,66.0,68209.0,24,24,100,0,100,0,200,0,100.0,37364.0,100.0,30142069522.0,100.0,280319057011.0
2018-04-24,Z3015CB9,ST4000DM000,4000787030016,0,118,190902224,91,0,100,15,100,0,82,190919117,57,37762,100,0,100,15,100.0,0.0,100.0,0.0,100.0,0.0,100.0,0.0,94.0,6.0,75.0,25.0,100.0,0.0,100.0,6.0,66.0,68209.0,25,25,100,0,100,0,200,0,100.0,37388.0,100.0,30144009782.0,100.0,280351188574.0
2018-04-25,Z3015CB9,ST4000DM000,4000787030016,0,120,545304,91,0,100,15,100,0,82,191670192,57,37786,100,0,100,15,100.0,0.0,100.0,0.0,100.0,0.0,100.0,0.0,94.0,6.0,76.0,24.0,100.0,0.0,100.0,6.0,66.0,68209.0,24,24,100,0,100,0,200,0,100.0,37412.0,100.0,30146091224.0,100.0,280382613259.0
2018-04-26,Z3015CB9,ST4000DM000,4000787030016,0,102,5026144,91,0,100,15,100,0,82,192402667,57,37810,100,0,100,15,100.0,0.0,100.0,0.0,100.0,0.0,100.0,0.0,94.0,6.0,75.0,25.0,100.0,0.0,100.0,6.0,66.0,68209.0,25,25,100,0,100,0,200,0,100.0,37436.0,100.0,30148115560.0,100.0,280414099863.0
2018-04-27,Z3015CB9,ST4000DM000,4000787030016,0,119,220898552,91,0,100,15,100,0,82,193499551,57,37832,100,0,100,15,100.0,0.0,100.0,0.0,100.0,0.0,100.0,0.0,94.0,6.0,74.0,26.0,100.0,0.0,100.0,6.0,66.0,68211.0,26,26,100,0,100,0,200,0,100.0,37458.0,100.0,30150896892.0,100.0,280447196686.0
2018-04-28,Z3015CB9,ST4000DM000,4000787030016,0,108,17541280,91,0,100,15,100,0,82,194531175,57,37856,100,0,100,15,100.0,0.0,100.0,0.0,100.0,0.0,100.0,0.0,94.0,6.0,75.0,25.0,100.0,0.0,100.0,6.0,66.0,68211.0,25,25,100,0,100,0,200,0,100.0,37483.0,100.0,30153545052.0,100.0,280483104201.0
2018-04-29,Z3015CB9,ST4000DM000,4000787030016,0,117,148729976,91,0,100,15,100,0,82,195347693,57,37880,100,0,100,15,100.0,0.0,100.0,0.0,100.0,0.0,100.0,0.0,94.0,6.0,75.0,25.0,100.0,0.0,100.0,6.0,66.0,68211.0,25,25,100,0,100,0,200,0,100.0,37506.0,100.0,30155652934.0,100.0,280513433871.0
2018-04-30,Z3015CB9,ST4000DM000,4000787030016,0,118,199522136,91,0,100,15,100,0,82,196096031,57,37904,100,0,100,15,100.0,0.0,100.0,0.0,100.0,0.0,100.0,0.0,94.0,6.0,74.0,26.0,100.0,0.0,100.0,6.0,66.0,68211.0,26,26,100,0,100,0,200,0,100.0,37530.0,100.0,30157767844.0,100.0,280544142006.0
2018-05-01,Z3015CB9,ST4000DM000,4000787030016,0,119,204003392,91,0,100,15,100,0,82,196836065,57,37928,100,0,100,15,100.0,0.0,100.0,0.0,100.0,0.0,100.0,0.0,94.0,6.0,74.0,26.0,100.0,0.0,100.0,6.0,66.0,68211.0,26,26,100,0,100,0,200,0,100.0,37555.0,100.0,30159833372.0,100.0,280576710130.0
2018-05-02,Z3015CB9,ST4000DM000,4000787030016,0,119.0,229446280.0,91.0,0.0,100.0,15.0,100.0,0.0,82.0,197562423.0,57.0,37952.0,100.0,0.0,100.0,15.0,100.0,0.0,100.0,0.0,100.0,0.0,100.0,0.0,94.0,6.0,75.0,25.0,100.0,0.0,100.0,6.0,66.0,68211.0,25.0,25.0,100.0,0.0,100.0,0.0,200.0,0.0,100.0,37578.0,100.0,30161864468.0,100.0,280610280267.0
2018-05-03,Z3015CB9,ST4000DM000,4000787030016,0,110,27299224,91,0,100,15,100,0,82,198600908,57,37977,100,0,100,15,100.0,0.0,100.0,0.0,100.0,0.0,100.0,0.0,94.0,6.0,75.0,25.0,100.0,0.0,100.0,6.0,66.0,68211.0,25,25,100,0,100,0,200,0,100.0,37604.0,100.0,30164624664.0,100.0,280646781268.0
2018-05-04,Z3015CB9,ST4000DM000,4000787030016,0,115,97916800,91,0,100,15,100,0,82,199756619,57,38001,100,0,100,15,100.0,0.0,100.0,0.0,100.0,0.0,100.0,0.0,94.0,6.0,75.0,25.0,100.0,0.0,100.0,6.0,66.0,68214.0,25,25,100,0,100,0,200,0,100.0,37628.0,100.0,30167476370.0,100.0,280693742199.0
2018-05-05,Z3015CB9,ST4000DM000,4000787030016,0,109,24818488,91,0,100,15,100,0,82,200588464,57,38026,100,0,100,15,100.0,0.0,100.0,0.0,100.0,0.0,100.0,0.0,94.0,6.0,75.0,25.0,100.0,0.0,100.0,6.0,66.0,68214.0,25,25,100,0,100,0,200,0,100.0,37652.0,100.0,30169872406.0,100.0,280727091954.0
2018-05-06,Z3015CB9,ST4000DM000,4000787030016,0,117,155173856,91,0,100,15,100,0,83,201394052,57,38050,100,0,100,15,100.0,0.0,100.0,0.0,100.0,0.0,100.0,0.0,94.0,6.0,75.0,25.0,100.0,0.0,100.0,6.0,66.0,68214.0,25,25,100,0,100,0,200,0,100.0,37676.0,100.0,30172214878.0,100.0,280758983041.0
2018-05-07,Z3015CB9,ST4000DM000,4000787030016,0,118,179335224,91,0,100,15,100,0,83,202140735,57,38073,100,0,100,15,100.0,0.0,100.0,0.0,100.0,0.0,100.0,0.0,94.0,6.0,76.0,24.0,100.0,0.0,100.0,6.0,66.0,68214.0,24,24,100,0,100,0,200,0,100.0,37700.0,100.0,30174334710.0,100.0,280790313934.0
2018-05-08,Z3015CB9,ST4000DM000,4000787030016,0,116,110309832,91,0,100,15,100,0,83,202826454,57,38097,100,0,100,15,100.0,0.0,100.0,0.0,100.0,0.0,100.0,0.0,94.0,6.0,75.0,25.0,100.0,0.0,100.0,6.0,66.0,68214.0,25,25,100,0,100,0,200,0,100.0,37723.0,100.0,30176222084.0,100.0,280822810588.0
2018-05-09,Z3015CB9,ST4000DM000,4000787030016,0,114,71087696,91,0,100,15,100,0,83,203540850,57,38122,100,0,100,15,100.0,0.0,100.0,0.0,100.0,0.0,100.0,0.0,94.0,6.0,76.0,24.0,100.0,0.0,100.0,6.0,66.0,68214.0,24,24,100,0,100,0,200,0,100.0,37748.0,100.0,30178335244.0,100.0,280856776623.0
2018-05-10,Z3015CB9,ST4000DM000,4000787030016,0,120,243692960,91,0,100,15,100,0,83,204024077,57,38138,100,0,100,15,100.0,0.0,100.0,0.0,100.0,0.0,100.0,0.0,94.0,6.0,75.0,25.0,100.0,0.0,100.0,6.0,66.0,68214.0,25,25,100,0,100,0,200,0,100.0,37764.0,100.0,30179677146.0,100.0,280880274417.0
2018-05-11,Z3015CB9,ST4000DM000,4000787030016,0,119,231037344,91,0,100,15,100,0,83,205261260,57,38162,100,0,100,15,100.0,0.0,100.0,0.0,100.0,0.0,100.0,0.0,94.0,6.0,76.0,24.0,100.0,0.0,100.0,6.0,66.0,68214.0,24,24,100,0,100,0,200,0,100.0,37789.0,100.0,30182678820.0,100.0,280926842992.0
2018-05-12,Z3015CB9,ST4000DM000,4000787030016,0,118,177044880,91,0,100,15,100,0,83,206223062,57,38186,100,0,100,15,100.0,0.0,100.0,0.0,100.0,0.0,100.0,0.0,94.0,6.0,75.0,25.0,100.0,0.0,100.0,6.0,66.0,68214.0,25,25,100,0,100,0,200,0,100.0,37812.0,100.0,30185112210.0,100.0,280969948286.0
2018-05-13,Z3015CB9,ST4000DM000,4000787030016,0,118,186455576,91,0,100,15,100,0,83,206941989,57,38210,100,0,100,15,100.0,0.0,100.0,0.0,100.0,0.0,100.0,0.0,94.0,6.0,76.0,24.0,100.0,0.0,100.0,6.0,66.0,68214.0,24,24,100,0,100,0,200,0,100.0,37836.0,100.0,30187097148.0,100.0,281000156442.0
2018-05-14,Z3015CB9,ST4000DM000,4000787030016,0,119,231445336,91,0,100,15,100,0,83,207685492,57,38234,100,0,100,15,100.0,0.0,100.0,0.0,100.0,0.0,100.0,0.0,94.0,6.0,75.0,25.0,100.0,0.0,100.0,6.0,66.0,68214.0,25,25,100,0,100,0,200,0,100.0,37861.0,100.0,30189157396.0,100.0,281035421976.0
2018-05-15,Z3015CB9,ST4000DM000,4000787030016,0,105.0,10043456.0,91.0,0.0,100.0,15.0,100.0,0.0,83.0,208417183.0,57.0,38258.0,100.0,0.0,100.0,15.0,100.0,0.0,100.0,0.0,100.0,0.0,100.0,0.0,94.0,6.0,75.0,25.0,100.0,0.0,100.0,6.0,66.0,68214.0,25.0,25.0,100.0,0.0,100.0,0.0,200.0,0.0,100.0,37885.0,100.0,30191186118.0,100.0,281064738713.0
2018-05-16,Z3015CB9,ST4000DM000,4000787030016,0,119,208928232,91,0,100,15,100,0,83,209110348,57,38282,100,0,100,15,100.0,0.0,100.0,0.0,100.0,0.0,100.0,0.0,94.0,6.0,76.0,24.0,100.0,0.0,100.0,6.0,66.0,68214.0,24,24,100,0,100,0,200,0,100.0,37908.0,100.0,30193066918.0,100.0,281102668677.0
2018-05-17,Z3015CB9,ST4000DM000,4000787030016,0,116,113940088,91,0,100,15,100,0,83,210201680,57,38313,100,0,100,15,100.0,0.0,100.0,0.0,100.0,0.0,100.0,0.0,94.0,6.0,75.0,25.0,100.0,0.0,100.0,6.0,66.0,68214.0,25,25,100,0,100,0,200,0,100.0,37939.0,100.0,30196535092.0,100.0,281158035773.0
2018-05-18,Z3015CB9,ST4000DM000,4000787030016,0,112,46380840,91,0,100,15,100,0,83,211280523,57,38337,100,0,100,15,100.0,0.0,100.0,0.0,100.0,0.0,100.0,0.0,94.0,6.0,75.0,25.0,100.0,0.0,100.0,6.0,66.0,68214.0,25,25,100,0,100,0,200,0,100.0,37964.0,100.0,30199839650.0,100.0,281201987876.0
2018-05-19,Z3015CB9,ST4000DM000,4000787030016,0,120,235295872,91,0,100,15,100,0,83,211979567,57,38361,100,0,100,15,100.0,0.0,100.0,0.0,100.0,0.0,100.0,0.0,94.0,6.0,75.0,25.0,100.0,0.0,100.0,6.0,66.0,68214.0,25,25,100,0,100,0,200,0,100.0,37987.0,100.0,30201772050.0,100.0,281230623202.0
2018-05-20,Z3015CB9,ST4000DM000,4000787030016,0,117,156143992,91,0,100,15,100,0,83,212670335,57,38385,100,0,100,15,100.0,0.0,100.0,0.0,100.0,0.0,100.0,0.0,94.0,6.0,74.0,26.0,100.0,0.0,100.0,6.0,66.0,68214.0,26,26,100,0,100,0,200,0,100.0,38011.0,100.0,30204413498.0,100.0,281264569817.0
2018-05-21,Z3015CB9,ST4000DM000,4000787030016,0,117,155140696,91,0,100,15,100,0,83,213218101,57,38403,100,0,100,15,100.0,0.0,100.0,0.0,100.0,0.0,100.0,0.0,94.0,6.0,75.0,25.0,100.0,0.0,100.0,6.0,66.0,68214.0,25,25,100,0,100,0,200,0,100.0,38030.0,100.0,30205905562.0,100.0,281294718469.0
2018-05-22,Z3015CB9,ST4000DM000,4000787030016,0,117,152757832,91,0,100,16,100,0,83,213446339,57,38429,100,0,100,16,100.0,0.0,100.0,0.0,100.0,0.0,100.0,0.0,94.0,6.0,74.0,26.0,100.0,0.0,100.0,7.0,66.0,68229.0,26,26,100,0,100,0,200,0,100.0,38055.0,100.0,30206301470.0,100.0,285561180377.0
2018-05-23,Z3015CB9,ST4000DM000,4000787030016,0,114,71784768,91,0,100,16,100,0,83,213594313,57,38453,100,0,100,16,100.0,0.0,100.0,0.0,100.0,0.0,100.0,0.0,94.0,6.0,75.0,25.0,100.0,0.0,100.0,7.0,66.0,68413.0,25,25,100,0,100,0,200,0,100.0,38078.0,100.0,30206546880.0,100.0,289123594213.0
2018-05-24,Z3015CB9,ST4000DM000,4000787030016,0,117,119361944,91,0,100,17,100,0,83,213692469,57,38477,100,0,100,17,100.0,0.0,100.0,0.0,100.0,0.0,100.0,0.0,94.0,6.0,76.0,24.0,100.0,0.0,100.0,7.0,66.0,69568.0,24,24,100,0,100,0,200,0,100.0,38099.0,100.0,30206665722.0,100.0,289153710441.0
2018-05-25,Z3015CB9,ST4000DM000,4000787030016,0,117,153053760,92,0,100,19,100,0,83,213772252,57,38498,100,0,100,19,100.0,0.0,100.0,0.0,100.0,0.0,100.0,0.0,94.0,6.0,75.0,25.0,100.0,0.0,100.0,8.0,65.0,70542.0,25,25,100,0,100,0,200,0,100.0,38116.0,100.0,30206767148.0,100.0,289171182378.0
2018-05-26,Z3015CB9,ST4000DM000,4000787030016,0,118,189262888,92,0,100,19,100,0,83,213868596,57,38522,100,0,100,19,100.0,0.0,100.0,0.0,100.0,0.0,100.0,0.0,94.0,6.0,75.0,25.0,100.0,0.0,100.0,8.0,65.0,71738.0,25,25,100,0,100,0,200,0,100.0,38135.0,100.0,30206883738.0,100.0,289196064775.0
2018-05-27,Z3015CB9,ST4000DM000,4000787030016,0,120,235352600,92,0,100,19,100,0,83,213976161,56,38549,100,0,100,19,100.0,0.0,100.0,0.0,100.0,0.0,100.0,0.0,94.0,6.0,75.0,25.0,100.0,0.0,100.0,8.0,64.0,73023.0,25,25,100,0,100,0,200,0,100.0,38157.0,100.0,30207012678.0,100.0,289226859355.0
2018-05-28,Z3015CB9,ST4000DM000,4000787030016,0,111,35906096,92,0,100,19,100,0,83,214076541,56,38573,100,0,100,19,100.0,0.0,100.0,0.0,100.0,0.0,100.0,0.0,94.0,6.0,77.0,23.0,100.0,0.0,100.0,8.0,63.0,74164.0,23,23,100,0,100,0,200,0,100.0,38178.0,100.0,30207133008.0,100.0,289258863540.0
2018-05-29,Z3015CB9,ST4000DM000,4000787030016,0,114,81231464,92,0,100,19,100,0,83,214174142,56,38597,100,0,100,19,100.0,0.0,100.0,0.0,100.0,0.0,100.0,0.0,94.0,6.0,76.0,24.0,100.0,0.0,100.0,8.0,63.0,75253.0,24,24,100,0,100,0,200,0,100.0,38198.0,100.0,30207249568.0,100.0,289289379894.0
2018-05-30,Z3015CB9,ST4000DM000,4000787030016,0,117,122719672,92,0,100,19,100,0,83,214270635,56,38621,100,0,100,19,100.0,0.0,100.0,0.0,100.0,0.0,100.0,0.0,94.0,6.0,75.0,25.0,100.0,0.0,100.0,8.0,62.0,76388.0,25,25,100,0,100,0,200,0,100.0,38218.0,100.0,30207366028.0,100.0,289319050457.0
2018-05-31,Z3015CB9,ST4000DM000,4000787030016,0,117,162294768,92,0,100,19,100,0,83,214363710,56,38644,100,0,100,19,100.0,0.0,100.0,0.0,100.0,0.0,100.0,0.0,94.0,6.0,75.0,25.0,100.0,0.0,100.0,8.0,62.0,77458.0,25,25,100,0,100,0,200,0,100.0,38237.0,100.0,30207478818.0,100.0,289348040170.0
2018-06-01,Z3015CB9,ST4000DM000,4000787030016,0,119,208395496,92,0,100,19,100,0,83,214459770,56,38668,100,0,100,19,100.0,0.0,100.0,0.0,100.0,0.0,100.0,0.0,94.0,6.0,75.0,25.0,100.0,0.0,100.0,8.0,61.0,78625.0,25,25,100,0,100,0,200,0,100.0,38257.0,100.0,30207595568.0,100.0,289383264595.0
2018-06-02,Z3015CB9,ST4000DM000,4000787030016,0,106,10940264,92,0,100,19,100,0,83,214559798,56,38692,100,0,100,19,100.0,0.0,100.0,0.0,100.0,0.0,100.0,0.0,94.0,6.0,75.0,25.0,100.0,0.0,100.0,8.0,61.0,79787.0,25,25,100,0,100,0,200,0,100.0,38277.0,100.0,30207715778.0,100.0,289415063399.0
2018-06-03,Z3015CB9,ST4000DM000,4000787030016,0,113,52696472,92,0,100,19,100,0,83,214655842,56,38716,100,0,100,19,100.0,0.0,100.0,0.0,100.0,0.0,100.0,0.0,94.0,6.0,75.0,25.0,100.0,0.0,100.0,8.0,60.0,80921.0,25,25,100,0,100,0,200,0,100.0,38297.0,100.0,30207832188.0,100.0,289445750520.0
2018-06-04,Z3015CB9,ST4000DM000,4000787030016,0,115,94530536,92,0,100,19,100,0,83,214751760,56,38740,100,0,100,19,100.0,0.0,100.0,0.0,100.0,0.0,100.0,0.0,94.0,6.0,75.0,25.0,100.0,0.0,100.0,8.0,59.0,82122.0,25,25,100,0,100,0,200,0,100.0,38317.0,100.0,30207948708.0,100.0,289477433025.0
2018-06-05,Z3015CB9,ST4000DM000,4000787030016,0,117,137681416,92,0,100,19,100,0,83,214851312,56,38764,100,0,100,19,100.0,0.0,100.0,0.0,100.0,0.0,100.0,0.0,94.0,6.0,75.0,25.0,100.0,0.0,100.0,8.0,59.0,83366.0,25,25,100,0,100,0,200,0,100.0,38337.0,100.0,30208068978.0,100.0,289508696793.0
2018-06-06,Z3015CB9,ST4000DM000,4000787030016,0,118,182877200,92,0,100,19,100,0,83,214947879,56,38788,100,0,100,19,100.0,0.0,100.0,0.0,100.0,0.0,100.0,0.0,94.0,6.0,77.0,23.0,100.0,0.0,100.0,8.0,58.0,84503.0,23,23,100,0,100,0,200,0,100.0,38357.0,100.0,30208185528.0,100.0,289542378812.0
2018-06-07,Z3015CB9,ST4000DM000,4000787030016,0,119,222349800,92,0,100,19,100,0,83,215042611,56,38812,100,0,100,19,100.0,0.0,100.0,0.0,100.0,0.0,100.0,0.0,94.0,6.0,75.0,25.0,100.0,0.0,100.0,8.0,58.0,85772.0,25,25,100,0,100,0,200,0,100.0,38376.0,100.0,30208302048.0,100.0,289575362524.0
2018-06-08,Z3015CB9,ST4000DM000,4000787030016,0,110,27211424,92,0,100,19,100,0,83,215153696,56,38839,100,0,100,19,100.0,0.0,100.0,0.0,100.0,0.0,100.0,0.0,94.0,6.0,76.0,24.0,100.0,0.0,100.0,8.0,57.0,87131.0,24,24,100,0,100,0,200,0,100.0,38399.0,100.0,30208437318.0,100.0,289614499148.0
2018-06-09,Z3015CB9,ST4000DM000,4000787030016,0,114,71992232,92,0,100,19,100,0,83,215249516,56,38863,100,0,100,19,100.0,0.0,100.0,0.0,100.0,0.0,100.0,0.0,94.0,6.0,76.0,24.0,100.0,0.0,100.0,8.0,56.0,88326.0,24,24,100,0,100,0,200,0,100.0,38418.0,100.0,30208553818.0,100.0,289650061932.0
2018-06-10,Z3015CB9,ST4000DM000,4000787030016,0,116,115213656,92,0,100,19,100,0,83,215347306,56,38888,100,0,100,19,100.0,0.0,100.0,0.0,100.0,0.0,100.0,0.0,94.0,6.0,76.0,24.0,100.0,0.0,100.0,8.0,56.0,89596.0,24,24,100,0,100,0,200,0,100.0,38438.0,100.0,30208674108.0,100.0,289686657524.0
2018-06-11,Z3015CB9,ST4000DM000,4000787030016,0,117,156304368,92,0,100,19,100,0,83,215442245,56,38911,100,0,100,19,100.0,0.0,100.0,0.0,100.0,0.0,100.0,0.0,94.0,6.0,75.0,25.0,100.0,0.0,100.0,8.0,55.0,90812.0,25,25,100,0,100,0,200,0,100.0,38457.0,100.0,30208790478.0,100.0,289720109509.0
2018-06-12,Z3015CB9,ST4000DM000,4000787030016,0,118,197618384,92,0,100,19,100,0,83,215536993,56,38935,100,0,100,19,100.0,0.0,100.0,0.0,100.0,0.0,100.0,0.0,94.0,6.0,76.0,24.0,100.0,0.0,100.0,8.0,54.0,92042.0,24,24,100,0,100,0,200,0,100.0,38476.0,100.0,30208906998.0,100.0,289755053037.0
2018-06-13,Z3015CB9,ST4000DM000,4000787030016,0,120,727824,92,0,100,19,100,0,83,215633838,56,38959,100,0,100,19,100.0,0.0,100.0,0.0,100.0,0.0,100.0,0.0,94.0,6.0,76.0,24.0,100.0,0.0,100.0,8.0,54.0,93196.0,24,24,100,0,100,0,200,0,100.0,38496.0,100.0,30209023538.0,100.0,289790871589.0
2018-06-14,Z3015CB9,ST4000DM000,4000787030016,0,112,45259520,92,0,100,19,100,0,83,215731904,56,38983,100,0,100,19,100.0,0.0,100.0,0.0,100.0,0.0,100.0,0.0,94.0,6.0,76.0,24.0,100.0,0.0,100.0,8.0,53.0,94481.0,24,24,100,0,100,0,200,0,100.0,38515.0,100.0,30209143848.0,100.0,289827913710.0
2018-06-15,Z3015CB9,ST4000DM000,4000787030016,0,114.0,81986168.0,92.0,0.0,100.0,19.0,100.0,0.0,83.0,215810276.0,56.0,39003.0,100.0,0.0,100.0,19.0,100.0,0.0,100.0,0.0,100.0,0.0,100.0,0.0,94.0,6.0,76.0,24.0,100.0,0.0,100.0,8.0,53.0,95404.0,24.0,24.0,100.0,0.0,100.0,0.0,200.0,0.0,100.0,38531.0,100.0,30209237978.0,100.0,289854292606.0
2018-06-16,Z3015CB9,ST4000DM000,4000787030016,0,117.0,120092736.0,92.0,0.0,100.0,19.0,100.0,0.0,83.0,215907347.0,56.0,39026.0,100.0,0.0,100.0,19.0,100.0,0.0,100.0,0.0,100.0,0.0,100.0,0.0,94.0,6.0,76.0,24.0,100.0,0.0,100.0,8.0,52.0,96560.0,24.0,24.0,100.0,0.0,100.0,0.0,200.0,0.0,100.0,38551.0,100.0,30209354448.0,100.0,289881858654.0
2018-06-17,Z3015CB9,ST4000DM000,4000787030016,0,117.0,155495976.0,92.0,0.0,100.0,19.0,100.0,0.0,83.0,216002684.0,56.0,39050.0,100.0,0.0,100.0,19.0,100.0,0.0,100.0,0.0,100.0,0.0,100.0,0.0,94.0,6.0,76.0,24.0,100.0,0.0,100.0,8.0,52.0,97766.0,24.0,24.0,100.0,0.0,100.0,0.0,200.0,0.0,100.0,38571.0,100.0,30209470988.0,100.0,289909592935.0
2018-06-18,Z3015CB9,ST4000DM000,4000787030016,0,118.0,196751312.0,92.0,0.0,100.0,19.0,100.0,0.0,83.0,216102362.0,56.0,39075.0,100.0,0.0,100.0,19.0,100.0,0.0,100.0,0.0,100.0,0.0,100.0,0.0,94.0,6.0,76.0,24.0,100.0,0.0,100.0,8.0,51.0,98933.0,24.0,24.0,100.0,0.0,100.0,0.0,200.0,0.0,100.0,38591.0,100.0,30209591278.0,100.0,289939359464.0
2018-06-19,Z3015CB9,ST4000DM000,4000787030016,0,119,233800280,92,0,100,19,100,0,83,216198202,56,39099,100,0,100,19,100.0,0.0,100.0,0.0,100.0,0.0,100.0,0.0,94.0,6.0,74.0,26.0,100.0,0.0,100.0,8.0,50.0,100089.0,26,26,100,0,100,0,200,0,100.0,38611.0,100.0,30209707728.0,100.0,289966333936.0
2018-06-20,Z3015CB9,ST4000DM000,4000787030016,0,110,28314144,92,0,100,19,100,0,83,216294142,56,39122,100,0,100,19,100.0,0.0,100.0,0.0,100.0,0.0,100.0,0.0,94.0,6.0,75.0,25.0,100.0,0.0,100.0,8.0,50.0,101234.0,25,25,100,0,100,0,200,0,100.0,38630.0,100.0,30209824138.0,100.0,289995448352.0
2018-06-21,Z3015CB9,ST4000DM000,4000787030016,0,114,70852512,92,0,100,19,100,0,83,216394274,56,39147,100,0,100,19,100.0,0.0,100.0,0.0,100.0,0.0,100.0,0.0,94.0,6.0,75.0,25.0,100.0,0.0,100.0,8.0,49.0,102348.0,25,25,100,0,100,0,200,0,100.0,38651.0,100.0,30209944318.0,100.0,290024089185.0
2018-06-22,Z3015CB9,ST4000DM000,4000787030016,0,116,109856688,92,0,100,19,100,0,83,216490566,56,39171,100,0,100,19,100.0,0.0,100.0,0.0,100.0,0.0,100.0,0.0,94.0,6.0,74.0,26.0,100.0,0.0,100.0,8.0,49.0,103481.0,26,26,100,0,100,0,200,0,100.0,38671.0,100.0,30210060838.0,100.0,290052013320.0
2018-06-23,Z3015CB9,ST4000DM000,4000787030016,0,117,154051464,92,0,100,19,100,0,83,216588384,56,39194,100,0,100,19,100.0,0.0,100.0,0.0,100.0,0.0,100.0,0.0,94.0,6.0,74.0,26.0,100.0,0.0,100.0,8.0,48.0,104586.0,26,26,100,0,100,0,200,0,100.0,38691.0,100.0,30210177348.0,100.0,290080606582.0
2018-06-24,Z3015CB9,ST4000DM000,4000787030016,0,119,203723800,92,0,100,19,100,0,83,216687890,56,39218,100,0,100,19,100.0,0.0,100.0,0.0,100.0,0.0,100.0,0.0,94.0,6.0,75.0,25.0,100.0,0.0,100.0,8.0,48.0,105713.0,25,25,100,0,100,0,200,0,100.0,38710.0,100.0,30210293758.0,100.0,290108599865.0
2018-06-25,Z3015CB9,ST4000DM000,4000787030016,0,120,2260856,92,0,100,19,100,0,83,216788057,56,39243,100,0,100,19,100.0,0.0,100.0,0.0,100.0,0.0,100.0,0.0,94.0,6.0,75.0,25.0,100.0,0.0,100.0,8.0,47.0,106888.0,25,25,100,0,100,0,200,0,100.0,38731.0,100.0,30210414108.0,100.0,290138162951.0
2018-06-26,Z3015CB9,ST4000DM000,4000787030016,0,112,48464928,92,0,100,19,100,0,83,216886566,56,39266,100,0,100,19,100.0,0.0,100.0,0.0,100.0,0.0,100.0,0.0,94.0,6.0,75.0,25.0,100.0,0.0,100.0,8.0,47.0,107945.0,25,25,100,0,100,0,200,0,100.0,38751.0,100.0,30210530668.0,100.0,290167466521.0
2018-06-27,Z3015CB9,ST4000DM000,4000787030016,0,115,87515120,92,0,100,19,100,0,83,216983103,56,39290,100,0,100,19,100.0,0.0,100.0,0.0,100.0,0.0,100.0,0.0,94.0,6.0,75.0,25.0,100.0,0.0,100.0,8.0,46.0,109088.0,25,25,100,0,100,0,200,0,100.0,38771.0,100.0,30210647118.0,100.0,290194967381.0
2018-06-28,Z3015CB9,ST4000DM000,4000787030016,0,117,132987936,92,0,100,19,100,0,83,217083975,56,39315,100,0,100,19,100.0,0.0,100.0,0.0,100.0,0.0,100.0,0.0,94.0,6.0,75.0,25.0,100.0,0.0,100.0,8.0,45.0,110251.0,25,25,100,0,100,0,200,0,100.0,38791.0,100.0,30210767448.0,100.0,290225039659.0
2018-06-29,Z3015CB9,ST4000DM000,4000787030016,0,118,173344712,92,0,100,19,100,0,83,217181155,56,39338,100,0,100,19,100.0,0.0,100.0,0.0,100.0,0.0,100.0,0.0,94.0,6.0,74.0,26.0,100.0,0.0,100.0,8.0,45.0,111377.0,26,26,100,0,100,0,200,0,100.0,38811.0,100.0,30210883878.0,100.0,290252054051.0
2018-06-30,Z3015CB9,ST4000DM000,4000787030016,0,119,227014576,92,0,100,19,100,0,83,217294549,56,39366,100,0,100,19,100.0,0.0,100.0,0.0,100.0,0.0,100.0,0.0,94.0,6.0,75.0,25.0,100.0,0.0,100.0,8.0,44.0,112688.0,25,25,100,0,100,0,200,0,100.0,38835.0,100.0,30211019378.0,100.0,290288545061.0
2018-07-01,Z3015CB9,ST4000DM000,4000787030016,0,111,35320976,92,0,100,19,100,0,83,217392661,56,39390,100,0,100,19,100.0,0.0,100.0,0.0,100.0,0.0,100.0,0.0,94.0,6.0,75.0,25.0,100.0,0.0,100.0,8.0,44.0,113741.0,25,25,100,0,100,0,200,0,100.0,38855.0,100.0,30211135938.0,100.0,290324828225.0
2018-07-02,Z3015CB9,ST4000DM000,4000787030016,0,115,87856552,92,0,100,19,100,0,83,217493332,56,39415,100,0,100,19,100.0,0.0,100.0,0.0,100.0,0.0,100.0,0.0,94.0,6.0,75.0,25.0,100.0,0.0,100.0,8.0,43.0,114876.0,25,25,100,0,100,0,200,0,100.0,38875.0,100.0,30211256138.0,100.0,290361109066.0
2018-07-03,Z3015CB9,ST4000DM000,4000787030016,0,115,90926752,92,0,100,19,100,0,83,217830484,55,39438,100,0,100,19,100.0,0.0,100.0,0.0,100.0,0.0,100.0,0.0,94.0,6.0,75.0,25.0,100.0,0.0,100.0,8.0,43.0,115536.0,25,25,100,0,100,0,200,0,100.0,38897.0,100.0,30211372618.0,100.0,290491791503.0
2018-07-04,Z3015CB9,ST4000DM000,4000787030016,0,115,86846376,92,0,100,19,100,0,83,218605619,55,39462,100,0,100,19,100.0,0.0,100.0,0.0,100.0,0.0,100.0,0.0,94.0,6.0,75.0,25.0,100.0,0.0,100.0,8.0,43.0,115537.0,25,25,100,0,100,0,200,0,100.0,38920.0,100.0,30211489028.0,100.0,290807375159.0
2018-07-05,Z3015CB9,ST4000DM000,4000787030016,0,115,84906616,92,0,100,19,100,0,83,219431684,55,39487,100,0,100,19,100.0,0.0,100.0,0.0,100.0,0.0,100.0,0.0,94.0,6.0,74.0,26.0,100.0,0.0,100.0,8.0,43.0,115537.0,26,26,100,0,100,0,200,0,100.0,38945.0,100.0,30211609128.0,100.0,291156040830.0
2018-07-06,Z3015CB9,ST4000DM000,4000787030016,0,120,236137056,92,0,100,19,100,0,83,220218605,55,39510,100,0,100,19,100.0,0.0,100.0,0.0,100.0,0.0,100.0,0.0,94.0,6.0,75.0,25.0,100.0,0.0,100.0,8.0,43.0,115537.0,25,25,100,0,100,0,200,0,100.0,38969.0,100.0,30211725408.0,100.0,291501275038.0
2018-07-07,Z3015CB9,ST4000DM000,4000787030016,0,116,110570984,92,0,100,19,100,0,83,220995905,55,39534,100,0,100,19,100.0,0.0,100.0,0.0,100.0,0.0,100.0,0.0,94.0,6.0,74.0,26.0,100.0,0.0,100.0,8.0,43.0,115537.0,26,26,100,0,100,0,200,0,100.0,38993.0,100.0,30211841728.0,100.0,291847528900.0
2018-07-08,Z3015CB9,ST4000DM000,4000787030016,0,114,77866288,92,0,100,19,100,0,83,221837302,55,39558,100,0,100,19,100.0,0.0,100.0,0.0,100.0,0.0,100.0,0.0,94.0,6.0,74.0,26.0,100.0,0.0,100.0,8.0,43.0,115537.0,26,26,100,0,100,0,200,0,100.0,39016.0,100.0,30211958048.0,100.0,292176989631.0
2018-07-09,Z3015CB9,ST4000DM000,4000787030016,0,115,98680776,92,0,100,19,100,0,83,222622925,55,39582,100,0,100,19,100.0,0.0,100.0,0.0,100.0,0.0,100.0,0.0,94.0,6.0,74.0,26.0,100.0,0.0,100.0,8.0,43.0,115537.0,26,26,100,0,100,0,200,0,100.0,39041.0,100.0,30212077988.0,100.0,292497289210.0
2018-07-10,Z3015CB9,ST4000DM000,4000787030016,0,109.0,22330896.0,92.0,0.0,100.0,19.0,100.0,0.0,83.0,223115220.0,55.0,39606.0,100.0,0.0,100.0,19.0,100.0,0.0,100.0,0.0,100.0,0.0,100.0,0.0,94.0,6.0,75.0,25.0,100.0,0.0,100.0,8.0,43.0,115539.0,25.0,25.0,100.0,0.0,100.0,0.0,200.0,0.0,100.0,39065.0,100.0,30212194478.0,100.0,292712622927.0
2018-07-11,Z3015CB9,ST4000DM000,4000787030016,0,117,119891752,92,0,100,19,100,0,83,223416331,55,39630,100,0,100,19,100.0,0.0,100.0,0.0,100.0,0.0,100.0,0.0,94.0,6.0,75.0,25.0,100.0,0.0,100.0,8.0,42.0,116208.0,25,25,100,0,100,0,200,0,100.0,39086.0,100.0,30212310978.0,100.0,292819655335.0
2018-07-12,Z3015CB9,ST4000DM000,4000787030016,0,116,104227848,92,0,100,19,100,0,83,224220948,55,39654,100,0,100,19,100.0,0.0,100.0,0.0,100.0,0.0,100.0,0.0,94.0,6.0,76.0,24.0,100.0,0.0,100.0,8.0,42.0,116210.0,24,24,100,0,100,0,200,0,100.0,39111.0,100.0,30212431108.0,100.0,293143839009.0
2018-07-13,Z3015CB9,ST4000DM000,4000787030016,0,119,211009608,92,0,100,19,100,0,83,224989337,55,39677,100,0,100,19,100.0,0.0,100.0,0.0,100.0,0.0,100.0,0.0,94.0,6.0,76.0,24.0,100.0,0.0,100.0,8.0,42.0,116245.0,24,24,100,0,100,0,200,0,100.0,39132.0,100.0,30212536778.0,100.0,293438961201.0
2018-07-14,Z3015CB9,ST4000DM000,4000787030016,0,109,21269920,92,0,100,19,100,0,83,225813604,55,39700,100,0,100,19,100.0,0.0,100.0,0.0,100.0,0.0,100.0,0.0,94.0,6.0,76.0,24.0,100.0,0.0,100.0,8.0,42.0,116245.0,24,24,100,0,100,0,200,0,100.0,39156.0,100.0,30212653218.0,100.0,293768075343.0
2018-07-15,Z3015CB9,ST4000DM000,4000787030016,0,118,189775168,92,0,100,19,100,0,83,226597470,55,39725,100,0,100,19,100.0,0.0,100.0,0.0,100.0,0.0,100.0,0.0,94.0,6.0,76.0,24.0,100.0,0.0,100.0,8.0,42.0,116246.0,24,24,100,0,100,0,200,0,100.0,39181.0,100.0,30212773338.0,100.0,294107055892.0
2018-07-16,Z3015CB9,ST4000DM000,4000787030016,0,119,218110584,92,0,100,19,100,0,83,227347036,55,39749,100,0,100,19,100.0,0.0,100.0,0.0,100.0,0.0,100.0,0.0,94.0,6.0,76.0,24.0,100.0,0.0,100.0,8.0,42.0,116246.0,24,24,100,0,100,0,200,0,100.0,39204.0,100.0,30212889578.0,100.0,294421126363.0
2018-07-17,Z3015CB9,ST4000DM000,4000787030016,0,119,230357120,92,0,100,19,100,0,83,228095717,55,39772,100,0,100,19,100.0,0.0,100.0,0.0,100.0,0.0,100.0,0.0,94.0,6.0,77.0,23.0,100.0,0.0,100.0,8.0,42.0,116246.0,23,23,100,0,100,0,200,0,100.0,39228.0,100.0,30213005908.0,100.0,294742464808.0
2018-07-18,Z3015CB9,ST4000DM000,4000787030016,0,119,231817080,92,0,100,19,100,0,83,228777175,55,39796,100,0,100,19,100.0,0.0,100.0,0.0,100.0,0.0,100.0,0.0,94.0,6.0,76.0,24.0,100.0,0.0,100.0,8.0,42.0,116247.0,24,24,100,0,100,0,200,0,100.0,39252.0,100.0,30213122258.0,100.0,295045593238.0
2018-07-19,Z3015CB9,ST4000DM000,4000787030016,0,119,230714000,92,0,100,19,100,0,83,229013768,55,39821,100,0,100,19,100.0,0.0,100.0,0.0,100.0,0.0,100.0,0.0,94.0,6.0,76.0,24.0,100.0,0.0,100.0,8.0,42.0,116856.0,24,24,100,0,100,0,200,0,100.0,39275.0,100.0,30213242468.0,100.0,295117824217.0
2018-07-20,Z3015CB9,ST4000DM000,4000787030016,0,119,217594880,92,0,100,19,100,0,83,229308226,55,39844,100,0,100,19,100.0,0.0,100.0,0.0,100.0,0.0,100.0,0.0,94.0,6.0,76.0,24.0,100.0,0.0,100.0,8.0,42.0,116860.0,24,24,100,0,100,0,200,0,100.0,39298.0,100.0,30213359118.0,100.0,295240402086.0
2018-07-21,Z3015CB9,ST4000DM000,4000787030016,0,117,133815712,92,0,100,19,100,0,83,229559708,55,39868,100,0,100,19,100.0,0.0,100.0,0.0,100.0,0.0,100.0,0.0,94.0,6.0,77.0,23.0,100.0,0.0,100.0,8.0,42.0,116860.0,23,23,100,0,100,0,200,0,100.0,39322.0,100.0,30213475608.0,100.0,295350530016.0
2018-07-22,Z3015CB9,ST4000DM000,4000787030016,0,119,233550568,92,0,100,19,100,0,83,229808927,55,39893,100,0,100,19,100.0,0.0,100.0,0.0,100.0,0.0,100.0,0.0,94.0,6.0,77.0,23.0,100.0,0.0,100.0,8.0,42.0,116867.0,23,23,100,0,100,0,200,0,100.0,39347.0,100.0,30213595998.0,100.0,295452873145.0
2018-07-23,Z3015CB9,ST4000DM000,4000787030016,0,117,131929680,92,0,100,19,100,0,83,230069798,55,39917,100,0,100,19,100.0,0.0,100.0,0.0,100.0,0.0,100.0,0.0,94.0,6.0,77.0,23.0,100.0,0.0,100.0,8.0,42.0,116869.0,23,23,100,0,100,0,200,0,100.0,39370.0,100.0,30213712468.0,100.0,295559913304.0
2018-07-24,Z3015CB9,ST4000DM000,4000787030016,0,114,74247088,92,0,100,19,100,0,83,230354221,55,39940,100,0,100,19,100.0,0.0,100.0,0.0,100.0,0.0,100.0,0.0,94.0,6.0,76.0,24.0,100.0,0.0,100.0,8.0,42.0,116871.0,24,24,100,0,100,0,200,0,100.0,39394.0,100.0,30213829018.0,100.0,295675564670.0
2018-07-25,Z3015CB9,ST4000DM000,4000787030016,0,108.0,20429632.0,92.0,0.0,100.0,19.0,100.0,0.0,83.0,230621253.0,55.0,39965.0,100.0,0.0,100.0,19.0,100.0,0.0,100.0,0.0,100.0,0.0,100.0,0.0,94.0,6.0,77.0,23.0,100.0,0.0,100.0,8.0,42.0,116871.0,23.0,23.0,100.0,0.0,100.0,0.0,200.0,0.0,100.0,39419.0,100.0,30213949388.0,100.0,295792141018.0
2018-07-26,Z3015CB9,ST4000DM000,4000787030016,0,117,120024328,92,0,100,19,100,0,83,230874792,55,39989,100,0,100,19,100.0,0.0,100.0,0.0,100.0,0.0,100.0,0.0,94.0,6.0,76.0,24.0,100.0,0.0,100.0,8.0,42.0,116878.0,24,24,100,0,100,0,200,0,100.0,39442.0,100.0,30214065838.0,100.0,295897491645.0
2018-07-27,Z3015CB9,ST4000DM000,4000787030016,0,109,23022856,92,0,100,19,100,0,83,231159880,55,40012,100,0,100,19,100.0,0.0,100.0,0.0,100.0,0.0,100.0,0.0,94.0,6.0,78.0,22.0,100.0,0.0,100.0,8.0,42.0,116887.0,22,22,100,0,100,0,200,0,100.0,39466.0,100.0,30214182488.0,100.0,296006605278.0
2018-07-28,Z3015CB9,ST4000DM000,4000787030016,0,116,110064984,92,0,100,19,100,0,83,231425240,55,40036,100,0,100,19,100.0,0.0,100.0,0.0,100.0,0.0,100.0,0.0,94.0,6.0,77.0,23.0,100.0,0.0,100.0,8.0,42.0,116962.0,23,23,100,0,100,0,200,0,100.0,39490.0,100.0,30214299388.0,100.0,296101707058.0
2018-07-29,Z3015CB9,ST4000DM000,4000787030016,0,115,87859864,92,0,100,19,100,0,83,231708269,55,40060,100,0,100,19,100.0,0.0,100.0,0.0,100.0,0.0,100.0,0.0,94.0,6.0,76.0,24.0,100.0,0.0,100.0,8.0,42.0,116964.0,24,24,100,0,100,0,200,0,100.0,39514.0,100.0,30214415918.0,100.0,296219907617.0
2018-07-30,Z3015CB9,ST4000DM000,4000787030016,0,119,223248312,92,0,100,19,100,0,83,231981300,55,40085,100,0,100,19,100.0,0.0,100.0,0.0,100.0,0.0,100.0,0.0,94.0,6.0,76.0,24.0,100.0,0.0,100.0,8.0,42.0,116969.0,24,24,100,0,100,0,200,0,100.0,39538.0,100.0,30214536208.0,100.0,296327250219.0
2018-07-31,Z3015CB9,ST4000DM000,4000787030016,0,117,133911776,92,0,100,19,100,0,83,232190566,55,40109,100,0,100,19,100.0,0.0,100.0,0.0,100.0,0.0,100.0,0.0,94.0,6.0,77.0,23.0,100.0,0.0,100.0,8.0,42.0,117178.0,23,23,100,0,100,0,200,0,100.0,39561.0,100.0,30214652858.0,100.0,296405194014.0
2018-08-01,Z3015CB9,ST4000DM000,4000787030016,0,118,192870560,92,0,100,19,100,0,83,232438038,55,40132,100,0,100,19,100.0,0.0,100.0,0.0,100.0,0.0,100.0,0.0,94.0,6.0,77.0,23.0,100.0,0.0,100.0,8.0,42.0,117182.0,23,23,100,0,100,0,200,0,100.0,39585.0,100.0,30214769288.0,100.0,296499401892.0
2018-08-02,Z3015CB9,ST4000DM000,4000787030016,0,120,235365728,92,0,100,19,100,0,83,232769944,55,40157,100,0,100,19,100.0,0.0,100.0,0.0,100.0,0.0,100.0,0.0,94.0,6.0,76.0,24.0,100.0,0.0,100.0,8.0,42.0,117184.0,24,24,100,0,100,0,200,0,100.0,39610.0,100.0,30214889608.0,100.0,296624491826.0
2018-08-03,Z3015CB9,ST4000DM000,4000787030016,0,117,151869088,92,0,100,19,100,0,83,233050376,55,40181,100,0,100,19,100.0,0.0,100.0,0.0,100.0,0.0,100.0,0.0,94.0,6.0,77.0,23.0,100.0,0.0,100.0,8.0,42.0,117186.0,23,23,100,0,100,0,200,0,100.0,39633.0,100.0,30215006058.0,100.0,296730968791.0
2018-08-04,Z3015CB9,ST4000DM000,4000787030016,0,119,226611640,92,0,100,19,100,0,83,233380133,55,40204,100,0,100,19,100.0,0.0,100.0,0.0,100.0,0.0,100.0,0.0,94.0,6.0,76.0,24.0,100.0,0.0,100.0,8.0,42.0,117188.0,24,24,100,0,100,0,200,0,100.0,39657.0,100.0,30215122578.0,100.0,296862594249.0
2018-08-05,Z3015CB9,ST4000DM000,4000787030016,0,114,65008176,92,0,100,19,100,0,83,233641617,55,40228,100,0,100,19,100.0,0.0,100.0,0.0,100.0,0.0,100.0,0.0,94.0,6.0,76.0,24.0,100.0,0.0,100.0,8.0,42.0,117192.0,24,24,100,0,100,0,200,0,100.0,39681.0,100.0,30215239138.0,100.0,296960986144.0
2018-08-06,Z3015CB9,ST4000DM000,4000787030016,0,118,170040344,92,0,100,19,100,0,83,233958675,55,40253,100,0,100,19,100.0,0.0,100.0,0.0,100.0,0.0,100.0,0.0,94.0,6.0,76.0,24.0,100.0,0.0,100.0,8.0,42.0,117192.0,24,24,100,0,100,0,200,0,100.0,39706.0,100.0,30215359448.0,100.0,297102592878.0
2018-08-07,Z3015CB9,ST4000DM000,4000787030016,0,114,64242824,92,0,100,19,100,0,83,234249058,55,40276,100,0,100,19,100.0,0.0,100.0,0.0,100.0,0.0,100.0,0.0,94.0,6.0,77.0,23.0,100.0,0.0,100.0,8.0,42.0,117211.0,23,23,100,0,100,0,200,0,100.0,39729.0,100.0,30215475868.0,100.0,297217233507.0
2018-08-08,Z3015CB9,ST4000DM000,4000787030016,0,117,153985752,92,0,100,19,100,0,83,234613373,54,40300,100,0,100,19,100.0,0.0,100.0,0.0,100.0,0.0,100.0,0.0,94.0,6.0,77.0,23.0,100.0,0.0,100.0,8.0,42.0,117222.0,23,23,100,0,100,0,200,0,100.0,39753.0,100.0,30215592288.0,100.0,297369905184.0
2018-08-09,Z3015CB9,ST4000DM000,4000787030016,0,118,192064120,92,0,100,19,100,0,84,235079809,54,40325,100,0,100,19,100.0,0.0,100.0,0.0,100.0,0.0,100.0,0.0,94.0,6.0,78.0,22.0,100.0,0.0,100.0,8.0,42.0,117237.0,22,22,100,0,100,0,200,0,100.0,39778.0,100.0,30215712578.0,100.0,297557091422.0
2018-08-10,Z3015CB9,ST4000DM000,4000787030016,0,117,140555816,92,0,100,19,100,0,84,235592293,54,40348,100,0,100,19,100.0,0.0,100.0,0.0,100.0,0.0,100.0,0.0,94.0,6.0,77.0,23.0,100.0,0.0,100.0,8.0,42.0,117262.0,23,23,100,0,100,0,200,0,100.0,39801.0,100.0,30215825618.0,100.0,297759703792.0
2018-08-11,Z3015CB9,ST4000DM000,4000787030016,0,116,115432368,92,0,100,19,100,0,84,235932765,54,40372,100,0,100,19,100.0,0.0,100.0,0.0,100.0,0.0,100.0,0.0,94.0,6.0,77.0,23.0,100.0,0.0,100.0,8.0,42.0,117288.0,23,23,100,0,100,0,200,0,100.0,39824.0,100.0,30215942118.0,100.0,297889619197.0
2018-08-12,Z3015CB9,ST4000DM000,4000787030016,0,118,184003272,92,0,100,19,100,0,84,236035088,54,40396,100,0,100,19,100.0,0.0,100.0,0.0,100.0,0.0,100.0,0.0,94.0,6.0,78.0,22.0,100.0,0.0,100.0,8.0,41.0,118360.0,22,22,100,0,100,0,200,0,100.0,39845.0,100.0,30216062298.0,100.0,297927844166.0
2018-08-13,Z3015CB9,ST4000DM000,4000787030016,0,119,225236792,92,0,100,19,100,0,84,236129827,54,40420,100,0,100,19,100.0,0.0,100.0,0.0,100.0,0.0,100.0,0.0,94.0,6.0,79.0,21.0,100.0,0.0,100.0,8.0,41.0,119542.0,21,21,100,0,100,0,200,0,100.0,39865.0,100.0,30216178818.0,100.0,297962980502.0
2018-08-14,Z3015CB9,ST4000DM000,4000787030016,0,120.0,239152600.0,92.0,0.0,100.0,19.0,100.0,0.0,84.0,236163272.0,54.0,40429.0,100.0,0.0,100.0,19.0,100.0,0.0,100.0,0.0,100.0,0.0,100.0,0.0,94.0,6.0,77.0,23.0,100.0,0.0,100.0,8.0,41.0,119980.0,23.0,23.0,100.0,0.0,100.0,0.0,200.0,0.0,100.0,39872.0,100.0,30216220118.0,100.0,297974768806.0
