2019-01-01,ZCH08014,ST12000NM0007,12000138625024,0,82,167194664,97.0,0.0,100.0,3.0,100.0,0.0,85.0,327123027.0,89,10488,100.0,0.0,100,2,,,,,100.0,0.0,100.0,0.0,,,81.0,19.0,,,100.0,110.0,100.0,1509.0,19,19,100.0,0.0,100.0,0.0,200.0,0.0,100.0,10022.0,100.0,51810471432.0,100.0,86540452152.0
2019-01-02,ZCH08014,ST12000NM0007,12000138625024,0,78,69622064,97.0,0.0,100.0,3.0,100.0,0.0,85.0,328781004.0,88,10512,100.0,0.0,100,2,,,,,100.0,0.0,100.0,0.0,,,81.0,19.0,,,100.0,110.0,100.0,1510.0,19,19,100.0,0.0,100.0,0.0,200.0,0.0,100.0,10046.0,100.0,51817673384.0,100.0,86679818432.0
2019-01-03,ZCH08014,ST12000NM0007,12000138625024,0,84.0,234615456.0,97.0,0.0,100.0,3.0,100.0,0.0,85.0,330557351.0,88.0,10537.0,100.0,0.0,100.0,2.0,,,,,100.0,0.0,100.0,0.0,,,80.0,20.0,,,100.0,111.0,100.0,1511.0,20.0,20.0,100.0,0.0,100.0,0.0,200.0,0.0,100.0,10070.0,100.0,51825524248.0,100.0,86836960960.0
2019-01-04,ZCH08014,ST12000NM0007,12000138625024,0,80,90694810,97.0,0.0,100.0,3.0,100.0,0.0,85.0,331702301.0,88,10555,100.0,0.0,100,2,,,,,100.0,0.0,100.0,0.0,,,79.0,21.0,,,100.0,112.0,100.0,1518.0,21,21,100.0,0.0,100.0,0.0,200.0,0.0,100.0,10088.0,100.0,51831657096.0,100.0,86931048170.0
2019-01-05,ZCH08014,ST12000NM0007,12000138625024,0,76,42492680,97.0,0.0,100.0,3.0,100.0,0.0,85.0,333608226.0,88,10580,100.0,0.0,100,2,,,,,100.0,0.0,100.0,0.0,,,78.0,22.0,,,100.0,113.0,100.0,1519.0,22,22,100.0,0.0,100.0,0.0,200.0,0.0,100.0,10112.0,100.0,51841322952.0,100.0,87117320842.0
2019-01-06,ZCH08014,ST12000NM0007,12000138625024,0,83,223509992,97.0,0.0,100.0,3.0,100.0,0.0,85.0,337018846.0,88,10604,100.0,0.0,100,2,,,,,100.0,0.0,100.0,0.0,,,79.0,21.0,,,100.0,114.0,100.0,1520.0,21,21,100.0,0.0,100.0,0.0,200.0,0.0,100.0,10136.0,100.0,51862608304.0,100.0,87277052802.0
2019-01-07,ZCH08014,ST12000NM0007,12000138625024,0,82,149080072,97.0,0.0,100.0,3.0,100.0,0.0,85.0,338927669.0,88,10627,100.0,0.0,100,2,,,,,100.0,0.0,100.0,0.0,,,79.0,21.0,,,100.0,114.0,100.0,1521.0,21,21,100.0,0.0,100.0,0.0,200.0,0.0,100.0,10159.0,100.0,51873639432.0,100.0,87435732402.0
2019-01-08,ZCH08014,ST12000NM0007,12000138625024,0,80,106828256,97.0,0.0,100.0,3.0,100.0,0.0,85.0,342561869.0,88,10651,100.0,0.0,100,2,,,,,100.0,0.0,100.0,0.0,,,79.0,21.0,,,100.0,114.0,100.0,1522.0,21,21,100.0,0.0,100.0,0.0,200.0,0.0,100.0,10183.0,100.0,51895549816.0,100.0,87615711026.0
2019-01-09,ZCH08014,ST12000NM0007,12000138625024,0,70,9547360,97.0,0.0,100.0,3.0,100.0,0.0,85.0,344288077.0,88,10675,100.0,0.0,100,2,,,,,100.0,0.0,100.0,0.0,,,80.0,20.0,,,100.0,115.0,100.0,1523.0,20,20,100.0,0.0,100.0,0.0,200.0,0.0,100.0,10207.0,100.0,51903082712.0,100.0,87755037946.0
2019-01-10,ZCH08014,ST12000NM0007,12000138625024,0,82,150720888,97.0,0.0,100.0,3.0,100.0,0.0,85.0,345861464.0,88,10699,100.0,0.0,100,2,,,,,100.0,0.0,100.0,0.0,,,80.0,20.0,,,100.0,115.0,100.0,1524.0,20,20,100.0,0.0,100.0,0.0,200.0,0.0,100.0,10231.0,100.0,51908433472.0,100.0,87890860714.0
2019-01-11,ZCH08014,ST12000NM0007,12000138625024,0,83.0,204806368.0,97.0,0.0,100.0,3.0,100.0,0.0,85.0,346524589.0,88.0,10710.0,100.0,0.0,100.0,2.0,,,,,100.0,0.0,100.0,0.0,,,80.0,20.0,,,100.0,115.0,100.0,1524.0,20.0,20.0,100.0,0.0,100.0,0.0,200.0,0.0,100.0,10242.0,100.0,51911228440.0,100.0,87942151226.0
2019-01-12,ZCH08014,ST12000NM0007,12000138625024,0,81,122831648,97.0,0.0,100.0,3.0,100.0,0.0,85.0,348103549.0,88,10742,100.0,0.0,100,2,,,,,100.0,0.0,100.0,0.0,,,80.0,20.0,,,100.0,116.0,100.0,1526.0,20,20,100.0,0.0,100.0,0.0,200.0,0.0,100.0,10274.0,100.0,51917420456.0,100.0,88098125258.0
2019-01-13,ZCH08014,ST12000NM0007,12000138625024,0,75,30055232,97.0,0.0,100.0,3.0,100.0,0.0,85.0,350671887.0,88,10758,100.0,0.0,100,2,,,,,100.0,0.0,100.0,0.0,,,78.0,22.0,,,100.0,116.0,100.0,1526.0,22,22,100.0,0.0,100.0,0.0,200.0,0.0,100.0,10290.0,100.0,51931428088.0,100.0,88235481930.0
2019-01-14,ZCH08014,ST12000NM0007,12000138625024,0,83,194935504,97.0,0.0,100.0,3.0,100.0,0.0,85.0,354061324.0,88,10790,100.0,0.0,100,2,,,,,100.0,0.0,100.0,0.0,,,80.0,20.0,,,100.0,117.0,100.0,1528.0,20,20,100.0,0.0,100.0,0.0,200.0,0.0,100.0,10321.0,100.0,51940939256.0,100.0,88390851034.0
2019-01-15,ZCH08014,ST12000NM0007,12000138625024,0,75.0,33154056.0,97.0,0.0,100.0,3.0,100.0,0.0,86.0,354856964.0,88.0,10805.0,100.0,0.0,100.0,2.0,,,,,100.0,0.0,100.0,0.0,,,80.0,20.0,,,100.0,117.0,100.0,1528.0,20.0,20.0,100.0,0.0,100.0,0.0,200.0,0.0,100.0,10337.0,100.0,51943303136.0,100.0,88470846386.0
2019-01-16,ZCH08014,ST12000NM0007,12000138625024,0,82,174287136,97.0,0.0,100.0,3.0,100.0,0.0,86.0,357645673.0,88,10837,100.0,0.0,100,2,,,,,100.0,0.0,100.0,0.0,,,79.0,21.0,,,100,118,100.0,1530.0,21,21,100.0,0.0,100.0,0.0,200.0,0.0,100.0,10368.0,100.0,51962761224.0,100.0,88592521378.0
2019-01-17,ZCH08014,ST12000NM0007,12000138625024,0,83,214282952,97.0,0.0,100.0,3.0,100.0,0.0,86.0,358192877.0,88,10853,100.0,0.0,100,2,,,,,100.0,0.0,100.0,0.0,,,80.0,20.0,,,100,118,100.0,1530.0,20,20,100.0,0.0,100.0,0.0,200.0,0.0,100.0,10384.0,100.0,51965027336.0,100.0,88630251082.0
2019-01-18,ZCH08014,ST12000NM0007,12000138625024,0,79,74486848,97.0,0.0,100.0,3.0,100.0,0.0,86.0,359402293.0,88,10885,100.0,0.0,100,2,,,,,100.0,0.0,100.0,0.0,,,80.0,20.0,,,100,119,100.0,1532.0,20,20,100.0,0.0,100.0,0.0,200.0,0.0,100.0,10416.0,100.0,51969540080.0,100.0,88730082882.0
2019-01-19,ZCH08014,ST12000NM0007,12000138625024,0,82,172244680,97.0,0.0,100.0,3.0,100.0,0.0,86.0,360352478.0,88,10901,100.0,0.0,100,2,,,,,100.0,0.0,100.0,0.0,,,80.0,20.0,,,100,119,100.0,1532.0,20,20,100.0,0.0,100.0,0.0,200.0,0.0,100.0,10432.0,100.0,51972011216.0,100.0,88825369578.0
2019-01-20,ZCH08014,ST12000NM0007,12000138625024,0,83,211139312,97.0,0.0,100.0,3.0,100.0,0.0,86.0,364923559.0,88,10932,100.0,0.0,100,2,,,,,100.0,0.0,100.0,0.0,,,79.0,21.0,,,100,120,100.0,1534.0,21,21,100.0,0.0,100.0,0.0,200.0,0.0,100.0,10463.0,100.0,51988280920.0,100.0,89092135290.0
2019-01-21,ZCH08014,ST12000NM0007,12000138625024,0,79,85003024,97.0,0.0,100.0,3.0,100.0,0.0,86.0,366333904.0,88,10948,100.0,0.0,100,2,,,,,100.0,0.0,100.0,0.0,,,80.0,20.0,,,100,120,100.0,1534.0,20,20,100.0,0.0,100.0,0.0,200.0,0.0,100.0,10479.0,100.0,51990944480.0,100.0,89207476258.0
2019-01-22,ZCH08014,ST12000NM0007,12000138625024,0,77.0,51474000.0,97.0,0.0,100.0,3.0,100.0,0.0,86.0,369415201.0,88.0,10980.0,100.0,0.0,100.0,2.0,,,,,100.0,0.0,100.0,0.0,,,79.0,21.0,,,100.0,121.0,100.0,1536.0,21.0,21.0,100.0,0.0,100.0,0.0,200.0,0.0,100.0,10511.0,100.0,52000405616.0,100.0,89408626730.0
2019-01-23,ZCH08014,ST12000NM0007,12000138625024,0,83.0,221015528.0,97.0,0.0,100.0,3.0,100.0,0.0,86.0,377371211.0,88.0,11012.0,100.0,0.0,100.0,2.0,,,,,100.0,0.0,100.0,0.0,,,78.0,22.0,,,100.0,122.0,100.0,1537.0,22.0,22.0,100.0,0.0,100.0,0.0,200.0,0.0,100.0,10542.0,100.0,52325154920.0,100.0,89741700762.0
2019-01-24,ZCH08014,ST12000NM0007,12000138625024,0,80.0,104815880.0,97.0,0.0,100.0,3.0,100.0,0.0,86.0,382077642.0,88.0,11027.0,100.0,0.0,100.0,2.0,,,,,100.0,0.0,100.0,0.0,,,78.0,22.0,,,100.0,122.0,100.0,1538.0,22.0,22.0,100.0,0.0,100.0,0.0,200.0,0.0,100.0,10558.0,100.0,52510595136.0,100.0,89928342682.0
2019-01-25,ZCH08014,ST12000NM0007,12000138625024,0,83,214764200,97.0,0.0,100.0,3.0,100.0,0.0,86.0,390621526.0,88,11059,100.0,0.0,100,2,,,,,100.0,0.0,100.0,0.0,,,79.0,21.0,,,100,122,100.0,1539.0,21,21,100.0,0.0,100.0,0.0,200.0,0.0,100.0,10589.0,100.0,52785822944.0,100.0,90251344978.0
2019-01-26,ZCH08014,ST12000NM0007,12000138625024,0,75,33122640,97.0,0.0,100.0,3.0,100.0,0.0,86.0,394687629.0,88,11075,100.0,0.0,100,2,,,,,100.0,0.0,100.0,0.0,,,77.0,23.0,,,100,123,100.0,1540.0,23,23,100.0,0.0,100.0,0.0,200.0,0.0,100.0,10605.0,100.0,52943108232.0,100.0,90400699578.0
2019-01-27,ZCH08014,ST12000NM0007,12000138625024,0,82,171852512,97.0,0.0,100.0,3.0,100.0,0.0,86.0,404578023.0,88,11106,100.0,0.0,100,2,,,,,100.0,0.0,100.0,0.0,,,78.0,22.0,,,100,123,100.0,1541.0,22,22,100.0,0.0,100.0,0.0,200.0,0.0,100.0,10636.0,100.0,53275138720.0,100.0,90695680226.0
2019-01-28,ZCH08014,ST12000NM0007,12000138625024,0,79,74285592,97.0,0.0,100.0,3.0,100.0,0.0,86.0,409933648.0,88,11122,100.0,0.0,100,2,,,,,100.0,0.0,100.0,0.0,,,79.0,21.0,,,100,123,100.0,1542.0,21,21,100.0,0.0,100.0,0.0,200.0,0.0,100.0,10652.0,100.0,53457281856.0,100.0,90904251706.0
2019-01-29,ZCH08014,ST12000NM0007,12000138625024,0,79,77871088,97.0,0.0,100.0,3.0,100.0,0.0,86.0,421033047.0,88,11154,100.0,0.0,100,2,,,,,100.0,0.0,100.0,0.0,,,78.0,22.0,,,100,123,100.0,1543.0,22,22,100.0,0.0,100.0,0.0,200.0,0.0,100.0,10684.0,100.0,53830792424.0,100.0,91266748714.0
2019-01-30,ZCH08014,ST12000NM0007,12000138625024,0,83,189512776,97.0,0.0,100.0,3.0,100.0,0.0,86.0,426536367.0,88,11170,100.0,0.0,100,2,,,,,100.0,0.0,100.0,0.0,,,78.0,22.0,,,100,123,100.0,1544.0,22,22,100.0,0.0,100.0,0.0,200.0,0.0,100.0,10699.0,100.0,53974046392.0,100.0,91479277106.0
2019-01-31,ZCH08014,ST12000NM0007,12000138625024,0,75,28239696,97.0,0.0,100.0,3.0,100.0,0.0,86.0,436193935.0,88,11202,100.0,0.0,100,2,,,,,100.0,0.0,100.0,0.0,,,80.0,20.0,,,100,124,100.0,1545.0,20,20,100.0,0.0,100.0,0.0,200.0,0.0,100.0,10731.0,100.0,54129208672.0,100.0,91895264938.0
2019-02-01,ZCH08014,ST12000NM0007,12000138625024,0,84,228397032,97.0,0.0,100.0,3.0,100.0,0.0,86.0,439671311.0,88,11217,100.0,0.0,100,2,,,,,100.0,0.0,100.0,0.0,,,79.0,21.0,,,100,124,100.0,1545.0,21,21,100.0,0.0,100.0,0.0,200.0,0.0,100.0,10747.0,100.0,54134814456.0,100.0,92089816490.0
2019-02-02,ZCH08014,ST12000NM0007,12000138625024,0,79.0,76243424.0,97.0,0.0,100.0,3.0,100.0,0.0,86.0,444622285.0,88.0,11249.0,100.0,0.0,100.0,2.0,,,,,100.0,0.0,100.0,0.0,,,79.0,21.0,,,100.0,126.0,100.0,1547.0,21.0,21.0,100.0,0.0,100.0,0.0,200.0,0.0,100.0,10778.0,100.0,54151055960.0,100.0,92409702962.0
2019-02-03,ZCH08014,ST12000NM0007,12000138625024,0,73,22141240,97.0,0.0,100.0,3.0,100.0,0.0,87.0,448172519.0,88,11265,100.0,0.0,100,2,,,,,100.0,0.0,100.0,0.0,,,79.0,21.0,,,100,126,100.0,1547.0,21,21,100.0,0.0,100.0,0.0,200.0,0.0,100.0,10794.0,100.0,54171490224.0,100.0,92579307146.0
2019-02-04,ZCH08014,ST12000NM0007,12000138625024,0,76,39318096,97.0,0.0,100.0,3.0,100.0,0.0,87.0,451225815.0,88,11297,100.0,0.0,100,2,,,,,100.0,0.0,100.0,0.0,,,79.0,21.0,,,100,128,100.0,1549.0,21,21,100.0,0.0,100.0,0.0,200.0,0.0,100.0,10825.0,100.0,54182828216.0,100.0,92829286690.0
2019-02-05,ZCH08014,ST12000NM0007,12000138625024,0,82.0,177207896.0,97.0,0.0,100.0,3.0,100.0,0.0,87.0,452740988.0,88.0,11313.0,100.0,0.0,100.0,2.0,,,,,100.0,0.0,100.0,0.0,,,78.0,22.0,,,100.0,128.0,100.0,1549.0,22.0,22.0,100.0,0.0,100.0,0.0,200.0,0.0,100.0,10841.0,100.0,54187799584.0,100.0,92962205122.0
2019-02-06,ZCH08014,ST12000NM0007,12000138625024,0,74,26590448,97.0,0.0,100.0,3.0,100.0,0.0,87.0,459447407.0,88,11344,100.0,0.0,100,2,,,,,100.0,0.0,100.0,0.0,,,79.0,21.0,,,100,129,100.0,1551.0,21,21,100.0,0.0,100.0,0.0,200.0,0.0,100.0,10872.0,100.0,54213120872.0,100.0,93274547874.0
2019-02-07,ZCH08014,ST12000NM0007,12000138625024,0,83.0,180479784.0,97.0,0.0,100.0,3.0,100.0,0.0,87.0,461457870.0,88.0,11360.0,100.0,0.0,100.0,2.0,,,,,100.0,0.0,100.0,0.0,,,72.0,28.0,,,100.0,129.0,100.0,1551.0,28.0,28.0,100.0,0.0,100.0,0.0,200.0,0.0,100.0,10888.0,100.0,54219534696.0,100.0,93422023386.0
2019-02-08,ZCH08014,ST12000NM0007,12000138625024,0,83,196842336,97.0,0.0,100.0,3.0,100.0,0.0,87.0,464162192.0,87,11392,100.0,0.0,100,2,,,,,100.0,0.0,100.0,0.0,,,80.0,20.0,,,100,131,100.0,1553.0,20,20,100.0,0.0,100.0,0.0,200.0,0.0,100.0,10920.0,100.0,54229253408.0,100.0,93672808082.0
2019-02-09,ZCH08014,ST12000NM0007,12000138625024,0,79.0,87346744.0,97.0,0.0,100.0,3.0,100.0,0.0,87.0,465582440.0,87.0,11408.0,100.0,0.0,100.0,2.0,,,,,100.0,0.0,100.0,0.0,,,78.0,22.0,,,100.0,131.0,100.0,1553.0,22.0,22.0,100.0,0.0,100.0,0.0,200.0,0.0,100.0,10935.0,100.0,54234228128.0,100.0,93802478490.0
2019-02-10,ZCH08014,ST12000NM0007,12000138625024,0,83,198448088,97.0,0.0,100.0,3.0,100.0,0.0,87.0,471357594.0,87,11439,100.0,0.0,100,2,,,,,100.0,0.0,100.0,0.0,,,78.0,22.0,,,100,132,100.0,1555.0,22,22,100.0,0.0,100.0,0.0,200.0,0.0,100.0,10967.0,100.0,54260353616.0,100.0,94131594978.0
2019-02-11,ZCH08014,ST12000NM0007,12000138625024,0,81,112714016,97.0,0.0,100.0,3.0,100.0,0.0,87.0,474123765.0,87,11455,100.0,0.0,100,2,,,,,100.0,0.0,100.0,0.0,,,78.0,22.0,,,100,132,100.0,1555.0,22,22,100.0,0.0,100.0,0.0,200.0,0.0,100.0,10983.0,100.0,54267619984.0,100.0,94282735170.0
2019-02-12,ZCH08014,ST12000NM0007,12000138625024,0,82.0,143592504.0,97.0,0.0,100.0,3.0,100.0,0.0,87.0,477984377.0,87.0,11487.0,100.0,0.0,100.0,2.0,,,,,100.0,0.0,100.0,0.0,,,77.0,23.0,,,100.0,133.0,100.0,1557.0,23.0,23.0,100.0,0.0,100.0,0.0,200.0,0.0,100.0,11014.0,100.0,54290238160.0,100.0,94535136178.0
2019-02-13,ZCH08014,ST12000NM0007,12000138625024,0,77,47407464,97.0,0.0,100.0,3.0,100.0,0.0,87.0,480542660.0,87,11503,100.0,0.0,100,2,,,,,100.0,0.0,100.0,0.0,,,78.0,22.0,,,100,133,100.0,1557.0,22,22,100.0,0.0,100.0,0.0,200.0,0.0,100.0,11030.0,100.0,54313295392.0,100.0,94660034570.0
2019-02-14,ZCH08014,ST12000NM0007,12000138625024,0,79,87910096,97.0,0.0,100.0,3.0,100.0,0.0,87.0,483737267.0,87,11534,100.0,0.0,100,2,,,,,100.0,0.0,100.0,0.0,,,79.0,21.0,,,100,134,100.0,1559.0,21,21,100.0,0.0,100.0,0.0,200.0,0.0,100.0,11061.0,100.0,54343497016.0,100.0,94914476250.0
2019-02-15,ZCH08014,ST12000NM0007,12000138625024,0,83.0,218666592.0,97.0,0.0,100.0,3.0,100.0,0.0,87.0,485361512.0,87.0,11550.0,100.0,0.0,100.0,2.0,,,,,100.0,0.0,100.0,0.0,,,79.0,21.0,,,100.0,134.0,100.0,1559.0,21.0,21.0,100.0,0.0,100.0,0.0,200.0,0.0,100.0,11077.0,100.0,54357055944.0,100.0,95031673818.0
2019-02-16,ZCH08014,ST12000NM0007,12000138625024,0,84.0,241187768.0,97.0,0.0,100.0,3.0,100.0,0.0,87.0,488840224.0,87.0,11582.0,100.0,0.0,100.0,2.0,,,,,100.0,0.0,100.0,0.0,,,79.0,21.0,,,100.0,134.0,100.0,1561.0,21.0,21.0,100.0,0.0,100.0,0.0,200.0,0.0,100.0,11109.0,100.0,54386548416.0,100.0,95268843194.0
2019-02-17,ZCH08014,ST12000NM0007,12000138625024,0,82,169519184,97.0,0.0,100.0,3.0,100.0,0.0,87.0,491994809.0,87,11598,100.0,0.0,100,2,,,,,100.0,0.0,100.0,0.0,,,78.0,22.0,,,100,134,100.0,1561.0,22,22,100.0,0.0,100.0,0.0,200.0,0.0,100.0,11124.0,100.0,54418184840.0,100.0,95409678898.0
2019-02-18,ZCH08014,ST12000NM0007,12000138625024,0,75,32774064,97.0,0.0,100.0,3.0,100.0,0.0,87.0,497275847.0,87,11629,100.0,0.0,100,2,,,,,100.0,0.0,100.0,0.0,,,76.0,24.0,,,100,135,100.0,1563.0,24,24,100.0,0.0,100.0,0.0,200.0,0.0,100.0,11156.0,100.0,54459130952.0,100.0,95720268986.0
2019-02-19,ZCH08014,ST12000NM0007,12000138625024,0,83,204682560,97.0,0.0,100.0,3.0,100.0,0.0,87.0,499383336.0,87,11645,100.0,0.0,100,2,,,,,100.0,0.0,100.0,0.0,,,76.0,24.0,,,100,135,100.0,1563.0,24,24,100.0,0.0,100.0,0.0,200.0,0.0,100.0,11171.0,100.0,54489981048.0,100.0,95861327386.0
2019-02-20,ZCH08014,ST12000NM0007,12000138625024,0,73.0,18478176.0,97.0,0.0,100.0,3.0,100.0,0.0,87.0,504868967.0,87.0,11677.0,100.0,0.0,100.0,2.0,,,,,100.0,0.0,100.0,0.0,,,78.0,22.0,,,100.0,137.0,100.0,1565.0,22.0,22.0,100.0,0.0,100.0,0.0,200.0,0.0,100.0,11203.0,100.0,54544533680.0,100.0,96108851770.0
2019-02-21,ZCH08014,ST12000NM0007,12000138625024,0,70,10740800,97.0,0.0,100.0,3.0,100.0,0.0,87.0,507914443.0,87,11709,100.0,0.0,100,2,,,,,100.0,0.0,100.0,0.0,,,78.0,22.0,,,100,137,100.0,1566.0,22,22,100.0,0.0,100.0,0.0,200.0,0.0,100.0,11234.0,100.0,54576078376.0,100.0,96313710330.0
2019-02-22,ZCH08014,ST12000NM0007,12000138625024,0,81,129170624,97.0,0.0,100.0,3.0,100.0,0.0,87.0,509063345.0,87,11724,100.0,0.0,100,2,,,,,100.0,0.0,100.0,0.0,,,78.0,22.0,,,100,138,100.0,1567.0,22,22,100.0,0.0,100.0,0.0,200.0,0.0,100.0,11250.0,100.0,54589063520.0,100.0,96419155010.0
2019-02-23,ZCH08014,ST12000NM0007,12000138625024,0,82.0,149573928.0,97.0,0.0,100.0,3.0,100.0,0.0,87.0,511599011.0,87.0,11756.0,100.0,0.0,100.0,2.0,,,,,100.0,0.0,100.0,0.0,,,77.0,23.0,,,100.0,138.0,100.0,1568.0,23.0,23.0,100.0,0.0,100.0,0.0,200.0,0.0,100.0,11282.0,100.0,54617460680.0,100.0,96655301818.0
2019-02-24,ZCH08014,ST12000NM0007,12000138625024,0,80,103759640,97.0,0.0,100.0,3.0,100.0,0.0,87.0,515241034.0,87,11772,100.0,0.0,100,2,,,,,100.0,0.0,100.0,0.0,,,78.0,22.0,,,100,138,100.0,1569.0,22,22,100.0,0.0,100.0,0.0,200.0,0.0,100.0,11298.0,100.0,54659080440.0,100.0,96812008618.0
2019-02-25,ZCH08014,ST12000NM0007,12000138625024,0,79,80572928,97.0,0.0,100.0,3.0,100.0,0.0,87.0,517425162.0,87,11804,100.0,0.0,100,2,,,,,100.0,0.0,100.0,0.0,,,80.0,20.0,,,100,139,100.0,1570.0,20,20,100.0,0.0,100.0,0.0,200.0,0.0,100.0,11329.0,100.0,54693578448.0,100.0,96998464682.0
2019-02-26,ZCH08014,ST12000NM0007,12000138625024,0,83,187241496,97.0,0.0,100.0,3.0,100.0,0.0,87.0,518953908.0,87,11820,100.0,0.0,100,2,,,,,100.0,0.0,100.0,0.0,,,77.0,23.0,,,100,140,100.0,1571.0,23,23,100.0,0.0,100.0,0.0,200.0,0.0,100.0,11345.0,100.0,54711343248.0,100.0,97087368450.0
2019-02-27,ZCH08014,ST12000NM0007,12000138625024,0,83.0,179058696.0,97.0,0.0,100.0,3.0,100.0,0.0,87.0,522731007.0,87.0,11851.0,100.0,0.0,100.0,2.0,,,,,100.0,0.0,100.0,0.0,,,80.0,20.0,,,100.0,141.0,100.0,1572.0,20.0,20.0,100.0,0.0,100.0,0.0,200.0,0.0,100.0,11376.0,100.0,54754895632.0,100.0,97279774074.0
2019-02-28,ZCH08014,ST12000NM0007,12000138625024,0,79,73497176,97.0,0.0,100.0,3.0,100.0,0.0,87.0,524454234.0,87,11867,100.0,0.0,100,2,,,,,100.0,0.0,100.0,0.0,,,79.0,21.0,,,100,141,100.0,1573.0,21,21,100.0,0.0,100.0,0.0,200.0,0.0,100.0,11392.0,100.0,54789493376.0,100.0,97383755450.0
2019-03-01,ZCH08014,ST12000NM0007,12000138625024,0,79.0,82800544.0,97.0,0.0,100.0,3.0,100.0,0.0,87.0,527101784.0,87.0,11899.0,100.0,0.0,100.0,2.0,,,,,100.0,0.0,100.0,0.0,,,79.0,21.0,,,100.0,142.0,100.0,1574.0,21.0,21.0,100.0,0.0,100.0,0.0,200.0,0.0,100.0,11423.0,100.0,54826620272.0,100.0,97600072730.0
2019-03-02,ZCH08014,ST12000NM0007,12000138625024,0,83.0,210989824.0,97.0,0.0,100.0,3.0,100.0,0.0,87.0,528151085.0,87.0,11915.0,100.0,0.0,100.0,2.0,,,,,100.0,0.0,100.0,0.0,,,78.0,22.0,,,100.0,142.0,100.0,1575.0,22.0,22.0,100.0,0.0,100.0,0.0,200.0,0.0,100.0,11439.0,100.0,54841757784.0,100.0,97713124498.0
2019-03-03,ZCH08014,ST12000NM0007,12000138625024,0,75.0,31787848.0,97.0,0.0,100.0,3.0,100.0,0.0,87.0,532937901.0,87.0,11946.0,100.0,0.0,100.0,2.0,,,,,100.0,0.0,100.0,0.0,,,79.0,21.0,,,100.0,142.0,100.0,1576.0,21.0,21.0,100.0,0.0,100.0,0.0,200.0,0.0,100.0,11471.0,100.0,54903753952.0,100.0,97960211770.0
2019-03-04,ZCH08014,ST12000NM0007,12000138625024,0,82,151639120,97.0,0.0,100.0,3.0,100.0,0.0,87.0,534108027.0,87,11962,100.0,0.0,100,2,,,,,100.0,0.0,100.0,0.0,,,79.0,21.0,,,100,143,100.0,1577.0,21,21,100.0,0.0,100.0,0.0,200.0,0.0,100.0,11487.0,100.0,54920987688.0,100.0,98062829306.0
2019-03-05,ZCH08014,ST12000NM0007,12000138625024,0,82.0,149073384.0,97.0,0.0,100.0,3.0,100.0,0.0,87.0,538093881.0,87.0,11994.0,100.0,0.0,100.0,2.0,,,,,100.0,0.0,100.0,0.0,,,80.0,20.0,,,100.0,144.0,100.0,1578.0,20.0,20.0,100.0,0.0,100.0,0.0,200.0,0.0,100.0,11518.0,100.0,54973176472.0,100.0,98252216074.0
2019-03-06,ZCH08014,ST12000NM0007,12000138625024,0,76.0,38992496.0,97.0,0.0,100.0,3.0,100.0,0.0,87.0,539827983.0,87.0,12010.0,100.0,0.0,100.0,2.0,,,,,100.0,0.0,100.0,0.0,,,79.0,21.0,,,100.0,144.0,100.0,1578.0,21.0,21.0,100.0,0.0,100.0,0.0,200.0,0.0,100.0,11534.0,100.0,54996959952.0,100.0,98362492458.0
2019-03-07,ZCH08014,ST12000NM0007,12000138625024,0,77.0,52317800.0,97.0,0.0,100.0,3.0,100.0,0.0,87.0,542141496.0,87.0,12041.0,100.0,0.0,100.0,2.0,,,,,100.0,0.0,100.0,0.0,,,80.0,20.0,,,100.0,146.0,100.0,1580.0,20.0,20.0,100.0,0.0,100.0,0.0,200.0,0.0,100.0,11566.0,100.0,55036882848.0,100.0,98580035618.0
2019-03-08,ZCH08014,ST12000NM0007,12000138625024,0,83.0,205981472.0,97.0,0.0,100.0,3.0,100.0,0.0,87.0,543914694.0,87.0,12057.0,100.0,0.0,100.0,2.0,,,,,100.0,0.0,100.0,0.0,,,79.0,21.0,,,100.0,147.0,100.0,1581.0,21.0,21.0,100.0,0.0,100.0,0.0,200.0,0.0,100.0,11581.0,100.0,55065318712.0,100.0,98705263426.0
2019-03-09,ZCH08014,ST12000NM0007,12000138625024,0,84.0,237343696.0,97.0,0.0,100.0,3.0,100.0,0.0,87.0,547568220.0,87.0,12089.0,100.0,0.0,100.0,2.0,,,,,100.0,0.0,100.0,0.0,,,79.0,21.0,,,100.0,148.0,100.0,1582.0,21.0,21.0,100.0,0.0,100.0,0.0,200.0,0.0,100.0,11613.0,100.0,55107679552.0,100.0,98938405490.0
2019-03-10,ZCH08014,ST12000NM0007,12000138625024,0,82.0,165681048.0,97.0,0.0,100.0,3.0,100.0,0.0,87.0,550948125.0,87.0,12105.0,100.0,0.0,100.0,2.0,,,,,100.0,0.0,100.0,0.0,,,77.0,23.0,,,100.0,148.0,100.0,1582.0,23.0,23.0,100.0,0.0,100.0,0.0,200.0,0.0,100.0,11629.0,100.0,55142846216.0,100.0,99075717114.0
2019-03-11,ZCH08014,ST12000NM0007,12000138625024,0,83.0,204299584.0,97.0,0.0,100.0,3.0,100.0,0.0,87.0,553947416.0,87.0,12136.0,100.0,0.0,100.0,2.0,,,,,100.0,0.0,100.0,0.0,,,79.0,21.0,,,100.0,150.0,100.0,1584.0,21.0,21.0,100.0,0.0,100.0,0.0,200.0,0.0,100.0,11660.0,100.0,55214238360.0,100.0,99287084202.0
2019-03-12,ZCH08014,ST12000NM0007,12000138625024,0,77.0,51136952.0,97.0,0.0,100.0,3.0,100.0,0.0,87.0,555086651.0,87.0,12152.0,100.0,0.0,100.0,2.0,,,,,100.0,0.0,100.0,0.0,,,78.0,22.0,,,100.0,150.0,100.0,1584.0,22.0,22.0,100.0,0.0,100.0,0.0,200.0,0.0,100.0,11676.0,100.0,55237365464.0,100.0,99354935106.0
2019-03-13,ZCH08014,ST12000NM0007,12000138625024,0,75.0,30684704.0,97.0,0.0,100.0,3.0,100.0,0.0,87.0,559742820.0,87.0,12184.0,100.0,0.0,100.0,2.0,,,,,100.0,0.0,100.0,0.0,,,80.0,20.0,,,100.0,151.0,100.0,1586.0,20.0,20.0,100.0,0.0,100.0,0.0,200.0,0.0,100.0,11707.0,100.0,55313214624.0,100.0,99502774554.0
2019-03-14,ZCH08014,ST12000NM0007,12000138625024,0,84.0,230675520.0,97.0,0.0,100.0,3.0,100.0,0.0,88.0,562496024.0,87.0,12215.0,100.0,0.0,100.0,2.0,,,,,100.0,0.0,100.0,0.0,,,79.0,21.0,,,100.0,151.0,100.0,1587.0,21.0,21.0,100.0,0.0,100.0,0.0,200.0,0.0,100.0,11739.0,100.0,55371827384.0,100.0,99644152610.0
2019-03-15,ZCH08014,ST12000NM0007,12000138625024,0,79.0,79838208.0,97.0,0.0,100.0,3.0,100.0,0.0,88.0,564327209.0,87.0,12231.0,100.0,0.0,100.0,2.0,,,,,100.0,0.0,100.0,0.0,,,80.0,20.0,,,100.0,151.0,100.0,1588.0,20.0,20.0,100.0,0.0,100.0,0.0,200.0,0.0,100.0,11754.0,100.0,55402886720.0,100.0,99706396634.0
2019-03-16,ZCH08014,ST12000NM0007,12000138625024,0,78.0,61049448.0,97.0,0.0,100.0,3.0,100.0,0.0,88.0,566968274.0,87.0,12263.0,100.0,0.0,100.0,2.0,,,,,100.0,0.0,100.0,0.0,,,80.0,20.0,,,100.0,152.0,100.0,1589.0,20.0,20.0,100.0,0.0,100.0,0.0,200.0,0.0,100.0,11786.0,100.0,55466445240.0,100.0,99868190170.0
2019-03-17,ZCH08014,ST12000NM0007,12000138625024,0,83.0,219431888.0,97.0,0.0,100.0,3.0,100.0,0.0,88.0,570452395.0,86.0,12278.0,100.0,0.0,100.0,2.0,,,,,100.0,0.0,100.0,0.0,,,80.0,20.0,,,100.0,153.0,100.0,1590.0,20.0,20.0,100.0,0.0,100.0,0.0,200.0,0.0,100.0,11802.0,100.0,55505276232.0,100.0,99987741618.0
2019-03-18,ZCH08014,ST12000NM0007,12000138625024,0,82.0,169646128.0,97.0,0.0,100.0,3.0,100.0,0.0,88.0,572971118.0,86.0,12310.0,100.0,0.0,100.0,2.0,,,,,100.0,0.0,100.0,0.0,,,80.0,20.0,,,100.0,154.0,100.0,1591.0,20.0,20.0,100.0,0.0,100.0,0.0,200.0,0.0,100.0,11833.0,100.0,55545212968.0,100.0,100142160042.0
2019-03-19,ZCH08014,ST12000NM0007,12000138625024,0,65.0,3191912.0,97.0,0.0,100.0,3.0,100.0,0.0,88.0,574691416.0,86.0,12326.0,100.0,0.0,100.0,2.0,,,,,100.0,0.0,100.0,0.0,,,79.0,21.0,,,100.0,155.0,100.0,1592.0,21.0,21.0,100.0,0.0,100.0,0.0,200.0,0.0,100.0,11849.0,100.0,55571116304.0,100.0,100193943186.0
2019-03-20,ZCH08014,ST12000NM0007,12000138625024,0,83.0,192773208.0,97.0,0.0,100.0,3.0,100.0,0.0,88.0,578030035.0,86.0,12358.0,100.0,0.0,100.0,2.0,,,,,100.0,0.0,100.0,0.0,,,79.0,21.0,,,100.0,155.0,100.0,1593.0,21.0,21.0,100.0,0.0,100.0,0.0,200.0,0.0,100.0,11880.0,100.0,55632493096.0,100.0,100322147690.0
2019-03-21,ZCH08014,ST12000NM0007,12000138625024,0,75.0,34861240.0,97.0,0.0,100.0,3.0,100.0,0.0,88.0,579050526.0,86.0,12373.0,100.0,0.0,100.0,2.0,,,,,100.0,0.0,100.0,0.0,,,80.0,20.0,,,100.0,156.0,100.0,1594.0,20.0,20.0,100.0,0.0,100.0,0.0,200.0,0.0,100.0,11895.0,100.0,55656608704.0,100.0,100384260746.0
2019-03-22,ZCH08014,ST12000NM0007,12000138625024,0,72.0,14551008.0,97.0,0.0,100.0,3.0,100.0,0.0,88.0,581312798.0,86.0,12405.0,100.0,0.0,100.0,2.0,,,,,100.0,0.0,100.0,0.0,,,79.0,21.0,,,100.0,156.0,100.0,1595.0,21.0,21.0,100.0,0.0,100.0,0.0,200.0,0.0,100.0,11927.0,100.0,55707775536.0,100.0,100556924698.0
2019-03-23,ZCH08014,ST12000NM0007,12000138625024,0,81.0,115108456.0,97.0,0.0,100.0,3.0,100.0,0.0,88.0,582256331.0,86.0,12421.0,100.0,0.0,100.0,2.0,,,,,100.0,0.0,100.0,0.0,,,80.0,20.0,,,100.0,157.0,100.0,1596.0,20.0,20.0,100.0,0.0,100.0,0.0,200.0,0.0,100.0,11942.0,100.0,55722176024.0,100.0,100643081658.0
2019-03-24,ZCH08014,ST12000NM0007,12000138625024,0,80.0,103192576.0,97.0,0.0,100.0,3.0,100.0,0.0,88.0,586666100.0,86.0,12453.0,100.0,0.0,100.0,2.0,,,,,100.0,0.0,100.0,0.0,,,79.0,21.0,,,100.0,158.0,100.0,1597.0,21.0,21.0,100.0,0.0,100.0,0.0,200.0,0.0,100.0,11974.0,100.0,55788013088.0,100.0,100809469506.0
2019-03-25,ZCH08014,ST12000NM0007,12000138625024,0,83.0,211564176.0,97.0,0.0,100.0,3.0,100.0,0.0,88.0,587733554.0,86.0,12468.0,100.0,0.0,100.0,2.0,,,,,100.0,0.0,100.0,0.0,,,80.0,20.0,,,100.0,159.0,100.0,1598.0,20.0,20.0,100.0,0.0,100.0,0.0,200.0,0.0,100.0,11989.0,100.0,55824785920.0,100.0,100881068274.0
2019-03-26,ZCH08014,ST12000NM0007,12000138625024,0,83.0,222631912.0,97.0,0.0,100.0,3.0,100.0,0.0,88.0,592226952.0,86.0,12500.0,100.0,0.0,100.0,2.0,,,,,100.0,0.0,100.0,0.0,,,80.0,20.0,,,100.0,159.0,100.0,1599.0,20.0,20.0,100.0,0.0,100.0,0.0,200.0,0.0,100.0,12021.0,100.0,55897258848.0,100.0,101063803754.0
2019-03-27,ZCH08014,ST12000NM0007,12000138625024,0,80.0,106493360.0,97.0,0.0,100.0,3.0,100.0,0.0,88.0,593441989.0,86.0,12516.0,100.0,0.0,100.0,2.0,,,,,100.0,0.0,100.0,0.0,,,79.0,21.0,,,100.0,160.0,100.0,1600.0,21.0,21.0,100.0,0.0,100.0,0.0,200.0,0.0,100.0,12036.0,100.0,55931040704.0,100.0,101158024082.0
2019-03-28,ZCH08014,ST12000NM0007,12000138625024,0,84.0,239196064.0,97.0,0.0,100.0,3.0,100.0,0.0,88.0,595268073.0,86.0,12531.0,100.0,0.0,100.0,2.0,,,,,100.0,0.0,100.0,0.0,,,77.0,23.0,,,100.0,160.0,100.0,1600.0,23.0,23.0,100.0,0.0,100.0,0.0,200.0,0.0,100.0,12052.0,100.0,55971462272.0,100.0,101250305218.0
2019-03-29,ZCH08014,ST12000NM0007,12000138625024,0,83.0,178319864.0,97.0,0.0,100.0,3.0,100.0,0.0,88.0,597592654.0,86.0,12563.0,100.0,0.0,100.0,2.0,,,,,100.0,0.0,100.0,0.0,,,80.0,20.0,,,100.0,161.0,100.0,1602.0,20.0,20.0,100.0,0.0,100.0,0.0,200.0,0.0,100.0,12084.0,100.0,56016427080.0,100.0,101388604906.0
2019-03-30,ZCH08014,ST12000NM0007,12000138625024,0,83.0,192218168.0,97.0,0.0,100.0,3.0,100.0,0.0,88.0,600404737.0,86.0,12595.0,100.0,0.0,100.0,2.0,,,,,100.0,0.0,100.0,0.0,,,79.0,21.0,,,100.0,161.0,100.0,1604.0,21.0,21.0,100.0,0.0,100.0,0.0,200.0,0.0,100.0,12115.0,100.0,56063729672.0,100.0,101599341386.0
2019-03-31,ZCH08014,ST12000NM0007,12000138625024,0,81.0,128804184.0,97.0,0.0,100.0,3.0,100.0,0.0,88.0,604047333.0,86.0,12611.0,100.0,0.0,100.0,2.0,,,,,100.0,0.0,100.0,0.0,,,80.0,20.0,,,100.0,161.0,100.0,1604.0,20.0,20.0,100.0,0.0,100.0,0.0,200.0,0.0,100.0,12131.0,100.0,56098402992.0,100.0,101745394866.0
2019-04-01,ZCH08014,ST12000NM0007,12000138625024,0,77.0,52736808.0,97.0,0.0,100.0,3.0,100.0,0.0,88.0,606244352.0,86.0,12642.0,100.0,0.0,100.0,2.0,,,,,100.0,0.0,100.0,0.0,,,82.0,18.0,,,100.0,162.0,100.0,1606.0,18.0,18.0,100.0,0.0,100.0,0.0,200.0,0.0,100.0,12162.0,100.0,56137436080.0,100.0,101874435066.0
2019-04-02,ZCH08014,ST12000NM0007,12000138625024,0,81.0,116745152.0,97.0,0.0,100.0,3.0,100.0,0.0,88.0,607308109.0,86.0,12658.0,100.0,0.0,100.0,2.0,,,,,100.0,0.0,100.0,0.0,,,79.0,21.0,,,100.0,162.0,100.0,1606.0,21.0,21.0,100.0,0.0,100.0,0.0,200.0,0.0,100.0,12178.0,100.0,56158383456.0,100.0,101917496034.0
2019-04-03,ZCH08014,ST12000NM0007,12000138625024,0,78.0,69336280.0,97.0,0.0,100.0,3.0,100.0,0.0,88.0,611634979.0,86.0,12690.0,100.0,0.0,100.0,2.0,,,,,100.0,0.0,100.0,0.0,,,81.0,19.0,,,100.0,163.0,100.0,1608.0,19.0,19.0,100.0,0.0,100.0,0.0,200.0,0.0,100.0,12209.0,100.0,56216529600.0,100.0,102056081658.0
2019-04-04,ZCH08014,ST12000NM0007,12000138625024,0,83.0,210700432.0,97.0,0.0,100.0,3.0,100.0,0.0,88.0,612870685.0,86.0,12706.0,100.0,0.0,100.0,2.0,,,,,100.0,0.0,100.0,0.0,,,80.0,20.0,,,100.0,163.0,100.0,1608.0,20.0,20.0,100.0,0.0,100.0,0.0,200.0,0.0,100.0,12225.0,100.0,56239721296.0,100.0,102174254114.0
2019-04-05,ZCH08014,ST12000NM0007,12000138625024,0,81.0,137216968.0,97.0,0.0,100.0,3.0,100.0,0.0,88.0,614876170.0,86.0,12737.0,100.0,0.0,100.0,2.0,,,,,100.0,0.0,100.0,0.0,,,80.0,20.0,,,100.0,165.0,100.0,1610.0,20.0,20.0,100.0,0.0,100.0,0.0,200.0,0.0,100.0,12257.0,100.0,56276506752.0,100.0,102308125954.0
2019-04-06,ZCH08014,ST12000NM0007,12000138625024,0,84.0,235410128.0,97.0,0.0,100.0,3.0,100.0,0.0,88.0,616340547.0,86.0,12753.0,100.0,0.0,100.0,2.0,,,,,100.0,0.0,100.0,0.0,,,80.0,20.0,,,100.0,165.0,100.0,1610.0,20.0,20.0,100.0,0.0,100.0,0.0,200.0,0.0,100.0,12272.0,100.0,56296006448.0,100.0,102386819418.0
2019-04-07,ZCH08014,ST12000NM0007,12000138625024,0,80.0,103364232.0,97.0,0.0,100.0,3.0,100.0,0.0,88.0,622270838.0,86.0,12785.0,100.0,0.0,100.0,2.0,,,,,100.0,0.0,100.0,0.0,,,79.0,21.0,,,100.0,166.0,100.0,1612.0,21.0,21.0,100.0,0.0,100.0,0.0,200.0,0.0,100.0,12304.0,100.0,56349863008.0,100.0,102689198402.0
2019-04-08,ZCH08014,ST12000NM0007,12000138625024,0,84.0,234824920.0,97.0,0.0,100.0,3.0,100.0,0.0,88.0,623370280.0,86.0,12801.0,100.0,0.0,100.0,2.0,,,,,100.0,0.0,100.0,0.0,,,80.0,20.0,,,100.0,166.0,100.0,1612.0,20.0,20.0,100.0,0.0,100.0,0.0,200.0,0.0,100.0,12319.0,100.0,56369283928.0,100.0,102801238170.0
2019-04-09,ZCH08014,ST12000NM0007,12000138625024,0,83.0,185924808.0,97.0,0.0,100.0,3.0,100.0,0.0,88.0,626925516.0,86.0,12832.0,100.0,0.0,100.0,2.0,,,,,100.0,0.0,100.0,0.0,,,80.0,20.0,,,100.0,167.0,100.0,1614.0,20.0,20.0,100.0,0.0,100.0,0.0,200.0,0.0,100.0,12351.0,100.0,56422767720.0,100.0,102942995002.0
2019-04-10,ZCH08014,ST12000NM0007,12000138625024,0,78.0,62104808.0,97.0,0.0,100.0,3.0,100.0,0.0,88.0,628651367.0,86.0,12848.0,100.0,0.0,100.0,2.0,,,,,100.0,0.0,100.0,0.0,,,79.0,21.0,,,100.0,167.0,100.0,1614.0,21.0,21.0,100.0,0.0,100.0,0.0,200.0,0.0,100.0,12367.0,100.0,56449071224.0,100.0,103037012498.0
2019-04-11,ZCH08014,ST12000NM0007,12000138625024,0,71.0,12445576.0,97.0,0.0,100.0,3.0,100.0,0.0,88.0,630879075.0,86.0,12880.0,100.0,0.0,100.0,2.0,,,,,100.0,0.0,100.0,0.0,,,80.0,20.0,,,100.0,168.0,100.0,1616.0,20.0,20.0,100.0,0.0,100.0,0.0,200.0,0.0,100.0,12398.0,100.0,56513262064.0,100.0,103167303378.0
2019-04-12,ZCH08014,ST12000NM0007,12000138625024,0,81.0,127670968.0,97.0,0.0,100.0,3.0,100.0,0.0,88.0,632214836.0,86.0,12895.0,100.0,0.0,100.0,2.0,,,,,100.0,0.0,100.0,0.0,,,80.0,20.0,,,100.0,168.0,100.0,1617.0,20.0,20.0,100.0,0.0,100.0,0.0,200.0,0.0,100.0,12413.0,100.0,56535765472.0,100.0,103260025362.0
2019-04-13,ZCH08014,ST12000NM0007,12000138625024,0,80.0,108066144.0,97.0,0.0,100.0,3.0,100.0,0.0,88.0,635437827.0,86.0,12927.0,100.0,0.0,100.0,2.0,,,,,100.0,0.0,100.0,0.0,,,80.0,20.0,,,100.0,169.0,100.0,1618.0,20.0,20.0,100.0,0.0,100.0,0.0,200.0,0.0,100.0,12445.0,100.0,56599414520.0,100.0,103420912282.0
2019-04-14,ZCH08014,ST12000NM0007,12000138625024,0,84.0,226513152.0,97.0,0.0,100.0,3.0,100.0,0.0,88.0,638310811.0,86.0,12943.0,100.0,0.0,100.0,2.0,,,,,100.0,0.0,100.0,0.0,,,78.0,22.0,,,100.0,169.0,100.0,1619.0,22.0,22.0,100.0,0.0,100.0,0.0,200.0,0.0,100.0,12460.0,100.0,56640675120.0,100.0,103498098690.0
2019-04-15,ZCH08014,ST12000NM0007,12000138625024,0,83.0,193104024.0,97.0,0.0,100.0,3.0,100.0,0.0,88.0,641041457.0,86.0,12974.0,100.0,0.0,100.0,2.0,,,,,100.0,0.0,100.0,0.0,,,82.0,18.0,,,100.0,170.0,100.0,1620.0,18.0,18.0,100.0,0.0,100.0,0.0,200.0,0.0,100.0,12492.0,100.0,56685017792.0,100.0,103664487522.0
2019-04-16,ZCH08014,ST12000NM0007,12000138625024,0,79.0,87768696.0,97.0,0.0,100.0,3.0,100.0,0.0,88.0,642258630.0,86.0,12990.0,100.0,0.0,100.0,2.0,,,,,100.0,0.0,100.0,0.0,,,79.0,21.0,,,100.0,170.0,100.0,1621.0,21.0,21.0,100.0,0.0,100.0,0.0,200.0,0.0,100.0,12507.0,100.0,56709180368.0,100.0,103779130330.0
2019-04-17,ZCH08014,ST12000NM0007,12000138625024,0,81.0,116192392.0,97.0,0.0,100.0,3.0,100.0,0.0,88.0,646715698.0,86.0,13022.0,100.0,0.0,100.0,2.0,,,,,100.0,0.0,100.0,0.0,,,79.0,21.0,,,100.0,171.0,100.0,1622.0,21.0,21.0,100.0,0.0,100.0,0.0,200.0,0.0,100.0,12539.0,100.0,56776225512.0,100.0,103984649586.0
2019-04-18,ZCH08014,ST12000NM0007,12000138625024,0,68.0,7067992.0,97.0,0.0,100.0,3.0,100.0,0.0,88.0,647920423.0,86.0,13038.0,100.0,0.0,100.0,2.0,,,,,100.0,0.0,100.0,0.0,,,78.0,22.0,,,100.0,172.0,100.0,1623.0,22.0,22.0,100.0,0.0,100.0,0.0,200.0,0.0,100.0,12554.0,100.0,56804249240.0,100.0,104091642098.0
2019-04-19,ZCH08014,ST12000NM0007,12000138625024,0,78.0,69210168.0,97.0,0.0,100.0,3.0,100.0,0.0,88.0,650377584.0,86.0,13069.0,100.0,0.0,100.0,2.0,,,,,100.0,0.0,100.0,0.0,,,81.0,19.0,,,100.0,173.0,100.0,1624.0,19.0,19.0,100.0,0.0,100.0,0.0,200.0,0.0,100.0,12585.0,100.0,56838990016.0,100.0,104363184538.0
2019-04-20,ZCH08014,ST12000NM0007,12000138625024,0,82.0,168986536.0,97.0,0.0,100.0,3.0,100.0,0.0,88.0,653116031.0,86.0,13101.0,100.0,0.0,100.0,2.0,,,,,100.0,0.0,100.0,0.0,,,81.0,19.0,,,100.0,173.0,100.0,1625.0,19.0,19.0,100.0,0.0,100.0,0.0,200.0,0.0,100.0,12617.0,100.0,56881595520.0,100.0,104664496066.0
2019-04-21,ZCH08014,ST12000NM0007,12000138625024,0,80.0,107216416.0,97.0,0.0,100.0,3.0,100.0,0.0,88.0,656415599.0,86.0,13117.0,100.0,0.0,100.0,2.0,,,,,100.0,0.0,100.0,0.0,,,80.0,20.0,,,100.0,173.0,100.0,1626.0,20.0,20.0,100.0,0.0,100.0,0.0,200.0,0.0,100.0,12633.0,100.0,56913631512.0,100.0,104814830690.0
2019-04-22,ZCH08014,ST12000NM0007,12000138625024,0,80.0,107427520.0,97.0,0.0,100.0,3.0,100.0,0.0,88.0,658500532.0,85.0,13149.0,100.0,0.0,100.0,2.0,,,,,100.0,0.0,100.0,0.0,,,80.0,20.0,,,100.0,174.0,100.0,1628.0,20.0,20.0,100.0,0.0,100.0,0.0,200.0,0.0,100.0,12664.0,100.0,56949587992.0,100.0,105023226314.0
2019-04-23,ZCH08014,ST12000NM0007,12000138625024,0,84.0,231507136.0,97.0,0.0,100.0,3.0,100.0,0.0,88.0,660111469.0,85.0,13165.0,100.0,0.0,100.0,2.0,,,,,100.0,0.0,100.0,0.0,,,80.0,20.0,,,100.0,174.0,100.0,1628.0,20.0,20.0,100.0,0.0,100.0,0.0,200.0,0.0,100.0,12680.0,100.0,56971749600.0,100.0,105125144322.0
2019-04-24,ZCH08014,ST12000NM0007,12000138625024,0,81.0,125753208.0,97.0,0.0,100.0,3.0,100.0,0.0,88.0,663063607.0,85.0,13181.0,100.0,0.0,100.0,2.0,,,,,100.0,0.0,100.0,0.0,,,80.0,20.0,,,100.0,175.0,100.0,1629.0,20.0,20.0,100.0,0.0,100.0,0.0,200.0,0.0,100.0,12696.0,100.0,57004839176.0,100.0,105230441586.0
2019-04-25,ZCH08014,ST12000NM0007,12000138625024,0,81.0,133676176.0,97.0,0.0,100.0,3.0,100.0,0.0,88.0,665753758.0,85.0,13212.0,100.0,0.0,100.0,2.0,,,,,100.0,0.0,100.0,0.0,,,82.0,18.0,,,100.0,175.0,100.0,1630.0,18.0,18.0,100.0,0.0,100.0,0.0,200.0,0.0,100.0,12727.0,100.0,57053165816.0,100.0,105434178626.0
2019-04-26,ZCH08014,ST12000NM0007,12000138625024,0,84.0,243906048.0,97.0,0.0,100.0,3.0,100.0,0.0,88.0,667144368.0,85.0,13228.0,100.0,0.0,100.0,2.0,,,,,100.0,0.0,100.0,0.0,,,80.0,20.0,,,100.0,175.0,100.0,1631.0,20.0,20.0,100.0,0.0,100.0,0.0,200.0,0.0,100.0,12743.0,100.0,57084921792.0,100.0,105512652522.0
2019-04-27,ZCH08014,ST12000NM0007,12000138625024,0,70.0,9459608.0,97.0,0.0,100.0,3.0,100.0,0.0,88.0,670541536.0,85.0,13260.0,100.0,0.0,100.0,2.0,,,,,100.0,0.0,100.0,0.0,,,81.0,19.0,,,100.0,176.0,100.0,1632.0,19.0,19.0,100.0,0.0,100.0,0.0,200.0,0.0,100.0,12775.0,100.0,57176799408.0,100.0,105674610122.0
2019-04-28,ZCH08014,ST12000NM0007,12000138625024,0,82.0,155261912.0,97.0,0.0,100.0,3.0,100.0,0.0,88.0,672667401.0,85.0,13275.0,100.0,0.0,100.0,2.0,,,,,100.0,0.0,100.0,0.0,,,80.0,20.0,,,100.0,177.0,100.0,1633.0,20.0,20.0,100.0,0.0,100.0,0.0,200.0,0.0,100.0,12791.0,100.0,57209719656.0,100.0,105787492178.0
2019-04-29,ZCH08014,ST12000NM0007,12000138625024,0,74.0,27132624.0,97.0,0.0,100.0,3.0,100.0,0.0,88.0,676519850.0,85.0,13307.0,100.0,0.0,100.0,2.0,,,,,100.0,0.0,100.0,0.0,,,81.0,19.0,,,100.0,178.0,100.0,1634.0,19.0,19.0,100.0,0.0,100.0,0.0,200.0,0.0,100.0,12822.0,100.0,57267784072.0,100.0,106089579898.0
2019-04-30,ZCH08014,ST12000NM0007,12000138625024,0,82.0,164972816.0,97.0,0.0,100.0,3.0,100.0,0.0,88.0,677753791.0,85.0,13323.0,100.0,0.0,100.0,2.0,,,,,100.0,0.0,100.0,0.0,,,80.0,20.0,,,100.0,179.0,100.0,1635.0,20.0,20.0,100.0,0.0,100.0,0.0,200.0,0.0,100.0,12838.0,100.0,57295472208.0,100.0,106199731954.0
2019-05-01,ZCH08014,ST12000NM0007,12000138625024,0,83.0,205550448.0,97.0,0.0,100.0,3.0,100.0,0.0,88.0,682482495.0,85.0,13355.0,100.0,0.0,100.0,2.0,,,,,100.0,0.0,100.0,0.0,,,79.0,21.0,,,100.0,180.0,100.0,1636.0,21.0,21.0,100.0,0.0,100.0,0.0,200.0,0.0,100.0,12869.0,100.0,57369107712.0,100.0,106410814714.0
2019-05-02,ZCH08014,ST12000NM0007,12000138625024,0,84.0,232882008.0,97.0,0.0,100.0,3.0,100.0,0.0,88.0,686110547.0,85.0,13386.0,100.0,0.0,100.0,2.0,,,,,100.0,0.0,100.0,0.0,,,81.0,19.0,,,100.0,181.0,100.0,1638.0,19.0,19.0,100.0,0.0,100.0,0.0,200.0,0.0,100.0,12901.0,100.0,57421637584.0,100.0,106629757474.0
2019-05-03,ZCH08014,ST12000NM0007,12000138625024,0,82.0,147618240.0,97.0,0.0,100.0,3.0,100.0,0.0,88.0,688736447.0,85.0,13402.0,100.0,0.0,100.0,2.0,,,,,100.0,0.0,100.0,0.0,,,80.0,20.0,,,100.0,181.0,100.0,1638.0,20.0,20.0,100.0,0.0,100.0,0.0,200.0,0.0,100.0,12917.0,100.0,57447167472.0,100.0,106763104514.0
2019-05-04,ZCH08014,ST12000NM0007,12000138625024,0,82.0,156971040.0,97.0,0.0,100.0,3.0,100.0,0.0,88.0,691050847.0,85.0,13434.0,100.0,0.0,100.0,2.0,,,,,100.0,0.0,100.0,0.0,,,81.0,19.0,,,100.0,182.0,100.0,1640.0,19.0,19.0,100.0,0.0,100.0,0.0,200.0,0.0,100.0,12948.0,100.0,57493521632.0,100.0,106970244018.0
2019-05-06,ZCH08014,ST12000NM0007,12000138625024,0,80.0,90419760.0,97.0,0.0,100.0,3.0,100.0,8.0,88.0,696808250.0,85.0,13489.0,100.0,0.0,100.0,2.0,,,,,100.0,0.0,100.0,4295032833.0,,,80.0,20.0,,,100.0,182.0,100.0,1643.0,20.0,20.0,100.0,0.0,100.0,0.0,200.0,0.0,100.0,12993.0,100.0,57590794344.0,100.0,107294701652.0
2019-05-07,ZCH08014,ST12000NM0007,12000138625024,0,83.0,218907760.0,97.0,0.0,100.0,3.0,100.0,8.0,88.0,699460741.0,85.0,13504.0,100.0,0.0,100.0,2.0,,,,,100.0,0.0,100.0,4295032833.0,,,80.0,20.0,,,100.0,183.0,100.0,1644.0,20.0,20.0,100.0,0.0,100.0,0.0,200.0,0.0,100.0,13009.0,100.0,57636210920.0,100.0,107377773076.0
2019-05-08,ZCH08014,ST12000NM0007,12000138625024,0,80.0,112159392.0,97.0,0.0,100.0,3.0,100.0,8.0,88.0,701979226.0,85.0,13520.0,100.0,0.0,100.0,2.0,,,,,100.0,0.0,100.0,4295032833.0,,,79.0,21.0,,,100.0,184.0,100.0,1645.0,21.0,21.0,100.0,0.0,100.0,0.0,200.0,0.0,100.0,13025.0,100.0,57675481912.0,100.0,107475894348.0
2019-05-09,ZCH08014,ST12000NM0007,12000138625024,0,82.0,159433632.0,97.0,0.0,100.0,3.0,100.0,8.0,88.0,704763589.0,85.0,13552.0,100.0,0.0,100.0,2.0,,,,,100.0,0.0,100.0,4295032833.0,,,81.0,19.0,,,100.0,185.0,100.0,1646.0,19.0,19.0,100.0,0.0,100.0,0.0,200.0,0.0,100.0,13057.0,100.0,57756051136.0,100.0,107686740020.0
2019-05-10,ZCH08014,ST12000NM0007,12000138625024,0,100.0,1749784.0,97.0,0.0,100.0,3.0,100.0,8.0,88.0,707562161.0,85.0,13584.0,100.0,0.0,100.0,2.0,,,,,100.0,0.0,100.0,4295032833.0,,,80.0,20.0,,,100.0,185.0,100.0,1647.0,20.0,20.0,100.0,0.0,100.0,0.0,200.0,0.0,100.0,13088.0,100.0,57861779864.0,100.0,107911613460.0
2019-05-11,ZCH08014,ST12000NM0007,12000138625024,0,82.0,148282504.0,97.0,0.0,100.0,3.0,100.0,8.0,89.0,708868523.0,85.0,13599.0,100.0,0.0,100.0,2.0,,,,,100.0,0.0,100.0,4295032833.0,,,81.0,19.0,,,100.0,186.0,100.0,1648.0,19.0,19.0,100.0,0.0,100.0,0.0,200.0,0.0,100.0,13104.0,100.0,57909887936.0,100.0,108010038108.0
2019-05-12,ZCH08014,ST12000NM0007,12000138625024,0,74.0,24235520.0,97.0,0.0,100.0,3.0,100.0,8.0,89.0,713823161.0,85.0,13631.0,100.0,0.0,100.0,2.0,,,,,100.0,0.0,100.0,4295032833.0,,,80.0,20.0,,,100.0,187.0,100.0,1649.0,20.0,20.0,100.0,0.0,100.0,0.0,200.0,0.0,100.0,13136.0,100.0,58006458360.0,100.0,108277701964.0
2019-05-13,ZCH08014,ST12000NM0007,12000138625024,0,82.0,142841208.0,97.0,0.0,100.0,3.0,100.0,8.0,89.0,714876873.0,85.0,13647.0,100.0,0.0,100.0,2.0,,,,,100.0,0.0,100.0,4295032833.0,,,82.0,18.0,,,100.0,188.0,100.0,1650.0,18.0,18.0,100.0,0.0,100.0,0.0,200.0,0.0,100.0,13151.0,100.0,58033519776.0,100.0,108369246236.0
2019-05-14,ZCH08014,ST12000NM0007,12000138625024,0,82.0,177362912.0,97.0,0.0,100.0,3.0,100.0,8.0,89.0,719455650.0,85.0,13679.0,100.0,0.0,100.0,2.0,,,,,100.0,0.0,100.0,4295032833.0,,,80.0,20.0,,,100.0,189.0,100.0,1651.0,20.0,20.0,100.0,0.0,100.0,0.0,200.0,0.0,100.0,13183.0,100.0,58125390352.0,100.0,108556038124.0
2019-05-15,ZCH08014,ST12000NM0007,12000138625024,0,77.0,51389592.0,97.0,0.0,100.0,3.0,100.0,8.0,89.0,720486132.0,85.0,13695.0,100.0,0.0,100.0,2.0,,,,,100.0,0.0,100.0,4295032833.0,,,81.0,19.0,,,100.0,190.0,100.0,1652.0,19.0,19.0,100.0,0.0,100.0,0.0,200.0,0.0,100.0,13199.0,100.0,58146321560.0,100.0,108653274316.0
2019-05-16,ZCH08014,ST12000NM0007,12000138625024,0,81.0,129192904.0,97.0,0.0,100.0,3.0,100.0,8.0,89.0,723495754.0,85.0,13726.0,100.0,0.0,100.0,2.0,,,,,100.0,0.0,100.0,4295032833.0,,,80.0,20.0,,,100.0,191.0,100.0,1653.0,20.0,20.0,100.0,0.0,100.0,0.0,200.0,0.0,100.0,13230.0,100.0,58199473000.0,100.0,108922067228.0
2019-05-17,ZCH08014,ST12000NM0007,12000138625024,0,74.0,27158512.0,97.0,0.0,100.0,3.0,100.0,8.0,89.0,724982846.0,85.0,13742.0,100.0,0.0,100.0,2.0,,,,,100.0,0.0,100.0,4295032833.0,,,79.0,21.0,,,100.0,192.0,100.0,1654.0,21.0,21.0,100.0,0.0,100.0,0.0,200.0,0.0,100.0,13246.0,100.0,58227553464.0,100.0,109036093004.0
2019-05-18,ZCH08014,ST12000NM0007,12000138625024,0,76.0,39060224.0,97.0,0.0,100.0,3.0,100.0,8.0,89.0,728171211.0,85.0,13774.0,100.0,0.0,100.0,2.0,,,,,100.0,0.0,100.0,4295032833.0,,,81.0,19.0,,,100.0,192.0,100.0,1655.0,19.0,19.0,100.0,0.0,100.0,0.0,200.0,0.0,100.0,13278.0,100.0,58287675960.0,100.0,109232012884.0
2019-05-19,ZCH08014,ST12000NM0007,12000138625024,0,84.0,227684208.0,97.0,0.0,100.0,3.0,100.0,8.0,89.0,731507399.0,85.0,13790.0,100.0,0.0,100.0,2.0,,,,,100.0,0.0,100.0,4295032833.0,,,80.0,20.0,,,100.0,192.0,100.0,1656.0,20.0,20.0,100.0,0.0,100.0,0.0,200.0,0.0,100.0,13294.0,100.0,58323085768.0,100.0,109385227060.0
2019-05-20,ZCH08014,ST12000NM0007,12000138625024,0,76.0,43027192.0,97.0,0.0,100.0,3.0,100.0,8.0,89.0,734223343.0,85.0,13822.0,100.0,0.0,100.0,2.0,,,,,100.0,0.0,100.0,4295032833.0,,,79.0,21.0,,,100.0,192.0,100.0,1657.0,21.0,21.0,100.0,0.0,100.0,0.0,200.0,0.0,100.0,13325.0,100.0,58395127048.0,100.0,109616810428.0
2019-05-21,ZCH08014,ST12000NM0007,12000138625024,0,83.0,188997008.0,97.0,0.0,100.0,3.0,100.0,8.0,89.0,736268228.0,85.0,13837.0,100.0,0.0,100.0,2.0,,,,,100.0,0.0,100.0,4295032833.0,,,79.0,21.0,,,100.0,192.0,100.0,1658.0,21.0,21.0,100.0,0.0,100.0,0.0,200.0,0.0,100.0,13341.0,100.0,58434077392.0,100.0,109723829900.0
2019-05-22,ZCH08014,ST12000NM0007,12000138625024,0,66.0,4039176.0,97.0,0.0,100.0,3.0,100.0,8.0,89.0,740761307.0,85.0,13869.0,100.0,0.0,100.0,2.0,,,,,100.0,0.0,100.0,4295032833.0,,,79.0,21.0,,,100.0,192.0,100.0,1659.0,21.0,21.0,100.0,0.0,100.0,0.0,200.0,0.0,100.0,13372.0,100.0,58518545168.0,100.0,109942685660.0
2019-05-23,ZCH08014,ST12000NM0007,12000138625024,0,81.0,132918872.0,97.0,0.0,100.0,3.0,100.0,8.0,89.0,742132815.0,85.0,13885.0,100.0,0.0,100.0,2.0,,,,,100.0,0.0,100.0,4295032833.0,,,80.0,20.0,,,100.0,193.0,100.0,1660.0,20.0,20.0,100.0,0.0,100.0,0.0,200.0,0.0,100.0,13388.0,100.0,58546912992.0,100.0,110043197532.0
2019-05-24,ZCH08014,ST12000NM0007,12000138625024,0,79.0,85188496.0,97.0,0.0,100.0,3.0,100.0,8.0,89.0,745059944.0,85.0,13917.0,100.0,0.0,100.0,2.0,,,,,100.0,0.0,100.0,4295032833.0,,,80.0,20.0,,,100.0,194.0,100.0,1661.0,20.0,20.0,100.0,0.0,100.0,0.0,200.0,0.0,100.0,13420.0,100.0,58610179176.0,100.0,110176341732.0
2019-05-25,ZCH08014,ST12000NM0007,12000138625024,0,82.0,144944056.0,97.0,0.0,100.0,3.0,100.0,8.0,89.0,746187472.0,85.0,13932.0,100.0,0.0,100.0,2.0,,,,,100.0,0.0,100.0,4295032833.0,,,81.0,19.0,,,100.0,195.0,100.0,1662.0,19.0,19.0,100.0,0.0,100.0,0.0,200.0,0.0,100.0,13435.0,100.0,58630327264.0,100.0,110215949204.0
2019-05-26,ZCH08014,ST12000NM0007,12000138625024,0,83.0,205653112.0,97.0,0.0,100.0,3.0,100.0,8.0,89.0,751461110.0,85.0,13964.0,100.0,0.0,100.0,2.0,,,,,100.0,0.0,100.0,4295032833.0,,,81.0,19.0,,,100.0,195.0,100.0,1663.0,19.0,19.0,100.0,0.0,100.0,0.0,200.0,0.0,100.0,13467.0,100.0,58702600696.0,100.0,110448525492.0
2019-05-27,ZCH08014,ST12000NM0007,12000138625024,0,82.0,148593192.0,97.0,0.0,100.0,3.0,100.0,8.0,89.0,754304384.0,85.0,13980.0,100.0,0.0,100.0,2.0,,,,,100.0,0.0,100.0,4295032833.0,,,80.0,20.0,,,100.0,195.0,100.0,1664.0,20.0,20.0,100.0,0.0,100.0,0.0,200.0,0.0,100.0,13483.0,100.0,58738356640.0,100.0,110599850476.0
2019-05-28,ZCH08014,ST12000NM0007,12000138625024,0,82.0,160827784.0,97.0,0.0,100.0,3.0,100.0,8.0,89.0,758353939.0,85.0,14012.0,100.0,0.0,100.0,2.0,,,,,100.0,0.0,100.0,4295032833.0,,,81.0,19.0,,,100.0,195.0,100.0,1665.0,19.0,19.0,100.0,0.0,100.0,0.0,200.0,0.0,100.0,13514.0,100.0,58809433384.0,100.0,110785149148.0
2019-05-29,ZCH08014,ST12000NM0007,12000138625024,0,74.0,25594416.0,97.0,0.0,100.0,3.0,100.0,8.0,89.0,760242613.0,84.0,14028.0,100.0,0.0,100.0,2.0,,,,,100.0,0.0,100.0,4295032833.0,,,79.0,21.0,,,100.0,195.0,100.0,1666.0,21.0,21.0,100.0,0.0,100.0,0.0,200.0,0.0,100.0,13530.0,100.0,58837629296.0,100.0,110865860652.0
2019-05-30,ZCH08014,ST12000NM0007,12000138625024,0,82.0,176049032.0,97.0,0.0,100.0,3.0,100.0,8.0,89.0,761600778.0,84.0,14043.0,100.0,0.0,100.0,2.0,,,,,100.0,0.0,100.0,4295032833.0,,,80.0,20.0,,,100.0,195.0,100.0,1666.0,20.0,20.0,100.0,0.0,100.0,0.0,200.0,0.0,100.0,13546.0,100.0,58875226064.0,100.0,110978718500.0
2019-05-31,ZCH08014,ST12000NM0007,12000138625024,0,83.0,210888544.0,97.0,0.0,100.0,3.0,100.0,8.0,89.0,764689407.0,84.0,14075.0,100.0,0.0,100.0,2.0,,,,,100.0,0.0,100.0,4295032833.0,,,80.0,20.0,,,100.0,196.0,100.0,1668.0,20.0,20.0,100.0,0.0,100.0,0.0,200.0,0.0,100.0,13577.0,100.0,58949927408.0,100.0,111182997300.0
2019-06-01,ZCH08014,ST12000NM0007,12000138625024,0,81.0,126205192.0,97.0,0.0,100.0,3.0,100.0,8.0,89.0,766504698.0,84.0,14091.0,100.0,0.0,100.0,2.0,,,,,100.0,0.0,100.0,4295032833.0,,,80.0,20.0,,,100.0,196.0,100.0,1669.0,20.0,20.0,100.0,0.0,100.0,0.0,200.0,0.0,100.0,13593.0,100.0,58986616104.0,100.0,111305765940.0
2019-06-02,ZCH08014,ST12000NM0007,12000138625024,0,82.0,147554824.0,97.0,0.0,100.0,3.0,100.0,8.0,89.0,771344958.0,84.0,14123.0,100.0,0.0,100.0,2.0,,,,,100.0,0.0,100.0,4295032833.0,,,80.0,20.0,,,100.0,197.0,100.0,1670.0,20.0,20.0,100.0,0.0,100.0,0.0,200.0,0.0,100.0,13625.0,100.0,59061519648.0,100.0,111496352740.0
2019-06-03,ZCH08014,ST12000NM0007,12000138625024,0,76.0,36246976.0,97.0,0.0,100.0,3.0,100.0,8.0,89.0,773326575.0,84.0,14139.0,100.0,0.0,100.0,2.0,,,,,100.0,0.0,100.0,4295032833.0,,,80.0,20.0,,,100.0,197.0,100.0,1671.0,20.0,20.0,100.0,0.0,100.0,0.0,200.0,0.0,100.0,13641.0,100.0,59089277216.0,100.0,111601428092.0
2019-06-04,ZCH08014,ST12000NM0007,12000138625024,0,81.0,114128800.0,97.0,0.0,100.0,3.0,100.0,8.0,89.0,776172066.0,84.0,14170.0,100.0,0.0,100.0,2.0,,,,,100.0,0.0,100.0,4295032833.0,,,80.0,20.0,,,100.0,197.0,100.0,1672.0,20.0,20.0,100.0,0.0,100.0,0.0,200.0,0.0,100.0,13672.0,100.0,59157553264.0,100.0,111855174708.0
2019-06-05,ZCH08014,ST12000NM0007,12000138625024,0,82.0,141864640.0,97.0,0.0,100.0,3.0,100.0,8.0,89.0,781256714.0,84.0,14202.0,100.0,0.0,100.0,2.0,,,,,100.0,0.0,100.0,4295032833.0,,,81.0,19.0,,,100.0,199.0,100.0,1674.0,19.0,19.0,100.0,0.0,100.0,0.0,200.0,0.0,100.0,13703.0,100.0,59232856176.0,100.0,112051748540.0
2019-06-06,ZCH08014,ST12000NM0007,12000138625024,0,78.0,68611824.0,97.0,0.0,100.0,3.0,100.0,8.0,89.0,783041176.0,84.0,14218.0,100.0,0.0,100.0,2.0,,,,,100.0,0.0,100.0,4295032833.0,,,81.0,19.0,,,100.0,199.0,100.0,1675.0,19.0,19.0,100.0,0.0,100.0,0.0,200.0,0.0,100.0,13719.0,100.0,59273387344.0,100.0,112182105276.0
2019-06-07,ZCH08014,ST12000NM0007,12000138625024,0,80.0,109209696.0,97.0,0.0,100.0,3.0,100.0,8.0,89.0,785774002.0,84.0,14249.0,100.0,0.0,100.0,2.0,,,,,100.0,0.0,100.0,4295032833.0,,,81.0,19.0,,,100.0,199.0,100.0,1677.0,19.0,19.0,100.0,0.0,100.0,0.0,200.0,0.0,100.0,13750.0,100.0,59335786216.0,100.0,112404445068.0
2019-06-08,ZCH08014,ST12000NM0007,12000138625024,0,71.0,11512320.0,97.0,0.0,100.0,3.0,100.0,8.0,89.0,787105904.0,84.0,14265.0,100.0,0.0,100.0,2.0,,,,,100.0,0.0,100.0,4295032833.0,,,81.0,19.0,,,100.0,199.0,100.0,1677.0,19.0,19.0,100.0,0.0,100.0,0.0,200.0,0.0,100.0,13766.0,100.0,59369136360.0,100.0,112517538180.0
2019-06-09,ZCH08014,ST12000NM0007,12000138625024,0,82.0,158045936.0,97.0,0.0,100.0,3.0,100.0,8.0,89.0,792717383.0,84.0,14297.0,100.0,0.0,100.0,2.0,,,,,100.0,0.0,100.0,4295032833.0,,,81.0,19.0,,,100.0,200.0,100.0,1678.0,19.0,19.0,100.0,0.0,100.0,0.0,200.0,0.0,100.0,13797.0,100.0,59480565944.0,100.0,112796782924.0
2019-06-10,ZCH08014,ST12000NM0007,12000138625024,0,80.0,99541984.0,97.0,0.0,100.0,3.0,100.0,8.0,89.0,794565737.0,84.0,14313.0,100.0,0.0,100.0,2.0,,,,,100.0,0.0,100.0,4295032833.0,,,81.0,19.0,,,100.0,200.0,100.0,1679.0,19.0,19.0,100.0,0.0,100.0,0.0,200.0,0.0,100.0,13813.0,100.0,59537132888.0,100.0,112925852756.0
2019-06-11,ZCH08014,ST12000NM0007,12000138625024,0,73.0,20920456.0,97.0,0.0,100.0,3.0,100.0,8.0,89.0,799051037.0,84.0,14344.0,100.0,0.0,100.0,2.0,,,,,100.0,0.0,100.0,4295032833.0,,,79.0,21.0,,,100.0,200.0,100.0,1680.0,21.0,21.0,100.0,0.0,100.0,0.0,200.0,0.0,100.0,13844.0,100.0,59613013080.0,100.0,113259632468.0
2019-06-12,ZCH08014,ST12000NM0007,12000138625024,0,65.0,3088584.0,97.0,0.0,100.0,3.0,100.0,8.0,89.0,801823205.0,84.0,14360.0,100.0,0.0,100.0,2.0,,,,,100.0,0.0,100.0,4295032833.0,,,80.0,20.0,,,100.0,200.0,100.0,1681.0,20.0,20.0,100.0,0.0,100.0,0.0,200.0,0.0,100.0,13860.0,100.0,59643063632.0,100.0,113455890764.0
2019-06-13,ZCH08014,ST12000NM0007,12000138625024,0,81.0,125384928.0,97.0,0.0,100.0,3.0,100.0,8.0,89.0,804849614.0,84.0,14392.0,100.0,0.0,100.0,2.0,,,,,100.0,0.0,100.0,4295032833.0,,,80.0,20.0,,,100.0,201.0,100.0,1682.0,20.0,20.0,100.0,0.0,100.0,0.0,200.0,0.0,100.0,13891.0,100.0,59705749384.0,100.0,113759642004.0
2019-06-14,ZCH08014,ST12000NM0007,12000138625024,0,84.0,239710896.0,97.0,0.0,100.0,3.0,100.0,8.0,89.0,806112433.0,84.0,14407.0,100.0,0.0,100.0,2.0,,,,,100.0,0.0,100.0,4295032833.0,,,80.0,20.0,,,100.0,202.0,100.0,1683.0,20.0,20.0,100.0,0.0,100.0,0.0,200.0,0.0,100.0,13907.0,100.0,59743559608.0,100.0,113836157748.0
2019-06-15,ZCH08014,ST12000NM0007,12000138625024,0,100.0,623088.0,97.0,0.0,100.0,3.0,100.0,8.0,89.0,808743663.0,84.0,14439.0,100.0,0.0,100.0,2.0,,,,,100.0,0.0,100.0,4295032833.0,,,81.0,19.0,,,100.0,203.0,100.0,1684.0,19.0,19.0,100.0,0.0,100.0,0.0,200.0,0.0,100.0,13938.0,100.0,59811258184.0,100.0,114017653612.0
2019-06-16,ZCH08014,ST12000NM0007,12000138625024,0,82.0,155365072.0,97.0,0.0,100.0,3.0,100.0,8.0,89.0,811602777.0,84.0,14455.0,100.0,0.0,100.0,2.0,,,,,100.0,0.0,100.0,4295032833.0,,,80.0,20.0,,,100.0,203.0,100.0,1685.0,20.0,20.0,100.0,0.0,100.0,0.0,200.0,0.0,100.0,13954.0,100.0,59858938768.0,100.0,114124715012.0
2019-06-17,ZCH08014,ST12000NM0007,12000138625024,0,82.0,146538728.0,97.0,0.0,100.0,3.0,100.0,8.0,89.0,814881469.0,84.0,14487.0,100.0,0.0,100.0,2.0,,,,,100.0,0.0,100.0,4295032833.0,,,81.0,19.0,,,100.0,204.0,100.0,1686.0,19.0,19.0,100.0,0.0,100.0,0.0,200.0,0.0,100.0,13985.0,100.0,59915431520.0,100.0,114303536652.0
2019-06-18,ZCH08014,ST12000NM0007,12000138625024,0,82.0,142786424.0,97.0,0.0,100.0,3.0,100.0,8.0,89.0,818261114.0,84.0,14502.0,100.0,0.0,100.0,2.0,,,,,100.0,0.0,100.0,4295032833.0,,,80.0,20.0,,,100.0,204.0,100.0,1687.0,20.0,20.0,100.0,0.0,100.0,0.0,200.0,0.0,100.0,14001.0,100.0,59991623952.0,100.0,114467733068.0
2019-06-19,ZCH08014,ST12000NM0007,12000138625024,0,82.0,166610488.0,97.0,0.0,100.0,3.0,100.0,8.0,89.0,823538894.0,84.0,14534.0,100.0,0.0,100.0,2.0,,,,,100.0,0.0,100.0,4295032833.0,,,80.0,20.0,,,100.0,205.0,100.0,1688.0,20.0,20.0,100.0,0.0,100.0,0.0,200.0,0.0,100.0,14032.0,100.0,60078652376.0,100.0,114648669540.0
2019-06-20,ZCH08014,ST12000NM0007,12000138625024,0,84.0,228035272.0,97.0,0.0,100.0,3.0,100.0,8.0,89.0,826843326.0,84.0,14566.0,100.0,0.0,100.0,2.0,,,,,100.0,0.0,100.0,4295032833.0,,,80.0,20.0,,,100.0,206.0,100.0,1690.0,20.0,20.0,100.0,0.0,100.0,0.0,200.0,0.0,100.0,14063.0,100.0,60138225176.0,100.0,114894662220.0
2019-06-21,ZCH08014,ST12000NM0007,12000138625024,0,81.0,128056936.0,97.0,0.0,100.0,3.0,100.0,8.0,89.0,828318864.0,84.0,14582.0,100.0,0.0,100.0,2.0,,,,,100.0,0.0,100.0,4295032833.0,,,80.0,20.0,,,100.0,206.0,100.0,1690.0,20.0,20.0,100.0,0.0,100.0,0.0,200.0,0.0,100.0,14079.0,100.0,60162379920.0,100.0,115014669852.0
2019-06-22,ZCH08014,ST12000NM0007,12000138625024,0,69.0,8549864.0,97.0,0.0,100.0,3.0,100.0,8.0,89.0,832018836.0,84.0,14613.0,100.0,0.0,100.0,2.0,,,,,100.0,0.0,100.0,4295032833.0,,,80.0,20.0,,,100.0,207.0,100.0,1692.0,20.0,20.0,100.0,0.0,100.0,0.0,200.0,0.0,100.0,14111.0,100.0,60237867200.0,100.0,115307956932.0
2019-06-23,ZCH08014,ST12000NM0007,12000138625024,0,82.0,157841192.0,97.0,0.0,100.0,3.0,100.0,8.0,89.0,835641201.0,84.0,14629.0,100.0,0.0,100.0,2.0,,,,,100.0,0.0,100.0,4295032833.0,,,81.0,19.0,,,100.0,207.0,100.0,1692.0,19.0,19.0,100.0,0.0,100.0,0.0,200.0,0.0,100.0,14127.0,100.0,60284983072.0,100.0,115410132388.0
2019-06-24,ZCH08014,ST12000NM0007,12000138625024,0,83.0,214605064.0,97.0,0.0,100.0,3.0,100.0,8.0,89.0,838756640.0,84.0,14661.0,100.0,0.0,100.0,2.0,,,,,100.0,0.0,100.0,4295032833.0,,,80.0,20.0,,,100.0,208.0,100.0,1694.0,20.0,20.0,100.0,0.0,100.0,0.0,200.0,0.0,100.0,14158.0,100.0,60360006064.0,100.0,115636014284.0
2019-06-25,ZCH08014,ST12000NM0007,12000138625024,0,81.0,121300512.0,97.0,0.0,100.0,3.0,100.0,8.0,89.0,840776510.0,84.0,14677.0,100.0,0.0,100.0,2.0,,,,,100.0,0.0,100.0,4295032833.0,,,79.0,21.0,,,100.0,208.0,100.0,1694.0,21.0,21.0,100.0,0.0,100.0,0.0,200.0,0.0,100.0,14174.0,100.0,60402505360.0,100.0,115744351364.0
2019-06-26,ZCH08014,ST12000NM0007,12000138625024,0,83.0,182725680.0,97.0,0.0,100.0,3.0,100.0,8.0,89.0,845520773.0,84.0,14708.0,100.0,0.0,100.0,2.0,,,,,100.0,0.0,100.0,4295032833.0,,,79.0,21.0,,,100.0,208.0,100.0,1696.0,21.0,21.0,100.0,0.0,100.0,0.0,200.0,0.0,100.0,14206.0,100.0,60488483720.0,100.0,115963939092.0
2019-06-27,ZCH08014,ST12000NM0007,12000138625024,0,81.0,134653192.0,97.0,0.0,100.0,3.0,100.0,8.0,89.0,847374990.0,84.0,14724.0,100.0,0.0,100.0,2.0,,,,,100.0,0.0,100.0,4295032833.0,,,80.0,20.0,,,100.0,208.0,100.0,1696.0,20.0,20.0,100.0,0.0,100.0,0.0,200.0,0.0,100.0,14221.0,100.0,60516928128.0,100.0,116131562900.0
2019-06-28,ZCH08014,ST12000NM0007,12000138625024,0,76.0,43125280.0,97.0,0.0,100.0,3.0,100.0,8.0,89.0,853204714.0,84.0,14756.0,100.0,0.0,100.0,2.0,,,,,100.0,0.0,100.0,4295032833.0,,,80.0,20.0,,,100.0,209.0,100.0,1698.0,20.0,20.0,100.0,0.0,100.0,0.0,200.0,0.0,100.0,14253.0,100.0,60590871936.0,100.0,116454372724.0
2019-06-29,ZCH08014,ST12000NM0007,12000138625024,0,84.0,235858096.0,97.0,0.0,100.0,3.0,100.0,8.0,89.0,855212552.0,84.0,14771.0,100.0,0.0,100.0,2.0,,,,,100.0,0.0,100.0,4295032833.0,,,80.0,20.0,,,100.0,209.0,100.0,1698.0,20.0,20.0,100.0,0.0,100.0,0.0,200.0,0.0,100.0,14268.0,100.0,60625034176.0,100.0,116612943300.0
2019-06-30,ZCH08014,ST12000NM0007,12000138625024,0,83.0,198227296.0,97.0,0.0,100.0,3.0,100.0,8.0,89.0,861157482.0,84.0,14803.0,100.0,0.0,100.0,2.0,,,,,100.0,0.0,100.0,4295032833.0,,,81.0,19.0,,,100.0,209.0,100.0,1700.0,19.0,19.0,100.0,0.0,100.0,0.0,200.0,0.0,100.0,14300.0,100.0,60714410496.0,100.0,116974217916.0
2019-07-01,ZCH08014,ST12000NM0007,12000138625024,0,82.0,162934496.0,97.0,0.0,100.0,3.0,100.0,8.0,89.0,863074160.0,84.0,14819.0,100.0,0.0,100.0,2.0,,,,,100.0,0.0,100.0,4295032833.0,,,81.0,19.0,,,100.0,209.0,100.0,1700.0,19.0,19.0,100.0,0.0,100.0,0.0,200.0,0.0,100.0,14316.0,100.0,60759781800.0,100.0,117137694444.0
2019-07-02,ZCH08014,ST12000NM0007,12000138625024,0,79.0,81249136.0,97.0,0.0,100.0,3.0,100.0,8.0,89.0,868372254.0,84.0,14851.0,100.0,0.0,100.0,2.0,,,,,100.0,0.0,100.0,4295032833.0,,,79.0,21.0,,,100.0,209.0,100.0,1701.0,21.0,21.0,100.0,0.0,100.0,0.0,200.0,0.0,100.0,14348.0,100.0,60846112712.0,100.0,117457959596.0
2019-07-03,ZCH08014,ST12000NM0007,12000138625024,0,76.0,44006808.0,97.0,0.0,100.0,3.0,100.0,8.0,89.0,870670016.0,84.0,14867.0,100.0,0.0,100.0,2.0,,,,,100.0,0.0,100.0,4295032833.0,,,80.0,20.0,,,100.0,209.0,100.0,1702.0,20.0,20.0,100.0,0.0,100.0,0.0,200.0,0.0,100.0,14363.0,100.0,60884824968.0,100.0,117626145660.0
2019-07-04,ZCH08014,ST12000NM0007,12000138625024,0,82.0,174648688.0,97.0,0.0,100.0,3.0,100.0,8.0,89.0,874568001.0,83.0,14898.0,100.0,0.0,100.0,2.0,,,,,100.0,0.0,100.0,4295032833.0,,,80.0,20.0,,,100.0,209.0,100.0,1703.0,20.0,20.0,100.0,0.0,100.0,0.0,200.0,0.0,100.0,14395.0,100.0,60951930568.0,100.0,117933822620.0
2019-07-05,ZCH08014,ST12000NM0007,12000138625024,0,75.0,32966904.0,97.0,0.0,100.0,3.0,100.0,8.0,89.0,875880763.0,83.0,14914.0,100.0,0.0,100.0,2.0,,,,,100.0,0.0,100.0,4295032833.0,,,80.0,20.0,,,100.0,210.0,100.0,1704.0,20.0,20.0,100.0,0.0,100.0,0.0,200.0,0.0,100.0,14410.0,100.0,60980936616.0,100.0,118007275564.0
2019-07-06,ZCH08014,ST12000NM0007,12000138625024,0,80.0,101414840.0,97.0,0.0,100.0,3.0,100.0,8.0,89.0,879267646.0,83.0,14946.0,100.0,0.0,100.0,2.0,,,,,100.0,0.0,100.0,4295032833.0,,,80.0,20.0,,,100.0,210.0,100.0,1705.0,20.0,20.0,100.0,0.0,100.0,0.0,200.0,0.0,100.0,14442.0,100.0,61032926760.0,100.0,118267874212.0
2019-07-07,ZCH08014,ST12000NM0007,12000138625024,0,84.0,234813624.0,97.0,0.0,100.0,3.0,100.0,8.0,89.0,886908602.0,83.0,14977.0,100.0,0.0,100.0,2.0,,,,,100.0,0.0,100.0,4295032833.0,,,80.0,20.0,,,100.0,211.0,100.0,1707.0,20.0,20.0,100.0,0.0,100.0,0.0,200.0,0.0,100.0,14473.0,100.0,61119346136.0,100.0,118803135092.0
2019-07-08,ZCH08014,ST12000NM0007,12000138625024,0,78.0,63734448.0,97.0,0.0,100.0,3.0,100.0,8.0,89.0,889928741.0,83.0,14993.0,100.0,0.0,100.0,2.0,,,,,100.0,0.0,100.0,4295032833.0,,,80.0,20.0,,,100.0,211.0,100.0,1707.0,20.0,20.0,100.0,0.0,100.0,0.0,200.0,0.0,100.0,14489.0,100.0,61155088416.0,100.0,119084595060.0
2019-07-09,ZCH08014,ST12000NM0007,12000138625024,0,81.0,119209576.0,97.0,0.0,100.0,3.0,100.0,8.0,90.0,897077191.0,83.0,15025.0,100.0,0.0,100.0,2.0,,,,,100.0,0.0,100.0,4295032833.0,,,80.0,20.0,,,100.0,211.0,100.0,1709.0,20.0,20.0,100.0,0.0,100.0,0.0,200.0,0.0,100.0,14521.0,100.0,61235051128.0,100.0,119548389228.0
2019-07-10,ZCH08014,ST12000NM0007,12000138625024,0,81.0,122696688.0,97.0,0.0,100.0,3.0,100.0,8.0,90.0,899959507.0,83.0,15041.0,100.0,0.0,100.0,2.0,,,,,100.0,0.0,100.0,4295032833.0,,,80.0,20.0,,,100.0,211.0,100.0,1709.0,20.0,20.0,100.0,0.0,100.0,0.0,200.0,0.0,100.0,14537.0,100.0,61261416256.0,100.0,119769651860.0
2019-07-11,ZCH08014,ST12000NM0007,12000138625024,0,82.0,169860688.0,97.0,0.0,100.0,3.0,100.0,8.0,90.0,904619549.0,83.0,15073.0,100.0,0.0,100.0,2.0,,,,,100.0,0.0,100.0,4295032833.0,,,79.0,21.0,,,100.0,212.0,100.0,1711.0,21.0,21.0,100.0,0.0,100.0,0.0,200.0,0.0,100.0,14568.0,100.0,61353868200.0,100.0,120212645300.0
2019-07-12,ZCH08014,ST12000NM0007,12000138625024,0,69.0,8006648.0,97.0,0.0,100.0,3.0,100.0,8.0,90.0,907333804.0,83.0,15088.0,100.0,0.0,100.0,2.0,,,,,100.0,0.0,100.0,4295032833.0,,,80.0,20.0,,,100.0,212.0,100.0,1711.0,20.0,20.0,100.0,0.0,100.0,0.0,200.0,0.0,100.0,14584.0,100.0,61412286896.0,100.0,120480653916.0
2019-07-13,ZCH08014,ST12000NM0007,12000138625024,0,77.0,50453024.0,97.0,0.0,100.0,3.0,100.0,8.0,90.0,913785988.0,83.0,15120.0,100.0,0.0,100.0,2.0,,,,,100.0,0.0,100.0,4295032833.0,,,79.0,21.0,,,100.0,212.0,100.0,1713.0,21.0,21.0,100.0,0.0,100.0,0.0,200.0,0.0,100.0,14615.0,100.0,61496235480.0,100.0,120927433196.0
2019-07-14,ZCH08014,ST12000NM0007,12000138625024,0,80.0,97162760.0,97.0,0.0,100.0,3.0,100.0,8.0,90.0,919418968.0,83.0,15136.0,100.0,0.0,100.0,2.0,,,,,100.0,0.0,100.0,4295032833.0,,,80.0,20.0,,,100.0,212.0,100.0,1713.0,20.0,20.0,100.0,0.0,100.0,0.0,200.0,0.0,100.0,14631.0,100.0,61531634248.0,100.0,121182884796.0
2019-07-15,ZCH08014,ST12000NM0007,12000138625024,0,83.0,198392312.0,97.0,0.0,100.0,3.0,100.0,8.0,90.0,926039927.0,83.0,15168.0,100.0,0.0,100.0,2.0,,,,,100.0,0.0,100.0,4295032833.0,,,79.0,21.0,,,100.0,213.0,100.0,1715.0,21.0,21.0,100.0,0.0,100.0,0.0,200.0,0.0,100.0,14662.0,100.0,61637751752.0,100.0,121666278204.0
2019-07-16,ZCH08014,ST12000NM0007,12000138625024,0,81.0,137102520.0,97.0,0.0,100.0,3.0,100.0,8.0,90.0,928617773.0,83.0,15183.0,100.0,0.0,100.0,2.0,,,,,100.0,0.0,100.0,4295032833.0,,,80.0,20.0,,,100.0,213.0,100.0,1715.0,20.0,20.0,100.0,0.0,100.0,0.0,200.0,0.0,100.0,14678.0,100.0,61684824000.0,100.0,121802056868.0
2019-07-17,ZCH08014,ST12000NM0007,12000138625024,0,79.0,80679784.0,97.0,0.0,100.0,3.0,100.0,8.0,90.0,931215388.0,83.0,15199.0,100.0,0.0,100.0,2.0,,,,,100.0,0.0,100.0,4295032833.0,,,81.0,19.0,,,100.0,214.0,100.0,1716.0,19.0,19.0,100.0,0.0,100.0,0.0,200.0,0.0,100.0,14694.0,100.0,61725362744.0,100.0,121949236020.0
2019-07-18,ZCH08014,ST12000NM0007,12000138625024,0,79.0,76902288.0,97.0,0.0,100.0,3.0,100.0,8.0,90.0,935156328.0,83.0,15231.0,100.0,0.0,100.0,2.0,,,,,100.0,0.0,100.0,4295032833.0,,,81.0,19.0,,,100.0,214.0,100.0,1717.0,19.0,19.0,100.0,0.0,100.0,0.0,200.0,0.0,100.0,14725.0,100.0,61776339824.0,100.0,122382762924.0
2019-07-19,ZCH08014,ST12000NM0007,12000138625024,0,78.0,60149632.0,97.0,0.0,100.0,3.0,100.0,8.0,90.0,936912214.0,83.0,15247.0,100.0,0.0,100.0,2.0,,,,,100.0,0.0,100.0,4295032833.0,,,81.0,19.0,,,100.0,215.0,100.0,1718.0,19.0,19.0,100.0,0.0,100.0,0.0,200.0,0.0,100.0,14741.0,100.0,61827379064.0,100.0,122559111748.0
2019-07-20,ZCH08014,ST12000NM0007,12000138625024,0,70.0,9875720.0,97.0,0.0,100.0,3.0,100.0,8.0,90.0,940617793.0,83.0,15278.0,100.0,0.0,100.0,2.0,,,,,100.0,0.0,100.0,4295032833.0,,,81.0,19.0,,,100.0,215.0,100.0,1719.0,19.0,19.0,100.0,0.0,100.0,0.0,200.0,0.0,100.0,14773.0,100.0,61894932592.0,100.0,122929565796.0
2019-07-21,ZCH08014,ST12000NM0007,12000138625024,0,72.0,15723096.0,97.0,0.0,100.0,3.0,100.0,8.0,90.0,943508532.0,83.0,15294.0,100.0,0.0,100.0,2.0,,,,,100.0,0.0,100.0,4295032833.0,,,81.0,19.0,,,100.0,216.0,100.0,1720.0,19.0,19.0,100.0,0.0,100.0,0.0,200.0,0.0,100.0,14788.0,100.0,61936507048.0,100.0,123137979468.0
2019-07-22,ZCH08014,ST12000NM0007,12000138625024,0,83.0,180249648.0,97.0,0.0,100.0,3.0,100.0,8.0,90.0,947029142.0,83.0,15326.0,100.0,0.0,100.0,2.0,,,,,100.0,0.0,100.0,4295032833.0,,,81.0,19.0,,,100.0,216.0,100.0,1721.0,19.0,19.0,100.0,0.0,100.0,0.0,200.0,0.0,100.0,14820.0,100.0,61989066672.0,100.0,123494087172.0
2019-07-23,ZCH08014,ST12000NM0007,12000138625024,0,82.0,144396680.0,97.0,0.0,100.0,3.0,100.0,8.0,90.0,948539955.0,83.0,15342.0,100.0,0.0,100.0,2.0,,,,,100.0,0.0,100.0,4295032833.0,,,81.0,19.0,,,100.0,216.0,100.0,1722.0,19.0,19.0,100.0,0.0,100.0,0.0,200.0,0.0,100.0,14836.0,100.0,62020100528.0,100.0,123671341076.0
2019-07-24,ZCH08014,ST12000NM0007,12000138625024,0,73.0,21101360.0,97.0,0.0,100.0,3.0,100.0,8.0,90.0,953242764.0,83.0,15374.0,100.0,0.0,100.0,2.0,,,,,100.0,0.0,100.0,4295032833.0,,,81.0,19.0,,,100.0,217.0,100.0,1723.0,19.0,19.0,100.0,0.0,100.0,0.0,200.0,0.0,100.0,14867.0,100.0,62080668144.0,100.0,123975759660.0
2019-07-25,ZCH08014,ST12000NM0007,12000138625024,0,76.0,42087720.0,97.0,0.0,100.0,3.0,100.0,8.0,90.0,955219273.0,83.0,15390.0,100.0,0.0,100.0,2.0,,,,,100.0,0.0,100.0,4295032833.0,,,80.0,20.0,,,100.0,218.0,100.0,1726.0,20.0,20.0,100.0,0.0,100.0,0.0,200.0,0.0,100.0,14883.0,100.0,62102434872.0,100.0,124219119956.0
2019-07-26,ZCH08014,ST12000NM0007,12000138625024,0,83.0,210569816.0,97.0,0.0,100.0,3.0,100.0,8.0,90.0,958216116.0,83.0,15421.0,100.0,0.0,100.0,2.0,,,,,100.0,0.0,100.0,4295032833.0,,,80.0,20.0,,,100.0,219.0,100.0,1727.0,20.0,20.0,100.0,0.0,100.0,0.0,200.0,0.0,100.0,14914.0,100.0,62148135456.0,100.0,124586042212.0
2019-07-27,ZCH08014,ST12000NM0007,12000138625024,0,82.0,157248880.0,97.0,0.0,100.0,3.0,100.0,16.0,90.0,961445600.0,83.0,15453.0,100.0,0.0,100.0,2.0,,,,,100.0,0.0,100.0,4295032833.0,,,80.0,20.0,,,100.0,219.0,100.0,1730.0,20.0,20.0,100.0,0.0,100.0,0.0,200.0,0.0,100.0,14946.0,100.0,62200746616.0,100.0,124968391452.0
2019-07-28,ZCH08014,ST12000NM0007,12000138625024,0,67.0,5046568.0,97.0,0.0,100.0,3.0,100.0,1120.0,90.0,965613462.0,83.0,15469.0,100.0,0.0,100.0,2.0,,,,,91.0,9.0,100.0,4295032833.0,,,80.0,20.0,,,100.0,219.0,100.0,1730.0,20.0,20.0,100.0,0.0,100.0,0.0,200.0,0.0,100.0,14962.0,100.0,62272425080.0,100.0,125232792220.0
2019-07-29,ZCH08014,ST12000NM0007,12000138625024,0,83.0,191747952.0,97.0,0.0,100.0,3.0,100.0,1120.0,90.0,968421493.0,83.0,15501.0,100.0,0.0,100.0,2.0,,,,,91.0,9.0,100.0,4295032833.0,,,80.0,20.0,,,100.0,219.0,100.0,1732.0,20.0,20.0,100.0,0.0,100.0,0.0,200.0,0.0,100.0,14993.0,100.0,62323465528.0,100.0,125612594124.0
2019-07-30,ZCH08014,ST12000NM0007,12000138625024,0,81.0,125832288.0,97.0,0.0,100.0,3.0,100.0,1120.0,90.0,969985518.0,83.0,15517.0,100.0,0.0,100.0,2.0,,,,,91.0,9.0,100.0,4295032833.0,,,81.0,19.0,,,100.0,219.0,100.0,1732.0,19.0,19.0,100.0,0.0,100.0,0.0,200.0,0.0,100.0,15009.0,100.0,62344814768.0,100.0,125769470076.0
2019-07-31,ZCH08014,ST12000NM0007,12000138625024,0,78.0,63382184.0,97.0,0.0,100.0,3.0,100.0,1120.0,90.0,974698652.0,83.0,15548.0,100.0,0.0,100.0,2.0,,,,,91.0,9.0,100.0,4295032833.0,,,80.0,20.0,,,100.0,220.0,100.0,1734.0,20.0,20.0,100.0,0.0,100.0,0.0,200.0,0.0,100.0,15040.0,100.0,62406474616.0,100.0,126133641732.0
2019-08-01,ZCH08014,ST12000NM0007,12000138625024,0,82.0,143577640.0,97.0,0.0,100.0,3.0,100.0,1120.0,90.0,977088000.0,83.0,15564.0,100.0,0.0,100.0,2.0,,,,,91.0,9.0,100.0,4295032833.0,,,80.0,20.0,,,100.0,220.0,100.0,1734.0,20.0,20.0,100.0,0.0,100.0,0.0,200.0,0.0,100.0,15056.0,100.0,62465694136.0,100.0,126398758572.0
2019-08-02,ZCH08014,ST12000NM0007,12000138625024,0,82.0,156569728.0,97.0,0.0,100.0,3.0,100.0,1120.0,90.0,980796732.0,83.0,15596.0,100.0,0.0,100.0,2.0,,,,,91.0,9.0,100.0,4295032833.0,,,80.0,20.0,,,100.0,220.0,100.0,1736.0,20.0,20.0,100.0,0.0,100.0,0.0,200.0,0.0,100.0,15088.0,100.0,62569179464.0,100.0,126796546812.0
2019-08-03,ZCH08014,ST12000NM0007,12000138625024,0,82.0,161336472.0,97.0,0.0,100.0,3.0,100.0,1120.0,90.0,982635117.0,83.0,15612.0,100.0,0.0,100.0,2.0,,,,,91.0,9.0,100.0,4295032833.0,,,80.0,20.0,,,100.0,220.0,100.0,1736.0,20.0,20.0,100.0,0.0,100.0,0.0,200.0,0.0,100.0,15103.0,100.0,62618342648.0,100.0,126996291196.0
2019-08-04,ZCH08014,ST12000NM0007,12000138625024,0,84.0,237568288.0,97.0,0.0,100.0,3.0,100.0,1128.0,90.0,988616073.0,83.0,15643.0,100.0,0.0,100.0,2.0,,,,,91.0,9.0,100.0,4295032833.0,,,81.0,19.0,,,100.0,220.0,100.0,1738.0,19.0,19.0,100.0,0.0,100.0,0.0,200.0,0.0,100.0,15135.0,100.0,62709385824.0,100.0,127469761156.0
2019-08-05,ZCH08014,ST12000NM0007,12000138625024,0,83.0,218182544.0,97.0,0.0,100.0,3.0,100.0,1360.0,90.0,990122338.0,83.0,15659.0,100.0,0.0,100.0,2.0,,,,,91.0,9.0,100.0,4295032833.0,,,81.0,19.0,,,100.0,220.0,100.0,1738.0,19.0,19.0,100.0,0.0,100.0,0.0,200.0,0.0,100.0,15151.0,100.0,62733703248.0,100.0,127670198740.0
2019-08-06,ZCH08014,ST12000NM0007,12000138625024,0,83.0,182080800.0,97.0,0.0,100.0,3.0,100.0,1544.0,90.0,994383477.0,83.0,15691.0,100.0,0.0,100.0,2.0,,,,,91.0,9.0,100.0,4295032833.0,,,80.0,20.0,,,100.0,220.0,100.0,1740.0,20.0,20.0,100.0,0.0,100.0,0.0,200.0,0.0,100.0,15182.0,100.0,62787123232.0,100.0,128313099980.0
2019-08-07,ZCH08014,ST12000NM0007,12000138625024,0,80.0,108013032.0,97.0,0.0,100.0,3.0,100.0,1592.0,90.0,997564975.0,83.0,15707.0,100.0,0.0,100.0,2.0,,,,,91.0,9.0,100.0,4295032833.0,,,80.0,20.0,,,100.0,220.0,100.0,1740.0,20.0,20.0,100.0,0.0,100.0,0.0,200.0,0.0,100.0,15198.0,100.0,62801851648.0,100.0,128956725836.0
2019-08-08,ZCH08014,ST12000NM0007,12000138625024,0,78.0,56696600.0,97.0,0.0,100.0,3.0,100.0,1928.0,65.0,3186366.0,83.0,15738.0,100.0,0.0,100.0,2.0,,,,,89.0,11.0,100.0,4295032833.0,,,81.0,19.0,,,100.0,221.0,100.0,1742.0,19.0,19.0,100.0,0.0,100.0,0.0,200.0,0.0,100.0,15229.0,100.0,62838299808.0,100.0,130089664996.0
2019-08-09,ZCH08014,ST12000NM0007,12000138625024,0,77.0,49836896.0,97.0,0.0,100.0,3.0,100.0,2064.0,67.0,4898464.0,83.0,15754.0,100.0,0.0,100.0,2.0,,,,,89.0,11.0,100.0,4295032833.0,,,81.0,19.0,,,100.0,221.0,100.0,1742.0,19.0,19.0,100.0,0.0,100.0,0.0,200.0,0.0,100.0,15245.0,100.0,62870515000.0,100.0,130294730740.0
2019-08-10,ZCH08014,ST12000NM0007,12000138625024,0,80.0,103453168.0,97.0,0.0,100.0,3.0,100.0,2064.0,69.0,7698171.0,82.0,15786.0,100.0,0.0,100.0,2.0,,,,,89.0,11.0,100.0,4295032833.0,,,81.0,19.0,,,100.0,222.0,100.0,1744.0,19.0,19.0,100.0,0.0,100.0,0.0,200.0,0.0,100.0,15276.0,100.0,62921549232.0,100.0,130541453644.0
2019-08-11,ZCH08014,ST12000NM0007,12000138625024,0,78.0,58824896.0,97.0,0.0,100.0,3.0,100.0,2176.0,70.0,11199534.0,82.0,15802.0,100.0,0.0,100.0,2.0,,,,,89.0,11.0,100.0,4295032833.0,,,81.0,19.0,,,100.0,222.0,100.0,1744.0,19.0,19.0,100.0,0.0,100.0,0.0,200.0,0.0,100.0,15292.0,100.0,62963545384.0,100.0,130698969852.0
2019-08-12,ZCH08014,ST12000NM0007,12000138625024,0,84.0,236297848.0,97.0,0.0,100.0,3.0,100.0,2176.0,72.0,17239916.0,82.0,15833.0,100.0,0.0,100.0,2.0,,,,,89.0,11.0,100.0,4295032833.0,,,80.0,20.0,,,100.0,223.0,100.0,1746.0,20.0,20.0,100.0,0.0,100.0,0.0,200.0,0.0,100.0,15324.0,100.0,63005020648.0,100.0,131811530772.0
2019-08-13,ZCH08014,ST12000NM0007,12000138625024,1,80.0,94382944.0,97.0,0.0,100.0,3.0,100.0,2192.0,73.0,20936760.0,82.0,15849.0,100.0,0.0,100.0,2.0,,,,,89.0,11.0,100.0,4295032833.0,,,81.0,19.0,,,100.0,223.0,100.0,1746.0,19.0,19.0,100.0,0.0,100.0,0.0,200.0,0.0,100.0,15340.0,100.0,63016022104.0,100.0,132635177716.0
