2018-04-27,ZCH0CH47,ST12000NM0007,12000138625024,0,82,141877140,99,0,100,1,100,0,62,1706176,100,54,100,0,100,1,,,,,100.0,0.0,100.0,0.0,,,74.0,26.0,,,100.0,0.0,100.0,64.0,26,26,100,0,100,0,200,0,100.0,29.0,100.0,602878992.0,100.0,271458302.0
2018-04-28,ZCH0CH47,ST12000NM0007,12000138625024,0,84,231401192,99,0,100,1,100,0,64,2436460,100,78,100,0,100,1,,,,,100.0,0.0,100.0,0.0,,,72.0,28.0,,,100.0,1.0,100.0,65.0,28,28,100,0,100,0,200,0,100.0,52.0,100.0,672445168.0,100.0,291416178.0
2018-04-29,ZCH0CH47,ST12000NM0007,12000138625024,0,81,125422360,99,0,100,1,100,0,67,5083541,100,101,100,0,100,1,,,,,100.0,0.0,100.0,0.0,,,72.0,28.0,,,100.0,1.0,100.0,66.0,28,28,100,0,100,0,200,0,100.0,75.0,100.0,904926016.0,100.0,441238226.0
2018-04-30,ZCH0CH47,ST12000NM0007,12000138625024,0,79,73206416,99,0,100,1,100,0,69,8731702,100,125,100,0,100,1,,,,,100.0,0.0,100.0,0.0,,,71.0,29.0,,,100.0,1.0,100.0,67.0,29,29,100,0,100,0,200,0,100.0,99.0,100.0,1277649912.0,100.0,748720634.0
2018-05-01,ZCH0CH47,ST12000NM0007,12000138625024,0,82,173480464,99,0,100,1,100,0,71,12091852,100,149,100,0,100,1,,,,,100.0,0.0,100.0,0.0,,,70.0,30.0,,,100.0,1.0,100.0,68.0,30,30,100,0,100,0,200,0,100.0,123.0,100.0,1584182064.0,100.0,1030743962.0
2018-05-02,ZCH0CH47,ST12000NM0007,12000138625024,0,80.0,91456184.0,99.0,0.0,100.0,1.0,100.0,0.0,72.0,15699066.0,100.0,173.0,100.0,0.0,100.0,1.0,,,,,100.0,0.0,100.0,0.0,,,70.0,30.0,,,100.0,1.0,100.0,69.0,30.0,30.0,100.0,0.0,100.0,0.0,200.0,0.0,100.0,147.0,100.0,1920073032.0,100.0,1345251482.0
2018-05-03,ZCH0CH47,ST12000NM0007,12000138625024,0,80,105367496,99,0,100,1,100,0,73,18626122,100,194,100,0,100,1,,,,,100.0,0.0,100.0,0.0,,,69.0,31.0,,,100.0,1.0,100.0,70.0,31,31,100,0,100,0,200,0,100.0,167.0,100.0,2173369984.0,100.0,1594147322.0
2018-05-04,ZCH0CH47,ST12000NM0007,12000138625024,0,82,168413544,99,0,100,1,100,0,73,21926198,100,217,100,0,100,1,,,,,100.0,0.0,100.0,0.0,,,69.0,31.0,,,100.0,2.0,100.0,71.0,31,31,100,0,100,0,200,0,100.0,190.0,100.0,2460234584.0,100.0,1858610362.0
2018-05-05,ZCH0CH47,ST12000NM0007,12000138625024,0,80,104391088,99,0,100,1,100,0,74,25615978,100,241,100,0,100,1,,,,,100.0,0.0,100.0,0.0,,,71.0,29.0,,,100.0,2.0,100.0,72.0,29,29,100,0,100,0,200,0,100.0,215.0,100.0,2801678544.0,100.0,2185566114.0
2018-05-06,ZCH0CH47,ST12000NM0007,12000138625024,0,72,17688656,99,0,100,1,100,0,75,29214646,100,265,100,0,100,1,,,,,100.0,0.0,100.0,0.0,,,71.0,29.0,,,100.0,2.0,100.0,73.0,29,29,100,0,100,0,200,0,100.0,238.0,100.0,3129253808.0,100.0,2503710522.0
2018-05-07,ZCH0CH47,ST12000NM0007,12000138625024,0,84,242566552,99,0,100,1,100,0,75,32961149,100,289,100,0,100,1,,,,,100.0,0.0,100.0,0.0,,,72.0,28.0,,,100.0,2.0,100.0,74.0,28,28,100,0,100,0,200,0,100.0,262.0,100.0,3492975304.0,100.0,2853148410.0
2018-05-08,ZCH0CH47,ST12000NM0007,12000138625024,0,80,111058120,99,0,100,1,100,0,76,36466209,100,313,100,0,100,1,,,,,100.0,0.0,100.0,0.0,,,70.0,30.0,,,100.0,2.0,100.0,75.0,30,30,100,0,100,0,200,0,100.0,286.0,100.0,3808859016.0,100.0,3138178810.0
2018-05-09,ZCH0CH47,ST12000NM0007,12000138625024,0,76,38677832,99,0,100,1,100,0,76,40154541,100,338,100,0,100,1,,,,,100.0,0.0,100.0,0.0,,,70.0,30.0,,,100.0,2.0,100.0,76.0,30,30,100,0,100,0,200,0,100.0,311.0,100.0,4152439384.0,100.0,3454640530.0
2018-05-10,ZCH0CH47,ST12000NM0007,12000138625024,0,82,168255312,99,0,100,1,100,0,76,43733070,100,361,100,0,100,1,,,,,100.0,0.0,100.0,0.0,,,70.0,30.0,,,100.0,2.0,100.0,78.0,30,30,100,0,100,0,200,0,100.0,334.0,100.0,4469827504.0,100.0,3755111482.0
2018-05-11,ZCH0CH47,ST12000NM0007,12000138625024,0,77,50320520,99,0,100,1,100,0,77,47328569,100,385,100,0,100,1,,,,,100.0,0.0,100.0,0.0,,,70.0,30.0,,,100.0,2.0,100.0,79.0,30,30,100,0,100,0,200,0,100.0,358.0,100.0,4783854216.0,100.0,4055572402.0
2018-05-12,ZCH0CH47,ST12000NM0007,12000138625024,0,74,22444808,99,0,100,1,100,0,77,51131793,100,409,100,0,100,1,,,,,100.0,0.0,100.0,0.0,,,72.0,28.0,,,100.0,2.0,100.0,80.0,28,28,100,0,100,0,200,0,100.0,382.0,100.0,5134540888.0,100.0,4409432626.0
2018-05-13,ZCH0CH47,ST12000NM0007,12000138625024,0,83,209023976,99,0,100,1,100,0,77,54824394,100,434,100,0,100,1,,,,,100.0,0.0,100.0,0.0,,,72.0,28.0,,,100.0,2.0,100.0,81.0,28,28,100,0,100,0,200,0,100.0,406.0,100.0,5460373888.0,100.0,4758460258.0
2018-05-14,ZCH0CH47,ST12000NM0007,12000138625024,0,82,170962312,99,0,100,1,100,0,78,58574853,100,458,100,0,100,1,,,,,100.0,0.0,100.0,0.0,,,72.0,28.0,,,100.0,2.0,100.0,82.0,28,28,100,0,100,0,200,0,100.0,430.0,100.0,5780446312.0,100.0,5132748130.0
2018-05-15,ZCH0CH47,ST12000NM0007,12000138625024,0,82.0,143144400.0,99.0,0.0,100.0,1.0,100.0,0.0,78.0,62439872.0,100.0,482.0,100.0,0.0,100.0,1.0,,,,,100.0,0.0,100.0,0.0,,,71.0,29.0,,,100.0,2.0,100.0,83.0,29.0,29.0,100.0,0.0,100.0,0.0,200.0,0.0,100.0,454.0,100.0,6134726680.0,100.0,5483072386.0
2018-05-16,ZCH0CH47,ST12000NM0007,12000138625024,0,78,59694840,99,0,100,1,100,0,78,66154388,100,505,100,0,100,1,,,,,100.0,0.0,100.0,0.0,,,72.0,28.0,,,100.0,2.0,100.0,84.0,28,28,100,0,100,0,200,0,100.0,478.0,100.0,6461009160.0,100.0,5805763666.0
2018-05-17,ZCH0CH47,ST12000NM0007,12000138625024,0,67,4781448,99,0,100,1,100,0,78,69943637,100,529,100,0,100,1,,,,,100.0,0.0,100.0,0.0,,,73.0,27.0,,,100.0,2.0,100.0,85.0,27,27,100,0,100,0,200,0,100.0,502.0,100.0,6791507568.0,100.0,6152774338.0
2018-05-18,ZCH0CH47,ST12000NM0007,12000138625024,0,82,154788928,99,0,100,1,100,0,79,73744686,100,553,100,0,100,1,,,,,100.0,0.0,100.0,0.0,,,72.0,28.0,,,100.0,3.0,100.0,86.0,28,28,100,0,100,0,200,0,100.0,525.0,100.0,7119242504.0,100.0,6463328474.0
2018-05-19,ZCH0CH47,ST12000NM0007,12000138625024,0,74,24928296,99,0,100,1,100,0,79,77364218,100,577,100,0,100,1,,,,,100.0,0.0,100.0,0.0,,,73.0,27.0,,,100.0,3.0,100.0,87.0,27,27,100,0,100,0,200,0,100.0,549.0,100.0,7436990288.0,100.0,6748142786.0
2018-05-20,ZCH0CH47,ST12000NM0007,12000138625024,0,83,191781904,99,0,100,1,100,0,79,81245362,100,600,100,0,100,1,,,,,100.0,0.0,100.0,0.0,,,72.0,28.0,,,100.0,3.0,100.0,88.0,28,28,100,0,100,0,200,0,100.0,572.0,100.0,7795537368.0,100.0,7044730866.0
2018-05-21,ZCH0CH47,ST12000NM0007,12000138625024,0,83,188805304,99,0,100,1,100,0,79,85304306,100,625,100,0,100,1,,,,,100.0,0.0,100.0,0.0,,,72.0,28.0,,,100.0,3.0,100.0,89.0,28,28,100,0,100,0,200,0,100.0,597.0,100.0,8177760008.0,100.0,7391953994.0
2018-05-22,ZCH0CH47,ST12000NM0007,12000138625024,0,78,63624104,99,0,100,1,100,0,79,88958264,100,648,100,0,100,1,,,,,100.0,0.0,100.0,0.0,,,73.0,27.0,,,100.0,3.0,100.0,90.0,27,27,100,0,100,0,200,0,100.0,620.0,100.0,8484954816.0,100.0,7692000522.0
2018-05-23,ZCH0CH47,ST12000NM0007,12000138625024,0,78,62457536,99,0,100,1,100,0,80,93439463,100,678,100,0,100,1,,,,,100.0,0.0,100.0,0.0,,,72.0,28.0,,,100.0,3.0,100.0,91.0,28,28,100,0,100,0,200,0,100.0,649.0,100.0,8864121792.0,100.0,8044089218.0
2018-05-24,ZCH0CH47,ST12000NM0007,12000138625024,0,83,177968128,99,0,100,1,100,0,80,95868893,100,697,100,0,100,1,,,,,100.0,0.0,100.0,0.0,,,71.0,29.0,,,100.0,3.0,100.0,92.0,29,29,100,0,100,0,200,0,100.0,668.0,100.0,9043191208.0,100.0,8224671394.0
2018-05-25,ZCH0CH47,ST12000NM0007,12000138625024,0,77,54227392,99,0,100,1,100,0,80,99443385,100,720,100,0,100,1,,,,,100.0,0.0,100.0,0.0,,,71.0,29.0,,,100.0,3.0,100.0,93.0,29,29,100,0,100,0,200,0,100.0,692.0,100.0,9345105224.0,100.0,8531439362.0
2018-05-26,ZCH0CH47,ST12000NM0007,12000138625024,0,83,178582624,99,0,100,1,100,0,80,103187667,100,745,100,0,100,1,,,,,100.0,0.0,100.0,0.0,,,72.0,28.0,,,100.0,3.0,100.0,95.0,28,28,100,0,100,0,200,0,100.0,716.0,100.0,9644428288.0,100.0,8844753386.0
2018-05-27,ZCH0CH47,ST12000NM0007,12000138625024,0,79,82196960,99,0,100,1,100,0,80,107224559,100,773,100,0,100,1,,,,,100.0,0.0,100.0,0.0,,,72.0,28.0,,,100.0,3.0,100.0,96.0,28,28,100,0,100,0,200,0,100.0,745.0,100.0,9930343024.0,100.0,9194875658.0
2018-05-28,ZCH0CH47,ST12000NM0007,12000138625024,0,77,50208760,99,0,100,1,100,0,80,111313619,100,799,100,0,100,1,,,,,100.0,0.0,100.0,0.0,,,71.0,29.0,,,100.0,3.0,100.0,97.0,29,29,100,0,100,0,200,0,100.0,770.0,100.0,10288942752.0,100.0,9536710218.0
2018-05-29,ZCH0CH47,ST12000NM0007,12000138625024,0,82,156845992,99,0,100,1,100,0,81,114948541,100,822,100,0,100,1,,,,,100.0,0.0,100.0,0.0,,,71.0,29.0,,,100.0,3.0,100.0,98.0,29,29,100,0,100,0,200,0,100.0,793.0,100.0,10587410736.0,100.0,9833161266.0
2018-05-30,ZCH0CH47,ST12000NM0007,12000138625024,0,72,14680192,99,0,100,1,100,0,81,118642559,100,846,100,0,100,1,,,,,100.0,0.0,100.0,0.0,,,71.0,29.0,,,100.0,3.0,100.0,99.0,29,29,100,0,100,0,200,0,100.0,817.0,100.0,10888815208.0,100.0,10122013634.0
2018-05-31,ZCH0CH47,ST12000NM0007,12000138625024,0,83,215369800,99,0,100,1,100,0,81,121501459,100,865,100,0,100,1,,,,,100.0,0.0,100.0,0.0,,,71.0,29.0,,,100.0,3.0,100.0,101.0,29,29,100,0,100,0,200,0,100.0,836.0,100.0,11111601024.0,100.0,10344058066.0
2018-06-01,ZCH0CH47,ST12000NM0007,12000138625024,0,81,129052408,99,0,100,1,100,0,81,125501901,99,890,100,0,100,1,,,,,100.0,0.0,100.0,0.0,,,71.0,29.0,,,100.0,3.0,100.0,102.0,29,29,100,0,100,0,200,0,100.0,861.0,100.0,11427551592.0,100.0,10674212130.0
2018-06-02,ZCH0CH47,ST12000NM0007,12000138625024,0,84,241997976,99,0,100,1,100,0,81,129174219,99,914,100,0,100,1,,,,,100.0,0.0,100.0,0.0,,,71.0,29.0,,,100.0,3.0,100.0,103.0,29,29,100,0,100,0,200,0,100.0,885.0,100.0,11728187072.0,100.0,10974803858.0
2018-06-03,ZCH0CH47,ST12000NM0007,12000138625024,0,79,82296696,99,0,100,1,100,0,81,132709512,99,937,100,0,100,1,,,,,100.0,0.0,100.0,0.0,,,71.0,29.0,,,100.0,3.0,100.0,104.0,29,29,100,0,100,0,200,0,100.0,908.0,100.0,12012505304.0,100.0,11263206562.0
2018-06-04,ZCH0CH47,ST12000NM0007,12000138625024,0,83,192461512,99,0,100,1,100,0,81,136357205,99,960,100,0,100,1,,,,,100.0,0.0,100.0,0.0,,,72.0,28.0,,,100.0,3.0,100.0,105.0,28,28,100,0,100,0,200,0,100.0,931.0,100.0,12305967728.0,100.0,11568190410.0
2018-06-05,ZCH0CH47,ST12000NM0007,12000138625024,0,78,64276608,99,0,100,1,100,0,81,140192507,99,985,100,0,100,1,,,,,100.0,0.0,100.0,0.0,,,72.0,28.0,,,100.0,3.0,100.0,106.0,28,28,100,0,100,0,200,0,100.0,956.0,100.0,12605990128.0,100.0,11872405338.0
2018-06-06,ZCH0CH47,ST12000NM0007,12000138625024,0,82,146100872,99,0,100,1,100,0,82,143778525,99,1010,100,0,100,1,,,,,100.0,0.0,100.0,0.0,,,72.0,28.0,,,100.0,3.0,100.0,107.0,28,28,100,0,100,0,200,0,100.0,980.0,100.0,12877315480.0,100.0,12171185818.0
2018-06-07,ZCH0CH47,ST12000NM0007,12000138625024,0,84,241629368,99,0,100,1,100,0,82,147423860,99,1034,100,0,100,1,,,,,100.0,0.0,100.0,0.0,,,71.0,29.0,,,100.0,3.0,100.0,108.0,29,29,100,0,100,0,200,0,100.0,1004.0,100.0,13156197288.0,100.0,12476113858.0
2018-06-08,ZCH0CH47,ST12000NM0007,12000138625024,0,80,94052128,99,0,100,1,100,0,82,151083604,99,1058,100,0,100,1,,,,,100.0,0.0,100.0,0.0,,,71.0,29.0,,,100.0,3.0,100.0,109.0,29,29,100,0,100,0,200,0,100.0,1028.0,100.0,13436249000.0,100.0,12780907202.0
2018-06-09,ZCH0CH47,ST12000NM0007,12000138625024,0,82,164292976,99,0,100,1,100,0,82,154488682,99,1080,100,0,100,1,,,,,100.0,0.0,100.0,0.0,,,73.0,27.0,,,100.0,3.0,100.0,110.0,27,27,100,0,100,0,200,0,100.0,1050.0,100.0,13689761736.0,100.0,13085916978.0
2018-06-10,ZCH0CH47,ST12000NM0007,12000138625024,0,74,26938632,99,0,100,1,100,0,82,158223274,99,1105,100,0,100,1,,,,,100.0,0.0,100.0,0.0,,,73.0,27.0,,,100.0,3.0,100.0,111.0,27,27,100,0,100,0,200,0,100.0,1074.0,100.0,13974191504.0,100.0,13396555330.0
2018-06-11,ZCH0CH47,ST12000NM0007,12000138625024,0,83,184687768,99,0,100,1,100,0,82,162083042,99,1129,100,0,100,1,,,,,100.0,0.0,100.0,0.0,,,73.0,27.0,,,100.0,3.0,100.0,112.0,27,27,100,0,100,0,200,0,100.0,1099.0,100.0,14268553368.0,100.0,13748224106.0
2018-06-12,ZCH0CH47,ST12000NM0007,12000138625024,0,75,28379512,99,0,100,1,100,0,82,165853177,99,1153,100,0,100,1,,,,,100.0,0.0,100.0,0.0,,,73.0,27.0,,,100.0,3.0,100.0,113.0,27,27,100,0,100,0,200,0,100.0,1123.0,100.0,14548595632.0,100.0,14044296242.0
2018-06-13,ZCH0CH47,ST12000NM0007,12000138625024,0,81,124820416,99,0,100,1,100,0,82,169733641,99,1181,100,0,100,1,,,,,100.0,0.0,100.0,0.0,,,73.0,27.0,,,100.0,3.0,100.0,115.0,27,27,100,0,100,0,200,0,100.0,1150.0,100.0,14811257976.0,100.0,14366356426.0
2018-06-14,ZCH0CH47,ST12000NM0007,12000138625024,0,69,8214456,99,0,100,1,100,0,82,173457966,99,1205,100,0,100,1,,,,,100.0,0.0,100.0,0.0,,,72.0,28.0,,,100.0,3.0,100.0,116.0,28,28,100,0,100,0,200,0,100.0,1174.0,100.0,15080743472.0,100.0,14712687050.0
2018-06-15,ZCH0CH47,ST12000NM0007,12000138625024,0,84.0,242993824.0,99.0,0.0,100.0,1.0,100.0,0.0,82.0,177237358.0,99.0,1229.0,100.0,0.0,100.0,1.0,,,,,100.0,0.0,100.0,0.0,,,72.0,28.0,,,100.0,4.0,100.0,117.0,28.0,28.0,100.0,0.0,100.0,0.0,200.0,0.0,100.0,1198.0,100.0,15337881064.0,100.0,15178610314.0
2018-06-16,ZCH0CH47,ST12000NM0007,12000138625024,0,83.0,221345888.0,99.0,0.0,100.0,1.0,100.0,0.0,83.0,180851804.0,99.0,1252.0,100.0,0.0,100.0,1.0,,,,,100.0,0.0,100.0,0.0,,,71.0,29.0,,,100.0,4.0,100.0,118.0,29.0,29.0,100.0,0.0,100.0,0.0,200.0,0.0,100.0,1221.0,100.0,15605976112.0,100.0,15621289866.0
2018-06-17,ZCH0CH47,ST12000NM0007,12000138625024,0,83.0,222033920.0,99.0,0.0,100.0,1.0,100.0,0.0,83.0,184679880.0,99.0,1277.0,100.0,0.0,100.0,1.0,,,,,100.0,0.0,100.0,0.0,,,73.0,27.0,,,100.0,4.0,100.0,119.0,27.0,27.0,100.0,0.0,100.0,0.0,200.0,0.0,100.0,1246.0,100.0,15847991488.0,100.0,16112384866.0
2018-06-18,ZCH0CH47,ST12000NM0007,12000138625024,0,84.0,232286808.0,99.0,0.0,100.0,1.0,100.0,0.0,83.0,188513089.0,99.0,1301.0,100.0,0.0,100.0,1.0,,,,,100.0,0.0,100.0,0.0,,,73.0,27.0,,,100.0,4.0,100.0,120.0,27.0,27.0,100.0,0.0,100.0,0.0,200.0,0.0,100.0,1270.0,100.0,16115591800.0,100.0,16587460002.0
2018-06-19,ZCH0CH47,ST12000NM0007,12000138625024,0,84,233860512,99,0,100,1,100,0,83,192353072,99,1325,100,0,100,1,,,,,100.0,0.0,100.0,0.0,,,73.0,27.0,,,100.0,4.0,100.0,121.0,27,27,100,0,100,0,200,0,100.0,1294.0,100.0,16361249800.0,100.0,17075797898.0
2018-06-20,ZCH0CH47,ST12000NM0007,12000138625024,0,83,188418248,99,0,100,1,100,0,83,196075748,99,1349,100,0,100,1,,,,,100.0,0.0,100.0,0.0,,,73.0,27.0,,,100.0,4.0,100.0,122.0,27,27,100,0,100,0,200,0,100.0,1317.0,100.0,16605430848.0,100.0,17518596890.0
2018-06-21,ZCH0CH47,ST12000NM0007,12000138625024,0,75,29000784,99,0,100,1,100,0,83,199665840,99,1372,100,0,100,1,,,,,100.0,0.0,100.0,0.0,,,74.0,26.0,,,100.0,4.0,100.0,123.0,26,26,100,0,100,0,200,0,100.0,1341.0,100.0,16861092776.0,100.0,17835941290.0
2018-06-22,ZCH0CH47,ST12000NM0007,12000138625024,0,78,63303688,99,0,100,1,100,0,83,203152805,99,1396,100,0,100,1,,,,,100.0,0.0,100.0,0.0,,,74.0,26.0,,,100.0,4.0,100.0,124.0,26,26,100,0,100,0,200,0,100.0,1364.0,100.0,17112271680.0,100.0,18107346674.0
2018-06-23,ZCH0CH47,ST12000NM0007,12000138625024,0,81,115126576,99,0,100,1,100,0,83,206755399,99,1420,100,0,100,1,,,,,100.0,0.0,100.0,0.0,,,73.0,27.0,,,100.0,4.0,100.0,125.0,27,27,100,0,100,0,200,0,100.0,1388.0,100.0,17382388256.0,100.0,18377334426.0
2018-06-24,ZCH0CH47,ST12000NM0007,12000138625024,0,81,114690048,99,0,100,1,100,0,83,210190157,99,1444,100,0,100,1,,,,,100.0,0.0,100.0,0.0,,,74.0,26.0,,,100.0,4.0,100.0,126.0,26,26,100,0,100,0,200,0,100.0,1412.0,100.0,17607761160.0,100.0,18639806338.0
2018-06-25,ZCH0CH47,ST12000NM0007,12000138625024,0,80,103581744,99,0,100,1,100,0,83,213508110,99,1469,100,0,100,1,,,,,100.0,0.0,100.0,0.0,,,74.0,26.0,,,100.0,5.0,100.0,127.0,26,26,100,0,100,0,200,0,100.0,1437.0,100.0,17821708160.0,100.0,18903032434.0
2018-06-26,ZCH0CH47,ST12000NM0007,12000138625024,0,81,125684304,99,0,100,1,100,0,83,217012998,99,1493,100,0,100,1,,,,,100.0,0.0,100.0,0.0,,,74.0,26.0,,,100.0,5.0,100.0,128.0,26,26,100,0,100,0,200,0,100.0,1461.0,100.0,18069342904.0,100.0,19165781786.0
2018-06-27,ZCH0CH47,ST12000NM0007,12000138625024,0,79,74592144,99,0,100,1,100,0,83,220110926,99,1516,100,0,100,1,,,,,100.0,0.0,100.0,0.0,,,74.0,26.0,,,100.0,5.0,100.0,129.0,26,26,100,0,100,0,200,0,100.0,1483.0,100.0,18241564944.0,100.0,19430749178.0
2018-06-28,ZCH0CH47,ST12000NM0007,12000138625024,0,79,77312160,99,0,100,1,100,0,83,223269570,99,1538,100,0,100,1,,,,,100.0,0.0,100.0,0.0,,,73.0,27.0,,,100.0,5.0,100.0,130.0,27,27,100,0,100,0,200,0,100.0,1505.0,100.0,18455370416.0,100.0,19707945186.0
2018-06-29,ZCH0CH47,ST12000NM0007,12000138625024,0,80,90451200,99,0,100,1,100,0,84,226896845,99,1562,100,0,100,1,,,,,100.0,0.0,100.0,0.0,,,73.0,27.0,,,100.0,5.0,100.0,131.0,27,27,100,0,100,0,200,0,100.0,1529.0,100.0,18688430728.0,100.0,19976305402.0
2018-06-30,ZCH0CH47,ST12000NM0007,12000138625024,0,81,128961472,99,0,100,1,100,0,84,230455068,99,1586,100,0,100,1,,,,,100.0,0.0,100.0,0.0,,,73.0,27.0,,,100.0,5.0,100.0,132.0,27,27,100,0,100,0,200,0,100.0,1554.0,100.0,18934269720.0,100.0,20257258050.0
2018-07-01,ZCH0CH47,ST12000NM0007,12000138625024,0,80,94066792,99,0,100,1,100,0,84,233639183,99,1610,100,0,100,1,,,,,100.0,0.0,100.0,0.0,,,74.0,26.0,,,100.0,5.0,100.0,133.0,26,26,100,0,100,0,200,0,100.0,1577.0,100.0,19120205256.0,100.0,20524709978.0
2018-07-02,ZCH0CH47,ST12000NM0007,12000138625024,0,78,68816064,99,0,100,1,100,0,84,236612101,99,1634,100,0,100,1,,,,,100.0,0.0,100.0,0.0,,,73.0,27.0,,,100.0,5.0,100.0,134.0,27,27,100,0,100,0,200,0,100.0,1601.0,100.0,19259179792.0,100.0,20848766258.0
2018-07-03,ZCH0CH47,ST12000NM0007,12000138625024,0,82,144267128,99,0,100,1,100,0,84,240053904,99,1659,100,0,100,1,,,,,100.0,0.0,100.0,0.0,,,74.0,26.0,,,100.0,5.0,100.0,135.0,26,26,100,0,100,0,200,0,100.0,1626.0,100.0,19428581168.0,100.0,21243098474.0
2018-07-04,ZCH0CH47,ST12000NM0007,12000138625024,0,80,99625776,99,0,100,1,100,0,84,243038891,99,1681,100,0,100,1,,,,,100.0,0.0,100.0,0.0,,,73.0,27.0,,,100.0,6.0,100.0,136.0,27,27,100,0,100,0,200,0,100.0,1648.0,100.0,19586632000.0,100.0,21528687978.0
2018-07-05,ZCH0CH47,ST12000NM0007,12000138625024,0,73,19230648,99,0,100,1,100,0,84,246833471,99,1706,100,0,100,1,,,,,100.0,0.0,100.0,0.0,,,73.0,27.0,,,100.0,6.0,100.0,137.0,27,27,100,0,100,0,200,0,100.0,1673.0,100.0,19810537392.0,100.0,21956809778.0
2018-07-06,ZCH0CH47,ST12000NM0007,12000138625024,0,79,80348376,99,0,100,1,100,0,84,250126873,99,1729,100,0,100,1,,,,,100.0,0.0,100.0,0.0,,,73.0,27.0,,,100.0,6.0,100.0,138.0,27,27,100,0,100,0,200,0,100.0,1696.0,100.0,20019110704.0,100.0,22297635650.0
2018-07-07,ZCH0CH47,ST12000NM0007,12000138625024,0,83,198970440,99,0,100,1,100,0,84,253802019,98,1753,100,0,100,1,,,,,100.0,0.0,100.0,0.0,,,73.0,27.0,,,100.0,6.0,100.0,139.0,27,27,100,0,100,0,200,0,100.0,1720.0,100.0,20257332040.0,100.0,22666317738.0
2018-07-08,ZCH0CH47,ST12000NM0007,12000138625024,0,82,148834880,99,0,100,1,100,0,84,257779680,98,1777,100,0,100,1,,,,,100.0,0.0,100.0,0.0,,,73.0,27.0,,,100.0,6.0,100.0,140.0,27,27,100,0,100,0,200,0,100.0,1744.0,100.0,20544828272.0,100.0,23061108154.0
2018-07-09,ZCH0CH47,ST12000NM0007,12000138625024,0,84,240138400,99,0,100,1,100,0,84,261268319,98,1801,100,0,100,1,,,,,100.0,0.0,100.0,0.0,,,73.0,27.0,,,100.0,6.0,100.0,141.0,27,27,100,0,100,0,200,0,100.0,1768.0,100.0,20719027624.0,100.0,23466497034.0
2018-07-10,ZCH0CH47,ST12000NM0007,12000138625024,0,76.0,36461024.0,99.0,0.0,100.0,1.0,100.0,0.0,84.0,264570841.0,98.0,1825.0,100.0,0.0,100.0,1.0,,,,,100.0,0.0,100.0,0.0,,,73.0,27.0,,,100.0,6.0,100.0,142.0,27.0,27.0,100.0,0.0,100.0,0.0,200.0,0.0,100.0,1791.0,100.0,20888583248.0,100.0,23825686402.0
2018-07-11,ZCH0CH47,ST12000NM0007,12000138625024,0,83,182999384,99,0,100,1,100,0,84,268277388,98,1849,100,0,100,1,,,,,100.0,0.0,100.0,0.0,,,73.0,27.0,,,100.0,6.0,100.0,143.0,27,27,100,0,100,0,200,0,100.0,1816.0,100.0,21108159320.0,100.0,24240930226.0
2018-07-12,ZCH0CH47,ST12000NM0007,12000138625024,0,82,143439440,99,0,100,1,100,0,84,272311143,98,1876,100,0,100,1,,,,,100.0,0.0,100.0,0.0,,,73.0,27.0,,,100.0,6.0,100.0,145.0,27,27,100,0,100,0,200,0,100.0,1842.0,100.0,21374597960.0,100.0,24667354370.0
2018-07-13,ZCH0CH47,ST12000NM0007,12000138625024,0,83,185406552,99,0,100,1,100,0,84,275803933,98,1899,100,0,100,1,,,,,100.0,0.0,100.0,0.0,,,73.0,27.0,,,100.0,6.0,100.0,146.0,27,27,100,0,100,0,200,0,100.0,1865.0,100.0,21557149872.0,100.0,25015051090.0
2018-07-14,ZCH0CH47,ST12000NM0007,12000138625024,0,82,142934304,99,0,100,1,100,0,84,279255074,98,1923,100,0,100,1,,,,,100.0,0.0,100.0,0.0,,,73.0,27.0,,,100.0,6.0,100.0,147.0,27,27,100,0,100,0,200,0,100.0,1889.0,100.0,21762292088.0,100.0,25255718250.0
2018-07-15,ZCH0CH47,ST12000NM0007,12000138625024,0,83,217520888,99,0,100,1,100,0,85,282972926,98,1947,100,0,100,1,,,,,100.0,0.0,100.0,0.0,,,73.0,27.0,,,100.0,6.0,100.0,148.0,27,27,100,0,100,0,200,0,100.0,1913.0,100.0,22005227992.0,100.0,25575650858.0
2018-07-16,ZCH0CH47,ST12000NM0007,12000138625024,0,84,231021768,99,0,100,1,100,0,85,286472410,98,1972,100,0,100,1,,,,,100.0,0.0,100.0,0.0,,,73.0,27.0,,,100.0,6.0,100.0,149.0,27,27,100,0,100,0,200,0,100.0,1938.0,100.0,22241823432.0,100.0,25840837682.0
2018-07-17,ZCH0CH47,ST12000NM0007,12000138625024,0,76,36341592,99,0,100,1,100,0,85,290056931,98,1996,100,0,100,1,,,,,100.0,0.0,100.0,0.0,,,74.0,26.0,,,100.0,6.0,100.0,150.0,26,26,100,0,100,0,200,0,100.0,1962.0,100.0,22482037432.0,100.0,26138365994.0
2018-07-18,ZCH0CH47,ST12000NM0007,12000138625024,0,72,15798048,99,0,100,1,100,0,85,293363810,98,2019,100,0,100,1,,,,,100.0,0.0,100.0,0.0,,,73.0,27.0,,,100.0,7.0,100.0,151.0,27,27,100,0,100,0,200,0,100.0,1984.0,100.0,22682516984.0,100.0,26405624314.0
2018-07-19,ZCH0CH47,ST12000NM0007,12000138625024,0,77,45526280,99,0,100,1,100,0,85,297104522,98,2044,100,0,100,1,,,,,100.0,0.0,100.0,0.0,,,73.0,27.0,,,100.0,7.0,100.0,152.0,27,27,100,0,100,0,200,0,100.0,2010.0,100.0,22890731408.0,100.0,26715419754.0
2018-07-20,ZCH0CH47,ST12000NM0007,12000138625024,0,74,27944856,99,0,100,1,100,0,85,300389658,98,2067,100,0,100,1,,,,,100.0,0.0,100.0,0.0,,,73.0,27.0,,,100.0,7.0,100.0,153.0,27,27,100,0,100,0,200,0,100.0,2032.0,100.0,23116497976.0,100.0,26960353170.0
2018-07-21,ZCH0CH47,ST12000NM0007,12000138625024,0,76,44664152,99,0,100,1,100,0,85,303879977,98,2091,100,0,100,1,,,,,100.0,0.0,100.0,0.0,,,73.0,27.0,,,100.0,7.0,100.0,154.0,27,27,100,0,100,0,200,0,100.0,2057.0,100.0,23348927560.0,100.0,27232924378.0
2018-07-22,ZCH0CH47,ST12000NM0007,12000138625024,0,77,50178224,99,0,100,1,100,0,85,307260297,98,2115,100,0,100,1,,,,,100.0,0.0,100.0,0.0,,,73.0,27.0,,,100.0,7.0,100.0,155.0,27,27,100,0,100,0,200,0,100.0,2080.0,100.0,23565083832.0,100.0,27510563602.0
2018-07-23,ZCH0CH47,ST12000NM0007,12000138625024,0,79,76390720,99,0,100,1,100,0,85,310842600,98,2139,100,0,100,1,,,,,100.0,0.0,100.0,0.0,,,74.0,26.0,,,100.0,7.0,100.0,156.0,26,26,100,0,100,0,200,0,100.0,2105.0,100.0,23820294448.0,100.0,27769846954.0
2018-07-24,ZCH0CH47,ST12000NM0007,12000138625024,0,80,105031328,99,0,100,1,100,0,85,314297470,98,2164,100,0,100,1,,,,,100.0,0.0,100.0,0.0,,,74.0,26.0,,,100.0,8.0,100.0,157.0,26,26,100,0,100,0,200,0,100.0,2129.0,100.0,24069789664.0,100.0,28037273874.0
2018-07-25,ZCH0CH47,ST12000NM0007,12000138625024,0,79.0,83362000.0,99.0,0.0,100.0,1.0,100.0,0.0,85.0,317548194.0,98.0,2187.0,100.0,0.0,100.0,1.0,,,,,100.0,0.0,100.0,0.0,,,74.0,26.0,,,100.0,8.0,100.0,158.0,26.0,26.0,100.0,0.0,100.0,0.0,200.0,0.0,100.0,2152.0,100.0,24296742232.0,100.0,28276933554.0
2018-07-26,ZCH0CH47,ST12000NM0007,12000138625024,0,77,44683680,99,0,100,1,100,0,85,320708669,98,2211,100,0,100,1,,,,,100.0,0.0,100.0,0.0,,,74.0,26.0,,,100.0,8.0,100.0,159.0,26,26,100,0,100,0,200,0,100.0,2176.0,100.0,24487568736.0,100.0,28535710274.0
2018-07-27,ZCH0CH47,ST12000NM0007,12000138625024,0,100,1179960,99,0,100,1,100,0,85,323937791,98,2236,100,0,100,1,,,,,100.0,0.0,100.0,0.0,,,74.0,26.0,,,100.0,9.0,100.0,160.0,26,26,100,0,100,0,200,0,100.0,2200.0,100.0,24692098208.0,100.0,28775958538.0
2018-07-28,ZCH0CH47,ST12000NM0007,12000138625024,0,82,148337544,99,0,100,1,100,0,85,326986686,98,2259,100,0,100,1,,,,,100.0,0.0,100.0,0.0,,,74.0,26.0,,,100.0,9.0,100.0,161.0,26,26,100,0,100,0,200,0,100.0,2224.0,100.0,24859703976.0,100.0,28999651026.0
2018-07-29,ZCH0CH47,ST12000NM0007,12000138625024,0,75,28970504,99,0,100,1,100,0,85,330019350,98,2284,100,0,100,1,,,,,100.0,0.0,100.0,0.0,,,74.0,26.0,,,100.0,9.0,100.0,162.0,26,26,100,0,100,0,200,0,100.0,2248.0,100.0,25023154288.0,100.0,29205115458.0
2018-07-30,ZCH0CH47,ST12000NM0007,12000138625024,0,82,147319624,99,0,100,1,100,0,85,332865115,98,2307,100,0,100,1,,,,,100.0,0.0,100.0,0.0,,,74.0,26.0,,,100.0,9.0,100.0,163.0,26,26,100,0,100,0,200,0,100.0,2272.0,100.0,25171273344.0,100.0,29419486650.0
2018-07-31,ZCH0CH47,ST12000NM0007,12000138625024,0,79,85694144,99,0,100,1,100,0,85,336023154,98,2331,100,0,100,1,,,,,100.0,0.0,100.0,0.0,,,74.0,26.0,,,100.0,9.0,100.0,164.0,26,26,100,0,100,0,200,0,100.0,2295.0,100.0,25351564032.0,100.0,29665852138.0
2018-08-01,ZCH0CH47,ST12000NM0007,12000138625024,0,79,85763928,99,0,100,1,100,0,85,339677023,98,2355,100,0,100,1,,,,,100.0,0.0,100.0,0.0,,,74.0,26.0,,,100.0,9.0,100.0,165.0,26,26,100,0,100,0,200,0,100.0,2320.0,100.0,25566123848.0,100.0,29939643442.0
2018-08-02,ZCH0CH47,ST12000NM0007,12000138625024,0,83,220391824,99,0,100,1,100,0,85,342560443,98,2379,100,0,100,1,,,,,100.0,0.0,100.0,0.0,,,74.0,26.0,,,100.0,9.0,100.0,166.0,26,26,100,0,100,0,200,0,100.0,2343.0,100.0,25725306456.0,100.0,30159229658.0
2018-08-03,ZCH0CH47,ST12000NM0007,12000138625024,0,82,148561384,99,0,100,1,100,0,85,345775625,98,2403,100,0,100,1,,,,,100.0,0.0,100.0,0.0,,,74.0,26.0,,,100.0,9.0,100.0,167.0,26,26,100,0,100,0,200,0,100.0,2368.0,100.0,25912810632.0,100.0,30388176610.0
2018-08-04,ZCH0CH47,ST12000NM0007,12000138625024,0,71,12639168,99,0,100,1,100,0,85,348830016,98,2426,100,0,100,1,,,,,100.0,0.0,100.0,0.0,,,74.0,26.0,,,100.0,9.0,100.0,168.0,26,26,100,0,100,0,200,0,100.0,2390.0,100.0,26069406264.0,100.0,30583940442.0
2018-08-05,ZCH0CH47,ST12000NM0007,12000138625024,0,83,210912160,99,0,100,1,100,0,85,352382708,98,2452,100,0,100,1,,,,,100.0,0.0,100.0,0.0,,,74.0,26.0,,,100.0,9.0,100.0,169.0,26,26,100,0,100,0,200,0,100.0,2416.0,100.0,26259662312.0,100.0,30836098154.0
2018-08-06,ZCH0CH47,ST12000NM0007,12000138625024,0,82,151607344,99,0,100,1,100,0,86,355761713,98,2475,100,0,100,1,,,,,100.0,0.0,100.0,0.0,,,74.0,26.0,,,100.0,9.0,100.0,170.0,26,26,100,0,100,0,200,0,100.0,2439.0,100.0,26455176544.0,100.0,31069560538.0
2018-08-07,ZCH0CH47,ST12000NM0007,12000138625024,0,78,63311432,99,0,100,1,100,0,86,359073466,98,2500,100,0,100,1,,,,,100.0,0.0,100.0,0.0,,,74.0,26.0,,,100.0,9.0,100.0,171.0,26,26,100,0,100,0,200,0,100.0,2464.0,100.0,26626973160.0,100.0,31297749434.0
2018-08-08,ZCH0CH47,ST12000NM0007,12000138625024,0,83,199319720,99,0,100,1,100,0,86,362172569,98,2524,100,0,100,1,,,,,100.0,0.0,100.0,0.0,,,74.0,26.0,,,100.0,9.0,100.0,172.0,26,26,100,0,100,0,200,0,100.0,2488.0,100.0,26774429152.0,100.0,31530442482.0
2018-08-09,ZCH0CH47,ST12000NM0007,12000138625024,0,72,14202608,99,0,100,1,100,0,86,364780743,98,2545,100,0,100,1,,,,,100.0,0.0,100.0,0.0,,,74.0,26.0,,,100.0,9.0,100.0,173.0,26,26,100,0,100,0,200,0,100.0,2508.0,100.0,26887438200.0,100.0,31720597778.0
2018-08-10,ZCH0CH47,ST12000NM0007,12000138625024,0,82,167925952,99,0,100,1,100,0,86,367977398,98,2569,100,0,100,1,,,,,100.0,0.0,100.0,0.0,,,74.0,26.0,,,100.0,10.0,100.0,174.0,26,26,100,0,100,0,200,0,100.0,2533.0,100.0,27042997344.0,100.0,31962902770.0
2018-08-11,ZCH0CH47,ST12000NM0007,12000138625024,0,68,6256488,99,0,100,1,100,0,86,370770239,98,2593,100,0,100,1,,,,,100.0,0.0,100.0,0.0,,,74.0,26.0,,,100.0,10.0,100.0,175.0,26,26,100,0,100,0,200,0,100.0,2557.0,100.0,27174876688.0,100.0,32157635234.0
2018-08-12,ZCH0CH47,ST12000NM0007,12000138625024,0,78,69176544,99,0,100,1,100,0,86,373546584,98,2616,100,0,100,1,,,,,100.0,0.0,100.0,0.0,,,74.0,26.0,,,100.0,11.0,100.0,176.0,26,26,100,0,100,0,200,0,100.0,2580.0,100.0,27309643808.0,100.0,32329928890.0
2018-08-13,ZCH0CH47,ST12000NM0007,12000138625024,0,81,128093616,99,0,100,1,100,0,86,376316190,97,2641,100,0,100,1,,,,,100.0,0.0,100.0,0.0,,,74.0,26.0,,,100.0,11.0,100.0,177.0,26,26,100,0,100,0,200,0,100.0,2604.0,100.0,27449123168.0,100.0,32493507434.0
2018-08-14,ZCH0CH47,ST12000NM0007,12000138625024,0,73.0,21273392.0,99.0,0.0,100.0,1.0,100.0,0.0,86.0,379369602.0,97.0,2665.0,100.0,0.0,100.0,1.0,,,,,100.0,0.0,100.0,0.0,,,74.0,26.0,,,100.0,11.0,100.0,178.0,26.0,26.0,100.0,0.0,100.0,0.0,200.0,0.0,100.0,2628.0,100.0,27593912304.0,100.0,32730179354.0
2018-08-15,ZCH0CH47,ST12000NM0007,12000138625024,0,84.0,235006272.0,99.0,0.0,100.0,1.0,100.0,0.0,86.0,382838625.0,97.0,2691.0,100.0,0.0,100.0,1.0,,,,,100.0,0.0,100.0,0.0,,,74.0,26.0,,,100.0,11.0,100.0,179.0,26.0,26.0,100.0,0.0,100.0,0.0,200.0,0.0,100.0,2654.0,100.0,27740214400.0,100.0,33041750818.0
2018-08-16,ZCH0CH47,ST12000NM0007,12000138625024,0,80,99121552,99,0,100,1,100,0,86,385881054,97,2715,100,0,100,1,,,,,100.0,0.0,100.0,0.0,,,74.0,26.0,,,100.0,11.0,100.0,180.0,26,26,100,0,100,0,200,0,100.0,2678.0,100.0,27904605544.0,100.0,33229756562.0
2018-08-17,ZCH0CH47,ST12000NM0007,12000138625024,0,71,11569680,99,0,100,1,100,0,86,389046323,97,2739,100,0,100,1,,,,,100.0,0.0,100.0,0.0,,,74.0,26.0,,,100.0,12.0,100.0,181.0,26,26,100,0,100,0,200,0,100.0,2702.0,100.0,28067028328.0,100.0,33468066250.0
2018-08-18,ZCH0CH47,ST12000NM0007,12000138625024,0,82,171747736,99,0,100,1,100,0,86,392211452,97,2762,100,0,100,1,,,,,100.0,0.0,100.0,0.0,,,74.0,26.0,,,100.0,12.0,100.0,182.0,26,26,100,0,100,0,200,0,100.0,2725.0,100.0,28210938104.0,100.0,33728475186.0
2018-08-19,ZCH0CH47,ST12000NM0007,12000138625024,0,77,54707192,99,0,100,1,100,0,86,395522550,97,2787,100,0,100,1,,,,,100.0,0.0,100.0,0.0,,,74.0,26.0,,,100.0,12.0,100.0,183.0,26,26,100,0,100,0,200,0,100.0,2749.0,100.0,28352803168.0,100.0,33957850930.0
2018-08-20,ZCH0CH47,ST12000NM0007,12000138625024,0,82,155488496,99,0,100,1,100,0,86,398433817,97,2811,100,0,100,1,,,,,100.0,0.0,100.0,0.0,,,74.0,26.0,,,100.0,12.0,100.0,184.0,26,26,100,0,100,0,200,0,100.0,2774.0,100.0,28475241456.0,100.0,34180334754.0
2018-08-21,ZCH0CH47,ST12000NM0007,12000138625024,0,73,21426536,99,0,100,1,100,0,86,401325179,97,2835,100,0,100,1,,,,,100.0,0.0,100.0,0.0,,,74.0,26.0,,,100.0,12.0,100.0,185.0,26,26,100,0,100,0,200,0,100.0,2798.0,100.0,28606944808.0,100.0,34402850938.0
2018-08-22,ZCH0CH47,ST12000NM0007,12000138625024,0,83,187906568,99,0,100,1,100,0,86,404479283,97,2859,100,0,100,1,,,,,100.0,0.0,100.0,0.0,,,74.0,26.0,,,100.0,12.0,100.0,186.0,26,26,100,0,100,0,200,0,100.0,2822.0,100.0,28751102496.0,100.0,34669314082.0
2018-08-23,ZCH0CH47,ST12000NM0007,12000138625024,0,80,101719824,99,0,100,1,100,0,86,407630364,97,2882,100,0,100,1,,,,,100.0,0.0,100.0,0.0,,,74.0,26.0,,,100.0,12.0,100.0,187.0,26,26,100,0,100,0,200,0,100.0,2845.0,100.0,28907533192.0,100.0,34914978234.0
2018-08-24,ZCH0CH47,ST12000NM0007,12000138625024,0,83,221874328,99,0,100,1,100,0,86,410711843,97,2907,100,0,100,1,,,,,100.0,0.0,100.0,0.0,,,74.0,26.0,,,100.0,12.0,100.0,188.0,26,26,100,0,100,0,200,0,100.0,2869.0,100.0,29051132728.0,100.0,35135673978.0
2018-08-25,ZCH0CH47,ST12000NM0007,12000138625024,0,80,100921696,99,0,100,1,100,0,86,413891242,97,2931,100,0,100,1,,,,,100.0,0.0,100.0,0.0,,,74.0,26.0,,,100.0,12.0,100.0,189.0,26,26,100,0,100,0,200,0,100.0,2893.0,100.0,29197348784.0,100.0,35356787098.0
2018-08-26,ZCH0CH47,ST12000NM0007,12000138625024,0,83,178556752,99,0,100,1,100,0,86,416728464,97,2955,100,0,100,1,,,,,100.0,0.0,100.0,0.0,,,74.0,26.0,,,100.0,12.0,100.0,190.0,26,26,100,0,100,0,200,0,100.0,2917.0,100.0,29336488480.0,100.0,35539423130.0
2018-08-27,ZCH0CH47,ST12000NM0007,12000138625024,0,77,55257312,99,0,100,1,100,0,86,419976190,97,2979,100,0,100,1,,,,,100.0,0.0,100.0,0.0,,,74.0,26.0,,,100.0,12.0,100.0,191.0,26,26,100,0,100,0,200,0,100.0,2941.0,100.0,29485698088.0,100.0,35755196682.0
2018-08-28,ZCH0CH47,ST12000NM0007,12000138625024,0,83,185678432,99,0,100,1,100,0,86,423051444,97,3003,100,0,100,1,,,,,100.0,0.0,100.0,0.0,,,74.0,26.0,,,100.0,12.0,100.0,192.0,26,26,100,0,100,0,200,0,100.0,2965.0,100.0,29630076768.0,100.0,35985379858.0
2018-08-29,ZCH0CH47,ST12000NM0007,12000138625024,0,78,65673608,99,0,100,1,100,0,86,426345754,97,3026,100,0,100,1,,,,,100.0,0.0,100.0,0.0,,,73.0,27.0,,,100.0,12.0,100.0,193.0,27,27,100,0,100,0,200,0,100.0,2988.0,100.0,29774588768.0,100.0,36209144458.0
2018-08-30,ZCH0CH47,ST12000NM0007,12000138625024,0,83,197772760,99,0,100,1,100,0,86,429722582,97,3055,100,0,100,1,,,,,100.0,0.0,100.0,0.0,,,74.0,26.0,,,100.0,12.0,100.0,194.0,26,26,100,0,100,0,200,0,100.0,3017.0,100.0,29919800776.0,100.0,36440172402.0
2018-08-31,ZCH0CH47,ST12000NM0007,12000138625024,0,72,14672880,99,0,100,1,100,0,86,432466939,97,3079,100,0,100,1,,,,,100.0,0.0,100.0,0.0,,,74.0,26.0,,,100.0,12.0,100.0,195.0,26,26,100,0,100,0,200,0,100.0,3041.0,100.0,30037112976.0,100.0,36628041666.0
2018-09-01,ZCH0CH47,ST12000NM0007,12000138625024,0,79,76410072,99,0,100,1,100,0,86,435118316,97,3103,100,0,100,1,,,,,100.0,0.0,100.0,0.0,,,74.0,26.0,,,100.0,12.0,100.0,196.0,26,26,100,0,100,0,200,0,100.0,3065.0,100.0,30157802736.0,100.0,36813229962.0
2018-09-02,ZCH0CH47,ST12000NM0007,12000138625024,0,82,175767328,99,0,100,1,100,0,86,438067992,97,3127,100,0,100,1,,,,,100.0,0.0,100.0,0.0,,,74.0,26.0,,,100.0,12.0,100.0,197.0,26,26,100,0,100,0,200,0,100.0,3088.0,100.0,30296588488.0,100.0,37017942130.0
2018-09-03,ZCH0CH47,ST12000NM0007,12000138625024,0,79,81839792,99,0,100,1,100,0,86,441133069,97,3150,100,0,100,1,,,,,100.0,0.0,100.0,0.0,,,74.0,26.0,,,100.0,12.0,100.0,198.0,26,26,100,0,100,0,200,0,100.0,3111.0,100.0,30458083480.0,100.0,37250801178.0
2018-09-04,ZCH0CH47,ST12000NM0007,12000138625024,0,83,211347184,99,0,100,1,100,0,86,444089479,97,3174,100,0,100,1,,,,,100.0,0.0,100.0,0.0,,,74.0,26.0,,,100.0,12.0,100.0,199.0,26,26,100,0,100,0,200,0,100.0,3136.0,100.0,30584233920.0,100.0,37498298946.0
2018-09-05,ZCH0CH47,ST12000NM0007,12000138625024,0,77,48919344,99,0,100,1,100,0,87,446892941,97,3199,100,0,100,1,,,,,100.0,0.0,100.0,0.0,,,74.0,26.0,,,100.0,12.0,100.0,200.0,26,26,100,0,100,0,200,0,100.0,3160.0,100.0,30712818320.0,100.0,37695568338.0
2018-09-06,ZCH0CH47,ST12000NM0007,12000138625024,0,81,116190496,99,0,100,1,100,0,87,449420098,97,3220,100,0,100,1,,,,,100.0,0.0,100.0,0.0,,,74.0,26.0,,,100.0,12.0,100.0,201.0,26,26,100,0,100,0,200,0,100.0,3182.0,100.0,30830389288.0,100.0,37889409210.0
2018-09-07,ZCH0CH47,ST12000NM0007,12000138625024,0,84,240992480,99,0,100,1,100,0,87,452401366,97,3244,100,0,100,1,,,,,100.0,0.0,100.0,0.0,,,74.0,26.0,,,100.0,12.0,100.0,202.0,26,26,100,0,100,0,200,0,100.0,3205.0,100.0,30994911104.0,100.0,38093830042.0
2018-09-08,ZCH0CH47,ST12000NM0007,12000138625024,0,79,79285808,99,0,100,1,100,0,87,455419269,97,3268,100,0,100,1,,,,,100.0,0.0,100.0,0.0,,,74.0,26.0,,,100.0,12.0,100.0,203.0,26,26,100,0,100,0,200,0,100.0,3229.0,100.0,31135946320.0,100.0,38279369530.0
2018-09-09,ZCH0CH47,ST12000NM0007,12000138625024,0,82,148598400,99,0,100,1,100,0,87,458195083,97,3292,100,0,100,1,,,,,100.0,0.0,100.0,0.0,,,74.0,26.0,,,100.0,12.0,100.0,204.0,26,26,100,0,100,0,200,0,100.0,3252.0,100.0,31264716832.0,100.0,38464052298.0
2018-09-10,ZCH0CH47,ST12000NM0007,12000138625024,0,84,242401664,99,0,100,1,100,0,87,461133004,97,3316,100,0,100,1,,,,,100.0,0.0,100.0,0.0,,,74.0,26.0,,,100.0,12.0,100.0,205.0,26,26,100,0,100,0,200,0,100.0,3277.0,100.0,31395755664.0,100.0,38670957418.0
2018-09-11,ZCH0CH47,ST12000NM0007,12000138625024,0,80,89839664,99,0,100,1,100,0,87,464152785,97,3335,100,0,100,1,,,,,100.0,0.0,100.0,0.0,,,74.0,26.0,,,100.0,12.0,100.0,206.0,26,26,100,0,100,0,200,0,100.0,3296.0,100.0,31525266104.0,100.0,38877166338.0
2018-09-12,ZCH0CH47,ST12000NM0007,12000138625024,0,83,206023056,99,0,100,1,100,0,87,467224127,97,3359,100,0,100,1,,,,,100.0,0.0,100.0,0.0,,,74.0,26.0,,,100.0,12.0,100.0,207.0,26,26,100,0,100,0,200,0,100.0,3319.0,100.0,31667009248.0,100.0,39095747266.0
2018-09-13,ZCH0CH47,ST12000NM0007,12000138625024,0,79,76814064,99,0,100,1,100,0,87,470494989,97,3385,100,0,100,1,,,,,100.0,0.0,100.0,0.0,,,74.0,26.0,,,100.0,12.0,100.0,208.0,26,26,100,0,100,0,200,0,100.0,3346.0,100.0,31783037008.0,100.0,39338791970.0
2018-09-14,ZCH0CH47,ST12000NM0007,12000138625024,0,83,189682248,99,0,100,1,100,0,87,473857446,97,3410,100,0,100,1,,,,,100.0,0.0,100.0,0.0,,,70.0,30.0,,,100.0,13.0,100.0,209.0,30,30,100,0,100,0,200,0,100.0,3370.0,100.0,31944804592.0,100.0,39534033522.0
2018-09-15,ZCH0CH47,ST12000NM0007,12000138625024,0,83,200841408,99,0,100,1,100,0,87,476599796,97,3433,100,0,100,1,,,,,100.0,0.0,100.0,0.0,,,70.0,30.0,,,100.0,13.0,100.0,210.0,30,30,100,0,100,0,200,0,100.0,3393.0,100.0,32066835968.0,100.0,39667301970.0
2018-09-16,ZCH0CH47,ST12000NM0007,12000138625024,0,76,38299584,99,0,100,1,100,0,87,479765835,97,3457,100,0,100,1,,,,,100.0,0.0,100.0,0.0,,,70.0,30.0,,,100.0,13.0,100.0,211.0,30,30,100,0,100,0,200,0,100.0,3417.0,100.0,32221302960.0,100.0,39838574802.0
2018-09-17,ZCH0CH47,ST12000NM0007,12000138625024,0,81,129260192,99,0,100,1,100,0,87,482831648,97,3481,100,0,100,1,,,,,100.0,0.0,100.0,0.0,,,70.0,30.0,,,100.0,14.0,100.0,212.0,30,30,100,0,100,0,200,0,100.0,3441.0,100.0,32351880336.0,100.0,40043098706.0
2018-09-18,ZCH0CH47,ST12000NM0007,12000138625024,0,84,241357304,99,0,100,1,100,0,87,486035996,96,3506,100,0,100,1,,,,,100.0,0.0,100.0,0.0,,,72.0,28.0,,,100.0,14.0,100.0,213.0,28,28,100,0,100,0,200,0,100.0,3466.0,100.0,32491680600.0,100.0,40259536482.0
2018-09-19,ZCH0CH47,ST12000NM0007,12000138625024,0,80,108017504,99,0,100,1,100,0,87,489300797,96,3529,100,0,100,1,,,,,100.0,0.0,100.0,0.0,,,72.0,28.0,,,100.0,14.0,100.0,214.0,28,28,100,0,100,0,200,0,100.0,3489.0,100.0,32622644368.0,100.0,40483514890.0
2018-09-20,ZCH0CH47,ST12000NM0007,12000138625024,0,83,183551736,99,0,100,1,100,0,87,492279440,96,3553,100,0,100,1,,,,,100.0,0.0,100.0,0.0,,,72.0,28.0,,,100.0,14.0,100.0,215.0,28,28,100,0,100,0,200,0,100.0,3513.0,100.0,32722243088.0,100.0,40703591146.0
2018-09-21,ZCH0CH47,ST12000NM0007,12000138625024,0,75,32226656,99,0,100,1,100,0,87,495544030,96,3578,100,0,100,1,,,,,100.0,0.0,100.0,0.0,,,72.0,28.0,,,100.0,14.0,100.0,216.0,28,28,100,0,100,0,200,0,100.0,3537.0,100.0,32848662336.0,100.0,40914128138.0
2018-09-22,ZCH0CH47,ST12000NM0007,12000138625024,0,81,112628360,99,0,100,1,100,0,87,499027410,96,3602,100,0,100,1,,,,,100.0,0.0,100.0,0.0,,,72.0,28.0,,,100.0,15.0,100.0,217.0,28,28,100,0,100,0,200,0,100.0,3561.0,100.0,32969615016.0,100.0,41117718130.0
2018-09-23,ZCH0CH47,ST12000NM0007,12000138625024,0,84,229768592,99,0,100,1,100,0,87,502312937,96,3625,100,0,100,1,,,,,100.0,0.0,100.0,0.0,,,72.0,28.0,,,100.0,15.0,100.0,218.0,28,28,100,0,100,0,200,0,100.0,3584.0,100.0,33091058080.0,100.0,41357556050.0
2018-09-24,ZCH0CH47,ST12000NM0007,12000138625024,0,80,92592664,99,0,100,1,100,0,87,505572538,96,3649,100,0,100,1,,,,,100.0,0.0,100.0,0.0,,,72.0,28.0,,,100.0,15.0,100.0,219.0,28,28,100,0,100,0,200,0,100.0,3608.0,100.0,33238795880.0,100.0,41560923626.0
2018-09-25,ZCH0CH47,ST12000NM0007,12000138625024,0,83,189689304,99,0,100,1,100,0,87,508819334,96,3673,100,0,100,1,,,,,100.0,0.0,100.0,0.0,,,72.0,28.0,,,100.0,15.0,100.0,220.0,28,28,100,0,100,0,200,0,100.0,3632.0,100.0,33388675760.0,100.0,41752281026.0
2018-09-26,ZCH0CH47,ST12000NM0007,12000138625024,0,79,71877624,99,0,100,1,100,0,87,512121962,96,3697,100,0,100,1,,,,,100.0,0.0,100.0,0.0,,,72.0,28.0,,,100.0,15.0,100.0,221.0,28,28,100,0,100,0,200,0,100.0,3655.0,100.0,33512299568.0,100.0,41999126922.0
2018-09-27,ZCH0CH47,ST12000NM0007,12000138625024,0,81,122766536,99,0,100,1,100,0,87,514915478,96,3721,100,0,100,1,,,,,100.0,0.0,100.0,0.0,,,72.0,28.0,,,100.0,15.0,100.0,222.0,28,28,100,0,100,0,200,0,100.0,3679.0,100.0,33599823328.0,100.0,42206632906.0
2018-09-28,ZCH0CH47,ST12000NM0007,12000138625024,0,76,42716440,99,0,100,1,100,0,87,518685992,96,3749,100,0,100,1,,,,,100.0,0.0,100.0,0.0,,,73.0,27.0,,,100.0,15.0,100.0,224.0,27,27,100,0,100,0,200,0,100.0,3708.0,100.0,33726981328.0,100.0,42487706626.0
2018-09-29,ZCH0CH47,ST12000NM0007,12000138625024,0,80,98376328,99,0,100,1,100,0,87,521681045,96,3773,100,0,100,1,,,,,100.0,0.0,100.0,0.0,,,72.0,28.0,,,100.0,15.0,100.0,225.0,28,28,100,0,100,0,200,0,100.0,3732.0,100.0,33829920960.0,100.0,42684567586.0
2018-09-30,ZCH0CH47,ST12000NM0007,12000138625024,0,83,214649600,99,0,100,1,100,0,87,525129365,96,3797,100,0,100,1,,,,,100.0,0.0,100.0,0.0,,,72.0,28.0,,,100.0,15.0,100.0,226.0,28,28,100,0,100,0,200,0,100.0,3756.0,100.0,33948621832.0,100.0,42926280658.0
2018-10-01,ZCH0CH47,ST12000NM0007,12000138625024,0,73,18866712,99,0,100,1,100,0,87,528246827,96,3821,100,0,100,1,,,,,100.0,0.0,100.0,0.0,,,73.0,27.0,,,100.0,16.0,100.0,227.0,27,27,100,0,100,0,200,0,100.0,3779.0,100.0,34055427928.0,100.0,43111973218.0
2018-10-02,ZCH0CH47,ST12000NM0007,12000138625024,0,81,120167608,99,0,100,1,100,0,87,531695413,96,3846,100,0,100,1,,,,,100.0,0.0,100.0,0.0,,,72.0,28.0,,,100.0,17.0,100.0,228.0,28,28,100,0,100,0,200,0,100.0,3804.0,100.0,34161254000.0,100.0,43351588714.0
2018-10-03,ZCH0CH47,ST12000NM0007,12000138625024,0,82,167893160,99,0,100,1,100,0,87,535107687,96,3869,100,0,100,1,,,,,100.0,0.0,100.0,0.0,,,72.0,28.0,,,100.0,17.0,100.0,229.0,28,28,100,0,100,0,200,0,100.0,3827.0,100.0,34277666944.0,100.0,43527042122.0
2018-10-04,ZCH0CH47,ST12000NM0007,12000138625024,0,73.0,18673888.0,99.0,0.0,100.0,1.0,100.0,0.0,87.0,538516420.0,96.0,3893.0,100.0,0.0,100.0,1.0,,,,,100.0,0.0,100.0,0.0,,,73.0,27.0,,,100.0,18.0,100.0,230.0,27.0,27.0,100.0,0.0,100.0,0.0,200.0,0.0,100.0,3851.0,100.0,34414422248.0,100.0,43729349026.0
2018-10-05,ZCH0CH47,ST12000NM0007,12000138625024,0,80,100161040,99,0,100,1,100,0,87,542006925,96,3917,100,0,100,1,,,,,100.0,0.0,100.0,0.0,,,73.0,27.0,,,100.0,18.0,100.0,231.0,27,27,100,0,100,0,200,0,100.0,3875.0,100.0,34536131744.0,100.0,43933267610.0
2018-10-06,ZCH0CH47,ST12000NM0007,12000138625024,0,82,143001400,99,0,100,1,100,0,87,545105118,96,3941,100,0,100,1,,,,,100.0,0.0,100.0,0.0,,,72.0,28.0,,,100.0,19.0,100.0,232.0,28,28,100,0,100,0,200,0,100.0,3899.0,100.0,34626500056.0,100.0,44129880346.0
2018-10-07,ZCH0CH47,ST12000NM0007,12000138625024,0,83,203259912,99,0,100,1,100,0,87,548344754,96,3966,100,0,100,1,,,,,100.0,0.0,100.0,0.0,,,72.0,28.0,,,100.0,19.0,100.0,233.0,28,28,100,0,100,0,200,0,100.0,3923.0,100.0,34734595480.0,100.0,44326184242.0
2018-10-08,ZCH0CH47,ST12000NM0007,12000138625024,0,66,4080240,99,0,100,1,100,0,87,551365255,96,3989,100,0,100,1,,,,,100.0,0.0,100.0,0.0,,,72.0,28.0,,,100.0,20.0,100.0,234.0,28,28,100,0,100,0,200,0,100.0,3947.0,100.0,34836109696.0,100.0,44513771698.0
2018-10-09,ZCH0CH47,ST12000NM0007,12000138625024,0,70.0,9161216.0,99.0,0.0,100.0,1.0,100.0,0.0,87.0,553769702.0,96.0,4005.0,100.0,0.0,100.0,1.0,,,,,100.0,0.0,100.0,0.0,,,72.0,28.0,,,100.0,20.0,100.0,235.0,28.0,28.0,100.0,0.0,100.0,0.0,200.0,0.0,100.0,3962.0,100.0,34910476696.0,100.0,44688626482.0
2018-10-10,ZCH0CH47,ST12000NM0007,12000138625024,0,82,170077336,99,0,100,1,100,0,87,558044815,96,4038,100,0,100,1,,,,,100.0,0.0,100.0,0.0,,,72.0,28.0,,,100.0,21.0,100.0,236.0,28,28,100,0,100,0,200,0,100.0,3995.0,100.0,35038418256.0,100.0,44965741762.0
2018-10-11,ZCH0CH47,ST12000NM0007,12000138625024,0,84,238843312,99,0,100,1,100,0,87,561342383,96,4062,100,0,100,1,,,,,100.0,0.0,100.0,0.0,,,72.0,28.0,,,100.0,22.0,100.0,237.0,28,28,100,0,100,0,200,0,100.0,4019.0,100.0,35151075040.0,100.0,45165991714.0
2018-10-12,ZCH0CH47,ST12000NM0007,12000138625024,0,80,95848528,99,0,100,1,100,0,88,564742765,96,4085,100,0,100,1,,,,,100.0,0.0,100.0,0.0,,,72.0,28.0,,,100.0,23.0,100.0,238.0,28,28,100,0,100,0,200,0,100.0,4042.0,100.0,35276200432.0,100.0,45386153122.0
2018-10-13,ZCH0CH47,ST12000NM0007,12000138625024,0,84,237848464,99,0,100,1,100,0,88,569002023,96,4110,100,0,100,1,,,,,100.0,0.0,100.0,0.0,,,72.0,28.0,,,100.0,23.0,100.0,239.0,28,28,100,0,100,0,200,0,100.0,4067.0,100.0,35432540312.0,100.0,45615954194.0
2018-10-14,ZCH0CH47,ST12000NM0007,12000138625024,0,80,96516864,99,0,100,1,100,0,88,572454066,96,4134,100,0,100,1,,,,,100.0,0.0,100.0,0.0,,,72.0,28.0,,,100.0,23.0,100.0,240.0,28,28,100,0,100,0,200,0,100.0,4091.0,100.0,35547936160.0,100.0,45847508386.0
2018-10-15,ZCH0CH47,ST12000NM0007,12000138625024,0,82,160129640,99,0,100,1,100,0,88,575760188,96,4157,100,0,100,1,,,,,100.0,0.0,100.0,0.0,,,72.0,28.0,,,100.0,24.0,100.0,241.0,28,28,100,0,100,0,200,0,100.0,4114.0,100.0,35650783384.0,100.0,46052414634.0
2018-10-16,ZCH0CH47,ST12000NM0007,12000138625024,0,71,13844624,99,0,100,1,100,0,88,579349876,96,4181,100,0,100,1,,,,,100.0,0.0,100.0,0.0,,,72.0,28.0,,,100.0,24.0,100.0,242.0,28,28,100,0,100,0,200,0,100.0,4138.0,100.0,35773597944.0,100.0,46271596522.0
2018-10-17,ZCH0CH47,ST12000NM0007,12000138625024,0,78,62528944,99,0,100,1,100,0,88,582521664,96,4205,100,0,100,1,,,,,100.0,0.0,100.0,0.0,,,72.0,28.0,,,100.0,24.0,100.0,243.0,28,28,100,0,100,0,200,0,100.0,4162.0,100.0,35888522960.0,100.0,46449496690.0
2018-10-18,ZCH0CH47,ST12000NM0007,12000138625024,0,81,117517192,99,0,100,1,100,0,88,585700201,96,4227,100,0,100,1,,,,,100.0,0.0,100.0,0.0,,,72.0,28.0,,,100.0,24.0,100.0,244.0,28,28,100,0,100,0,200,0,100.0,4184.0,100.0,35985503352.0,100.0,46651645346.0
2018-10-19,ZCH0CH47,ST12000NM0007,12000138625024,0,83,212024168,99,0,100,1,100,0,88,588998848,96,4251,100,0,100,1,,,,,100.0,0.0,100.0,0.0,,,72.0,28.0,,,100.0,24.0,100.0,245.0,28,28,100,0,100,0,200,0,100.0,4207.0,100.0,36086638368.0,100.0,46889158066.0
2018-10-20,ZCH0CH47,ST12000NM0007,12000138625024,0,77,50422576,99,0,100,1,100,0,88,592307720,96,4275,100,0,100,1,,,,,100.0,0.0,100.0,0.0,,,71.0,29.0,,,100.0,24.0,100.0,246.0,29,29,100,0,100,0,200,0,100.0,4232.0,100.0,36183391200.0,100.0,47119085066.0
2018-10-21,ZCH0CH47,ST12000NM0007,12000138625024,0,80,97332032,99,0,100,1,100,0,88,595477631,96,4300,100,0,100,1,,,,,100.0,0.0,100.0,0.0,,,72.0,28.0,,,100.0,25.0,100.0,247.0,28,28,100,0,100,0,200,0,100.0,4256.0,100.0,36294303600.0,100.0,47299222842.0
2018-10-22,ZCH0CH47,ST12000NM0007,12000138625024,0,81,138404200,99,0,100,1,100,0,88,598695244,96,4323,100,0,100,1,,,,,100.0,0.0,100.0,0.0,,,72.0,28.0,,,100.0,25.0,100.0,248.0,28,28,100,0,100,0,200,0,100.0,4279.0,100.0,36417796560.0,100.0,47460942722.0
2018-10-23,ZCH0CH47,ST12000NM0007,12000138625024,0,77,52952824,99,0,100,1,100,0,88,603065408,96,4347,100,0,100,1,,,,,100.0,0.0,100.0,0.0,,,72.0,28.0,,,100.0,25.0,100.0,249.0,28,28,100,0,100,0,200,0,100.0,4303.0,100.0,36548680048.0,100.0,47732889418.0
2018-10-25,ZCH0CH47,ST12000NM0007,12000138625024,0,83,222177952,99,0,100,1,100,0,88,609829021,95,4393,100,0,100,1,,,,,100.0,0.0,100.0,0.0,,,71.0,29.0,,,100.0,25.0,100.0,251.0,29,29,100,0,100,0,200,0,100.0,4349.0,100.0,36777943112.0,100.0,48161132866.0
2018-10-26,ZCH0CH47,ST12000NM0007,12000138625024,0,79,81255104,99,0,100,1,100,0,88,613565022,95,4418,100,0,100,1,,,,,100.0,0.0,100.0,0.0,,,71.0,29.0,,,100.0,26.0,100.0,252.0,29,29,100,0,100,0,200,0,100.0,4373.0,100.0,36906497920.0,100.0,48379936618.0
2018-10-27,ZCH0CH47,ST12000NM0007,12000138625024,0,82,176809424,99,0,100,1,100,0,88,616912505,95,4442,100,0,100,1,,,,,100.0,0.0,100.0,0.0,,,72.0,28.0,,,100.0,26.0,100.0,253.0,28,28,100,0,100,0,200,0,100.0,4397.0,100.0,37029816040.0,100.0,48596313498.0
2018-10-28,ZCH0CH47,ST12000NM0007,12000138625024,0,76,43132272,99,0,100,1,100,0,88,620506388,95,4465,100,0,100,1,,,,,100.0,0.0,100.0,0.0,,,72.0,28.0,,,100.0,26.0,100.0,254.0,28,28,100,0,100,0,200,0,100.0,4421.0,100.0,37148267904.0,100.0,48832466378.0
2018-10-29,ZCH0CH47,ST12000NM0007,12000138625024,0,78,68903920,99,0,100,1,100,0,88,623592205,95,4490,100,0,100,1,,,,,100.0,0.0,100.0,0.0,,,72.0,28.0,,,100.0,27.0,100.0,255.0,28,28,100,0,100,0,200,0,100.0,4445.0,100.0,37246058360.0,100.0,49004588210.0
2018-10-30,ZCH0CH47,ST12000NM0007,12000138625024,0,81,114349680,99,0,100,1,100,0,88,626987779,95,4514,100,0,100,1,,,,,100.0,0.0,100.0,0.0,,,72.0,28.0,,,100.0,28.0,100.0,256.0,28,28,100,0,100,0,200,0,100.0,4469.0,100.0,37335212720.0,100.0,49205020274.0
2018-10-31,ZCH0CH47,ST12000NM0007,12000138625024,0,81,132309288,99.0,0.0,100.0,1.0,100.0,0.0,88.0,630094721.0,95,4538,100.0,0.0,100,1,,,,,100.0,0.0,100.0,0.0,,,71.0,29.0,,,100.0,28.0,100.0,257.0,29,29,100.0,0.0,100.0,0.0,200.0,0.0,100.0,4492.0,100.0,37424241512.0,100.0,49378091778.0
2018-11-01,ZCH0CH47,ST12000NM0007,12000138625024,0,79,71882680,99.0,0.0,100.0,1.0,100.0,0.0,88.0,635029344.0,95,4567,100.0,0.0,100,1,,,,,100.0,0.0,100.0,0.0,,,70.0,30.0,,,100.0,28.0,100.0,259.0,30,30,100.0,0.0,100.0,0.0,200.0,0.0,100.0,4521.0,100.0,37550710976.0,100.0,49679477570.0
2018-11-02,ZCH0CH47,ST12000NM0007,12000138625024,0,81,124675768,99.0,0.0,100.0,1.0,100.0,0.0,88.0,638056991.0,95,4590,100.0,0.0,100,1,,,,,100.0,0.0,100.0,0.0,,,70.0,30.0,,,100.0,28.0,100.0,260.0,30,30,100.0,0.0,100.0,0.0,200.0,0.0,100.0,4544.0,100.0,37647163576.0,100.0,49879958802.0
2018-11-03,ZCH0CH47,ST12000NM0007,12000138625024,0,83,205515216,99.0,0.0,100.0,1.0,100.0,0.0,88.0,641372466.0,95,4615,100.0,0.0,100,1,,,,,100.0,0.0,100.0,0.0,,,71.0,29.0,,,100.0,29.0,100.0,261.0,29,29,100.0,0.0,100.0,0.0,200.0,0.0,100.0,4569.0,100.0,37745339624.0,100.0,50106763306.0
2018-11-04,ZCH0CH47,ST12000NM0007,12000138625024,0,72,17758920,99.0,0.0,100.0,1.0,100.0,0.0,88.0,644736632.0,95,4639,100.0,0.0,100,1,,,,,100.0,0.0,100.0,0.0,,,71.0,29.0,,,100.0,30.0,100.0,262.0,29,29,100.0,0.0,100.0,0.0,200.0,0.0,100.0,4593.0,100.0,37853903128.0,100.0,50298724994.0
2018-11-05,ZCH0CH47,ST12000NM0007,12000138625024,0,81,137107656,99.0,0.0,100.0,1.0,100.0,0.0,88.0,648384084.0,95,4662,100.0,0.0,100,1,,,,,100.0,0.0,100.0,0.0,,,71.0,29.0,,,100.0,31.0,100.0,263.0,29,29,100.0,0.0,100.0,0.0,200.0,0.0,100.0,4616.0,100.0,37995867856.0,100.0,50520249810.0
2018-11-06,ZCH0CH47,ST12000NM0007,12000138625024,0,76.0,35782200.0,99.0,0.0,100.0,1.0,100.0,0.0,88.0,652556793.0,95.0,4686.0,100.0,0.0,100.0,1.0,,,,,100.0,0.0,100.0,0.0,,,71.0,29.0,,,100.0,32.0,100.0,264.0,29.0,29.0,100.0,0.0,100.0,0.0,200.0,0.0,100.0,4641.0,100.0,38150884192.0,100.0,50752189586.0
2018-11-07,ZCH0CH47,ST12000NM0007,12000138625024,0,100.0,1617064.0,99.0,0.0,100.0,1.0,100.0,0.0,88.0,654859928.0,95.0,4703.0,100.0,0.0,100.0,1.0,,,,,100.0,0.0,100.0,0.0,,,71.0,29.0,,,100.0,32.0,100.0,269.0,29.0,29.0,100.0,0.0,100.0,0.0,200.0,0.0,100.0,4656.0,100.0,38220180464.0,100.0,50892869060.0
2018-11-08,ZCH0CH47,ST12000NM0007,12000138625024,0,81.0,136330536.0,99.0,0.0,100.0,1.0,100.0,0.0,88.0,659122890.0,95.0,4732.0,100.0,0.0,100.0,1.0,,,,,100.0,0.0,100.0,0.0,,,72.0,28.0,,,100.0,33.0,100.0,270.0,28.0,28.0,100.0,0.0,100.0,0.0,200.0,0.0,100.0,4685.0,100.0,38340951376.0,100.0,51150952564.0
2018-11-09,ZCH0CH47,ST12000NM0007,12000138625024,0,83,193815840,99.0,0.0,100.0,1.0,100.0,0.0,88.0,662732120.0,95,4755,100.0,0.0,100,1,,,,,100.0,0.0,100.0,0.0,,,72.0,28.0,,,100.0,34.0,100.0,271.0,28,28,100.0,0.0,100.0,0.0,200.0,0.0,100.0,4708.0,100.0,38431111600.0,100.0,51362418460.0
2018-11-10,ZCH0CH47,ST12000NM0007,12000138625024,0,75,31917216,99.0,0.0,100.0,1.0,100.0,0.0,88.0,666001645.0,95,4780,100.0,0.0,100,1,,,,,100.0,0.0,100.0,0.0,,,72.0,28.0,,,100.0,35.0,100.0,272.0,28,28,100.0,0.0,100.0,0.0,200.0,0.0,100.0,4732.0,100.0,38541582096.0,100.0,51578330708.0
2018-11-11,ZCH0CH47,ST12000NM0007,12000138625024,0,80,109903960,99.0,0.0,100.0,1.0,100.0,0.0,88.0,669342319.0,95,4804,100.0,0.0,100,1,,,,,100.0,0.0,100.0,0.0,,,72.0,28.0,,,100.0,35.0,100.0,273.0,28,28,100.0,0.0,100.0,0.0,200.0,0.0,100.0,4756.0,100.0,38646124528.0,100.0,51795915788.0
2018-11-12,ZCH0CH47,ST12000NM0007,12000138625024,0,82,168196312,99.0,0.0,100.0,1.0,100.0,0.0,88.0,672479075.0,95,4828,100.0,0.0,100,1,,,,,100.0,0.0,100.0,0.0,,,72.0,28.0,,,100.0,35.0,100.0,274.0,28,28,100.0,0.0,100.0,0.0,200.0,0.0,100.0,4780.0,100.0,38738288440.0,100.0,52006184892.0
2018-11-13,ZCH0CH47,ST12000NM0007,12000138625024,0,100,920952,99.0,0.0,100.0,1.0,100.0,0.0,88.0,676175055.0,95,4852,100.0,0.0,100,1,,,,,100.0,0.0,100.0,0.0,,,71.0,29.0,,,100.0,36.0,100.0,275.0,29,29,100.0,0.0,100.0,0.0,200.0,0.0,100.0,4804.0,100.0,38853731800.0,100.0,52211747476.0
2018-11-14,ZCH0CH47,ST12000NM0007,12000138625024,0,83,203154824,99.0,0.0,100.0,1.0,100.0,0.0,88.0,682705542.0,95,4875,100.0,0.0,100,1,,,,,100.0,0.0,100.0,0.0,,,71.0,29.0,,,100.0,36.0,100.0,276.0,29,29,100.0,0.0,100.0,0.0,200.0,0.0,100.0,4827.0,100.0,38943540608.0,100.0,52568313180.0
2018-11-15,ZCH0CH47,ST12000NM0007,12000138625024,0,76,37765904,99.0,0.0,100.0,1.0,100.0,0.0,88.0,686610123.0,95,4900,100.0,0.0,100,1,,,,,100.0,0.0,100.0,0.0,,,71.0,29.0,,,100.0,36.0,100.0,277.0,29,29,100.0,0.0,100.0,0.0,200.0,0.0,100.0,4852.0,100.0,39041558616.0,100.0,52793187708.0
2018-11-16,ZCH0CH47,ST12000NM0007,12000138625024,0,79,77707872,99.0,0.0,100.0,1.0,100.0,0.0,88.0,689657882.0,95,4924,100.0,0.0,100,1,,,,,100.0,0.0,100.0,0.0,,,71.0,29.0,,,100.0,36.0,100.0,278.0,29,29,100.0,0.0,100.0,0.0,200.0,0.0,100.0,4875.0,100.0,39126031504.0,100.0,52992797604.0
2018-11-17,ZCH0CH47,ST12000NM0007,12000138625024,0,79.0,73689824.0,99.0,0.0,100.0,1.0,100.0,0.0,88.0,692587002.0,95.0,4948.0,100.0,0.0,100.0,1.0,,,,,100.0,0.0,100.0,0.0,,,71.0,29.0,,,100.0,37.0,100.0,279.0,29.0,29.0,100.0,0.0,100.0,0.0,200.0,0.0,100.0,4900.0,100.0,39199386000.0,100.0,53159565692.0
2018-11-18,ZCH0CH47,ST12000NM0007,12000138625024,0,79,84051672,99.0,0.0,100.0,1.0,100.0,0.0,88.0,695692504.0,95,4972,100.0,0.0,100,1,,,,,100.0,0.0,100.0,0.0,,,71.0,29.0,,,100.0,37.0,100.0,280.0,29,29,100.0,0.0,100.0,0.0,200.0,0.0,100.0,4924.0,100.0,39284653192.0,100.0,53328801196.0
2018-11-19,ZCH0CH47,ST12000NM0007,12000138625024,0,81,124403400,99.0,0.0,100.0,1.0,100.0,0.0,88.0,699405851.0,95,4996,100.0,0.0,100,1,,,,,100.0,0.0,100.0,0.0,,,71.0,29.0,,,100.0,38.0,100.0,281.0,29,29,100.0,0.0,100.0,0.0,200.0,0.0,100.0,4948.0,100.0,39370150016.0,100.0,53527796884.0
2018-11-20,ZCH0CH47,ST12000NM0007,12000138625024,0,82,159675008,99.0,0.0,100.0,1.0,100.0,0.0,88.0,702672979.0,95,5019,100.0,0.0,100,1,,,,,100.0,0.0,100.0,0.0,,,71.0,29.0,,,100.0,38.0,100.0,282.0,29,29,100.0,0.0,100.0,0.0,200.0,0.0,100.0,4970.0,100.0,39457862312.0,100.0,53719496956.0
2018-11-21,ZCH0CH47,ST12000NM0007,12000138625024,0,82,152093848,99.0,0.0,100.0,1.0,100.0,0.0,88.0,705625697.0,95,5044,100.0,0.0,100,1,,,,,100.0,0.0,100.0,0.0,,,71.0,29.0,,,100.0,39.0,100.0,283.0,29,29,100.0,0.0,100.0,0.0,200.0,0.0,100.0,4995.0,100.0,39531425120.0,100.0,53882493756.0
2018-11-22,ZCH0CH47,ST12000NM0007,12000138625024,0,83,220980248,99.0,0.0,100.0,1.0,100.0,0.0,89.0,709309359.0,95,5068,100.0,0.0,100,1,,,,,100.0,0.0,100.0,0.0,,,68.0,32.0,,,100.0,40.0,100.0,284.0,32,32,100.0,0.0,100.0,0.0,200.0,0.0,100.0,5019.0,100.0,39622722112.0,100.0,54104223812.0
2018-11-23,ZCH0CH47,ST12000NM0007,12000138625024,0,82,149478712,99.0,0.0,100.0,1.0,100.0,0.0,89.0,711753236.0,95,5092,100.0,0.0,100,1,,,,,100.0,0.0,100.0,0.0,,,72.0,28.0,,,100.0,41.0,100.0,285.0,28,28,100.0,0.0,100.0,0.0,200.0,0.0,100.0,5043.0,100.0,39676088096.0,100.0,54223497132.0
2018-11-24,ZCH0CH47,ST12000NM0007,12000138625024,0,83,188886280,99.0,0.0,100.0,1.0,100.0,0.0,89.0,714825453.0,95,5116,100.0,0.0,100,1,,,,,100.0,0.0,100.0,0.0,,,71.0,29.0,,,100.0,42.0,100.0,286.0,29,29,100.0,0.0,100.0,0.0,200.0,0.0,100.0,5066.0,100.0,39767530312.0,100.0,54415603116.0
2018-11-25,ZCH0CH47,ST12000NM0007,12000138625024,0,83,206172736,99.0,0.0,100.0,1.0,100.0,0.0,89.0,717600026.0,95,5141,100.0,0.0,100,1,,,,,100.0,0.0,100.0,0.0,,,71.0,29.0,,,100.0,42.0,100.0,287.0,29,29,100.0,0.0,100.0,0.0,200.0,0.0,100.0,5091.0,100.0,39841738464.0,100.0,54602822100.0
2018-11-26,ZCH0CH47,ST12000NM0007,12000138625024,0,84,229768192,99.0,0.0,100.0,1.0,100.0,0.0,89.0,720377733.0,95,5164,100.0,0.0,100,1,,,,,100.0,0.0,100.0,0.0,,,71.0,29.0,,,100.0,43.0,100.0,288.0,29,29,100.0,0.0,100.0,0.0,200.0,0.0,100.0,5115.0,100.0,39917628056.0,100.0,54794668652.0
2018-11-27,ZCH0CH47,ST12000NM0007,12000138625024,0,84,236019680,99.0,0.0,100.0,1.0,100.0,0.0,89.0,723293312.0,95,5188,100.0,0.0,100,1,,,,,100.0,0.0,100.0,0.0,,,72.0,28.0,,,100.0,44.0,100.0,289.0,28,28,100.0,0.0,100.0,0.0,200.0,0.0,100.0,5138.0,100.0,39985429408.0,100.0,54977259612.0
2018-11-28,ZCH0CH47,ST12000NM0007,12000138625024,0,67,4482064,99.0,0.0,100.0,1.0,100.0,0.0,89.0,726251216.0,95,5213,100.0,0.0,100,1,,,,,100.0,0.0,100.0,0.0,,,71.0,29.0,,,100.0,44.0,100.0,290.0,29,29,100.0,0.0,100.0,0.0,200.0,0.0,100.0,5163.0,100.0,40056482632.0,100.0,55162950324.0
2018-11-29,ZCH0CH47,ST12000NM0007,12000138625024,0,75,33135912,99.0,0.0,100.0,1.0,100.0,0.0,89.0,729895318.0,95,5236,100.0,0.0,100,1,,,,,100.0,0.0,100.0,0.0,,,73.0,27.0,,,100.0,44.0,100.0,291.0,27,27,100.0,0.0,100.0,0.0,200.0,0.0,100.0,5186.0,100.0,40118076440.0,100.0,55374150996.0
2018-11-30,ZCH0CH47,ST12000NM0007,12000138625024,0,83,222577104,99.0,0.0,100.0,1.0,100.0,0.0,89.0,732596600.0,94,5260,100.0,0.0,100,1,,,,,100.0,0.0,100.0,0.0,,,74.0,26.0,,,100.0,45.0,100.0,292.0,26,26,100.0,0.0,100.0,0.0,200.0,0.0,100.0,5210.0,100.0,40181214824.0,100.0,55500453804.0
2018-12-01,ZCH0CH47,ST12000NM0007,12000138625024,0,83,181683520,99.0,0.0,100.0,1.0,100.0,0.0,89.0,735247099.0,94,5284,100.0,0.0,100,1,,,,,100.0,0.0,100.0,0.0,,,74.0,26.0,,,100.0,45.0,100.0,293.0,26,26,100.0,0.0,100.0,0.0,200.0,0.0,100.0,5234.0,100.0,40241532624.0,100.0,55643383100.0
2018-12-02,ZCH0CH47,ST12000NM0007,12000138625024,0,82,149955984,99.0,0.0,100.0,1.0,100.0,0.0,89.0,737883603.0,94,5308,100.0,0.0,100,1,,,,,100.0,0.0,100.0,0.0,,,74.0,26.0,,,100.0,45.0,100.0,294.0,26,26,100.0,0.0,100.0,0.0,200.0,0.0,100.0,5257.0,100.0,40316467712.0,100.0,55780861140.0
2018-12-03,ZCH0CH47,ST12000NM0007,12000138625024,0,81,118656760,99.0,0.0,100.0,1.0,100.0,0.0,89.0,740618443.0,94,5331,100.0,0.0,100,1,,,,,100.0,0.0,100.0,0.0,,,74.0,26.0,,,100.0,45.0,100.0,295.0,26,26,100.0,0.0,100.0,0.0,200.0,0.0,100.0,5281.0,100.0,40395987432.0,100.0,55914182828.0
2018-12-04,ZCH0CH47,ST12000NM0007,12000138625024,0,83,185573632,99.0,0.0,100.0,1.0,100.0,0.0,89.0,744179441.0,94,5356,100.0,0.0,100,1,,,,,100.0,0.0,100.0,0.0,,,74.0,26.0,,,100.0,46.0,100.0,296.0,26,26,100.0,0.0,100.0,0.0,200.0,0.0,100.0,5306.0,100.0,40481323512.0,100.0,56139904252.0
2018-12-05,ZCH0CH47,ST12000NM0007,12000138625024,0,83.0,217435368.0,99.0,0.0,100.0,1.0,100.0,0.0,89.0,747043109.0,94.0,5380.0,100.0,0.0,100.0,1.0,,,,,100.0,0.0,100.0,0.0,,,74.0,26.0,,,100.0,47.0,100.0,297.0,26.0,26.0,100.0,0.0,100.0,0.0,200.0,0.0,100.0,5329.0,100.0,40572442136.0,100.0,56324788300.0
2018-12-06,ZCH0CH47,ST12000NM0007,12000138625024,0,68,7068552,99.0,0.0,100.0,1.0,100.0,0.0,89.0,750530403.0,94,5406,100.0,0.0,100,1,,,,,100.0,0.0,100.0,0.0,,,74.0,26.0,,,100.0,47.0,100.0,298.0,26,26,100.0,0.0,100.0,0.0,200.0,0.0,100.0,5356.0,100.0,40646726328.0,100.0,56528418740.0
2018-12-07,ZCH0CH47,ST12000NM0007,12000138625024,0,84,240634712,99.0,0.0,100.0,1.0,100.0,0.0,89.0,753094436.0,94,5430,100.0,0.0,100,1,,,,,100.0,0.0,100.0,0.0,,,74.0,26.0,,,100.0,48.0,100.0,299.0,26,26,100.0,0.0,100.0,0.0,200.0,0.0,100.0,5379.0,100.0,40722734136.0,100.0,56685977092.0
2018-12-08,ZCH0CH47,ST12000NM0007,12000138625024,0,83,222049600,99.0,0.0,100.0,1.0,100.0,0.0,89.0,755677938.0,94,5455,100.0,0.0,100,1,,,,,100.0,0.0,100.0,0.0,,,74.0,26.0,,,100.0,49.0,100.0,300.0,26,26,100.0,0.0,100.0,0.0,200.0,0.0,100.0,5403.0,100.0,40803040440.0,100.0,56831226364.0
2018-12-09,ZCH0CH47,ST12000NM0007,12000138625024,0,83,216381992,99.0,0.0,100.0,1.0,100.0,0.0,89.0,759783725.0,94,5478,100.0,0.0,100,1,,,,,100.0,0.0,100.0,0.0,,,74.0,26.0,,,100.0,49.0,100.0,301.0,26,26,100.0,0.0,100.0,0.0,200.0,0.0,100.0,5427.0,100.0,40878382256.0,100.0,56994357596.0
2018-12-10,ZCH0CH47,ST12000NM0007,12000138625024,0,84,225651552,99.0,0.0,100.0,1.0,100.0,0.0,89.0,763016910.0,94,5502,100.0,0.0,100,1,,,,,100.0,0.0,100.0,0.0,,,74.0,26.0,,,100.0,49.0,100.0,302.0,26,26,100.0,0.0,100.0,0.0,200.0,0.0,100.0,5450.0,100.0,40949390008.0,100.0,57176760236.0
2018-12-11,ZCH0CH47,ST12000NM0007,12000138625024,0,84,243175192,99.0,0.0,100.0,1.0,100.0,0.0,89.0,766097338.0,94,5526,100.0,0.0,100,1,,,,,100.0,0.0,100.0,0.0,,,75.0,25.0,,,100.0,49.0,100.0,303.0,25,25,100.0,0.0,100.0,0.0,200.0,0.0,100.0,5475.0,100.0,41036378912.0,100.0,57351435836.0
2018-12-12,ZCH0CH47,ST12000NM0007,12000138625024,0,73,20162896,99.0,0.0,100.0,1.0,100.0,0.0,89.0,768896963.0,94,5550,100.0,0.0,100,1,,,,,100.0,0.0,100.0,0.0,,,74.0,26.0,,,100.0,49.0,100.0,304.0,26,26,100.0,0.0,100.0,0.0,200.0,0.0,100.0,5499.0,100.0,41112865176.0,100.0,57540218820.0
2018-12-13,ZCH0CH47,ST12000NM0007,12000138625024,0,73,19189928,99.0,0.0,100.0,1.0,100.0,0.0,89.0,771828182.0,94,5574,100.0,0.0,100,1,,,,,100.0,0.0,100.0,0.0,,,72.0,28.0,,,100.0,49.0,100.0,305.0,28,28,100.0,0.0,100.0,0.0,200.0,0.0,100.0,5522.0,100.0,41178786312.0,100.0,57717465492.0
2018-12-14,ZCH0CH47,ST12000NM0007,12000138625024,0,84,239917592,99.0,0.0,100.0,1.0,100.0,0.0,89.0,774075205.0,94,5598,100.0,0.0,100,1,,,,,100.0,0.0,100.0,0.0,,,73.0,27.0,,,100.0,49.0,100.0,306.0,27,27,100.0,0.0,100.0,0.0,200.0,0.0,100.0,5546.0,100.0,41240107488.0,100.0,57876871980.0
2018-12-15,ZCH0CH47,ST12000NM0007,12000138625024,0,84,236355632,99.0,0.0,100.0,1.0,100.0,0.0,89.0,776452592.0,94,5622,100.0,0.0,100,1,,,,,100.0,0.0,100.0,0.0,,,73.0,27.0,,,100.0,49.0,100.0,307.0,27,27,100.0,0.0,100.0,0.0,200.0,0.0,100.0,5570.0,100.0,41308008176.0,100.0,58049550284.0
2018-12-16,ZCH0CH47,ST12000NM0007,12000138625024,0,84,243124560,99.0,0.0,100.0,1.0,100.0,0.0,89.0,779037813.0,94,5646,100.0,0.0,100,1,,,,,100.0,0.0,100.0,0.0,,,72.0,28.0,,,100.0,49.0,100.0,308.0,28,28,100.0,0.0,100.0,0.0,200.0,0.0,100.0,5594.0,100.0,41392524928.0,100.0,58215943212.0
2018-12-17,ZCH0CH47,ST12000NM0007,12000138625024,0,84,234991512,99.0,0.0,100.0,1.0,100.0,0.0,89.0,781410048.0,94,5670,100.0,0.0,100,1,,,,,100.0,0.0,100.0,0.0,,,73.0,27.0,,,100.0,49.0,100.0,309.0,27,27,100.0,0.0,100.0,0.0,200.0,0.0,100.0,5618.0,100.0,41465566360.0,100.0,58378909428.0
2018-12-18,ZCH0CH47,ST12000NM0007,12000138625024,0,70,10282840,99.0,0.0,100.0,1.0,100.0,0.0,89.0,784419680.0,94,5694,100.0,0.0,100,1,,,,,100.0,0.0,100.0,0.0,,,73.0,27.0,,,100.0,49.0,100.0,310.0,27,27,100.0,0.0,100.0,0.0,200.0,0.0,100.0,5642.0,100.0,41556170088.0,100.0,58551878692.0
2018-12-19,ZCH0CH47,ST12000NM0007,12000138625024,0,76,41333904,99.0,0.0,100.0,1.0,100.0,0.0,89.0,786952111.0,94,5718,100.0,0.0,100,1,,,,,100.0,0.0,100.0,0.0,,,73.0,27.0,,,100.0,50.0,100.0,311.0,27,27,100.0,0.0,100.0,0.0,200.0,0.0,100.0,5666.0,100.0,41623693736.0,100.0,58759546788.0
2018-12-20,ZCH0CH47,ST12000NM0007,12000138625024,0,80,90786656,99.0,0.0,100.0,1.0,100.0,0.0,89.0,790811181.0,94,5742,100.0,0.0,100,1,,,,,100.0,0.0,100.0,0.0,,,73.0,27.0,,,100.0,50.0,100.0,312.0,27,27,100.0,0.0,100.0,0.0,200.0,0.0,100.0,5690.0,100.0,41702830888.0,100.0,58974003148.0
2018-12-21,ZCH0CH47,ST12000NM0007,12000138625024,0,80,95059264,99.0,0.0,100.0,1.0,100.0,0.0,89.0,793207018.0,94,5767,100.0,0.0,100,1,,,,,100.0,0.0,100.0,0.0,,,72.0,28.0,,,100.0,51.0,100.0,313.0,28,28,100.0,0.0,100.0,0.0,200.0,0.0,100.0,5714.0,100.0,41778565688.0,100.0,59146681684.0
2018-12-22,ZCH0CH47,ST12000NM0007,12000138625024,0,81,122871664,99.0,0.0,100.0,1.0,100.0,0.0,89.0,795749356.0,94,5790,100.0,0.0,100,1,,,,,100.0,0.0,100.0,0.0,,,72.0,28.0,,,100.0,51.0,100.0,314.0,28,28,100.0,0.0,100.0,0.0,200.0,0.0,100.0,5738.0,100.0,41859879592.0,100.0,59337320820.0
2018-12-23,ZCH0CH47,ST12000NM0007,12000138625024,0,81,133748816,99.0,0.0,100.0,1.0,100.0,0.0,89.0,798268789.0,94,5815,100.0,0.0,100,1,,,,,100.0,0.0,100.0,0.0,,,72.0,28.0,,,100.0,52.0,100.0,315.0,28,28,100.0,0.0,100.0,0.0,200.0,0.0,100.0,5762.0,100.0,41928340904.0,100.0,59523877420.0
2018-12-24,ZCH0CH47,ST12000NM0007,12000138625024,0,82,168484104,99.0,0.0,100.0,1.0,100.0,0.0,89.0,800893963.0,94,5839,100.0,0.0,100,1,,,,,100.0,0.0,100.0,0.0,,,73.0,27.0,,,100.0,52.0,100.0,316.0,27,27,100.0,0.0,100.0,0.0,200.0,0.0,100.0,5786.0,100.0,42022377528.0,100.0,59708716732.0
2018-12-25,ZCH0CH47,ST12000NM0007,12000138625024,0,83,195956760,99.0,0.0,100.0,1.0,100.0,0.0,89.0,803804846.0,94,5863,100.0,0.0,100,1,,,,,100.0,0.0,100.0,0.0,,,73.0,27.0,,,100.0,52.0,100.0,317.0,27,27,100.0,0.0,100.0,0.0,200.0,0.0,100.0,5810.0,100.0,42092363928.0,100.0,59910343620.0
2018-12-26,ZCH0CH47,ST12000NM0007,12000138625024,0,83,218538648,99.0,0.0,100.0,1.0,100.0,0.0,89.0,806488918.0,94,5886,100.0,0.0,100,1,,,,,100.0,0.0,100.0,0.0,,,73.0,27.0,,,100.0,52.0,100.0,318.0,27,27,100.0,0.0,100.0,0.0,200.0,0.0,100.0,5834.0,100.0,42150361608.0,100.0,60119068572.0
2018-12-27,ZCH0CH47,ST12000NM0007,12000138625024,0,83,200163624,99.0,0.0,100.0,1.0,100.0,0.0,89.0,809102617.0,94,5910,100.0,0.0,100,1,,,,,100.0,0.0,100.0,0.0,,,73.0,27.0,,,100.0,53.0,100.0,319.0,27,27,100.0,0.0,100.0,0.0,200.0,0.0,100.0,5857.0,100.0,42196855464.0,100.0,60298340372.0
2018-12-28,ZCH0CH47,ST12000NM0007,12000138625024,0,83,217269456,99.0,0.0,100.0,1.0,100.0,0.0,89.0,811595420.0,94,5934,100.0,0.0,100,1,,,,,100.0,0.0,100.0,0.0,,,72.0,28.0,,,100.0,53.0,100.0,320.0,28,28,100.0,0.0,100.0,0.0,200.0,0.0,100.0,5882.0,100.0,42252600976.0,100.0,60503841396.0
2018-12-29,ZCH0CH47,ST12000NM0007,12000138625024,0,74,24875904,99.0,0.0,100.0,1.0,100.0,0.0,89.0,814271384.0,94,5959,100.0,0.0,100,1,,,,,100.0,0.0,100.0,0.0,,,72.0,28.0,,,100.0,53.0,100.0,321.0,28,28,100.0,0.0,100.0,0.0,200.0,0.0,100.0,5906.0,100.0,42349126776.0,100.0,60703203492.0
2018-12-30,ZCH0CH47,ST12000NM0007,12000138625024,0,74,28040976,99.0,0.0,100.0,1.0,100.0,0.0,89.0,816775230.0,94,5982,100.0,0.0,100,1,,,,,100.0,0.0,100.0,0.0,,,73.0,27.0,,,100.0,53.0,100.0,322.0,27,27,100.0,0.0,100.0,0.0,200.0,0.0,100.0,5929.0,100.0,42420726568.0,100.0,60878909444.0
2018-12-31,ZCH0CH47,ST12000NM0007,12000138625024,0,79,80154328,99.0,0.0,100.0,1.0,100.0,0.0,89.0,820165740.0,94,6006,100.0,0.0,100,1,,,,,100.0,0.0,100.0,0.0,,,73.0,27.0,,,100.0,54.0,100.0,323.0,27,27,100.0,0.0,100.0,0.0,200.0,0.0,100.0,5953.0,100.0,42498963232.0,100.0,61096926884.0
