2018-01-12,ZCH0CXS4,ST12000NM0007,12000138625024,0,83,183773408,99,0,100,1,100,0,63,2045300,100,44,100,0,100,1,,,,,100.0,0.0,100.0,0.0,,,79.0,21.0,,,100.0,0.0,100.0,54.0,21,21,100,0,100,0,200,0,100.0,28.0,100.0,645274208.0,100.0,270972562.0
2018-01-13,ZCH0CXS4,ST12000NM0007,12000138625024,0,79.0,87069352.0,99.0,0.0,100.0,1.0,100,0,67.0,5516403.0,100,68,100.0,0.0,100,1,,,,,100.0,0.0,100.0,0.0,,,78.0,22.0,,,100.0,0.0,100.0,55.0,22.0,22.0,100.0,0.0,100.0,0.0,200,0,100.0,52.0,100.0,975419992.0,100.0,576544796.0
2018-01-14,ZCH0CXS4,ST12000NM0007,12000138625024,0,75.0,33109104.0,99.0,0.0,100.0,1.0,100,0,70.0,9178443.0,100,91,100.0,0.0,100,1,,,,,100.0,0.0,100.0,0.0,,,78.0,22.0,,,100.0,0.0,100.0,56.0,22.0,22.0,100.0,0.0,100.0,0.0,200,0,100.0,75.0,100.0,1339712024.0,100.0,890714916.0
2018-01-15,ZCH0CXS4,ST12000NM0007,12000138625024,0,84.0,239047040.0,99.0,0.0,100.0,1.0,100,0,71.0,13044453.0,100,117,100.0,0.0,100,1,,,,,100.0,0.0,100.0,0.0,,,77.0,23.0,,,100.0,1.0,100.0,57.0,23.0,23.0,100.0,0.0,100.0,0.0,200,0,100.0,100.0,100.0,1709866056.0,100.0,1214780524.0
2018-01-16,ZCH0CXS4,ST12000NM0007,12000138625024,0,82.0,152856376.0,99.0,0.0,100.0,1.0,100,0,72.0,16628780.0,100,140,100.0,0.0,100,1,,,,,100.0,0.0,100.0,0.0,,,77.0,23.0,,,100.0,1.0,100.0,58.0,23.0,23.0,100.0,0.0,100.0,0.0,200,0,100.0,123.0,100.0,2048118064.0,100.0,1522760388.0
2018-01-17,ZCH0CXS4,ST12000NM0007,12000138625024,0,77.0,45158576.0,99.0,0.0,100.0,1.0,100,0,73.0,20134390.0,100,164,100.0,0.0,100,1,,,,,100.0,0.0,100.0,0.0,,,78.0,22.0,,,100.0,1.0,100.0,59.0,22.0,22.0,100.0,0.0,100.0,0.0,200,0,100.0,147.0,100.0,2358262392.0,100.0,1837340484.0
2018-01-18,ZCH0CXS4,ST12000NM0007,12000138625024,0,81.0,133560984.0,99.0,0.0,100.0,1.0,100.0,0.0,73.0,22063124.0,100.0,176.0,100.0,0.0,100.0,1.0,,,,,100.0,0.0,100.0,0.0,,,78.0,22.0,,,100.0,1.0,100.0,59.0,22.0,22.0,100.0,0.0,100.0,0.0,200.0,0.0,100.0,159.0,100.0,2525857416.0,100.0,2002288748.0
2018-01-19,ZCH0CXS4,ST12000NM0007,12000138625024,0,80.0,89606368.0,99.0,0.0,100.0,1.0,100.0,0.0,74.0,27271235.0,100.0,210.0,100.0,0.0,100.0,1.0,,,,,100.0,0.0,100.0,0.0,,,78.0,22.0,,,100.0,1.0,100.0,61.0,22.0,22.0,100.0,0.0,100.0,0.0,200.0,0.0,100.0,193.0,100.0,3004066832.0,100.0,2456687580.0
2018-01-20,ZCH0CXS4,ST12000NM0007,12000138625024,0,80.0,96544504.0,99.0,0.0,100.0,1.0,100,0,75.0,31250156.0,100,235,100.0,0.0,100,1,,,,,100.0,0.0,100.0,0.0,,,78.0,22.0,,,100.0,1.0,100.0,62.0,22.0,22.0,100.0,0.0,100.0,0.0,200,0,100.0,218.0,100.0,3397089416.0,100.0,2803025396.0
2018-01-21,ZCH0CXS4,ST12000NM0007,12000138625024,0,84.0,232402296.0,99.0,0.0,100.0,1.0,100,0,75.0,34725454.0,100,259,100.0,0.0,100,1,,,,,100.0,0.0,100.0,0.0,,,78.0,22.0,,,100.0,1.0,100.0,63.0,22.0,22.0,100.0,0.0,100.0,0.0,200,0,100.0,241.0,100.0,3705823352.0,100.0,3118430692.0
2018-01-22,ZCH0CXS4,ST12000NM0007,12000138625024,0,82.0,159926264.0,99.0,0.0,100.0,1.0,100,0,76.0,38290762.0,100,282,100.0,0.0,100,1,,,,,100.0,0.0,100.0,0.0,,,78.0,22.0,,,100.0,1.0,100.0,64.0,22.0,22.0,100.0,0.0,100.0,0.0,200,0,100.0,264.0,100.0,4043246256.0,100.0,3440953988.0
2018-01-23,ZCH0CXS4,ST12000NM0007,12000138625024,0,80.0,103433360.0,99.0,0.0,100.0,1.0,100,0,76.0,42104384.0,100,307,100.0,0.0,100,1,,,,,100.0,0.0,100.0,0.0,,,79.0,21.0,,,100.0,1.0,100.0,65.0,21.0,21.0,100.0,0.0,100.0,0.0,200,0,100.0,289.0,100.0,4384074936.0,100.0,3776054380.0
2018-01-24,ZCH0CXS4,ST12000NM0007,12000138625024,0,73.0,20607040.0,99.0,0.0,100.0,1.0,100,0,77.0,47036637.0,100,339,100.0,0.0,100,1,,,,,100.0,0.0,100.0,0.0,,,79.0,21.0,,,100.0,1.0,100.0,67.0,21.0,21.0,100.0,0.0,100.0,0.0,200,0,100.0,321.0,100.0,4820510664.0,100.0,4233354964.0
2018-01-25,ZCH0CXS4,ST12000NM0007,12000138625024,0,83.0,201111928.0,99.0,0.0,100.0,1.0,100,0,77.0,49341935.0,100,354,100.0,0.0,100,1,,,,,100.0,0.0,100.0,0.0,,,79.0,21.0,,,100.0,1.0,100.0,67.0,21.0,21.0,100.0,0.0,100.0,0.0,200,0,100.0,336.0,100.0,5010912872.0,100.0,4467598508.0
2018-01-26,ZCH0CXS4,ST12000NM0007,12000138625024,0,81.0,140681024.0,99.0,0.0,100.0,1.0,100,0,77.0,53067358.0,100,378,100.0,0.0,100,1,,,,,100.0,0.0,100.0,0.0,,,78.0,22.0,,,100.0,1.0,100.0,68.0,22.0,22.0,100.0,0.0,100.0,0.0,200,0,100.0,361.0,100.0,5356402048.0,100.0,4794100764.0
2018-01-27,ZCH0CXS4,ST12000NM0007,12000138625024,0,79.0,75268936.0,99.0,0.0,100.0,1.0,100,0,78.0,56796210.0,100,402,100.0,0.0,100,1,,,,,100.0,0.0,100.0,0.0,,,79.0,21.0,,,100.0,1.0,100.0,69.0,21.0,21.0,100.0,0.0,100.0,0.0,200,0,100.0,385.0,100.0,5697661408.0,100.0,5119851612.0
2018-01-28,ZCH0CXS4,ST12000NM0007,12000138625024,0,74.0,26038944.0,99.0,0.0,100.0,1.0,100,0,78.0,60615940.0,100,426,100.0,0.0,100,1,,,,,100.0,0.0,100.0,0.0,,,79.0,21.0,,,100.0,1.0,100.0,71.0,21.0,21.0,100.0,0.0,100.0,0.0,200,0,100.0,409.0,100.0,6050301248.0,100.0,5450403948.0
2018-01-29,ZCH0CXS4,ST12000NM0007,12000138625024,0,84.0,238071320.0,99.0,0.0,100.0,1.0,100,0,78.0,64559190.0,100,451,100.0,0.0,100,1,,,,,100.0,0.0,100.0,0.0,,,79.0,21.0,,,100.0,1.0,100.0,72.0,21.0,21.0,100.0,0.0,100.0,0.0,200,0,100.0,434.0,100.0,6407588968.0,100.0,5793430180.0
2018-01-30,ZCH0CXS4,ST12000NM0007,12000138625024,0,81.0,125077208.0,99.0,0.0,100.0,1.0,100,0,78.0,69450685.0,100,483,100.0,0.0,100,1,,,,,100.0,0.0,100.0,0.0,,,79.0,21.0,,,100.0,1.0,100.0,73.0,21.0,21.0,100.0,0.0,100.0,0.0,200,0,100.0,464.0,100.0,6842542584.0,100.0,6222047620.0
2018-01-31,ZCH0CXS4,ST12000NM0007,12000138625024,0,80.0,98586744.0,99.0,0.0,100.0,1.0,100.0,0.0,79.0,73446264.0,100.0,508.0,100.0,0.0,100.0,1.0,,,,,100.0,0.0,100.0,0.0,,,78.0,22.0,,,100.0,1.0,100.0,74.0,22.0,22.0,100.0,0.0,100.0,0.0,200.0,0.0,100.0,490.0,100.0,7192819840.0,100.0,6577701924.0
2018-02-01,ZCH0CXS4,ST12000NM0007,12000138625024,0,77.0,55113456.0,99.0,0.0,100.0,1.0,100,0,79.0,77350327.0,100,532,100.0,0.0,100,1,,,,,100.0,0.0,100.0,0.0,,,79.0,21.0,,,100.0,1.0,100.0,75.0,21.0,21.0,100.0,0.0,100.0,0.0,200,0,100.0,513.0,100.0,7548892256.0,100.0,6910578588.0
2018-02-02,ZCH0CXS4,ST12000NM0007,12000138625024,0,73.0,20105256.0,99.0,0.0,100.0,1.0,100,0,79.0,81302138.0,100,555,100.0,0.0,100,1,,,,,100.0,0.0,100.0,0.0,,,78.0,22.0,,,100.0,1.0,100.0,76.0,22.0,22.0,100.0,0.0,100.0,0.0,200,0,100.0,537.0,100.0,7914027736.0,100.0,7242857052.0
2018-02-03,ZCH0CXS4,ST12000NM0007,12000138625024,0,84.0,230002920.0,99.0,0.0,100.0,1.0,100,0,79.0,85236909.0,100,578,100.0,0.0,100,1,,,,,100.0,0.0,100.0,0.0,,,79.0,21.0,,,100.0,1.0,100.0,77.0,21.0,21.0,100.0,0.0,100.0,0.0,200,0,100.0,559.0,100.0,8281403664.0,100.0,7573660428.0
2018-02-04,ZCH0CXS4,ST12000NM0007,12000138625024,0,82.0,149529960.0,99.0,0.0,100.0,1.0,100,0,79.0,88852485.0,100,600,100.0,0.0,100,1,,,,,100.0,0.0,100.0,0.0,,,79.0,21.0,,,100.0,1.0,100.0,78.0,21.0,21.0,100.0,0.0,100.0,0.0,200,0,100.0,581.0,100.0,8618046248.0,100.0,7888967292.0
2018-02-05,ZCH0CXS4,ST12000NM0007,12000138625024,0,82.0,166351672.0,99.0,0.0,100.0,1.0,100,0,80.0,92952180.0,100,624,100.0,0.0,100,1,,,,,100.0,0.0,100.0,0.0,,,78.0,22.0,,,100.0,1.0,100.0,79.0,22.0,22.0,100.0,0.0,100.0,0.0,200,0,100.0,605.0,100.0,9006010424.0,100.0,8250246836.0
2018-02-06,ZCH0CXS4,ST12000NM0007,12000138625024,0,77.0,55585872.0,99.0,0.0,100.0,1.0,100,0,80.0,96483524.0,100,646,100.0,0.0,100,1,,,,,100.0,0.0,100.0,0.0,,,78.0,22.0,,,100.0,1.0,100.0,80.0,22.0,22.0,100.0,0.0,100.0,0.0,200,0,100.0,627.0,100.0,9317700936.0,100.0,8560212860.0
2018-02-07,ZCH0CXS4,ST12000NM0007,12000138625024,0,74.0,27098480.0,99.0,0.0,100.0,1.0,100,0,80.0,100484717.0,100,670,100.0,0.0,100,1,,,,,100.0,0.0,100.0,0.0,,,79.0,21.0,,,100.0,1.0,100.0,81.0,21.0,21.0,100.0,0.0,100.0,0.0,200,0,100.0,651.0,100.0,9660983056.0,100.0,8920865508.0
2018-02-08,ZCH0CXS4,ST12000NM0007,12000138625024,0,77.0,48342688.0,99.0,0.0,100.0,1.0,100,0,80.0,104807181.0,100,697,100.0,0.0,100,1,,,,,100.0,0.0,100.0,0.0,,,79.0,21.0,,,100.0,1.0,100.0,82.0,21.0,21.0,100.0,0.0,100.0,0.0,200,0,100.0,678.0,100.0,10036253808.0,100.0,9299261556.0
2018-02-09,ZCH0CXS4,ST12000NM0007,12000138625024,0,84,240496024,99,0,100,1,100,0,80,108702420,100,721,100,0,100,1,,,,,100.0,0.0,100.0,0.0,,,78.0,22.0,,,100.0,1.0,100.0,83.0,22,22,100,0,100,0,200,0,100.0,702.0,100.0,10382976048.0,100.0,9632974276.0
2018-02-10,ZCH0CXS4,ST12000NM0007,12000138625024,0,83.0,206598768.0,99.0,0.0,100.0,1.0,100.0,0.0,81.0,112603102.0,100.0,746.0,100.0,0.0,100.0,1.0,,,,,100.0,0.0,100.0,0.0,,,79.0,21.0,,,100.0,1.0,100.0,84.0,21.0,21.0,100.0,0.0,100.0,0.0,200.0,0.0,100.0,726.0,100.0,10733824576.0,100.0,9980650612.0
2018-02-11,ZCH0CXS4,ST12000NM0007,12000138625024,0,77,49082552,99,0,100,1,100,0,81,115908320,100,768,100,0,100,1,,,,,100.0,0.0,100.0,0.0,,,78.0,22.0,,,100.0,1.0,100.0,85.0,22,22,100,0,100,0,200,0,100.0,749.0,100.0,11001055856.0,100.0,10288325100.0
2018-02-12,ZCH0CXS4,ST12000NM0007,12000138625024,0,100,579936,99,0,100,1,100,0,81,119708571,100,793,100,0,100,1,,,,,100.0,0.0,100.0,0.0,,,78.0,22.0,,,100.0,1.0,100.0,86.0,22,22,100,0,100,0,200,0,100.0,773.0,100.0,11338077016.0,100.0,10635223540.0
2018-02-13,ZCH0CXS4,ST12000NM0007,12000138625024,0,81,129286488,99,0,100,1,100,0,81,123498705,100,817,100,0,100,1,,,,,100.0,0.0,100.0,0.0,,,78.0,22.0,,,100.0,1.0,100.0,87.0,22,22,100,0,100,0,200,0,100.0,797.0,100.0,11655079672.0,100.0,10935208980.0
2018-02-14,ZCH0CXS4,ST12000NM0007,12000138625024,0,78,65902272,99,0,100,1,100,0,81,127365735,100,841,100,0,100,1,,,,,100.0,0.0,100.0,0.0,,,78.0,22.0,,,100.0,1.0,100.0,88.0,22,22,100,0,100,0,200,0,100.0,822.0,100.0,11992725056.0,100.0,11266602292.0
2018-02-15,ZCH0CXS4,ST12000NM0007,12000138625024,0,74,24692744,99,0,100,1,100,0,81,131372215,100,866,100,0,100,1,,,,,100.0,0.0,100.0,0.0,,,78.0,22.0,,,100.0,1.0,100.0,89.0,22,22,100,0,100,0,200,0,100.0,846.0,100.0,12333022256.0,100.0,11617517828.0
2018-02-16,ZCH0CXS4,ST12000NM0007,12000138625024,0,81,116233360,99,0,100,1,100,0,81,134822732,99,888,100,0,100,1,,,,,100.0,0.0,100.0,0.0,,,78.0,22.0,,,100.0,1.0,100.0,90.0,22,22,100,0,100,0,200,0,100.0,868.0,100.0,12628344944.0,100.0,11902017324.0
2018-02-17,ZCH0CXS4,ST12000NM0007,12000138625024,0,83,215861120,99,0,100,1,100,0,81,138418833,99,912,100,0,100,1,,,,,100.0,0.0,100.0,0.0,,,78.0,22.0,,,100.0,1.0,100.0,91.0,22,22,100,0,100,0,200,0,100.0,893.0,100.0,12905960096.0,100.0,12212311524.0
2018-02-18,ZCH0CXS4,ST12000NM0007,12000138625024,0,78,70400896,99,0,100,1,100,0,82,142042906,99,937,100,0,100,1,,,,,100.0,0.0,100.0,0.0,,,78.0,22.0,,,100.0,1.0,100.0,92.0,22,22,100,0,100,0,200,0,100.0,917.0,100.0,13200794176.0,100.0,12504439532.0
2018-02-19,ZCH0CXS4,ST12000NM0007,12000138625024,0,83,209838656,99,0,100,1,100,0,82,145939857,99,961,100,0,100,1,,,,,100.0,0.0,100.0,0.0,,,78.0,22.0,,,100.0,2.0,100.0,93.0,22,22,100,0,100,0,200,0,100.0,941.0,100.0,13511099760.0,100.0,12821853468.0
2018-02-20,ZCH0CXS4,ST12000NM0007,12000138625024,0,80,108699128,99,0,100,1,100,0,82,149727352,99,986,100,0,100,1,,,,,100.0,0.0,100.0,0.0,,,78.0,22.0,,,100.0,2.0,100.0,94.0,22,22,100,0,100,0,200,0,100.0,966.0,100.0,13826033504.0,100.0,13138202660.0
2018-02-21,ZCH0CXS4,ST12000NM0007,12000138625024,0,83,205210288,99,0,100,1,100,0,82,153224216,99,1008,100,0,100,1,,,,,100.0,0.0,100.0,0.0,,,77.0,23.0,,,100.0,2.0,100.0,95.0,23,23,100,0,100,0,200,0,100.0,988.0,100.0,14108654576.0,100.0,13440374324.0
2018-02-22,ZCH0CXS4,ST12000NM0007,12000138625024,0,77,50876728,99,0,100,1,100,0,82,156918048,99,1032,100,0,100,1,,,,,100.0,0.0,100.0,0.0,,,77.0,23.0,,,100.0,2.0,100.0,96.0,23,23,100,0,100,0,200,0,100.0,1012.0,100.0,14391166288.0,100.0,13735951348.0
2018-02-23,ZCH0CXS4,ST12000NM0007,12000138625024,0,82,146695488,99,0,100,1,100,0,82,160369440,99,1055,100,0,100,1,,,,,100.0,0.0,100.0,0.0,,,78.0,22.0,,,100.0,3.0,100.0,97.0,22,22,100,0,100,0,200,0,100.0,1034.0,100.0,14670058880.0,100.0,14041159076.0
2018-02-24,ZCH0CXS4,ST12000NM0007,12000138625024,0,81,117060800,99,0,100,1,100,0,82,164376957,99,1079,100,0,100,1,,,,,100.0,0.0,100.0,0.0,,,78.0,22.0,,,100.0,3.0,100.0,98.0,22,22,100,0,100,0,200,0,100.0,1059.0,100.0,15011810408.0,100.0,14402195228.0
2018-02-25,ZCH0CXS4,ST12000NM0007,12000138625024,0,76,38969416,99,0,100,1,100,0,82,168116828,99,1103,100,0,100,1,,,,,100.0,0.0,100.0,0.0,,,79.0,21.0,,,100.0,3.0,100.0,99.0,21,21,100,0,100,0,200,0,100.0,1083.0,100.0,15327374096.0,100.0,14740962492.0
2018-02-26,ZCH0CXS4,ST12000NM0007,12000138625024,0,83,206905952,99,0,100,1,100,0,82,171879905,99,1127,100,0,100,1,,,,,100.0,0.0,100.0,0.0,,,78.0,22.0,,,100.0,3.0,100.0,100.0,22,22,100,0,100,0,200,0,100.0,1107.0,100.0,15643292568.0,100.0,15081262380.0
2018-02-27,ZCH0CXS4,ST12000NM0007,12000138625024,0,81,131285936,99,0,100,1,100,0,82,175704083,99,1152,100,0,100,1,,,,,100.0,0.0,100.0,0.0,,,78.0,22.0,,,100.0,3.0,100.0,101.0,22,22,100,0,100,0,200,0,100.0,1131.0,100.0,15976907920.0,100.0,15404449116.0
2018-02-28,ZCH0CXS4,ST12000NM0007,12000138625024,0,75,34851864,99,0,100,1,100,0,83,179394573,99,1176,100,0,100,1,,,,,100.0,0.0,100.0,0.0,,,78.0,22.0,,,100.0,3.0,100.0,102.0,22,22,100,0,100,0,200,0,100.0,1155.0,100.0,16276240128.0,100.0,15741105716.0
2018-03-01,ZCH0CXS4,ST12000NM0007,12000138625024,0,78,68840256,99,0,100,1,100,0,83,183640563,99,1203,100,0,100,1,,,,,100.0,0.0,100.0,0.0,,,78.0,22.0,,,100.0,3.0,100.0,103.0,22,22,100,0,100,0,200,0,100.0,1182.0,100.0,16628309576.0,100.0,16155446844.0
2018-03-02,ZCH0CXS4,ST12000NM0007,12000138625024,0,83,223830672,99,0,100,1,100,0,83,187387382,99,1227,100,0,100,1,,,,,100.0,0.0,100.0,0.0,,,78.0,22.0,,,100.0,3.0,100.0,104.0,22,22,100,0,100,0,200,0,100.0,1206.0,100.0,16945473664.0,100.0,16481554884.0
2018-03-03,ZCH0CXS4,ST12000NM0007,12000138625024,0,81,114407976,99,0,100,1,100,0,83,191100039,99,1251,100,0,100,1,,,,,100.0,0.0,100.0,0.0,,,79.0,21.0,,,100.0,3.0,100.0,105.0,21,21,100,0,100,0,200,0,100.0,1230.0,100.0,17246442752.0,100.0,16803585060.0
2018-03-04,ZCH0CXS4,ST12000NM0007,12000138625024,0,80,101467424,99,0,100,1,100,0,83,194375530,99,1274,100,0,100,1,,,,,100.0,0.0,100.0,0.0,,,78.0,22.0,,,100.0,3.0,100.0,106.0,22,22,100,0,100,0,200,0,100.0,1252.0,100.0,17449812392.0,100.0,17075556540.0
2018-03-05,ZCH0CXS4,ST12000NM0007,12000138625024,0,79,88679712,99,0,100,1,100,0,83,197551163,99,1298,100,0,100,1,,,,,100.0,0.0,100.0,0.0,,,79.0,21.0,,,100.0,3.0,100.0,107.0,21,21,100,0,100,0,200,0,100.0,1277.0,100.0,17644652392.0,100.0,17356210220.0
2018-03-06,ZCH0CXS4,ST12000NM0007,12000138625024,0,76,39677928,99,0,100,1,100,0,83,200449060,99,1318,100,0,100,1,,,,,100.0,0.0,100.0,0.0,,,77.0,23.0,,,100.0,3.0,100.0,108.0,23,23,100,0,100,0,200,0,100.0,1296.0,100.0,17867416152.0,100.0,17572726060.0
2018-03-07,ZCH0CXS4,ST12000NM0007,12000138625024,0,80.0,111742752.0,99.0,0.0,100.0,1.0,100.0,0.0,83.0,203962324.0,99.0,1341.0,100.0,0.0,100.0,1.0,,,,,100.0,0.0,100.0,0.0,,,79.0,21.0,,,100.0,3.0,100.0,109.0,21.0,21.0,100.0,0.0,100.0,0.0,200.0,0.0,100.0,1319.0,100.0,18143813280.0,100.0,17856675332.0
2018-03-08,ZCH0CXS4,ST12000NM0007,12000138625024,0,80,94727504,99,0,100,1,100,0,83,208410882,99,1371,100,0,100,1,,,,,100.0,0.0,100.0,0.0,,,78.0,22.0,,,100.0,3.0,100.0,110.0,22,22,100,0,100,0,200,0,100.0,1350.0,100.0,18482508624.0,100.0,18233386796.0
2018-03-09,ZCH0CXS4,ST12000NM0007,12000138625024,0,81,113070176,99,0,100,1,100,0,83,211827866,99,1394,100,0,100,1,,,,,100.0,0.0,100.0,0.0,,,78.0,22.0,,,100.0,3.0,100.0,111.0,22,22,100,0,100,0,200,0,100.0,1372.0,100.0,18721634656.0,100.0,18500884828.0
2018-03-10,ZCH0CXS4,ST12000NM0007,12000138625024,0,82,168188640,99,0,100,1,100,0,83,215548794,99,1419,100,0,100,1,,,,,100.0,0.0,100.0,0.0,,,78.0,22.0,,,100.0,3.0,100.0,112.0,22,22,100,0,100,0,200,0,100.0,1397.0,100.0,18984168272.0,100.0,18781751036.0
2018-03-11,ZCH0CXS4,ST12000NM0007,12000138625024,0,83,192225848,99,0,100,1,100,0,83,218923022,99,1443,100,0,100,1,,,,,100.0,0.0,100.0,0.0,,,79.0,21.0,,,100.0,3.0,100.0,113.0,21,21,100,0,100,0,200,0,100.0,1421.0,100.0,19222171824.0,100.0,19056066116.0
2018-03-12,ZCH0CXS4,ST12000NM0007,12000138625024,0,84,227896080,99,0,100,1,100,0,83,222269150,99,1466,100,0,100,1,,,,,100.0,0.0,100.0,0.0,,,78.0,22.0,,,100.0,3.0,100.0,114.0,22,22,100,0,100,0,200,0,100.0,1444.0,100.0,19445461576.0,100.0,19356728052.0
2018-03-13,ZCH0CXS4,ST12000NM0007,12000138625024,0,84,230901432,99,0,100,1,100,0,84,225640455,99,1490,100,0,100,1,,,,,100.0,0.0,100.0,0.0,,,78.0,22.0,,,100.0,3.0,100.0,115.0,22,22,100,0,100,0,200,0,100.0,1468.0,100.0,19678818088.0,100.0,19614658388.0
2018-03-14,ZCH0CXS4,ST12000NM0007,12000138625024,0,79,76769128,99,0,100,1,100,0,84,229275360,99,1514,100,0,100,1,,,,,100.0,0.0,100.0,0.0,,,77.0,23.0,,,100.0,3.0,100.0,116.0,23,23,100,0,100,0,200,0,100.0,1492.0,100.0,19957110000.0,100.0,19914656372.0
2018-03-15,ZCH0CXS4,ST12000NM0007,12000138625024,0,80,89902296,99,0,100,1,100,0,84,232658201,99,1537,100,0,100,1,,,,,100.0,0.0,100.0,0.0,,,77.0,23.0,,,100.0,3.0,100.0,117.0,23,23,100,0,100,0,200,0,100.0,1515.0,100.0,20199538576.0,100.0,20173642732.0
2018-03-16,ZCH0CXS4,ST12000NM0007,12000138625024,0,81.0,139452000.0,99.0,0.0,100.0,1.0,100.0,0.0,84.0,236380091.0,99.0,1562.0,100.0,0.0,100.0,1.0,,,,,100.0,0.0,100.0,0.0,,,78.0,22.0,,,100.0,3.0,100.0,118.0,22.0,22.0,100.0,0.0,100.0,0.0,200.0,0.0,100.0,1540.0,100.0,20463121328.0,100.0,20447891060.0
2018-03-17,ZCH0CXS4,ST12000NM0007,12000138625024,0,82,168363400,99,0,100,1,100,0,84,239887252,99,1586,100,0,100,1,,,,,100.0,0.0,100.0,0.0,,,78.0,22.0,,,100.0,3.0,100.0,119.0,22,22,100,0,100,0,200,0,100.0,1564.0,100.0,20728784544.0,100.0,20699420556.0
2018-03-18,ZCH0CXS4,ST12000NM0007,12000138625024,0,82,147798400,99,0,100,1,100,0,84,243131732,99,1610,100,0,100,1,,,,,100.0,0.0,100.0,0.0,,,77.0,23.0,,,100.0,3.0,100.0,120.0,23,23,100,0,100,0,200,0,100.0,1587.0,100.0,20940104784.0,100.0,20955817116.0
2018-03-19,ZCH0CXS4,ST12000NM0007,12000138625024,0,81,112508024,99,0,100,1,100,0,84,246474967,99,1633,100,0,100,1,,,,,100.0,0.0,100.0,0.0,,,78.0,22.0,,,100.0,3.0,100.0,121.0,22,22,100,0,100,0,200,0,100.0,1610.0,100.0,21158666296.0,100.0,21190246988.0
2018-03-20,ZCH0CXS4,ST12000NM0007,12000138625024,0,83,185045368,99,0,100,1,100,0,84,250282635,99,1659,100,0,100,1,,,,,100.0,0.0,100.0,0.0,,,78.0,22.0,,,100.0,3.0,100.0,122.0,22,22,100,0,100,0,200,0,100.0,1635.0,100.0,21443133928.0,100.0,21466598916.0
2018-03-21,ZCH0CXS4,ST12000NM0007,12000138625024,0,83,205083664,99,0,100,1,100,0,84,253834375,99,1683,100,0,100,1,,,,,100.0,0.0,100.0,0.0,,,78.0,22.0,,,100.0,3.0,100.0,123.0,22,22,100,0,100,0,200,0,100.0,1660.0,100.0,21697177272.0,100.0,21720875484.0
2018-03-22,ZCH0CXS4,ST12000NM0007,12000138625024,0,83,202269368,99,0,100,1,100,0,84,257278617,99,1707,100,0,100,1,,,,,100.0,0.0,100.0,0.0,,,77.0,23.0,,,100.0,3.0,100.0,124.0,23,23,100,0,100,0,200,0,100.0,1683.0,100.0,21933984176.0,100.0,21969536004.0
2018-03-23,ZCH0CXS4,ST12000NM0007,12000138625024,0,82,156188432,99,0,100,1,100,0,84,260546940,99,1730,100,0,100,1,,,,,100.0,0.0,100.0,0.0,,,78.0,22.0,,,100.0,3.0,100.0,125.0,22,22,100,0,100,0,200,0,100.0,1707.0,100.0,22143395032.0,100.0,22202326068.0
2018-03-24,ZCH0CXS4,ST12000NM0007,12000138625024,0,81,140766680,99,0,100,1,100,0,84,263836393,98,1754,100,0,100,1,,,,,100.0,0.0,100.0,0.0,,,78.0,22.0,,,100.0,3.0,100.0,126.0,22,22,100,0,100,0,200,0,100.0,1730.0,100.0,22379189536.0,100.0,22439391108.0
2018-03-25,ZCH0CXS4,ST12000NM0007,12000138625024,0,82,155161264,99,0,100,1,100,0,84,267191689,98,1778,100,0,100,1,,,,,100.0,0.0,100.0,0.0,,,78.0,22.0,,,100.0,3.0,100.0,127.0,22,22,100,0,100,0,200,0,100.0,1754.0,100.0,22616520728.0,100.0,22704736212.0
2018-03-26,ZCH0CXS4,ST12000NM0007,12000138625024,0,83,204827568,99,0,100,1,100,0,84,270625181,98,1801,100,0,100,1,,,,,100.0,0.0,100.0,0.0,,,78.0,22.0,,,100.0,3.0,100.0,128.0,22,22,100,0,100,0,200,0,100.0,1778.0,100.0,22889234456.0,100.0,22969972396.0
2018-03-27,ZCH0CXS4,ST12000NM0007,12000138625024,0,83,181507160,99,0,100,1,100,0,84,273959330,98,1826,100,0,100,1,,,,,100.0,0.0,100.0,0.0,,,78.0,22.0,,,100.0,3.0,100.0,129.0,22,22,100,0,100,0,200,0,100.0,1802.0,100.0,23069631344.0,100.0,23254536956.0
2018-03-28,ZCH0CXS4,ST12000NM0007,12000138625024,0,83,220128456,99,0,100,1,100,0,84,277698006,98,1850,100,0,100,1,,,,,100.0,0.0,100.0,0.0,,,79.0,21.0,,,100.0,3.0,100.0,130.0,21,21,100,0,100,0,200,0,100.0,1826.0,100.0,23310450240.0,100.0,23540620740.0
2018-03-29,ZCH0CXS4,ST12000NM0007,12000138625024,0,71,11720064,99,0,100,1,100,0,84,281237801,98,1873,100,0,100,1,,,,,100.0,0.0,100.0,0.0,,,78.0,22.0,,,100.0,3.0,100.0,131.0,22,22,100,0,100,0,200,0,100.0,1849.0,100.0,23562855264.0,100.0,23812229700.0
2018-03-30,ZCH0CXS4,ST12000NM0007,12000138625024,0,71,11341608,99,0,100,1,100,0,85,284855928,98,1898,100,0,100,1,,,,,100.0,0.0,100.0,0.0,,,79.0,21.0,,,100.0,3.0,100.0,132.0,21,21,100,0,100,0,200,0,100.0,1874.0,100.0,23807788024.0,100.0,24055200076.0
2018-03-31,ZCH0CXS4,ST12000NM0007,12000138625024,0,84,225011536,99,0,100,1,100,0,85,288387685,98,1922,100,0,100,1,,,,,100.0,0.0,100.0,0.0,,,78.0,22.0,,,100.0,3.0,100.0,133.0,22,22,100,0,100,0,200,0,100.0,1898.0,100.0,24018648992.0,100.0,24302149684.0
2018-04-01,ZCH0CXS4,ST12000NM0007,12000138625024,0,80,108872224,99,0,100,1,100,0,85,291624147,98,1946,100,0,100,1,,,,,100.0,0.0,100.0,0.0,,,78.0,22.0,,,100.0,3.0,100.0,134.0,22,22,100,0,100,0,200,0,100.0,1922.0,100.0,24171950064.0,100.0,24520990932.0
2018-04-02,ZCH0CXS4,ST12000NM0007,12000138625024,0,76,38495592,99,0,100,1,100,0,85,295051675,98,1970,100,0,100,1,,,,,100.0,0.0,100.0,0.0,,,79.0,21.0,,,100.0,3.0,100.0,135.0,21,21,100,0,100,0,200,0,100.0,1946.0,100.0,24370141656.0,100.0,24740704244.0
2018-04-03,ZCH0CXS4,ST12000NM0007,12000138625024,0,84,236788528,99,0,100,1,100,0,85,298607395,98,1995,100,0,100,1,,,,,100.0,0.0,100.0,0.0,,,78.0,22.0,,,100.0,3.0,100.0,136.0,22,22,100,0,100,0,200,0,100.0,1970.0,100.0,24573916776.0,100.0,24979362700.0
2018-04-04,ZCH0CXS4,ST12000NM0007,12000138625024,0,81,116019264,99,0,100,1,100,0,85,301743231,98,2018,100,0,100,1,,,,,100.0,0.0,100.0,0.0,,,79.0,21.0,,,100.0,3.0,100.0,137.0,21,21,100,0,100,0,200,0,100.0,1993.0,100.0,24723029112.0,100.0,25197762468.0
2018-04-05,ZCH0CXS4,ST12000NM0007,12000138625024,0,75,31076352,99,0,100,1,100,0,85,305050510,98,2041,100,0,100,1,,,,,100.0,0.0,100.0,0.0,,,80.0,20.0,,,100.0,3.0,100.0,138.0,20,20,100,0,100,0,200,0,100.0,2016.0,100.0,24906357864.0,100.0,25417772316.0
2018-04-06,ZCH0CXS4,ST12000NM0007,12000138625024,0,82,159634752,99,0,100,1,100,0,85,308166468,98,2066,100,0,100,1,,,,,100.0,0.0,100.0,0.0,,,80.0,20.0,,,100.0,3.0,100.0,139.0,20,20,100,0,100,0,200,0,100.0,2041.0,100.0,25054290936.0,100.0,25642538444.0
2018-04-07,ZCH0CXS4,ST12000NM0007,12000138625024,0,84.0,231006312.0,99.0,0.0,100.0,1.0,100.0,0.0,85.0,310698847.0,98.0,2089.0,100.0,0.0,100.0,1.0,,,,,100.0,0.0,100.0,0.0,,,79.0,21.0,,,100.0,4.0,100.0,140.0,21.0,21.0,100.0,0.0,100.0,0.0,200.0,0.0,100.0,2064.0,100.0,25157821616.0,100.0,25854520060.0
2018-04-08,ZCH0CXS4,ST12000NM0007,12000138625024,0,82,164752616,99,0,100,1,100,0,85,314035990,98,2114,100,0,100,1,,,,,100.0,0.0,100.0,0.0,,,80.0,20.0,,,100.0,4.0,100.0,141.0,20,20,100,0,100,0,200,0,100.0,2089.0,100.0,25357489080.0,100.0,26076880316.0
2018-04-09,ZCH0CXS4,ST12000NM0007,12000138625024,0,82,149380496,99,0,100,1,100,0,85,317454558,98,2138,100,0,100,1,,,,,100.0,0.0,100.0,0.0,,,80.0,20.0,,,100.0,4.0,100.0,142.0,20,20,100,0,100,0,200,0,100.0,2113.0,100.0,25555492968.0,100.0,26351785948.0
2018-04-10,ZCH0CXS4,ST12000NM0007,12000138625024,0,76,37554368,99,0,100,1,100,0,85,320531513,98,2162,100,0,100,1,,,,,100.0,0.0,100.0,0.0,,,79.0,21.0,,,100.0,4.0,100.0,143.0,21,21,100,0,100,0,200,0,100.0,2136.0,100.0,25705628976.0,100.0,26578105292.0
2018-04-11,ZCH0CXS4,ST12000NM0007,12000138625024,0,81,120102160,99,0,100,1,100,0,85,323303161,98,2180,100,0,100,1,,,,,100.0,0.0,100.0,0.0,,,79.0,21.0,,,100.0,5.0,100.0,144.0,21,21,100,0,100,0,200,0,100.0,2154.0,100.0,25834197496.0,100.0,26776225340.0
2018-04-12,ZCH0CXS4,ST12000NM0007,12000138625024,0,83,191441464,98,0,100,2,100,0,85,327662931,98,2210,100,0,100,1,,,,,100.0,0.0,100.0,0.0,,,79.0,21.0,,,100.0,5.0,100.0,150.0,21,21,100,0,100,0,200,0,100.0,2184.0,100.0,26075935336.0,100.0,27094108502.0
2018-04-13,ZCH0CXS4,ST12000NM0007,12000138625024,0,82,172516400,98,0,100,2,100,0,85,331140478,98,2234,100,0,100,1,,,,,100.0,0.0,100.0,0.0,,,79.0,21.0,,,100.0,5.0,100.0,151.0,21,21,100,0,100,0,200,0,100.0,2207.0,100.0,26271185392.0,100.0,27368215278.0
2018-04-14,ZCH0CXS4,ST12000NM0007,12000138625024,0,80,103144808,98,0,100,2,100,0,85,334480443,98,2258,100,0,100,1,,,,,100.0,0.0,100.0,0.0,,,79.0,21.0,,,100.0,5.0,100.0,152.0,21,21,100,0,100,0,200,0,100.0,2231.0,100.0,26444994568.0,100.0,27613315902.0
2018-04-15,ZCH0CXS4,ST12000NM0007,12000138625024,0,78,64139952,98,0,100,2,100,0,85,337894073,98,2283,100,0,100,1,,,,,100.0,0.0,100.0,0.0,,,79.0,21.0,,,100.0,5.0,100.0,153.0,21,21,100,0,100,0,200,0,100.0,2256.0,100.0,26654500704.0,100.0,27853086646.0
2018-04-16,ZCH0CXS4,ST12000NM0007,12000138625024,0,83,197196616,98,0,100,2,100,0,85,340873245,98,2306,100,0,100,1,,,,,100.0,0.0,100.0,0.0,,,80.0,20.0,,,100.0,5.0,100.0,154.0,20,20,100,0,100,0,200,0,100.0,2279.0,100.0,26803179376.0,100.0,28081605350.0
2018-04-17,ZCH0CXS4,ST12000NM0007,12000138625024,0,78,57429584,98,0,100,2,100,0,85,343826322,98,2330,100,0,100,1,,,,,100.0,0.0,100.0,0.0,,,79.0,21.0,,,100.0,5.0,100.0,155.0,21,21,100,0,100,0,200,0,100.0,2303.0,100.0,26953388272.0,100.0,28279911118.0
2018-04-18,ZCH0CXS4,ST12000NM0007,12000138625024,0,82,168962352,98,0,100,2,100,0,85,347748353,98,2355,100,0,100,1,,,,,100.0,0.0,100.0,0.0,,,80.0,20.0,,,100.0,5.0,100.0,156.0,20,20,100,0,100,0,200,0,100.0,2327.0,100.0,27232419912.0,100.0,28600693638.0
2018-04-19,ZCH0CXS4,ST12000NM0007,12000138625024,0,80,98854240,98,0,100,2,100,0,85,351071986,98,2378,100,0,100,1,,,,,100.0,0.0,100.0,0.0,,,79.0,21.0,,,100.0,5.0,100.0,157.0,21,21,100,0,100,0,200,0,100.0,2351.0,100.0,27422487920.0,100.0,28828799190.0
2018-04-20,ZCH0CXS4,ST12000NM0007,12000138625024,0,77,47532728,98,0,100,2,100,0,85,354468720,98,2402,100,0,100,1,,,,,100.0,0.0,100.0,0.0,,,80.0,20.0,,,100.0,5.0,100.0,158.0,20,20,100,0,100,0,200,0,100.0,2375.0,100.0,27630778592.0,100.0,29057468278.0
2018-04-21,ZCH0CXS4,ST12000NM0007,12000138625024,0,84,242806664,98,0,100,2,100,0,86,357925605,98,2427,100,0,100,1,,,,,100.0,0.0,100.0,0.0,,,80.0,20.0,,,100.0,5.0,100.0,159.0,20,20,100,0,100,0,200,0,100.0,2399.0,100.0,27844638672.0,100.0,29283022998.0
2018-04-22,ZCH0CXS4,ST12000NM0007,12000138625024,0,81,130968448,98,0,100,2,100,0,86,360986651,98,2450,100,0,100,1,,,,,100.0,0.0,100.0,0.0,,,80.0,20.0,,,100.0,5.0,100.0,160.0,20,20,100,0,100,0,200,0,100.0,2422.0,100.0,28009329208.0,100.0,29494775542.0
2018-04-23,ZCH0CXS4,ST12000NM0007,12000138625024,0,81,118880584,98,0,100,2,100,0,86,364653910,98,2474,100,0,100,1,,,,,100.0,0.0,100.0,0.0,,,80.0,20.0,,,100.0,5.0,100.0,161.0,20,20,100,0,100,0,200,0,100.0,2447.0,100.0,28223639232.0,100.0,29756659326.0
2018-04-24,ZCH0CXS4,ST12000NM0007,12000138625024,0,78,70254504,98,0,100,2,100,0,86,368057834,98,2499,100,0,100,1,,,,,100.0,0.0,100.0,0.0,,,80.0,20.0,,,100.0,5.0,100.0,162.0,20,20,100,0,100,0,200,0,100.0,2471.0,100.0,28424790720.0,100.0,29995163094.0
2018-04-25,ZCH0CXS4,ST12000NM0007,12000138625024,0,83,218657248,98,0,100,2,100,0,86,371246204,98,2522,100,0,100,1,,,,,100.0,0.0,100.0,0.0,,,79.0,21.0,,,100.0,5.0,100.0,163.0,21,21,100,0,100,0,200,0,100.0,2494.0,100.0,28593126800.0,100.0,30219370870.0
2018-04-26,ZCH0CXS4,ST12000NM0007,12000138625024,0,81,131100280,98,0,100,2,100,0,86,374921162,98,2546,100,0,100,1,,,,,100.0,0.0,100.0,0.0,,,80.0,20.0,,,100.0,5.0,100.0,164.0,20,20,100,0,100,0,200,0,100.0,2518.0,100.0,28769221528.0,100.0,30444000782.0
2018-04-27,ZCH0CXS4,ST12000NM0007,12000138625024,0,74,26922520,98,0,100,2,100,0,86,378214335,98,2569,100,0,100,1,,,,,100.0,0.0,100.0,0.0,,,79.0,21.0,,,100.0,5.0,100.0,165.0,21,21,100,0,100,0,200,0,100.0,2541.0,100.0,28934307248.0,100.0,30663018662.0
2018-04-28,ZCH0CXS4,ST12000NM0007,12000138625024,0,83,184843160,98,0,100,2,100,0,86,381618140,98,2593,100,0,100,1,,,,,100.0,0.0,100.0,0.0,,,79.0,21.0,,,100.0,5.0,100.0,166.0,21,21,100,0,100,0,200,0,100.0,2565.0,100.0,29091482072.0,100.0,30907905558.0
2018-04-29,ZCH0CXS4,ST12000NM0007,12000138625024,0,75,30935288,98,0,100,2,100,0,86,384475241,98,2617,100,0,100,1,,,,,100.0,0.0,100.0,0.0,,,79.0,21.0,,,100.0,5.0,100.0,167.0,21,21,100,0,100,0,200,0,100.0,2588.0,100.0,29212950720.0,100.0,31120810446.0
2018-04-30,ZCH0CXS4,ST12000NM0007,12000138625024,0,81,115372344,98,0,100,2,100,0,86,387407048,97,2641,100,0,100,1,,,,,100.0,0.0,100.0,0.0,,,80.0,20.0,,,100.0,5.0,100.0,168.0,20,20,100,0,100,0,200,0,100.0,2612.0,100.0,29315466968.0,100.0,31346871950.0
2018-05-01,ZCH0CXS4,ST12000NM0007,12000138625024,0,82,177678880,98,0,100,2,100,0,86,390308526,97,2665,100,0,100,1,,,,,100.0,0.0,100.0,0.0,,,79.0,21.0,,,100.0,6.0,100.0,169.0,21,21,100,0,100,0,200,0,100.0,2636.0,100.0,29429610528.0,100.0,31539175566.0
2018-05-02,ZCH0CXS4,ST12000NM0007,12000138625024,0,79.0,81930096.0,98.0,0.0,100.0,2.0,100.0,0.0,86.0,393695448.0,97.0,2689.0,100.0,0.0,100.0,1.0,,,,,100.0,0.0,100.0,0.0,,,80.0,20.0,,,100.0,6.0,100.0,170.0,20.0,20.0,100.0,0.0,100.0,0.0,200.0,0.0,100.0,2661.0,100.0,29578556592.0,100.0,31782762366.0
2018-05-03,ZCH0CXS4,ST12000NM0007,12000138625024,0,82,169951080,98,0,100,2,100,0,86,396588258,97,2714,100,0,100,1,,,,,100.0,0.0,100.0,0.0,,,80.0,20.0,,,100.0,7.0,100.0,172.0,20,20,100,0,100,0,200,0,100.0,2685.0,100.0,29702513608.0,100.0,31990966966.0
2018-05-04,ZCH0CXS4,ST12000NM0007,12000138625024,0,76,40078840,98,0,100,2,100,0,86,399929924,97,2738,100,0,100,1,,,,,100.0,0.0,100.0,0.0,,,81.0,19.0,,,100.0,7.0,100.0,173.0,19,19,100,0,100,0,200,0,100.0,2709.0,100.0,29850477768.0,100.0,32201412102.0
2018-05-05,ZCH0CXS4,ST12000NM0007,12000138625024,0,82,142931408,98,0,100,2,100,0,86,403114247,97,2763,100,0,100,1,,,,,100.0,0.0,100.0,0.0,,,79.0,21.0,,,100.0,7.0,100.0,174.0,21,21,100,0,100,0,200,0,100.0,2734.0,100.0,30007401288.0,100.0,32391481878.0
2018-05-06,ZCH0CXS4,ST12000NM0007,12000138625024,0,84,242825224,98,0,100,2,100,0,86,406361819,97,2787,100,0,100,1,,,,,100.0,0.0,100.0,0.0,,,80.0,20.0,,,100.0,8.0,100.0,175.0,20,20,100,0,100,0,200,0,100.0,2757.0,100.0,30140823760.0,100.0,32602093886.0
2018-05-07,ZCH0CXS4,ST12000NM0007,12000138625024,0,80,96672160,98,0,100,2,100,0,86,409316627,97,2811,100,0,100,1,,,,,100.0,0.0,100.0,0.0,,,80.0,20.0,,,100.0,9.0,100.0,176.0,20,20,100,0,100,0,200,0,100.0,2781.0,100.0,30277417968.0,100.0,32807627902.0
2018-05-08,ZCH0CXS4,ST12000NM0007,12000138625024,0,83,200307440,98,0,100,2,100,0,86,412283846,97,2835,100,0,100,1,,,,,100.0,0.0,100.0,0.0,,,79.0,21.0,,,100.0,9.0,100.0,177.0,21,21,100,0,100,0,200,0,100.0,2805.0,100.0,30414705424.0,100.0,33018116358.0
2018-05-09,ZCH0CXS4,ST12000NM0007,12000138625024,0,80,111287216,98,0,100,2,100,0,86,415556379,97,2859,100,0,100,1,,,,,100.0,0.0,100.0,0.0,,,79.0,21.0,,,100.0,10.0,100.0,178.0,21,21,100,0,100,0,200,0,100.0,2829.0,100.0,30553147872.0,100.0,33278934982.0
2018-05-10,ZCH0CXS4,ST12000NM0007,12000138625024,0,82,175191040,98,0,100,2,100,0,86,418634114,97,2883,100,0,100,1,,,,,100.0,0.0,100.0,0.0,,,80.0,20.0,,,100.0,10.0,100.0,180.0,20,20,100,0,100,0,200,0,100.0,2853.0,100.0,30684379392.0,100.0,33455748014.0
2018-05-11,ZCH0CXS4,ST12000NM0007,12000138625024,0,84,230151928,98,0,100,2,100,0,86,421576345,97,2907,100,0,100,1,,,,,100.0,0.0,100.0,0.0,,,80.0,20.0,,,100.0,10.0,100.0,181.0,20,20,100,0,100,0,200,0,100.0,2876.0,100.0,30798336400.0,100.0,33640892542.0
2018-05-12,ZCH0CXS4,ST12000NM0007,12000138625024,0,76,37194096,98,0,100,2,100,0,86,424435194,97,2930,100,0,100,1,,,,,100.0,0.0,100.0,0.0,,,80.0,20.0,,,100.0,11.0,100.0,182.0,20,20,100,0,100,0,200,0,100.0,2900.0,100.0,30915579208.0,100.0,33818973494.0
2018-05-13,ZCH0CXS4,ST12000NM0007,12000138625024,0,79,86727720,98,0,100,2,100,0,86,427263192,97,2955,100,0,100,1,,,,,100.0,0.0,100.0,0.0,,,80.0,20.0,,,100.0,11.0,100.0,183.0,20,20,100,0,100,0,200,0,100.0,2924.0,100.0,31023136008.0,100.0,34005090966.0
2018-05-14,ZCH0CXS4,ST12000NM0007,12000138625024,0,82,168350536,98,0,100,2,100,0,86,430240114,97,2979,100,0,100,1,,,,,100.0,0.0,100.0,0.0,,,80.0,20.0,,,100.0,11.0,100.0,184.0,20,20,100,0,100,0,200,0,100.0,2948.0,100.0,31137621536.0,100.0,34216368942.0
2018-05-15,ZCH0CXS4,ST12000NM0007,12000138625024,0,84.0,241211944.0,98.0,0.0,100.0,2.0,100.0,0.0,86.0,433216116.0,97.0,3002.0,100.0,0.0,100.0,1.0,,,,,100.0,0.0,100.0,0.0,,,79.0,21.0,,,100.0,11.0,100.0,185.0,21.0,21.0,100.0,0.0,100.0,0.0,200.0,0.0,100.0,2971.0,100.0,31266371032.0,100.0,34404621670.0
2018-05-16,ZCH0CXS4,ST12000NM0007,12000138625024,0,80,95959048,98,0,100,2,100,0,86,436221078,97,3027,100,0,100,1,,,,,100.0,0.0,100.0,0.0,,,80.0,20.0,,,100.0,11.0,100.0,186.0,20,20,100,0,100,0,200,0,100.0,2996.0,100.0,31389205312.0,100.0,34624815886.0
2018-05-17,ZCH0CXS4,ST12000NM0007,12000138625024,0,81,133153472,98,0,100,2,100,0,86,439030072,97,3050,100,0,100,1,,,,,100.0,0.0,100.0,0.0,,,79.0,21.0,,,100.0,11.0,100.0,187.0,21,21,100,0,100,0,200,0,100.0,3019.0,100.0,31467038008.0,100.0,34828318302.0
2018-05-18,ZCH0CXS4,ST12000NM0007,12000138625024,0,82,160650536,98,0,100,2,100,0,86,441525807,97,3074,100,0,100,1,,,,,100.0,0.0,100.0,0.0,,,79.0,21.0,,,100.0,12.0,100.0,188.0,21,21,100,0,100,0,200,0,100.0,3043.0,100.0,31547150256.0,100.0,35019843982.0
2018-05-19,ZCH0CXS4,ST12000NM0007,12000138625024,0,83,218591240,98,0,100,2,100,0,86,444395885,97,3099,100,0,100,1,,,,,100.0,0.0,100.0,0.0,,,79.0,21.0,,,100.0,13.0,100.0,189.0,21,21,100,0,100,0,200,0,100.0,3067.0,100.0,31662220704.0,100.0,35206854910.0
2018-05-20,ZCH0CXS4,ST12000NM0007,12000138625024,0,78,68775584,98,0,100,2,100,0,87,447132773,97,3122,100,0,100,1,,,,,100.0,0.0,100.0,0.0,,,79.0,21.0,,,100.0,13.0,100.0,190.0,21,21,100,0,100,0,200,0,100.0,3090.0,100.0,31774553928.0,100.0,35432987446.0
2018-05-21,ZCH0CXS4,ST12000NM0007,12000138625024,0,82,161194984,98,0,100,2,100,0,87,450137991,97,3146,100,0,100,1,,,,,100.0,0.0,100.0,0.0,,,80.0,20.0,,,100.0,13.0,100.0,191.0,20,20,100,0,100,0,200,0,100.0,3115.0,100.0,31902039624.0,100.0,35642061790.0
2018-05-22,ZCH0CXS4,ST12000NM0007,12000138625024,0,83,212571808,98,0,100,2,100,0,87,452990625,97,3170,100,0,100,1,,,,,100.0,0.0,100.0,0.0,,,80.0,20.0,,,100.0,14.0,100.0,192.0,20,20,100,0,100,0,200,0,100.0,3138.0,100.0,32027316752.0,100.0,35812302302.0
2018-05-23,ZCH0CXS4,ST12000NM0007,12000138625024,0,76,35573312,98,0,100,2,100,0,87,455731373,97,3195,100,0,100,1,,,,,100.0,0.0,100.0,0.0,,,79.0,21.0,,,100.0,14.0,100.0,193.0,21,21,100,0,100,0,200,0,100.0,3163.0,100.0,32127796456.0,100.0,36023105582.0
2018-05-24,ZCH0CXS4,ST12000NM0007,12000138625024,0,81,117343760,98,0,100,2,100,0,87,458589862,97,3219,100,0,100,1,,,,,100.0,0.0,100.0,0.0,,,80.0,20.0,,,100.0,14.0,100.0,194.0,20,20,100,0,100,0,200,0,100.0,3187.0,100.0,32244815072.0,100.0,36231998262.0
2018-05-25,ZCH0CXS4,ST12000NM0007,12000138625024,0,82,165866872,98,0,100,2,100,0,87,461408745,97,3242,100,0,100,1,,,,,100.0,0.0,100.0,0.0,,,79.0,21.0,,,100.0,14.0,100.0,195.0,21,21,100,0,100,0,200,0,100.0,3210.0,100.0,32323544736.0,100.0,36445932342.0
2018-05-26,ZCH0CXS4,ST12000NM0007,12000138625024,0,82,158597512,98,0,100,2,100,0,87,463580315,97,3261,100,0,100,1,,,,,100.0,0.0,100.0,0.0,,,78.0,22.0,,,100.0,15.0,100.0,198.0,22,22,100,0,100,0,200,0,100.0,3228.0,100.0,32401874760.0,100.0,36604473678.0
2018-05-27,ZCH0CXS4,ST12000NM0007,12000138625024,0,82,169787392,98,0,100,2,100,0,87,466106162,97,3284,100,0,100,1,,,,,100.0,0.0,100.0,0.0,,,80.0,20.0,,,100.0,15.0,100.0,199.0,20,20,100,0,100,0,200,0,100.0,3251.0,100.0,32475039800.0,100.0,36786639230.0
2018-05-28,ZCH0CXS4,ST12000NM0007,12000138625024,0,82,171623184,98,0,100,2,100,0,87,468706486,97,3308,100,0,100,1,,,,,100.0,0.0,100.0,0.0,,,80.0,20.0,,,100.0,16.0,100.0,200.0,20,20,100,0,100,0,200,0,100.0,3275.0,100.0,32564567560.0,100.0,36943088030.0
2018-05-29,ZCH0CXS4,ST12000NM0007,12000138625024,0,83,189489856,98,0,100,2,100,0,87,471417151,97,3332,100,0,100,1,,,,,100.0,0.0,100.0,0.0,,,79.0,21.0,,,100.0,17.0,100.0,201.0,21,21,100,0,100,0,200,0,100.0,3299.0,100.0,32666964088.0,100.0,37102698958.0
2018-05-30,ZCH0CXS4,ST12000NM0007,12000138625024,0,84,234743864,98,0,100,2,100,0,87,474302204,97,3356,100,0,100,1,,,,,100.0,0.0,100.0,0.0,,,80.0,20.0,,,100.0,17.0,100.0,202.0,20,20,100,0,100,0,200,0,100.0,3323.0,100.0,32762911928.0,100.0,37296145958.0
2018-05-31,ZCH0CXS4,ST12000NM0007,12000138625024,0,83,220055048,98,0,100,2,100,0,87,476884722,97,3381,100,0,100,1,,,,,100.0,0.0,100.0,0.0,,,80.0,20.0,,,100.0,17.0,100.0,203.0,20,20,100,0,100,0,200,0,100.0,3347.0,100.0,32851998472.0,100.0,37436511430.0
2018-06-01,ZCH0CXS4,ST12000NM0007,12000138625024,0,76,37608280,98,0,100,2,100,0,87,479727137,97,3406,100,0,100,1,,,,,100.0,0.0,100.0,0.0,,,78.0,22.0,,,100.0,17.0,100.0,204.0,22,22,100,0,100,0,200,0,100.0,3372.0,100.0,32930493360.0,100.0,37663851166.0
2018-06-02,ZCH0CXS4,ST12000NM0007,12000138625024,0,82,153226024,98,0,100,2,100,0,87,487838422,97,3429,100,0,100,1,,,,,100.0,0.0,100.0,0.0,,,79.0,21.0,,,100.0,17.0,100.0,205.0,21,21,100,0,100,0,200,0,100.0,3396.0,100.0,32943868728.0,100.0,39963360318.0
2018-06-03,ZCH0CXS4,ST12000NM0007,12000138625024,0,82,166449168,98,0,100,2,100,0,87,496321664,97,3453,100,0,100,1,,,,,100.0,0.0,100.0,0.0,,,79.0,21.0,,,100.0,17.0,100.0,206.0,21,21,100,0,100,0,200,0,100.0,3420.0,100.0,32960197656.0,100.0,42157521126.0
2018-06-04,ZCH0CXS4,ST12000NM0007,12000138625024,0,79,77133232,98,0,100,2,100,0,87,504922046,97,3477,100,0,100,1,,,,,100.0,0.0,100.0,0.0,,,79.0,21.0,,,100.0,17.0,100.0,207.0,21,21,100,0,100,0,200,0,100.0,3444.0,100.0,32973821112.0,100.0,44495989454.0
2018-06-05,ZCH0CXS4,ST12000NM0007,12000138625024,0,80,93456496,98,0,100,2,100,0,87,512950834,97,3501,100,0,100,1,,,,,100.0,0.0,100.0,0.0,,,78.0,22.0,,,100.0,17.0,100.0,208.0,22,22,100,0,100,0,200,0,100.0,3467.0,100.0,32986660264.0,100.0,46696740598.0
2018-06-06,ZCH0CXS4,ST12000NM0007,12000138625024,0,78,67727416,98,0,100,2,100,0,87,520179112,96,3525,100,0,100,1,,,,,100.0,0.0,100.0,0.0,,,78.0,22.0,,,100.0,17.0,100.0,209.0,22,22,100,0,100,0,200,0,100.0,3492.0,100.0,33001464000.0,100.0,48853475750.0
2018-06-07,ZCH0CXS4,ST12000NM0007,12000138625024,0,84,227516848,98,0,100,2,100,0,87,527158089,96,3549,100,0,100,1,,,,,100.0,0.0,100.0,0.0,,,78.0,22.0,,,100.0,18.0,100.0,210.0,22,22,100,0,100,0,200,0,100.0,3515.0,100.0,33014475144.0,100.0,50953381566.0
2018-06-08,ZCH0CXS4,ST12000NM0007,12000138625024,0,79,78908232,98,0,100,2,100,0,87,535035223,96,3573,100,0,100,1,,,,,100.0,0.0,100.0,0.0,,,78.0,22.0,,,100.0,18.0,100.0,211.0,22,22,100,0,100,0,200,0,100.0,3540.0,100.0,33031995768.0,100.0,52740378214.0
2018-06-09,ZCH0CXS4,ST12000NM0007,12000138625024,0,76,37073728,98,0,100,2,100,0,87,543605793,96,3597,100,0,100,1,,,,,100.0,0.0,100.0,0.0,,,77.0,23.0,,,100.0,18.0,100.0,212.0,23,23,100,0,100,0,200,0,100.0,3564.0,100.0,33040140840.0,100.0,54155243222.0
2018-06-10,ZCH0CXS4,ST12000NM0007,12000138625024,0,83,205916480,98,0,100,2,100,0,87,552442373,96,3621,100,0,100,1,,,,,100.0,0.0,100.0,0.0,,,77.0,23.0,,,100.0,18.0,100.0,213.0,23,23,100,0,100,0,200,0,100.0,3587.0,100.0,33047012592.0,100.0,55537918086.0
2018-06-11,ZCH0CXS4,ST12000NM0007,12000138625024,0,100,709744,98,0,100,2,100,0,87,560563666,96,3644,100,0,100,1,,,,,100.0,0.0,100.0,0.0,,,77.0,23.0,,,100.0,18.0,100.0,214.0,23,23,100,0,100,0,200,0,100.0,3611.0,100.0,33054828312.0,100.0,56789739862.0
2018-06-12,ZCH0CXS4,ST12000NM0007,12000138625024,0,82,169319328,98,0,100,2,100,0,88,569469480,96,3669,100,0,100,1,,,,,100.0,0.0,100.0,0.0,,,78.0,22.0,,,100.0,18.0,100.0,215.0,22,22,100,0,100,0,200,0,100.0,3635.0,100.0,33063001320.0,100.0,58170879974.0
2018-06-13,ZCH0CXS4,ST12000NM0007,12000138625024,0,79,79616920,98,0,100,2,100,0,88,574726395,96,3694,100,0,100,1,,,,,100.0,0.0,100.0,0.0,,,79.0,21.0,,,100.0,19.0,100.0,216.0,21,21,100,0,100,0,200,0,100.0,3659.0,100.0,33140691440.0,100.0,58735909678.0
2018-06-14,ZCH0CXS4,ST12000NM0007,12000138625024,0,80,110110760,98,0,100,2,100,0,88,577524673,96,3717,100,0,100,1,,,,,100.0,0.0,100.0,0.0,,,78.0,22.0,,,100.0,20.0,100.0,217.0,22,22,100,0,100,0,200,0,100.0,3682.0,100.0,33233661600.0,100.0,58917573998.0
2018-06-15,ZCH0CXS4,ST12000NM0007,12000138625024,0,83.0,182355264.0,98.0,0.0,100.0,2.0,100.0,0.0,88.0,580521561.0,96.0,3740.0,100.0,0.0,100.0,1.0,,,,,100.0,0.0,100.0,0.0,,,78.0,22.0,,,100.0,20.0,100.0,219.0,22.0,22.0,100.0,0.0,100.0,0.0,200.0,0.0,100.0,3706.0,100.0,33332123416.0,100.0,59135497454.0
2018-06-16,ZCH0CXS4,ST12000NM0007,12000138625024,0,83.0,210200640.0,98.0,0.0,100.0,2.0,100.0,0.0,88.0,583235737.0,96.0,3764.0,100.0,0.0,100.0,1.0,,,,,100.0,0.0,100.0,0.0,,,78.0,22.0,,,100.0,21.0,100.0,220.0,22.0,22.0,100.0,0.0,100.0,0.0,200.0,0.0,100.0,3729.0,100.0,33414395392.0,100.0,59325211774.0
2018-06-17,ZCH0CXS4,ST12000NM0007,12000138625024,0,100.0,449088.0,98.0,0.0,100.0,2.0,100.0,0.0,88.0,586276664.0,96.0,3788.0,100.0,0.0,100.0,1.0,,,,,100.0,0.0,100.0,0.0,,,79.0,21.0,,,100.0,21.0,100.0,221.0,21.0,21.0,100.0,0.0,100.0,0.0,200.0,0.0,100.0,3753.0,100.0,33539035816.0,100.0,59479101550.0
2018-06-18,ZCH0CXS4,ST12000NM0007,12000138625024,0,78.0,67630800.0,98.0,0.0,100.0,2.0,100.0,0.0,88.0,589374344.0,96.0,3812.0,100.0,0.0,100.0,1.0,,,,,100.0,0.0,100.0,0.0,,,80.0,20.0,,,100.0,21.0,100.0,222.0,20.0,20.0,100.0,0.0,100.0,0.0,200.0,0.0,100.0,3777.0,100.0,33640333320.0,100.0,59689126614.0
2018-06-19,ZCH0CXS4,ST12000NM0007,12000138625024,0,81,120875760,98,0,100,2,100,0,88,592215604,96,3836,100,0,100,1,,,,,100.0,0.0,100.0,0.0,,,80.0,20.0,,,100.0,21.0,100.0,223.0,20,20,100,0,100,0,200,0,100.0,3800.0,100.0,33722299112.0,100.0,59904546598.0
2018-06-20,ZCH0CXS4,ST12000NM0007,12000138625024,0,83,201778832,98,0,100,2,100,0,88,595314543,96,3860,100,0,100,1,,,,,100.0,0.0,100.0,0.0,,,80.0,20.0,,,100.0,21.0,100.0,224.0,20,20,100,0,100,0,200,0,100.0,3825.0,100.0,33814637928.0,100.0,60137251486.0
2018-06-21,ZCH0CXS4,ST12000NM0007,12000138625024,0,84,228853368,98,0,100,2,100,0,88,598114078,96,3884,100,0,100,1,,,,,100.0,0.0,100.0,0.0,,,80.0,20.0,,,100.0,21.0,100.0,225.0,20,20,100,0,100,0,200,0,100.0,3849.0,100.0,33898757928.0,100.0,60324346662.0
2018-06-22,ZCH0CXS4,ST12000NM0007,12000138625024,0,100,1150776,98,0,100,2,100,0,88,600801509,96,3908,100,0,100,1,,,,,100.0,0.0,100.0,0.0,,,80.0,20.0,,,100.0,21.0,100.0,226.0,20,20,100,0,100,0,200,0,100.0,3872.0,100.0,33977785128.0,100.0,60505898206.0
2018-06-23,ZCH0CXS4,ST12000NM0007,12000138625024,0,74,25574152,98,0,100,2,100,0,88,603721512,96,3932,100,0,100,1,,,,,100.0,0.0,100.0,0.0,,,80.0,20.0,,,100.0,21.0,100.0,227.0,20,20,100,0,100,0,200,0,100.0,3896.0,100.0,34073435752.0,100.0,60678811646.0
2018-06-24,ZCH0CXS4,ST12000NM0007,12000138625024,0,78,59486904,98,0,100,2,100,0,88,606948901,96,3956,100,0,100,1,,,,,100.0,0.0,100.0,0.0,,,80.0,20.0,,,100.0,21.0,100.0,228.0,20,20,100,0,100,0,200,0,100.0,3920.0,100.0,34170453976.0,100.0,60859846838.0
2018-06-25,ZCH0CXS4,ST12000NM0007,12000138625024,0,77,48210984,98,0,100,2,100,0,88,609453215,96,3980,100,0,100,1,,,,,100.0,0.0,100.0,0.0,,,79.0,21.0,,,100.0,21.0,100.0,229.0,21,21,100,0,100,0,200,0,100.0,3944.0,100.0,34241454784.0,100.0,61021711046.0
2018-06-26,ZCH0CXS4,ST12000NM0007,12000138625024,0,78,64777376,98,0,100,2,100,0,88,612248251,96,4004,100,0,100,1,,,,,100.0,0.0,100.0,0.0,,,80.0,20.0,,,100.0,21.0,100.0,230.0,20,20,100,0,100,0,200,0,100.0,3968.0,100.0,34347675000.0,100.0,61176197886.0
2018-06-27,ZCH0CXS4,ST12000NM0007,12000138625024,0,80,103025016,98,0,100,2,100,0,88,615103414,96,4028,100,0,100,1,,,,,100.0,0.0,100.0,0.0,,,79.0,21.0,,,100.0,21.0,100.0,231.0,21,21,100,0,100,0,200,0,100.0,3992.0,100.0,34453231816.0,100.0,61353029654.0
2018-06-28,ZCH0CXS4,ST12000NM0007,12000138625024,0,80,101938032,98,0,100,2,100,0,88,617718597,96,4052,100,0,100,1,,,,,100.0,0.0,100.0,0.0,,,79.0,21.0,,,100.0,22.0,100.0,232.0,21,21,100,0,100,0,200,0,100.0,4016.0,100.0,34526574488.0,100.0,61522740718.0
2018-06-29,ZCH0CXS4,ST12000NM0007,12000138625024,0,81,113439680,98,0,100,2,100,0,88,620427553,96,4076,100,0,100,1,,,,,100.0,0.0,100.0,0.0,,,80.0,20.0,,,100.0,22.0,100.0,233.0,20,20,100,0,100,0,200,0,100.0,4039.0,100.0,34616105456.0,100.0,61688852054.0
2018-06-30,ZCH0CXS4,ST12000NM0007,12000138625024,0,83,183401448,98,0,100,2,100,0,88,623676053,96,4103,100,0,100,1,,,,,100.0,0.0,100.0,0.0,,,79.0,21.0,,,100.0,23.0,100.0,235.0,21,21,100,0,100,0,200,0,100.0,4067.0,100.0,34712658792.0,100.0,61906401286.0
2018-07-01,ZCH0CXS4,ST12000NM0007,12000138625024,0,84,235408896,98,0,100,2,100,0,88,626683190,96,4127,100,0,100,1,,,,,100.0,0.0,100.0,0.0,,,80.0,20.0,,,100.0,23.0,100.0,236.0,20,20,100,0,100,0,200,0,100.0,4090.0,100.0,34807200992.0,100.0,62108007358.0
2018-07-02,ZCH0CXS4,ST12000NM0007,12000138625024,0,73,19887112,98,0,100,2,100,0,88,629482826,96,4151,100,0,100,1,,,,,100.0,0.0,100.0,0.0,,,80.0,20.0,,,100.0,24.0,100.0,237.0,20,20,100,0,100,0,200,0,100.0,4114.0,100.0,34889320528.0,100.0,62298647574.0
2018-07-03,ZCH0CXS4,ST12000NM0007,12000138625024,0,77,48253904,98,0,100,2,100,0,88,632748174,96,4175,100,0,100,1,,,,,100.0,0.0,100.0,0.0,,,79.0,21.0,,,100.0,24.0,100.0,238.0,21,21,100,0,100,0,200,0,100.0,4138.0,100.0,34978242112.0,100.0,62482233686.0
2018-07-04,ZCH0CXS4,ST12000NM0007,12000138625024,0,76,42080488,98,0,100,2,100,0,88,635382457,96,4198,100,0,100,1,,,,,100.0,0.0,100.0,0.0,,,80.0,20.0,,,100.0,24.0,100.0,239.0,20,20,100,0,100,0,200,0,100.0,4161.0,100.0,35057123640.0,100.0,62641319598.0
2018-07-05,ZCH0CXS4,ST12000NM0007,12000138625024,0,74,28176152,98,0,100,2,100,0,88,637956928,96,4223,100,0,100,1,,,,,100.0,0.0,100.0,0.0,,,80.0,20.0,,,100.0,25.0,100.0,240.0,20,20,100,0,100,0,200,0,100.0,4186.0,100.0,35135128504.0,100.0,62793551110.0
2018-07-06,ZCH0CXS4,ST12000NM0007,12000138625024,0,70,9482264,98,0,100,2,100,0,88,640529866,96,4247,100,0,100,1,,,,,100.0,0.0,100.0,0.0,,,80.0,20.0,,,100.0,25.0,100.0,241.0,20,20,100,0,100,0,200,0,100.0,4209.0,100.0,35219976176.0,100.0,62934150230.0
2018-07-07,ZCH0CXS4,ST12000NM0007,12000138625024,0,100,1253312,98,0,100,2,100,0,88,643210662,96,4270,100,0,100,1,,,,,100.0,0.0,100.0,0.0,,,80.0,20.0,,,100.0,26.0,100.0,242.0,20,20,100,0,100,0,200,0,100.0,4233.0,100.0,35304554952.0,100.0,63085483494.0
2018-07-08,ZCH0CXS4,ST12000NM0007,12000138625024,0,77,47084104,98,0,100,2,100,0,88,646238313,96,4295,100,0,100,1,,,,,100.0,0.0,100.0,0.0,,,80.0,20.0,,,100.0,26.0,100.0,243.0,20,20,100,0,100,0,200,0,100.0,4258.0,100.0,35402706440.0,100.0,63277303470.0
2018-07-09,ZCH0CXS4,ST12000NM0007,12000138625024,0,78,68856520,98,0,100,2,100,0,88,648893004,96,4318,100,0,100,1,,,,,100.0,0.0,100.0,0.0,,,80.0,20.0,,,100.0,26.0,100.0,244.0,20,20,100,0,100,0,200,0,100.0,4281.0,100.0,35468597072.0,100.0,63477325886.0
2018-07-10,ZCH0CXS4,ST12000NM0007,12000138625024,0,70.0,9883592.0,98.0,0.0,100.0,2.0,100.0,0.0,88.0,651125039.0,96.0,4342.0,100.0,0.0,100.0,1.0,,,,,100.0,0.0,100.0,0.0,,,80.0,20.0,,,100.0,26.0,100.0,245.0,20.0,20.0,100.0,0.0,100.0,0.0,200.0,0.0,100.0,4305.0,100.0,35541505432.0,100.0,63589585366.0
2018-07-11,ZCH0CXS4,ST12000NM0007,12000138625024,0,79,79427360,98,0,100,2,100,0,88,654601166,96,4366,100,0,100,1,,,,,100.0,0.0,100.0,0.0,,,80.0,20.0,,,100.0,26.0,100.0,246.0,20,20,100,0,100,0,200,0,100.0,4329.0,100.0,35625464208.0,100.0,63819311134.0
2018-07-12,ZCH0CXS4,ST12000NM0007,12000138625024,0,80,108060720,98,0,100,2,100,0,88,657449338,95,4390,100,0,100,1,,,,,100.0,0.0,100.0,0.0,,,80.0,20.0,,,100.0,26.0,100.0,247.0,20,20,100,0,100,0,200,0,100.0,4353.0,100.0,35711696528.0,100.0,64005852918.0
2018-07-13,ZCH0CXS4,ST12000NM0007,12000138625024,0,82,148052680,98,0,100,2,100,0,88,660386726,95,4413,100,0,100,1,,,,,100.0,0.0,100.0,0.0,,,80.0,20.0,,,100.0,26.0,100.0,249.0,20,20,100,0,100,0,200,0,100.0,4375.0,100.0,35795421176.0,100.0,64206260878.0
2018-07-14,ZCH0CXS4,ST12000NM0007,12000138625024,0,82,164917248,98,0,100,2,100,0,88,663323811,95,4436,100,0,100,1,,,,,100.0,0.0,100.0,0.0,,,79.0,21.0,,,100.0,26.0,100.0,250.0,21,21,100,0,100,0,200,0,100.0,4398.0,100.0,35868947808.0,100.0,64393739486.0
2018-07-15,ZCH0CXS4,ST12000NM0007,12000138625024,0,83,202939120,98,0,100,2,100,0,88,666292122,95,4461,100,0,100,1,,,,,100.0,0.0,100.0,0.0,,,80.0,20.0,,,100.0,27.0,100.0,251.0,20,20,100,0,100,0,200,0,100.0,4423.0,100.0,35963859696.0,100.0,64580990142.0
2018-07-16,ZCH0CXS4,ST12000NM0007,12000138625024,0,82,170156856,98,0,100,2,100,0,88,668792409,95,4485,100,0,100,1,,,,,100.0,0.0,100.0,0.0,,,80.0,20.0,,,100.0,28.0,100.0,252.0,20,20,100,0,100,0,200,0,100.0,4446.0,100.0,36050659464.0,100.0,64705548798.0
2018-07-17,ZCH0CXS4,ST12000NM0007,12000138625024,0,83,213839040,98,0,100,2,100,0,88,671759418,95,4509,100,0,100,1,,,,,100.0,0.0,100.0,0.0,,,80.0,20.0,,,100.0,28.0,100.0,253.0,20,20,100,0,100,0,200,0,100.0,4471.0,100.0,36139473968.0,100.0,64904557190.0
2018-07-18,ZCH0CXS4,ST12000NM0007,12000138625024,0,77,55318104,98,0,100,2,100,0,88,675013993,95,4532,100,0,100,1,,,,,100.0,0.0,100.0,0.0,,,80.0,20.0,,,100.0,29.0,100.0,254.0,20,20,100,0,100,0,200,0,100.0,4494.0,100.0,36232171368.0,100.0,65141620526.0
2018-07-19,ZCH0CXS4,ST12000NM0007,12000138625024,0,80,102651624,98,0,100,2,100,0,88,678051497,95,4557,100,0,100,1,,,,,100.0,0.0,100.0,0.0,,,80.0,20.0,,,100.0,29.0,100.0,255.0,20,20,100,0,100,0,200,0,100.0,4518.0,100.0,36343326864.0,100.0,65321939246.0
2018-07-20,ZCH0CXS4,ST12000NM0007,12000138625024,0,82,165433088,98,0,100,2,100,0,88,681236661,95,4581,100,0,100,1,,,,,100.0,0.0,100.0,0.0,,,80.0,20.0,,,100.0,30.0,100.0,256.0,20,20,100,0,100,0,200,0,100.0,4542.0,100.0,36458999408.0,100.0,65513188982.0
2018-07-21,ZCH0CXS4,ST12000NM0007,12000138625024,0,84,231932344,98,0,100,2,100,0,88,684446264,95,4604,100,0,100,1,,,,,100.0,0.0,100.0,0.0,,,79.0,21.0,,,100.0,30.0,100.0,257.0,21,21,100,0,100,0,200,0,100.0,4565.0,100.0,36572764216.0,100.0,65710064214.0
2018-07-22,ZCH0CXS4,ST12000NM0007,12000138625024,0,81,124545376,98,0,100,2,100,0,88,688423105,95,4635,100,0,100,1,,,,,100.0,0.0,100.0,0.0,,,80.0,20.0,,,100.0,30.0,100.0,258.0,20,20,100,0,100,0,200,0,100.0,4595.0,100.0,36702676256.0,100.0,65961046758.0
2018-07-23,ZCH0CXS4,ST12000NM0007,12000138625024,0,83,184583640,98,0,100,2,100,0,88,691900883,95,4659,100,0,100,1,,,,,100.0,0.0,100.0,0.0,,,80.0,20.0,,,100.0,30.0,100.0,259.0,20,20,100,0,100,0,200,0,100.0,4620.0,100.0,36784012632.0,100.0,66183889502.0
2018-07-24,ZCH0CXS4,ST12000NM0007,12000138625024,0,84,230365144,98,0,100,2,100,0,88,695136297,95,4683,100,0,100,1,,,,,100.0,0.0,100.0,0.0,,,80.0,20.0,,,100.0,30.0,100.0,260.0,20,20,100,0,100,0,200,0,100.0,4644.0,100.0,36894646800.0,100.0,66363177494.0
2018-07-25,ZCH0CXS4,ST12000NM0007,12000138625024,0,66.0,4242136.0,98.0,0.0,100.0,2.0,100.0,0.0,88.0,698058099.0,95.0,4708.0,100.0,0.0,100.0,1.0,,,,,100.0,0.0,100.0,0.0,,,80.0,20.0,,,100.0,30.0,100.0,261.0,20.0,20.0,100.0,0.0,100.0,0.0,200.0,0.0,100.0,4668.0,100.0,36985008984.0,100.0,66534973686.0
2018-07-26,ZCH0CXS4,ST12000NM0007,12000138625024,0,84,230112784,98,0,100,2,100,0,88,700619412,95,4731,100,0,100,1,,,,,100.0,0.0,100.0,0.0,,,80.0,20.0,,,100.0,30.0,100.0,262.0,20,20,100,0,100,0,200,0,100.0,4692.0,100.0,37062772536.0,100.0,66683080782.0
2018-07-27,ZCH0CXS4,ST12000NM0007,12000138625024,0,100,760216,98,0,100,2,100,0,88,703319534,95,4755,100,0,100,1,,,,,100.0,0.0,100.0,0.0,,,80.0,20.0,,,100.0,30.0,100.0,263.0,20,20,100,0,100,0,200,0,100.0,4715.0,100.0,37132380920.0,100.0,66872401190.0
2018-07-28,ZCH0CXS4,ST12000NM0007,12000138625024,0,83,217650160,98,0,100,2,100,0,88,705544737,95,4773,100,0,100,1,,,,,100.0,0.0,100.0,0.0,,,80.0,20.0,,,100.0,31.0,100.0,265.0,20,20,100,0,100,0,200,0,100.0,4734.0,100.0,37189787136.0,100.0,67031884918.0
2018-07-29,ZCH0CXS4,ST12000NM0007,12000138625024,0,84,230208120,98,0,100,2,100,0,89,708282820,95,4797,100,0,100,1,,,,,100.0,0.0,100.0,0.0,,,80.0,20.0,,,100.0,32.0,100.0,266.0,20,20,100,0,100,0,200,0,100.0,4757.0,100.0,37263992296.0,100.0,67214378374.0
2018-07-30,ZCH0CXS4,ST12000NM0007,12000138625024,0,83,216325984,98,0,100,2,100,0,89,710883204,95,4822,100,0,100,1,,,,,100.0,0.0,100.0,0.0,,,80.0,20.0,,,100.0,33.0,100.0,267.0,20,20,100,0,100,0,200,0,100.0,4782.0,100.0,37321771760.0,100.0,67386857406.0
2018-07-31,ZCH0CXS4,ST12000NM0007,12000138625024,0,84,237142744,98,0,100,2,100,0,89,714038915,95,4845,100,0,100,1,,,,,100.0,0.0,100.0,0.0,,,80.0,20.0,,,100.0,33.0,100.0,268.0,20,20,100,0,100,0,200,0,100.0,4805.0,100.0,37400964752.0,100.0,67572621926.0
2018-08-01,ZCH0CXS4,ST12000NM0007,12000138625024,0,75,30225328,98,0,100,2,100,0,89,716987128,95,4869,100,0,100,1,,,,,100.0,0.0,100.0,0.0,,,80.0,20.0,,,100.0,33.0,100.0,269.0,20,20,100,0,100,0,200,0,100.0,4829.0,100.0,37470672992.0,100.0,67784277782.0
2018-08-02,ZCH0CXS4,ST12000NM0007,12000138625024,0,78,65009504,98,0,100,2,100,0,89,719878723,95,4893,100,0,100,1,,,,,100.0,0.0,100.0,0.0,,,80.0,20.0,,,100.0,34.0,100.0,270.0,20,20,100,0,100,0,200,0,100.0,4853.0,100.0,37550827816.0,100.0,67983047838.0
2018-08-03,ZCH0CXS4,ST12000NM0007,12000138625024,0,79,87447480,98,0,100,2,100,0,89,722668228,95,4917,100,0,100,1,,,,,100.0,0.0,100.0,0.0,,,79.0,21.0,,,100.0,34.0,100.0,271.0,21,21,100,0,100,0,200,0,100.0,4876.0,100.0,37611981056.0,100.0,68188473238.0
2018-08-04,ZCH0CXS4,ST12000NM0007,12000138625024,0,79,79632080,98,0,100,2,100,0,89,725283435,95,4941,100,0,100,1,,,,,100.0,0.0,100.0,0.0,,,79.0,21.0,,,100.0,34.0,100.0,272.0,21,21,100,0,100,0,200,0,100.0,4900.0,100.0,37672163784.0,100.0,68364615870.0
2018-08-05,ZCH0CXS4,ST12000NM0007,12000138625024,0,80,107068608,98,0,100,2,100,0,89,728259945,95,4965,100,0,100,1,,,,,100.0,0.0,100.0,0.0,,,79.0,21.0,,,100.0,34.0,100.0,273.0,21,21,100,0,100,0,200,0,100.0,4925.0,100.0,37778518624.0,100.0,68529838230.0
2018-08-06,ZCH0CXS4,ST12000NM0007,12000138625024,0,79,88516656,98,0,100,2,100,0,89,730820328,95,4989,100,0,100,1,,,,,100.0,0.0,100.0,0.0,,,80.0,20.0,,,100.0,34.0,100.0,274.0,20,20,100,0,100,0,200,0,100.0,4948.0,100.0,37847742040.0,100.0,68686203718.0
2018-08-07,ZCH0CXS4,ST12000NM0007,12000138625024,0,79,76933536,98,0,100,2,100,0,89,733460902,95,5014,100,0,100,1,,,,,100.0,0.0,100.0,0.0,,,80.0,20.0,,,100.0,34.0,100.0,275.0,20,20,100,0,100,0,200,0,100.0,4973.0,100.0,37926512840.0,100.0,68839990606.0
2018-08-08,ZCH0CXS4,ST12000NM0007,12000138625024,0,81,125476976,98,0,100,2,100,0,89,736721559,95,5038,100,0,100,1,,,,,100.0,0.0,100.0,0.0,,,80.0,20.0,,,100.0,34.0,100.0,276.0,20,20,100,0,100,0,200,0,100.0,4997.0,100.0,38027156288.0,100.0,69032031430.0
2018-08-09,ZCH0CXS4,ST12000NM0007,12000138625024,0,82,157168552,98,0,100,2,100,0,89,739805257,95,5061,100,0,100,1,,,,,100.0,0.0,100.0,0.0,,,79.0,21.0,,,100.0,35.0,100.0,277.0,21,21,100,0,100,0,200,0,100.0,5020.0,100.0,38096658904.0,100.0,69238361118.0
2018-08-10,ZCH0CXS4,ST12000NM0007,12000138625024,0,73,18815712,98,0,100,2,100,0,89,743295056,95,5086,100,0,100,1,,,,,100.0,0.0,100.0,0.0,,,80.0,20.0,,,100.0,35.0,100.0,279.0,20,20,100,0,100,0,200,0,100.0,5044.0,100.0,38188036384.0,100.0,69496912470.0
2018-08-11,ZCH0CXS4,ST12000NM0007,12000138625024,0,83,223652064,98,0,100,2,100,0,89,745724379,95,5109,100,0,100,1,,,,,100.0,0.0,100.0,0.0,,,80.0,20.0,,,100.0,36.0,100.0,280.0,20,20,100,0,100,0,200,0,100.0,5068.0,100.0,38273219176.0,100.0,69616566030.0
2018-08-12,ZCH0CXS4,ST12000NM0007,12000138625024,0,81,134010144,98,0,100,2,100,0,89,747915565,95,5133,100,0,100,1,,,,,100.0,0.0,100.0,0.0,,,80.0,20.0,,,100.0,36.0,100.0,281.0,20,20,100,0,100,0,200,0,100.0,5091.0,100.0,38357902984.0,100.0,69686380934.0
2018-08-13,ZCH0CXS4,ST12000NM0007,12000138625024,0,76,43541312,98,0,100,2,100,0,89,749880466,95,5158,100,0,100,1,,,,,100.0,0.0,100.0,0.0,,,80.0,20.0,,,100.0,37.0,100.0,282.0,20,20,100,0,100,0,200,0,100.0,5116.0,100.0,38396216904.0,100.0,69801738910.0
2018-08-14,ZCH0CXS4,ST12000NM0007,12000138625024,0,72.0,17137096.0,98.0,0.0,100.0,2.0,100.0,0.0,89.0,752296004.0,95.0,5181.0,100.0,0.0,100.0,1.0,,,,,100.0,0.0,100.0,0.0,,,80.0,20.0,,,100.0,38.0,100.0,283.0,20.0,20.0,100.0,0.0,100.0,0.0,200.0,0.0,100.0,5139.0,100.0,38455018000.0,100.0,69960674246.0
2018-08-15,ZCH0CXS4,ST12000NM0007,12000138625024,0,78.0,60250400.0,98.0,0.0,100.0,2.0,100.0,0.0,89.0,755037868.0,95.0,5205.0,100.0,0.0,100.0,1.0,,,,,100.0,0.0,100.0,0.0,,,80.0,20.0,,,100.0,38.0,100.0,284.0,20.0,20.0,100.0,0.0,100.0,0.0,200.0,0.0,100.0,5163.0,100.0,38519958432.0,100.0,70182987790.0
2018-08-16,ZCH0CXS4,ST12000NM0007,12000138625024,0,81,116662608,98,0,100,2,100,0,89,757958099,95,5234,100,0,100,1,,,,,100.0,0.0,100.0,0.0,,,80.0,20.0,,,100.0,38.0,100.0,285.0,20,20,100,0,100,0,200,0,100.0,5192.0,100.0,38610831232.0,100.0,70392667846.0
2018-08-17,ZCH0CXS4,ST12000NM0007,12000138625024,0,82,144173296,98,0,100,2,100,0,89,760388474,94,5258,100,0,100,1,,,,,100.0,0.0,100.0,0.0,,,80.0,20.0,,,100.0,38.0,100.0,286.0,20,20,100,0,100,0,200,0,100.0,5216.0,100.0,38669445904.0,100.0,70605704686.0
2018-08-18,ZCH0CXS4,ST12000NM0007,12000138625024,0,83,210763776,98,0,100,2,100,0,89,763037241,94,5282,100,0,100,1,,,,,100.0,0.0,100.0,0.0,,,80.0,20.0,,,100.0,38.0,100.0,287.0,20,20,100,0,100,0,200,0,100.0,5240.0,100.0,38737902656.0,100.0,70847979142.0
2018-08-19,ZCH0CXS4,ST12000NM0007,12000138625024,0,73,21119696,98,0,100,2,100,0,89,766052961,94,5306,100,0,100,1,,,,,100.0,0.0,100.0,0.0,,,80.0,20.0,,,100.0,39.0,100.0,288.0,20,20,100,0,100,0,200,0,100.0,5263.0,100.0,38812712784.0,100.0,71071806406.0
2018-08-20,ZCH0CXS4,ST12000NM0007,12000138625024,0,79,75005952,98,0,100,2,100,0,89,768622886,94,5330,100,0,100,1,,,,,100.0,0.0,100.0,0.0,,,80.0,20.0,,,100.0,39.0,100.0,289.0,20,20,100,0,100,0,200,0,100.0,5288.0,100.0,38887730640.0,100.0,71294815646.0
2018-08-21,ZCH0CXS4,ST12000NM0007,12000138625024,0,81,121844096,98,0,100,2,100,0,89,771257204,94,5354,100,0,100,1,,,,,100.0,0.0,100.0,0.0,,,80.0,20.0,,,100.0,39.0,100.0,290.0,20,20,100,0,100,0,200,0,100.0,5312.0,100.0,38980520408.0,100.0,71493004678.0
2018-08-22,ZCH0CXS4,ST12000NM0007,12000138625024,0,83,180098976,98,0,100,2,100,0,89,774078688,94,5379,100,0,100,1,,,,,100.0,0.0,100.0,0.0,,,80.0,20.0,,,100.0,39.0,100.0,291.0,20,20,100,0,100,0,200,0,100.0,5336.0,100.0,39055013712.0,100.0,71720907190.0
2018-08-23,ZCH0CXS4,ST12000NM0007,12000138625024,0,100,2113432,98,0,100,2,100,0,89,776740364,94,5402,100,0,100,1,,,,,100.0,0.0,100.0,0.0,,,80.0,20.0,,,100.0,40.0,100.0,292.0,20,20,100,0,100,0,200,0,100.0,5359.0,100.0,39131088448.0,100.0,71955128694.0
2018-08-24,ZCH0CXS4,ST12000NM0007,12000138625024,0,78,69839608,98,0,100,2,100,0,89,779569347,94,5427,100,0,100,1,,,,,100.0,0.0,100.0,0.0,,,80.0,20.0,,,100.0,40.0,100.0,293.0,20,20,100,0,100,0,200,0,100.0,5384.0,100.0,39205887800.0,100.0,72192196262.0
2018-08-25,ZCH0CXS4,ST12000NM0007,12000138625024,0,81,127767760,98,0,100,2,100,0,89,782221182,94,5450,100,0,100,1,,,,,100.0,0.0,100.0,0.0,,,80.0,20.0,,,100.0,40.0,100.0,294.0,20,20,100,0,100,0,200,0,100.0,5407.0,100.0,39275459400.0,100.0,72424693534.0
2018-08-26,ZCH0CXS4,ST12000NM0007,12000138625024,0,82,162644912,98,0,100,2,100,0,89,784712372,94,5475,100,0,100,1,,,,,100.0,0.0,100.0,0.0,,,80.0,20.0,,,100.0,40.0,100.0,295.0,20,20,100,0,100,0,200,0,100.0,5432.0,100.0,39353428184.0,100.0,72625742814.0
2018-08-27,ZCH0CXS4,ST12000NM0007,12000138625024,0,81,134762736,98,0,100,2,100,0,89,786547772,94,5498,100,0,100,1,,,,,100.0,0.0,100.0,0.0,,,80.0,20.0,,,100.0,41.0,100.0,296.0,20,20,100,0,100,0,200,0,100.0,5455.0,100.0,39392081464.0,100.0,72803348230.0
2018-08-28,ZCH0CXS4,ST12000NM0007,12000138625024,0,81,130600240,98,0,100,2,100,0,89,788844550,94,5522,100,0,100,1,,,,,100.0,0.0,100.0,0.0,,,80.0,20.0,,,100.0,42.0,100.0,297.0,20,20,100,0,100,0,200,0,100.0,5479.0,100.0,39404349432.0,100.0,73031058462.0
2018-08-29,ZCH0CXS4,ST12000NM0007,12000138625024,0,81,116697328,98,0,100,2,100,0,89,790698029,94,5546,100,0,100,1,,,,,100.0,0.0,100.0,0.0,,,80.0,20.0,,,100.0,43.0,100.0,298.0,20,20,100,0,100,0,200,0,100.0,5502.0,100.0,39412848568.0,100.0,73252797150.0
2018-08-30,ZCH0CXS4,ST12000NM0007,12000138625024,0,76,38057872,98,0,100,2,100,0,89,792111406,94,5562,100,0,100,1,,,,,100.0,0.0,100.0,0.0,,,79.0,21.0,,,100.0,44.0,100.0,299.0,21,21,100,0,100,0,200,0,100.0,5519.0,100.0,39450506064.0,100.0,73380640830.0
2018-08-31,ZCH0CXS4,ST12000NM0007,12000138625024,0,83,223586088,98,0,100,2,100,0,89,796177581,94,5588,100,0,100,1,,,,,100.0,0.0,100.0,0.0,,,80.0,20.0,,,100.0,44.0,100.0,300.0,20,20,100,0,100,0,200,0,100.0,5544.0,100.0,39684139400.0,100.0,73576676942.0
2018-09-01,ZCH0CXS4,ST12000NM0007,12000138625024,0,79,74530432,98,0,100,2,100,0,89,799800561,94,5610,100,0,100,1,,,,,100.0,0.0,100.0,0.0,,,80.0,20.0,,,100.0,44.0,100.0,301.0,20,20,100,0,100,0,200,0,100.0,5566.0,100.0,39862246592.0,100.0,73737795358.0
2018-09-02,ZCH0CXS4,ST12000NM0007,12000138625024,0,83,207500048,98,0,100,2,100,0,89,803660916,94,5635,100,0,100,1,,,,,100.0,0.0,100.0,0.0,,,79.0,21.0,,,100.0,44.0,100.0,302.0,21,21,100,0,100,0,200,0,100.0,5591.0,100.0,40026361208.0,100.0,73950790990.0
2018-09-03,ZCH0CXS4,ST12000NM0007,12000138625024,0,80,94300648,98,0,100,2,100,0,89,807475870,94,5659,100,0,100,1,,,,,100.0,0.0,100.0,0.0,,,80.0,20.0,,,100.0,44.0,100.0,303.0,20,20,100,0,100,0,200,0,100.0,5615.0,100.0,40218778288.0,100.0,74133456094.0
2018-09-04,ZCH0CXS4,ST12000NM0007,12000138625024,0,84,225686944,98,0,100,2,100,0,89,811437458,94,5684,100,0,100,1,,,,,100.0,0.0,100.0,0.0,,,79.0,21.0,,,100.0,44.0,100.0,304.0,21,21,100,0,100,0,200,0,100.0,5640.0,100.0,40404595800.0,100.0,74323165590.0
2018-09-05,ZCH0CXS4,ST12000NM0007,12000138625024,0,79,87231976,98,0,100,2,100,0,89,815178778,94,5706,100,0,100,1,,,,,100.0,0.0,100.0,0.0,,,79.0,21.0,,,100.0,44.0,100.0,305.0,21,21,100,0,100,0,200,0,100.0,5662.0,100.0,40573683344.0,100.0,74503904574.0
2018-09-06,ZCH0CXS4,ST12000NM0007,12000138625024,0,71,11990504,98,0,100,2,100,0,89,819558006,94,5732,100,0,100,1,,,,,100.0,0.0,100.0,0.0,,,80.0,20.0,,,100.0,44.0,100.0,306.0,20,20,100,0,100,0,200,0,100.0,5688.0,100.0,40767267368.0,100.0,74723360558.0
2018-09-07,ZCH0CXS4,ST12000NM0007,12000138625024,0,83,178711728,98,0,100,2,100,0,89,823932992,94,5757,100,0,100,1,,,,,100.0,0.0,100.0,0.0,,,79.0,21.0,,,100.0,45.0,100.0,307.0,21,21,100,0,100,0,200,0,100.0,5712.0,100.0,40970858280.0,100.0,74930631758.0
2018-09-08,ZCH0CXS4,ST12000NM0007,12000138625024,0,78,63692312,98,0,100,2,100,0,89,828056153,94,5778,100,0,100,1,,,,,100.0,0.0,100.0,0.0,,,79.0,21.0,,,100.0,45.0,100.0,308.0,21,21,100,0,100,0,200,0,100.0,5734.0,100.0,41182257000.0,100.0,75092495070.0
2018-09-09,ZCH0CXS4,ST12000NM0007,12000138625024,0,76,36271456,98,0,100,2,100,0,89,832901320,94,5804,100,0,100,1,,,,,100.0,0.0,100.0,0.0,,,79.0,21.0,,,100.0,45.0,100.0,309.0,21,21,100,0,100,0,200,0,100.0,5760.0,100.0,41432338488.0,100.0,75303274382.0
2018-09-10,ZCH0CXS4,ST12000NM0007,12000138625024,0,82,163652768,98,0,100,2,100,0,89,837114561,94,5827,100,0,100,1,,,,,100.0,0.0,100.0,0.0,,,79.0,21.0,,,100.0,45.0,100.0,310.0,21,21,100,0,100,0,200,0,100.0,5782.0,100.0,41576092336.0,100.0,75531042534.0
2018-09-11,ZCH0CXS4,ST12000NM0007,12000138625024,0,80,90038760,98,0,100,2,100,0,89,841847829,94,5852,100,0,100,1,,,,,100.0,0.0,100.0,0.0,,,80.0,20.0,,,100.0,46.0,100.0,311.0,20,20,100,0,100,0,200,0,100.0,5807.0,100.0,41595905360.0,100.0,75925896886.0
2018-09-12,ZCH0CXS4,ST12000NM0007,12000138625024,0,79,83104680,98,0,100,2,100,0,89,844595707,94,5875,100,0,100,1,,,,,100.0,0.0,100.0,0.0,,,80.0,20.0,,,100.0,47.0,100.0,312.0,20,20,100,0,100,0,200,0,100.0,5830.0,100.0,41609279432.0,100.0,76149729462.0
2018-09-13,ZCH0CXS4,ST12000NM0007,12000138625024,0,83,213866896,98,0,100,2,100,0,89,846178279,94,5902,100,0,100,1,,,,,100.0,0.0,100.0,0.0,,,81.0,19.0,,,100.0,47.0,100.0,313.0,19,19,100,0,100,0,200,0,100.0,5857.0,100.0,41618667816.0,100.0,76271103294.0
2018-09-14,ZCH0CXS4,ST12000NM0007,12000138625024,0,83,178110000,98,0,100,2,100,0,89,848357513,94,5927,100,0,100,1,,,,,100.0,0.0,100.0,0.0,,,76.0,24.0,,,100.0,48.0,100.0,314.0,24,24,100,0,100,0,200,0,100.0,5881.0,100.0,41630533960.0,100.0,76467620990.0
2018-09-15,ZCH0CXS4,ST12000NM0007,12000138625024,0,84,229530472,98,0,100,2,100,0,89,850905748,94,5949,100,0,100,1,,,,,100.0,0.0,100.0,0.0,,,75.0,25.0,,,100.0,48.0,100.0,315.0,25,25,100,0,100,0,200,0,100.0,5903.0,100.0,41717623064.0,100.0,76676093022.0
2018-09-16,ZCH0CXS4,ST12000NM0007,12000138625024,0,81,130958496,98,0,100,2,100,0,89,855185923,94,5975,100,0,100,1,,,,,100.0,0.0,100.0,0.0,,,75.0,25.0,,,100.0,48.0,100.0,316.0,25,25,100,0,100,0,200,0,100.0,5929.0,100.0,41904241904.0,100.0,76879183670.0
2018-09-17,ZCH0CXS4,ST12000NM0007,12000138625024,0,84,238793568,98,0,100,2,100,0,89,859088401,94,5998,100,0,100,1,,,,,100.0,0.0,100.0,0.0,,,75.0,25.0,,,100.0,49.0,100.0,317.0,25,25,100,0,100,0,200,0,100.0,5952.0,100.0,42071490304.0,100.0,77063911062.0
2018-09-18,ZCH0CXS4,ST12000NM0007,12000138625024,0,80,101661864,98,0,100,2,100,0,89,862949803,94,6022,100,0,100,1,,,,,100.0,0.0,100.0,0.0,,,78.0,22.0,,,100.0,50.0,100.0,318.0,22,22,100,0,100,0,200,0,100.0,5976.0,100.0,42245678736.0,100.0,77240872302.0
2018-09-19,ZCH0CXS4,ST12000NM0007,12000138625024,0,84,236914336,98,0,100,2,100,0,89,867820627,94,6046,100,0,100,1,,,,,100.0,0.0,100.0,0.0,,,78.0,22.0,,,100.0,50.0,100.0,319.0,22,22,100,0,100,0,200,0,100.0,6000.0,100.0,42426724416.0,100.0,77439219726.0
2018-09-20,ZCH0CXS4,ST12000NM0007,12000138625024,0,79,83905888,98,0,100,2,100,0,89,871832090,94,6070,100,0,100,1,,,,,100.0,0.0,100.0,0.0,,,78.0,22.0,,,100.0,50.0,100.0,320.0,22,22,100,0,100,0,200,0,100.0,6024.0,100.0,42601274304.0,100.0,77599942870.0
2018-09-21,ZCH0CXS4,ST12000NM0007,12000138625024,0,82,171588024,98,0,100,2,100,0,89,876604402,94,6094,100,0,100,1,,,,,100.0,0.0,100.0,0.0,,,77.0,23.0,,,100.0,50.0,100.0,321.0,23,23,100,0,100,0,200,0,100.0,6047.0,100.0,42777957176.0,100.0,77755082782.0
2018-09-22,ZCH0CXS4,ST12000NM0007,12000138625024,0,77,44991376,98,0,100,2,100,0,89,881184956,94,6119,100,0,100,1,,,,,100.0,0.0,100.0,0.0,,,78.0,22.0,,,100.0,51.0,100.0,322.0,22,22,100,0,100,0,200,0,100.0,6072.0,100.0,42955014048.0,100.0,77939710558.0
2018-09-23,ZCH0CXS4,ST12000NM0007,12000138625024,0,82,152658864,98,0,100,2,100,0,89,885572595,93,6143,100,0,100,1,,,,,100.0,0.0,100.0,0.0,,,78.0,22.0,,,100.0,52.0,100.0,323.0,22,22,100,0,100,0,200,0,100.0,6097.0,100.0,43103674040.0,100.0,78142858742.0
2018-09-24,ZCH0CXS4,ST12000NM0007,12000138625024,0,84,243304736,98,0,100,2,100,0,89,890063467,93,6167,100,0,100,1,,,,,100.0,0.0,100.0,0.0,,,77.0,23.0,,,100.0,52.0,100.0,324.0,23,23,100,0,100,0,200,0,100.0,6120.0,100.0,43259166808.0,100.0,78322152574.0
2018-09-25,ZCH0CXS4,ST12000NM0007,12000138625024,0,80,97102448,98,0,100,2,100,0,90,895105314,93,6190,100,0,100,1,,,,,100.0,0.0,100.0,0.0,,,78.0,22.0,,,100.0,53.0,100.0,325.0,22,22,100,0,100,0,200,0,100.0,6143.0,100.0,43403552456.0,100.0,78519846406.0
2018-09-26,ZCH0CXS4,ST12000NM0007,12000138625024,0,83,216136840,98,0,100,2,100,0,90,900680327,93,6213,100,0,100,1,,,,,100.0,0.0,100.0,0.0,,,77.0,23.0,,,100.0,54.0,100.0,326.0,23,23,100,0,100,0,200,0,100.0,6167.0,100.0,43555025192.0,100.0,78731548694.0
2018-09-27,ZCH0CXS4,ST12000NM0007,12000138625024,0,79,81485808,98,0,100,2,100,0,90,905455433,93,6237,100,0,100,1,,,,,100.0,0.0,100.0,0.0,,,77.0,23.0,,,100.0,54.0,100.0,327.0,23,23,100,0,100,0,200,0,100.0,6191.0,100.0,43675367272.0,100.0,78964836870.0
2018-09-28,ZCH0CXS4,ST12000NM0007,12000138625024,0,82,159501576,98,0,100,2,100,0,90,910341744,93,6259,100,0,100,1,,,,,100.0,0.0,100.0,0.0,,,77.0,23.0,,,100.0,54.0,100.0,328.0,23,23,100,0,100,0,200,0,100.0,6213.0,100.0,43775509024.0,100.0,79186851590.0
2018-09-29,ZCH0CXS4,ST12000NM0007,12000138625024,0,80,92170920,98,0,100,2,100,0,90,915246067,93,6283,100,0,100,1,,,,,100.0,0.0,100.0,0.0,,,78.0,22.0,,,100.0,54.0,100.0,329.0,22,22,100,0,100,0,200,0,100.0,6237.0,100.0,43805355512.0,100.0,79577955886.0
2018-09-30,ZCH0CXS4,ST12000NM0007,12000138625024,0,79,83746704,98,0,100,2,100,0,90,917985113,93,6308,100,0,100,1,,,,,100.0,0.0,100.0,0.0,,,78.0,22.0,,,100.0,54.0,100.0,330.0,22,22,100,0,100,0,200,0,100.0,6261.0,100.0,43812247400.0,100.0,79806780438.0
2018-10-01,ZCH0CXS4,ST12000NM0007,12000138625024,0,80,96512704,98,0,100,2,100,0,90,920563268,93,6332,100,0,100,1,,,,,100.0,0.0,100.0,0.0,,,78.0,22.0,,,100.0,55.0,100.0,331.0,22,22,100,0,100,0,200,0,100.0,6285.0,100.0,43819566304.0,100.0,80056368166.0
2018-10-02,ZCH0CXS4,ST12000NM0007,12000138625024,0,77,46944376,98,0,100,2,100,0,90,922165519,93,6356,100,0,100,1,,,,,100.0,0.0,100.0,0.0,,,78.0,22.0,,,100.0,55.0,100.0,332.0,22,22,100,0,100,0,200,0,100.0,6309.0,100.0,43825151544.0,100.0,80245355478.0
2018-10-03,ZCH0CXS4,ST12000NM0007,12000138625024,0,75,35188024,98,0,100,2,100,0,90,925317335,93,6380,100,0,100,1,,,,,100.0,0.0,100.0,0.0,,,78.0,22.0,,,100.0,56.0,100.0,333.0,22,22,100,0,100,0,200,0,100.0,6333.0,100.0,43842879016.0,100.0,80460012702.0
2018-10-04,ZCH0CXS4,ST12000NM0007,12000138625024,0,83.0,198652968.0,98.0,0.0,100.0,2.0,100.0,0.0,90.0,926493103.0,93.0,6404.0,100.0,0.0,100.0,1.0,,,,,100.0,0.0,100.0,0.0,,,79.0,21.0,,,100.0,57.0,100.0,334.0,21.0,21.0,100.0,0.0,100.0,0.0,200.0,0.0,100.0,6357.0,100.0,43847848440.0,100.0,80618508222.0
2018-10-05,ZCH0CXS4,ST12000NM0007,12000138625024,0,82,173272584,98,0,100,2,100,0,90,929093055,93,6428,100,0,100,1,,,,,100.0,0.0,100.0,0.0,,,78.0,22.0,,,100.0,58.0,100.0,335.0,22,22,100,0,100,0,200,0,100.0,6381.0,100.0,43865120712.0,100.0,80819996206.0
2018-10-06,ZCH0CXS4,ST12000NM0007,12000138625024,0,70,10860680,98,0,100,2,100,0,90,931682956,93,6452,100,0,100,1,,,,,100.0,0.0,100.0,0.0,,,78.0,22.0,,,100.0,58.0,100.0,336.0,22,22,100,0,100,0,200,0,100.0,6405.0,100.0,43869869112.0,100.0,81141117262.0
2018-10-07,ZCH0CXS4,ST12000NM0007,12000138625024,0,83,209399488,98,0,100,2,100,0,90,933120613,93,6476,100,0,100,1,,,,,100.0,0.0,100.0,0.0,,,78.0,22.0,,,100.0,59.0,100.0,337.0,22,22,100,0,100,0,200,0,100.0,6429.0,100.0,43877162280.0,100.0,81332362902.0
2018-10-08,ZCH0CXS4,ST12000NM0007,12000138625024,0,82,173102256,98,0,100,2,100,0,90,934553848,93,6501,100,0,100,1,,,,,100.0,0.0,100.0,0.0,,,78.0,22.0,,,100.0,60.0,100.0,338.0,22,22,100,0,100,0,200,0,100.0,6453.0,100.0,43883316832.0,100.0,81534051758.0
2018-10-09,ZCH0CXS4,ST12000NM0007,12000138625024,0,80.0,97046960.0,98.0,0.0,100.0,2.0,100.0,0.0,90.0,935944521.0,93.0,6524.0,100.0,0.0,100.0,1.0,,,,,100.0,0.0,100.0,0.0,,,78.0,22.0,,,100.0,61.0,100.0,339.0,22.0,22.0,100.0,0.0,100.0,0.0,200.0,0.0,100.0,6476.0,100.0,43890569376.0,100.0,81694884686.0
2018-10-10,ZCH0CXS4,ST12000NM0007,12000138625024,0,79,85081184,98,0,100,2,100,0,90,938770265,93,6548,100,0,100,1,,,,,100.0,0.0,100.0,0.0,,,78.0,22.0,,,100.0,61.0,100.0,340.0,22,22,100,0,100,0,200,0,100.0,6500.0,100.0,43910753488.0,100.0,81906875430.0
2018-10-11,ZCH0CXS4,ST12000NM0007,12000138625024,0,76,36216776,98,0,100,2,100,0,90,940309129,93,6572,100,0,100,1,,,,,100.0,0.0,100.0,0.0,,,78.0,22.0,,,100.0,62.0,100.0,341.0,22,22,100,0,100,0,200,0,100.0,6524.0,100.0,43918185528.0,100.0,82094719670.0
2018-10-12,ZCH0CXS4,ST12000NM0007,12000138625024,0,84,240870696,98,0,100,2,100,0,90,943052722,93,6597,100,0,100,1,,,,,100.0,0.0,100.0,0.0,,,78.0,22.0,,,100.0,63.0,100.0,342.0,22,22,100,0,100,0,200,0,100.0,6549.0,100.0,43944113352.0,100.0,82273445766.0
2018-10-13,ZCH0CXS4,ST12000NM0007,12000138625024,0,82,170781168,98,0,100,2,100,0,90,944527948,93,6620,100,0,100,1,,,,,100.0,0.0,100.0,0.0,,,78.0,22.0,,,100.0,64.0,100.0,343.0,22,22,100,0,100,0,200,0,100.0,6572.0,100.0,43964411376.0,100.0,82427199022.0
2018-10-14,ZCH0CXS4,ST12000NM0007,12000138625024,0,81,122913064,98,0,100,2,100,0,90,946118732,93,6645,100,0,100,1,,,,,100.0,0.0,100.0,0.0,,,78.0,22.0,,,100.0,64.0,100.0,344.0,22,22,100,0,100,0,200,0,100.0,6596.0,100.0,43984194040.0,100.0,82603688910.0
2018-10-15,ZCH0CXS4,ST12000NM0007,12000138625024,0,80,109932192,98,0,100,2,100,0,90,949080307,93,6668,100,0,100,1,,,,,100.0,0.0,100.0,0.0,,,78.0,22.0,,,100.0,64.0,100.0,345.0,22,22,100,0,100,0,200,0,100.0,6620.0,100.0,44020434352.0,100.0,82798608582.0
2018-10-16,ZCH0CXS4,ST12000NM0007,12000138625024,0,78,67715592,98,0,100,2,100,0,90,950626856,93,6692,100,0,100,1,,,,,100.0,0.0,100.0,0.0,,,78.0,22.0,,,100.0,65.0,100.0,346.0,22,22,100,0,100,0,200,0,100.0,6643.0,100.0,44038680528.0,100.0,82982286590.0
2018-10-17,ZCH0CXS4,ST12000NM0007,12000138625024,0,77,54779776,98,0,100,2,100,0,90,953497817,93,6716,100,0,100,1,,,,,100.0,0.0,100.0,0.0,,,78.0,22.0,,,100.0,66.0,100.0,347.0,22,22,100,0,100,0,200,0,100.0,6667.0,100.0,44071456128.0,100.0,83180715854.0
2018-10-18,ZCH0CXS4,ST12000NM0007,12000138625024,0,77,54091896,98,0,100,2,100,0,90,956177293,93,6744,100,0,100,1,,,,,100.0,0.0,100.0,0.0,,,78.0,22.0,,,100.0,67.0,100.0,348.0,22,22,100,0,100,0,200,0,100.0,6696.0,100.0,44106722808.0,100.0,83388902078.0
2018-10-19,ZCH0CXS4,ST12000NM0007,12000138625024,0,84,224680432,98,0,100,2,100,0,90,958984023,93,6769,100,0,100,1,,,,,100.0,0.0,100.0,0.0,,,78.0,22.0,,,100.0,67.0,100.0,349.0,22,22,100,0,100,0,200,0,100.0,6720.0,100.0,44141417680.0,100.0,83524795742.0
2018-10-20,ZCH0CXS4,ST12000NM0007,12000138625024,0,83,195000472,98,0,100,2,100,0,90,960843534,93,6792,100,0,100,1,,,,,100.0,0.0,100.0,0.0,,,78.0,22.0,,,100.0,68.0,100.0,350.0,22,22,100,0,100,0,200,0,100.0,6743.0,100.0,44170821120.0,100.0,83709852974.0
2018-10-21,ZCH0CXS4,ST12000NM0007,12000138625024,0,82,161071616,98,0,100,2,100,0,90,962743330,93,6817,100,0,100,1,,,,,100.0,0.0,100.0,0.0,,,78.0,22.0,,,100.0,68.0,100.0,351.0,22,22,100,0,100,0,200,0,100.0,6768.0,100.0,44206419288.0,100.0,83884466638.0
2018-10-22,ZCH0CXS4,ST12000NM0007,12000138625024,0,80,112197352,98,0,100,2,100,0,90,964542105,93,6840,100,0,100,1,,,,,100.0,0.0,100.0,0.0,,,78.0,22.0,,,100.0,68.0,100.0,352.0,22,22,100,0,100,0,200,0,100.0,6791.0,100.0,44231975416.0,100.0,84054177094.0
2018-10-23,ZCH0CXS4,ST12000NM0007,12000138625024,0,79,74950624,98,0,100,2,100,0,90,966480799,93,6865,100,0,100,1,,,,,100.0,0.0,100.0,0.0,,,78.0,22.0,,,100.0,69.0,100.0,353.0,22,22,100,0,100,0,200,0,100.0,6815.0,100.0,44262492264.0,100.0,84230554406.0
2018-10-25,ZCH0CXS4,ST12000NM0007,12000138625024,0,78,57094376,98,0,100,2,100,0,90,971827186,93,6912,100,0,100,1,,,,,100.0,0.0,100.0,0.0,,,78.0,22.0,,,100.0,71.0,100.0,355.0,22,22,100,0,100,0,200,0,100.0,6863.0,100.0,44357467376.0,100.0,84606004790.0
2018-10-26,ZCH0CXS4,ST12000NM0007,12000138625024,0,70,10088880,98,0,100,2,100,0,90,975117952,93,6936,100,0,100,1,,,,,100.0,0.0,100.0,0.0,,,78.0,22.0,,,100.0,71.0,100.0,356.0,22,22,100,0,100,0,200,0,100.0,6887.0,100.0,44395083736.0,100.0,84765523638.0
2018-10-27,ZCH0CXS4,ST12000NM0007,12000138625024,0,83,198520856,98,0,100,2,100,0,90,977158073,93,6961,100,0,100,1,,,,,100.0,0.0,100.0,0.0,,,78.0,22.0,,,100.0,72.0,100.0,357.0,22,22,100,0,100,0,200,0,100.0,6911.0,100.0,44424749672.0,100.0,84924289678.0
2018-10-28,ZCH0CXS4,ST12000NM0007,12000138625024,0,83,180633224,98,0,100,2,100,0,90,979158029,93,6985,100,0,100,1,,,,,100.0,0.0,100.0,0.0,,,78.0,22.0,,,100.0,73.0,100.0,358.0,22,22,100,0,100,0,200,0,100.0,6935.0,100.0,44462182920.0,100.0,85113109662.0
2018-10-29,ZCH0CXS4,ST12000NM0007,12000138625024,0,81,128754912,98,0,100,2,100,0,90,981014259,92,7009,100,0,100,1,,,,,100.0,0.0,100.0,0.0,,,78.0,22.0,,,100.0,74.0,100.0,359.0,22,22,100,0,100,0,200,0,100.0,6959.0,100.0,44490107376.0,100.0,85277447526.0
2018-10-30,ZCH0CXS4,ST12000NM0007,12000138625024,0,80,110909840,98,0,100,2,100,0,90,983114815,92,7033,100,0,100,1,,,,,100.0,0.0,100.0,0.0,,,78.0,22.0,,,100.0,75.0,100.0,360.0,22,22,100,0,100,0,200,0,100.0,6983.0,100.0,44542466888.0,100.0,85451383766.0
2018-10-31,ZCH0CXS4,ST12000NM0007,12000138625024,0,81,130515816,98.0,0.0,100.0,2.0,100.0,0.0,90.0,987136850.0,92,7056,100.0,0.0,100,1,,,,,100.0,0.0,100.0,0.0,,,78.0,22.0,,,100.0,75.0,100.0,361.0,22,22,100.0,0.0,100.0,0.0,200.0,0.0,100.0,7006.0,100.0,44589294528.0,100.0,85668302950.0
2018-11-01,ZCH0CXS4,ST12000NM0007,12000138625024,0,78,63107936,98.0,0.0,100.0,2.0,100.0,0.0,90.0,988901904.0,92,7077,100.0,0.0,100,1,,,,,100.0,0.0,100.0,0.0,,,77.0,23.0,,,100.0,75.0,100.0,362.0,23,23,100.0,0.0,100.0,0.0,200.0,0.0,100.0,7027.0,100.0,44616121584.0,100.0,85818208774.0
2018-11-02,ZCH0CXS4,ST12000NM0007,12000138625024,0,77,48868976,98.0,0.0,100.0,2.0,100.0,0.0,90.0,992271852.0,92,7101,100.0,0.0,100,1,,,,,100.0,0.0,100.0,0.0,,,76.0,24.0,,,100.0,75.0,100.0,363.0,24,24,100.0,0.0,100.0,0.0,200.0,0.0,100.0,7050.0,100.0,44664300032.0,100.0,85999931998.0
2018-11-03,ZCH0CXS4,ST12000NM0007,12000138625024,0,73,20683064,98.0,0.0,100.0,2.0,100.0,0.0,90.0,994509079.0,92,7125,100.0,0.0,100,1,,,,,100.0,0.0,100.0,0.0,,,77.0,23.0,,,100.0,75.0,100.0,364.0,23,23,100.0,0.0,100.0,0.0,200.0,0.0,100.0,7074.0,100.0,44704925368.0,100.0,86175261446.0
2018-11-04,ZCH0CXS4,ST12000NM0007,12000138625024,0,68,6847464,98.0,0.0,100.0,2.0,100.0,0.0,90.0,996941756.0,92,7148,100.0,0.0,100,1,,,,,100.0,0.0,100.0,0.0,,,78.0,22.0,,,100.0,75.0,100.0,365.0,22,22,100.0,0.0,100.0,0.0,200.0,0.0,100.0,7097.0,100.0,44756801728.0,100.0,86353690334.0
2018-11-05,ZCH0CXS4,ST12000NM0007,12000138625024,0,84,233312168,98.0,0.0,100.0,2.0,100.0,0.0,90.0,998846240.0,92,7173,100.0,0.0,100,1,,,,,100.0,0.0,100.0,0.0,,,78.0,22.0,,,100.0,76.0,100.0,366.0,22,22,100.0,0.0,100.0,0.0,200.0,0.0,100.0,7122.0,100.0,44802070936.0,100.0,86534885830.0
2018-11-06,ZCH0CXS4,ST12000NM0007,12000138625024,0,83.0,209367560.0,98.0,0.0,100.0,2.0,100.0,0.0,90.0,771431.0,92.0,7197.0,100.0,0.0,100.0,1.0,,,,,100.0,0.0,100.0,0.0,,,77.0,23.0,,,100.0,77.0,100.0,367.0,23.0,23.0,100.0,0.0,100.0,0.0,200.0,0.0,100.0,7146.0,100.0,44849199936.0,100.0,86707953150.0
2018-11-07,ZCH0CXS4,ST12000NM0007,12000138625024,0,83.0,209575664.0,98.0,0.0,100.0,2.0,100.0,0.0,66.0,3920546.0,92.0,7221.0,100.0,0.0,100.0,1.0,,,,,100.0,0.0,100.0,0.0,,,78.0,22.0,,,100.0,77.0,100.0,368.0,22.0,22.0,100.0,0.0,100.0,0.0,200.0,0.0,100.0,7169.0,100.0,44889726856.0,100.0,86911775382.0
2018-11-08,ZCH0CXS4,ST12000NM0007,12000138625024,0,83.0,204341072.0,98.0,0.0,100.0,2.0,100.0,0.0,68.0,6128008.0,92.0,7249.0,100.0,0.0,100.0,1.0,,,,,100.0,0.0,100.0,0.0,,,79.0,21.0,,,100.0,78.0,100.0,370.0,21.0,21.0,100.0,0.0,100.0,0.0,200.0,0.0,100.0,7197.0,100.0,44929708720.0,100.0,87110699590.0
2018-11-09,ZCH0CXS4,ST12000NM0007,12000138625024,0,84,233339696,98.0,0.0,100.0,2.0,100.0,0.0,70.0,9977963.0,92,7275,100.0,0.0,100,1,,,,,100.0,0.0,100.0,0.0,,,79.0,21.0,,,100.0,78.0,100.0,371.0,21,21,100.0,0.0,100.0,0.0,200.0,0.0,100.0,7223.0,100.0,44980336792.0,100.0,87333210870.0
2018-11-10,ZCH0CXS4,ST12000NM0007,12000138625024,0,82,167294384,98.0,0.0,100.0,2.0,100.0,0.0,71.0,12177208.0,92,7300,100.0,0.0,100,1,,,,,100.0,0.0,100.0,0.0,,,79.0,21.0,,,100.0,78.0,100.0,372.0,21,21,100.0,0.0,100.0,0.0,200.0,0.0,100.0,7247.0,100.0,45011349992.0,100.0,87480293166.0
2018-11-11,ZCH0CXS4,ST12000NM0007,12000138625024,0,81,120123672,98.0,0.0,100.0,2.0,100.0,0.0,71.0,14077883.0,92,7323,100.0,0.0,100,1,,,,,100.0,0.0,100.0,0.0,,,79.0,21.0,,,100.0,78.0,100.0,373.0,21,21,100.0,0.0,100.0,0.0,200.0,0.0,100.0,7271.0,100.0,45036793216.0,100.0,87651819902.0
2018-11-12,ZCH0CXS4,ST12000NM0007,12000138625024,0,80,90845168,98.0,0.0,100.0,2.0,100.0,0.0,72.0,16164833.0,92,7348,100.0,0.0,100,1,,,,,100.0,0.0,100.0,0.0,,,79.0,21.0,,,100.0,78.0,100.0,374.0,21,21,100.0,0.0,100.0,0.0,200.0,0.0,100.0,7295.0,100.0,45073667384.0,100.0,87829807878.0
2018-11-13,ZCH0CXS4,ST12000NM0007,12000138625024,0,78,57555656,98.0,0.0,100.0,2.0,100.0,0.0,73.0,18311912.0,92,7372,100.0,0.0,100,1,,,,,100.0,0.0,100.0,0.0,,,78.0,22.0,,,100.0,78.0,100.0,375.0,22,22,100.0,0.0,100.0,0.0,200.0,0.0,100.0,7319.0,100.0,45122381056.0,100.0,87991945358.0
2018-11-14,ZCH0CXS4,ST12000NM0007,12000138625024,0,79,84881400,98.0,0.0,100.0,2.0,100.0,0.0,73.0,21666260.0,92,7396,100.0,0.0,100,1,,,,,100.0,0.0,100.0,0.0,,,78.0,22.0,,,100.0,79.0,100.0,376.0,22,22,100.0,0.0,100.0,0.0,200.0,0.0,100.0,7343.0,100.0,45176567344.0,100.0,88209225614.0
2018-11-15,ZCH0CXS4,ST12000NM0007,12000138625024,0,76,43613520,98.0,0.0,100.0,2.0,100.0,0.0,74.0,23474645.0,92,7419,100.0,0.0,100,1,,,,,100.0,0.0,100.0,0.0,,,78.0,22.0,,,100.0,79.0,100.0,377.0,22,22,100.0,0.0,100.0,0.0,200.0,0.0,100.0,7366.0,100.0,45224083784.0,100.0,88364582038.0
2018-11-16,ZCH0CXS4,ST12000NM0007,12000138625024,0,70,10555520,98.0,0.0,100.0,2.0,100.0,0.0,74.0,26543424.0,92,7443,100.0,0.0,100,1,,,,,100.0,0.0,100.0,0.0,,,78.0,22.0,,,100.0,80.0,100.0,378.0,22,22,100.0,0.0,100.0,0.0,200.0,0.0,100.0,7390.0,100.0,45279776632.0,100.0,88519971942.0
2018-11-17,ZCH0CXS4,ST12000NM0007,12000138625024,0,84.0,229926704.0,98.0,0.0,100.0,2.0,100.0,0.0,75.0,29094359.0,92.0,7468.0,100.0,0.0,100.0,1.0,,,,,100.0,0.0,100.0,0.0,,,78.0,22.0,,,100.0,81.0,100.0,379.0,22.0,22.0,100.0,0.0,100.0,0.0,200.0,0.0,100.0,7414.0,100.0,45321151248.0,100.0,88697968510.0
2018-11-18,ZCH0CXS4,ST12000NM0007,12000138625024,0,83,211682384,98.0,0.0,100.0,2.0,100.0,0.0,75.0,31597505.0,92,7491,100.0,0.0,100,1,,,,,100.0,0.0,100.0,0.0,,,78.0,22.0,,,100.0,82.0,100.0,380.0,22,22,100.0,0.0,100.0,0.0,200.0,0.0,100.0,7438.0,100.0,45357598160.0,100.0,88887418054.0
2018-11-19,ZCH0CXS4,ST12000NM0007,12000138625024,0,82,158903088,98.0,0.0,100.0,2.0,100.0,0.0,75.0,33435645.0,92,7515,100.0,0.0,100,1,,,,,100.0,0.0,100.0,0.0,,,78.0,22.0,,,100.0,82.0,100.0,381.0,22,22,100.0,0.0,100.0,0.0,200.0,0.0,100.0,7462.0,100.0,45393403392.0,100.0,89042974286.0
2018-11-20,ZCH0CXS4,ST12000NM0007,12000138625024,0,80,97562208,98.0,0.0,100.0,2.0,100.0,0.0,75.0,35081703.0,92,7539,100.0,0.0,100,1,,,,,100.0,0.0,100.0,0.0,,,78.0,22.0,,,100.0,82.0,100.0,382.0,22,22,100.0,0.0,100.0,0.0,200.0,0.0,100.0,7486.0,100.0,45424692000.0,100.0,89194485494.0
2018-11-21,ZCH0CXS4,ST12000NM0007,12000138625024,0,80,106856656,98.0,0.0,100.0,2.0,100.0,0.0,76.0,38555235.0,92,7563,100.0,0.0,100,1,,,,,100.0,0.0,100.0,0.0,,,78.0,22.0,,,100.0,82.0,100.0,383.0,22,22,100.0,0.0,100.0,0.0,200.0,0.0,100.0,7509.0,100.0,45470771488.0,100.0,89401841142.0
2018-11-22,ZCH0CXS4,ST12000NM0007,12000138625024,0,79,76057560,98.0,0.0,100.0,2.0,100.0,0.0,76.0,40301919.0,92,7587,100.0,0.0,100,1,,,,,100.0,0.0,100.0,0.0,,,76.0,24.0,,,100.0,83.0,100.0,384.0,24,24,100.0,0.0,100.0,0.0,200.0,0.0,100.0,7533.0,100.0,45502139128.0,100.0,89583815246.0
2018-11-23,ZCH0CXS4,ST12000NM0007,12000138625024,0,75,30714104,98.0,0.0,100.0,2.0,100.0,0.0,76.0,43161044.0,92,7611,100.0,0.0,100,1,,,,,100.0,0.0,100.0,0.0,,,77.0,23.0,,,100.0,83.0,100.0,385.0,23,23,100.0,0.0,100.0,0.0,200.0,0.0,100.0,7558.0,100.0,45540271488.0,100.0,89744481590.0
2018-11-24,ZCH0CXS4,ST12000NM0007,12000138625024,0,83,222772944,98.0,0.0,100.0,2.0,100.0,0.0,77.0,44992001.0,92,7635,100.0,0.0,100,1,,,,,100.0,0.0,100.0,0.0,,,77.0,23.0,,,100.0,84.0,100.0,386.0,23,23,100.0,0.0,100.0,0.0,200.0,0.0,100.0,7581.0,100.0,45596937464.0,100.0,89879874454.0
2018-11-25,ZCH0CXS4,ST12000NM0007,12000138625024,0,83,196769264,98.0,0.0,100.0,2.0,100.0,0.0,77.0,46991843.0,92,7659,100.0,0.0,100,1,,,,,100.0,0.0,100.0,0.0,,,77.0,23.0,,,100.0,85.0,100.0,387.0,23,23,100.0,0.0,100.0,0.0,200.0,0.0,100.0,7605.0,100.0,45641334056.0,100.0,90053614814.0
2018-11-26,ZCH0CXS4,ST12000NM0007,12000138625024,0,82,171919632,98.0,0.0,100.0,2.0,100.0,0.0,77.0,49173686.0,92,7683,100.0,0.0,100,1,,,,,100.0,0.0,100.0,0.0,,,77.0,23.0,,,100.0,85.0,100.0,388.0,23,23,100.0,0.0,100.0,0.0,200.0,0.0,100.0,7629.0,100.0,45703370864.0,100.0,90210869254.0
2018-11-27,ZCH0CXS4,ST12000NM0007,12000138625024,0,81,131430832,98.0,0.0,100.0,2.0,100.0,0.0,77.0,51200640.0,92,7708,100.0,0.0,100,1,,,,,100.0,0.0,100.0,0.0,,,77.0,23.0,,,100.0,85.0,100.0,389.0,23,23,100.0,0.0,100.0,0.0,200.0,0.0,100.0,7654.0,100.0,45756854472.0,100.0,90361037614.0
2018-11-28,ZCH0CXS4,ST12000NM0007,12000138625024,0,82,157427536,98.0,0.0,100.0,2.0,100.0,0.0,77.0,54560705.0,92,7731,100.0,0.0,100,1,,,,,100.0,0.0,100.0,0.0,,,77.0,23.0,,,100.0,85.0,100.0,390.0,23,23,100.0,0.0,100.0,0.0,200.0,0.0,100.0,7677.0,100.0,45811439712.0,100.0,90576589742.0
2018-11-29,ZCH0CXS4,ST12000NM0007,12000138625024,0,82,160312752,98.0,0.0,100.0,2.0,100.0,0.0,78.0,56704706.0,92,7755,100.0,0.0,100,1,,,,,100.0,0.0,100.0,0.0,,,79.0,21.0,,,100.0,86.0,100.0,391.0,21,21,100.0,0.0,100.0,0.0,200.0,0.0,100.0,7701.0,100.0,45853522496.0,100.0,90781532878.0
2018-11-30,ZCH0CXS4,ST12000NM0007,12000138625024,0,80,109310504,98.0,0.0,100.0,2.0,100.0,0.0,78.0,59619739.0,92,7779,100.0,0.0,100,1,,,,,100.0,0.0,100.0,0.0,,,80.0,20.0,,,100.0,87.0,100.0,392.0,20,20,100.0,0.0,100.0,0.0,200.0,0.0,100.0,7724.0,100.0,45898586360.0,100.0,90929607462.0
2018-12-01,ZCH0CXS4,ST12000NM0007,12000138625024,0,78,66430592,98.0,0.0,100.0,2.0,100.0,0.0,78.0,61553044.0,92,7803,100.0,0.0,100,1,,,,,100.0,0.0,100.0,0.0,,,80.0,20.0,,,100.0,88.0,100.0,393.0,20,20,100.0,0.0,100.0,0.0,200.0,0.0,100.0,7748.0,100.0,45941537072.0,100.0,91087917702.0
2018-12-02,ZCH0CXS4,ST12000NM0007,12000138625024,0,72,16992560,98.0,0.0,100.0,2.0,100.0,0.0,78.0,63385265.0,92,7827,100.0,0.0,100,1,,,,,100.0,0.0,100.0,0.0,,,80.0,20.0,,,100.0,89.0,100.0,394.0,20,20,100.0,0.0,100.0,0.0,200.0,0.0,100.0,7772.0,100.0,45985233976.0,100.0,91238923630.0
2018-12-03,ZCH0CXS4,ST12000NM0007,12000138625024,0,84,223930112,98.0,0.0,100.0,2.0,100.0,0.0,78.0,65147003.0,92,7851,100.0,0.0,100,1,,,,,100.0,0.0,100.0,0.0,,,79.0,21.0,,,100.0,90.0,100.0,395.0,21,21,100.0,0.0,100.0,0.0,200.0,0.0,100.0,7796.0,100.0,46020441584.0,100.0,91410653574.0
2018-12-04,ZCH0CXS4,ST12000NM0007,12000138625024,0,83,199580400,98.0,0.0,100.0,2.0,100.0,0.0,78.0,67055177.0,92,7876,100.0,0.0,100,1,,,,,100.0,0.0,100.0,0.0,,,79.0,21.0,,,100.0,91.0,100.0,396.0,21,21,100.0,0.0,100.0,0.0,200.0,0.0,100.0,7820.0,100.0,46060654200.0,100.0,91590231950.0
2018-12-05,ZCH0CXS4,ST12000NM0007,12000138625024,0,71.0,12773912.0,98.0,0.0,100.0,2.0,100.0,0.0,79.0,71758139.0,91.0,7899.0,100.0,0.0,100.0,1.0,,,,,100.0,0.0,100.0,0.0,,,80.0,20.0,,,100.0,92.0,100.0,397.0,20.0,20.0,100.0,0.0,100.0,0.0,200.0,0.0,100.0,7844.0,100.0,46125040648.0,100.0,91827320566.0
2018-12-06,ZCH0CXS4,ST12000NM0007,12000138625024,0,82,172903912,98.0,0.0,100.0,2.0,100.0,0.0,79.0,73873876.0,91,7924,100.0,0.0,100,1,,,,,100.0,0.0,100.0,0.0,,,80.0,20.0,,,100.0,93.0,100.0,398.0,20,20,100.0,0.0,100.0,0.0,200.0,0.0,100.0,7868.0,100.0,46175989808.0,100.0,91936501406.0
2018-12-07,ZCH0CXS4,ST12000NM0007,12000138625024,0,81,121429656,98.0,0.0,100.0,2.0,100.0,0.0,79.0,77124617.0,91,7948,100.0,0.0,100,1,,,,,100.0,0.0,100.0,0.0,,,80.0,20.0,,,100.0,94.0,100.0,399.0,20,20,100.0,0.0,100.0,0.0,200.0,0.0,100.0,7892.0,100.0,46226032880.0,100.0,92079124718.0
2018-12-08,ZCH0CXS4,ST12000NM0007,12000138625024,0,73,20878560,98.0,0.0,100.0,2.0,100.0,0.0,79.0,79010185.0,91,7972,100.0,0.0,100,1,,,,,100.0,0.0,100.0,0.0,,,80.0,20.0,,,100.0,94.0,100.0,400.0,20,20,100.0,0.0,100.0,0.0,200.0,0.0,100.0,7916.0,100.0,46265262584.0,100.0,92183484566.0
2018-12-09,ZCH0CXS4,ST12000NM0007,12000138625024,0,82,158668768,98.0,0.0,100.0,2.0,100.0,0.0,79.0,81212334.0,91,7996,100.0,0.0,100,1,,,,,100.0,0.0,100.0,0.0,,,80.0,20.0,,,100.0,95.0,100.0,401.0,20,20,100.0,0.0,100.0,0.0,200.0,0.0,100.0,7940.0,100.0,46306582640.0,100.0,92279954718.0
2018-12-10,ZCH0CXS4,ST12000NM0007,12000138625024,0,77,45178464,98.0,0.0,100.0,2.0,100.0,0.0,79.0,82957852.0,91,8020,100.0,0.0,100,1,,,,,100.0,0.0,100.0,0.0,,,80.0,20.0,,,100.0,96.0,100.0,402.0,20,20,100.0,0.0,100.0,0.0,200.0,0.0,100.0,7963.0,100.0,46341653384.0,100.0,92375534366.0
2018-12-11,ZCH0CXS4,ST12000NM0007,12000138625024,0,82,155430984,98.0,0.0,100.0,2.0,100.0,0.0,79.0,84509692.0,91,8043,100.0,0.0,100,1,,,,,100.0,0.0,100.0,0.0,,,80.0,20.0,,,100.0,96.0,100.0,403.0,20,20,100.0,0.0,100.0,0.0,200.0,0.0,100.0,7987.0,100.0,46374207336.0,100.0,92453232934.0
2018-12-12,ZCH0CXS4,ST12000NM0007,12000138625024,0,82,154201872,98.0,0.0,100.0,2.0,100.0,0.0,79.0,88081514.0,91,8068,100.0,0.0,100,1,,,,,100.0,0.0,100.0,0.0,,,80.0,20.0,,,100.0,96.0,100.0,404.0,20,20,100.0,0.0,100.0,0.0,200.0,0.0,100.0,8011.0,100.0,46428199464.0,100.0,92642152326.0
2018-12-13,ZCH0CXS4,ST12000NM0007,12000138625024,0,76,44024648,98.0,0.0,100.0,2.0,100.0,0.0,80.0,89929382.0,91,8091,100.0,0.0,100,1,,,,,100.0,0.0,100.0,0.0,,,78.0,22.0,,,100.0,97.0,100.0,405.0,22,22,100.0,0.0,100.0,0.0,200.0,0.0,100.0,8035.0,100.0,46473317880.0,100.0,92730997566.0
2018-12-14,ZCH0CXS4,ST12000NM0007,12000138625024,0,83,201528376,98.0,0.0,100.0,2.0,100.0,0.0,80.0,93029998.0,91,8115,100.0,0.0,100,1,,,,,100.0,0.0,100.0,0.0,,,78.0,22.0,,,100.0,97.0,100.0,406.0,22,22,100.0,0.0,100.0,0.0,200.0,0.0,100.0,8058.0,100.0,46519375704.0,100.0,92842443470.0
2018-12-15,ZCH0CXS4,ST12000NM0007,12000138625024,0,81,115145232,98.0,0.0,100.0,2.0,100.0,0.0,80.0,95144905.0,91,8139,100.0,0.0,100,1,,,,,100.0,0.0,100.0,0.0,,,79.0,21.0,,,100.0,98.0,100.0,407.0,21,21,100.0,0.0,100.0,0.0,200.0,0.0,100.0,8082.0,100.0,46552227168.0,100.0,92967349510.0
2018-12-16,ZCH0CXS4,ST12000NM0007,12000138625024,0,100,1194984,98.0,0.0,100.0,2.0,100.0,0.0,80.0,96920007.0,91,8163,100.0,0.0,100,1,,,,,100.0,0.0,100.0,0.0,,,78.0,22.0,,,100.0,99.0,100.0,408.0,22,22,100.0,0.0,100.0,0.0,200.0,0.0,100.0,8106.0,100.0,46585380312.0,100.0,93064386774.0
2018-12-17,ZCH0CXS4,ST12000NM0007,12000138625024,0,83,187591920,98.0,0.0,100.0,2.0,100.0,0.0,80.0,99049755.0,91,8188,100.0,0.0,100,1,,,,,100.0,0.0,100.0,0.0,,,79.0,21.0,,,100.0,99.0,100.0,409.0,21,21,100.0,0.0,100.0,0.0,200.0,0.0,100.0,8131.0,100.0,46630400616.0,100.0,93205763406.0
2018-12-18,ZCH0CXS4,ST12000NM0007,12000138625024,0,81,132887480,98.0,0.0,100.0,2.0,100.0,0.0,80.0,101185153.0,91,8211,100.0,0.0,100,1,,,,,100.0,0.0,100.0,0.0,,,79.0,21.0,,,100.0,99.0,100.0,410.0,21,21,100.0,0.0,100.0,0.0,200.0,0.0,100.0,8154.0,100.0,46699067696.0,100.0,93326532678.0
2018-12-19,ZCH0CXS4,ST12000NM0007,12000138625024,0,80,95645960,98.0,0.0,100.0,2.0,100.0,0.0,80.0,104369094.0,91,8236,100.0,0.0,100,1,,,,,100.0,0.0,100.0,0.0,,,78.0,22.0,,,100.0,100.0,100.0,411.0,22,22,100.0,0.0,100.0,0.0,200.0,0.0,100.0,8178.0,100.0,46749119824.0,100.0,93483379902.0
2018-12-20,ZCH0CXS4,ST12000NM0007,12000138625024,0,78,56559064,98.0,0.0,100.0,2.0,100.0,0.0,80.0,106281589.0,91,8260,100.0,0.0,100,1,,,,,100.0,0.0,100.0,0.0,,,79.0,21.0,,,100.0,101.0,100.0,412.0,21,21,100.0,0.0,100.0,0.0,200.0,0.0,100.0,8203.0,100.0,46787242256.0,100.0,93650311230.0
2018-12-21,ZCH0CXS4,ST12000NM0007,12000138625024,0,84,235112496,98.0,0.0,100.0,2.0,100.0,0.0,80.0,109201555.0,91,8283,100.0,0.0,100,1,,,,,100.0,0.0,100.0,0.0,,,78.0,22.0,,,100.0,101.0,100.0,413.0,22,22,100.0,0.0,100.0,0.0,200.0,0.0,100.0,8225.0,100.0,46839983520.0,100.0,93776123398.0
2018-12-22,ZCH0CXS4,ST12000NM0007,12000138625024,0,83,197575336,98.0,0.0,100.0,2.0,100.0,0.0,80.0,111227329.0,91,8307,100.0,0.0,100,1,,,,,100.0,0.0,100.0,0.0,,,78.0,22.0,,,100.0,102.0,100.0,414.0,22,22,100.0,0.0,100.0,0.0,200.0,0.0,100.0,8249.0,100.0,46882915360.0,100.0,93939795038.0
2018-12-23,ZCH0CXS4,ST12000NM0007,12000138625024,0,83,211944376,98.0,0.0,100.0,2.0,100.0,0.0,81.0,114566772.0,91,8332,100.0,0.0,100,1,,,,,100.0,0.0,100.0,0.0,,,79.0,21.0,,,100.0,102.0,100.0,415.0,21,21,100.0,0.0,100.0,0.0,200.0,0.0,100.0,8274.0,100.0,46929778656.0,100.0,94151441526.0
2018-12-24,ZCH0CXS4,ST12000NM0007,12000138625024,0,81,122705936,98.0,0.0,100.0,2.0,100.0,0.0,81.0,116396756.0,91,8356,100.0,0.0,100,1,,,,,100.0,0.0,100.0,0.0,,,79.0,21.0,,,100.0,102.0,100.0,416.0,21,21,100.0,0.0,100.0,0.0,200.0,0.0,100.0,8298.0,100.0,46987013696.0,100.0,94249108862.0
2018-12-25,ZCH0CXS4,ST12000NM0007,12000138625024,0,79,74804192,98.0,0.0,100.0,2.0,100.0,0.0,81.0,118308631.0,91,8379,100.0,0.0,100,1,,,,,100.0,0.0,100.0,0.0,,,78.0,22.0,,,100.0,102.0,100.0,417.0,22,22,100.0,0.0,100.0,0.0,200.0,0.0,100.0,8321.0,100.0,47024951768.0,100.0,94407409774.0
2018-12-26,ZCH0CXS4,ST12000NM0007,12000138625024,0,77,52840816,98.0,0.0,100.0,2.0,100.0,0.0,81.0,121555454.0,91,8404,100.0,0.0,100,1,,,,,100.0,0.0,100.0,0.0,,,79.0,21.0,,,100.0,102.0,100.0,418.0,21,21,100.0,0.0,100.0,0.0,200.0,0.0,100.0,8346.0,100.0,47075847144.0,100.0,94578691870.0
2018-12-27,ZCH0CXS4,ST12000NM0007,12000138625024,0,83,208523160,98.0,0.0,100.0,2.0,100.0,0.0,81.0,123527515.0,91,8428,100.0,0.0,100,1,,,,,100.0,0.0,100.0,0.0,,,78.0,22.0,,,100.0,103.0,100.0,419.0,22,22,100.0,0.0,100.0,0.0,200.0,0.0,100.0,8369.0,100.0,47112960568.0,100.0,94697260790.0
2018-12-28,ZCH0CXS4,ST12000NM0007,12000138625024,0,83,206405856,98.0,0.0,100.0,2.0,100.0,0.0,81.0,126769379.0,91,8452,100.0,0.0,100,1,,,,,100.0,0.0,100.0,0.0,,,79.0,21.0,,,100.0,104.0,100.0,420.0,21,21,100.0,0.0,100.0,0.0,200.0,0.0,100.0,8393.0,100.0,47161781320.0,100.0,94890463454.0
2018-12-29,ZCH0CXS4,ST12000NM0007,12000138625024,0,80,112070080,98.0,0.0,100.0,2.0,100.0,0.0,81.0,128428023.0,91,8476,100.0,0.0,100,1,,,,,100.0,0.0,100.0,0.0,,,78.0,22.0,,,100.0,105.0,100.0,421.0,22,22,100.0,0.0,100.0,0.0,200.0,0.0,100.0,8417.0,100.0,47199333536.0,100.0,95002716254.0
2018-12-30,ZCH0CXS4,ST12000NM0007,12000138625024,0,79,81291528,98.0,0.0,100.0,2.0,100.0,0.0,81.0,130526304.0,91,8500,100.0,0.0,100,1,,,,,100.0,0.0,100.0,0.0,,,79.0,21.0,,,100.0,105.0,100.0,422.0,21,21,100.0,0.0,100.0,0.0,200.0,0.0,100.0,8441.0,100.0,47246778296.0,100.0,95168633806.0
2018-12-31,ZCH0CXS4,ST12000NM0007,12000138625024,0,84,239979968,98.0,0.0,100.0,2.0,100.0,0.0,81.0,132200040.0,91,8523,100.0,0.0,100,1,,,,,100.0,0.0,100.0,0.0,,,79.0,21.0,,,100.0,105.0,100.0,423.0,21,21,100.0,0.0,100.0,0.0,200.0,0.0,100.0,8464.0,100.0,47274794904.0,100.0,95299305638.0
