2018-01-13,ZCH08XPX,ST12000NM0007,12000138625024,0,83.0,216390408.0,99.0,0.0,100.0,1.0,100,0,65.0,3416055.0,100,52,100.0,0.0,100,1,,,,,100.0,0.0,100.0,0.0,,,73.0,27.0,,,100.0,0.0,100.0,41.0,27.0,27.0,100.0,0.0,100.0,0.0,200,0,100.0,39.0,100.0,804386288.0,100.0,388617179.0
2018-01-14,ZCH08XPX,ST12000NM0007,12000138625024,0,82.0,174297680.0,99.0,0.0,100.0,1.0,100,0,68.0,7033727.0,100,75,100.0,0.0,100,1,,,,,100.0,0.0,100.0,0.0,,,74.0,26.0,,,100.0,0.0,100.0,42.0,26.0,26.0,100.0,0.0,100.0,0.0,200,0,100.0,63.0,100.0,1162380664.0,100.0,720952403.0
2018-01-15,ZCH08XPX,ST12000NM0007,12000138625024,0,79.0,74246424.0,99.0,0.0,100.0,1.0,100,0,70.0,10488183.0,100,99,100.0,0.0,100,1,,,,,100.0,0.0,100.0,0.0,,,73.0,27.0,,,100.0,1.0,100.0,43.0,27.0,27.0,100.0,0.0,100.0,0.0,200,0,100.0,86.0,100.0,1489081608.0,100.0,1026622419.0
2018-01-16,ZCH08XPX,ST12000NM0007,12000138625024,0,84.0,235628168.0,99.0,0.0,100.0,1.0,100,0,71.0,14077026.0,100,123,100.0,0.0,100,1,,,,,100.0,0.0,100.0,0.0,,,73.0,27.0,,,100.0,1.0,100.0,44.0,27.0,27.0,100.0,0.0,100.0,0.0,200,0,100.0,110.0,100.0,1823429208.0,100.0,1341937915.0
2018-01-17,ZCH08XPX,ST12000NM0007,12000138625024,0,80.0,107391512.0,99.0,0.0,100.0,1.0,100,0,72.0,17573235.0,100,148,100.0,0.0,100,1,,,,,100.0,0.0,100.0,0.0,,,75.0,25.0,,,100.0,1.0,100.0,45.0,25.0,25.0,100.0,0.0,100.0,0.0,200,0,100.0,135.0,100.0,2129158304.0,100.0,1640394307.0
2018-01-18,ZCH08XPX,ST12000NM0007,12000138625024,0,74.0,23694528.0,99.0,0.0,100.0,1.0,100.0,0.0,73.0,19930918.0,100.0,164.0,100.0,0.0,100.0,1.0,,,,,100.0,0.0,100.0,0.0,,,75.0,25.0,,,100.0,1.0,100.0,46.0,25.0,25.0,100.0,0.0,100.0,0.0,200.0,0.0,100.0,151.0,100.0,2332910416.0,100.0,1841226851.0
2018-01-19,ZCH08XPX,ST12000NM0007,12000138625024,0,83.0,181591880.0,99.0,0.0,100.0,1.0,100.0,0.0,74.0,23494880.0,100.0,188.0,100.0,0.0,100.0,1.0,,,,,100.0,0.0,100.0,0.0,,,75.0,25.0,,,100.0,1.0,100.0,47.0,25.0,25.0,100.0,0.0,100.0,0.0,200.0,0.0,100.0,174.0,100.0,2662529544.0,100.0,2157786579.0
2018-01-20,ZCH08XPX,ST12000NM0007,12000138625024,0,70.0,10649248.0,99.0,0.0,100.0,1.0,100,0,74.0,25244425.0,100,199,100.0,0.0,100,1,,,,,100.0,0.0,100.0,0.0,,,75.0,25.0,,,100.0,1.0,100.0,48.0,25.0,25.0,100.0,0.0,100.0,0.0,200,0,100.0,186.0,100.0,2827020952.0,100.0,2310634147.0
2018-01-21,ZCH08XPX,ST12000NM0007,12000138625024,0,78.0,65440096.0,99.0,0.0,100.0,1.0,100,0,75.0,30815629.0,100,235,100.0,0.0,100,1,,,,,100.0,0.0,100.0,0.0,,,75.0,25.0,,,100.0,1.0,100.0,49.0,25.0,25.0,100.0,0.0,100.0,0.0,200,0,100.0,222.0,100.0,3343867592.0,100.0,2825141323.0
2018-01-22,ZCH08XPX,ST12000NM0007,12000138625024,0,77.0,51437216.0,99.0,0.0,100.0,1.0,100,0,75.0,34581198.0,100,259,100.0,0.0,100,1,,,,,100.0,0.0,100.0,0.0,,,76.0,24.0,,,100.0,1.0,100.0,50.0,24.0,24.0,100.0,0.0,100.0,0.0,200,0,100.0,245.0,100.0,3712123296.0,100.0,3175304835.0
2018-01-23,ZCH08XPX,ST12000NM0007,12000138625024,0,83.0,195458912.0,99.0,0.0,100.0,1.0,100,0,76.0,38084829.0,100,283,100.0,0.0,100,1,,,,,100.0,0.0,100.0,0.0,,,76.0,24.0,,,100.0,1.0,100.0,51.0,24.0,24.0,100.0,0.0,100.0,0.0,200,0,100.0,269.0,100.0,4040290256.0,100.0,3479441139.0
2018-01-24,ZCH08XPX,ST12000NM0007,12000138625024,0,81.0,128809920.0,99.0,0.0,100.0,1.0,100,0,76.0,43138423.0,100,316,100.0,0.0,100,1,,,,,100.0,0.0,100.0,0.0,,,76.0,24.0,,,100.0,1.0,100.0,53.0,24.0,24.0,100.0,0.0,100.0,0.0,200,0,100.0,301.0,100.0,4501424496.0,100.0,3928220843.0
2018-01-25,ZCH08XPX,ST12000NM0007,12000138625024,0,83.0,201345016.0,99.0,0.0,100.0,1.0,100,0,77.0,44892802.0,100,327,100.0,0.0,100,1,,,,,100.0,0.0,100.0,0.0,,,76.0,24.0,,,100.0,1.0,100.0,53.0,24.0,24.0,100.0,0.0,100.0,0.0,200,0,100.0,313.0,100.0,4664119504.0,100.0,4082201747.0
2018-01-26,ZCH08XPX,ST12000NM0007,12000138625024,0,75.0,30249672.0,99.0,0.0,100.0,1.0,100,0,77.0,49420772.0,100,356,100.0,0.0,100,1,,,,,100.0,0.0,100.0,0.0,,,76.0,24.0,,,100.0,1.0,100.0,54.0,24.0,24.0,100.0,0.0,100.0,0.0,200,0,100.0,342.0,100.0,5066361560.0,100.0,4485427531.0
2018-01-27,ZCH08XPX,ST12000NM0007,12000138625024,0,83.0,185113808.0,99.0,0.0,100.0,1.0,100,0,77.0,53069004.0,100,380,100.0,0.0,100,1,,,,,100.0,0.0,100.0,0.0,,,76.0,24.0,,,100.0,1.0,100.0,55.0,24.0,24.0,100.0,0.0,100.0,0.0,200,0,100.0,366.0,100.0,5390614696.0,100.0,4804319851.0
2018-01-28,ZCH08XPX,ST12000NM0007,12000138625024,0,81.0,119109392.0,99.0,0.0,100.0,1.0,100,0,78.0,56728307.0,100,403,100.0,0.0,100,1,,,,,100.0,0.0,100.0,0.0,,,76.0,24.0,,,100.0,1.0,100.0,56.0,24.0,24.0,100.0,0.0,100.0,0.0,200,0,100.0,389.0,100.0,5722677728.0,100.0,5138674723.0
2018-01-29,ZCH08XPX,ST12000NM0007,12000138625024,0,80.0,89372696.0,99.0,0.0,100.0,1.0,100,0,78.0,60650935.0,100,428,100.0,0.0,100,1,,,,,100.0,0.0,100.0,0.0,,,77.0,23.0,,,100.0,1.0,100.0,58.0,23.0,23.0,100.0,0.0,100.0,0.0,200,0,100.0,414.0,100.0,6074748696.0,100.0,5489289699.0
2018-01-30,ZCH08XPX,ST12000NM0007,12000138625024,0,79.0,76681296.0,99.0,0.0,100.0,1.0,100,0,78.0,65879407.0,100,461,100.0,0.0,100,1,,,,,100.0,0.0,100.0,0.0,,,76.0,24.0,,,100.0,1.0,100.0,59.0,24.0,24.0,100.0,0.0,100.0,0.0,200,0,100.0,446.0,100.0,6562783896.0,100.0,5965126179.0
2018-01-31,ZCH08XPX,ST12000NM0007,12000138625024,0,71.0,12305392.0,99.0,0.0,100.0,1.0,100.0,0.0,78.0,69648223.0,100.0,484.0,100.0,0.0,100.0,1.0,,,,,100.0,0.0,100.0,0.0,,,76.0,24.0,,,100.0,1.0,100.0,60.0,24.0,24.0,100.0,0.0,100.0,0.0,200.0,0.0,100.0,469.0,100.0,6908739336.0,100.0,6287216923.0
2018-02-01,ZCH08XPX,ST12000NM0007,12000138625024,0,83.0,194180016.0,99.0,0.0,100.0,1.0,100,0,79.0,73579580.0,100,509,100.0,0.0,100,1,,,,,100.0,0.0,100.0,0.0,,,76.0,24.0,,,100.0,1.0,100.0,61.0,24.0,24.0,100.0,0.0,100.0,0.0,200,0,100.0,494.0,100.0,7263332064.0,100.0,6602780387.0
2018-02-02,ZCH08XPX,ST12000NM0007,12000138625024,0,81.0,128054064.0,99.0,0.0,100.0,1.0,100,0,79.0,77427882.0,100,533,100.0,0.0,100,1,,,,,100.0,0.0,100.0,0.0,,,76.0,24.0,,,100.0,1.0,100.0,62.0,24.0,24.0,100.0,0.0,100.0,0.0,200,0,100.0,518.0,100.0,7613570792.0,100.0,6918838139.0
2018-02-03,ZCH08XPX,ST12000NM0007,12000138625024,0,78.0,63391016.0,99.0,0.0,100.0,1.0,100,0,79.0,81345508.0,100,556,100.0,0.0,100,1,,,,,100.0,0.0,100.0,0.0,,,76.0,24.0,,,100.0,1.0,100.0,63.0,24.0,24.0,100.0,0.0,100.0,0.0,200,0,100.0,541.0,100.0,7960291560.0,100.0,7239876691.0
2018-02-04,ZCH08XPX,ST12000NM0007,12000138625024,0,82.0,141361928.0,99.0,0.0,100.0,1.0,100,0,79.0,84547853.0,100,576,100.0,0.0,100,1,,,,,100.0,0.0,100.0,0.0,,,77.0,23.0,,,100.0,1.0,100.0,64.0,23.0,23.0,100.0,0.0,100.0,0.0,200,0,100.0,561.0,100.0,8252292064.0,100.0,7514128411.0
2018-02-05,ZCH08XPX,ST12000NM0007,12000138625024,0,80.0,91959808.0,99.0,0.0,100.0,1.0,100,0,79.0,88397634.0,100,599,100.0,0.0,100,1,,,,,100.0,0.0,100.0,0.0,,,76.0,24.0,,,100.0,1.0,100.0,65.0,24.0,24.0,100.0,0.0,100.0,0.0,200,0,100.0,584.0,100.0,8600236984.0,100.0,7849203675.0
2018-02-06,ZCH08XPX,ST12000NM0007,12000138625024,0,80.0,102282264.0,99.0,0.0,100.0,1.0,100,0,80.0,92571112.0,100,625,100.0,0.0,100,1,,,,,100.0,0.0,100.0,0.0,,,76.0,24.0,,,100.0,1.0,100.0,66.0,24.0,24.0,100.0,0.0,100.0,0.0,200,0,100.0,609.0,100.0,8986956768.0,100.0,8205228579.0
2018-02-07,ZCH08XPX,ST12000NM0007,12000138625024,0,79.0,71171856.0,99.0,0.0,100.0,1.0,100,0,80.0,96573743.0,100,649,100.0,0.0,100,1,,,,,100.0,0.0,100.0,0.0,,,76.0,24.0,,,100.0,1.0,100.0,67.0,24.0,24.0,100.0,0.0,100.0,0.0,200,0,100.0,633.0,100.0,9338867552.0,100.0,8554629859.0
2018-02-08,ZCH08XPX,ST12000NM0007,12000138625024,0,72.0,15146592.0,99.0,0.0,100.0,1.0,100,0,80.0,100550560.0,100,673,100.0,0.0,100,1,,,,,100.0,0.0,100.0,0.0,,,76.0,24.0,,,100.0,1.0,100.0,68.0,24.0,24.0,100.0,0.0,100.0,0.0,200,0,100.0,657.0,100.0,9669823688.0,100.0,8900070875.0
2018-02-09,ZCH08XPX,ST12000NM0007,12000138625024,0,79,72325768,99,0,100,1,100,0,80,104838531,100,697,100,0,100,1,,,,,100.0,0.0,100.0,0.0,,,76.0,24.0,,,100.0,1.0,100.0,69.0,24,24,100,0,100,0,200,0,100.0,682.0,100.0,10088831592.0,100.0,9270664811.0
2018-02-10,ZCH08XPX,ST12000NM0007,12000138625024,0,81.0,121162216.0,99.0,0.0,100.0,1.0,100.0,0.0,80.0,109171187.0,100.0,724.0,100.0,0.0,100.0,1.0,,,,,100.0,0.0,100.0,0.0,,,76.0,24.0,,,100.0,1.0,100.0,70.0,24.0,24.0,100.0,0.0,100.0,0.0,200.0,0.0,100.0,708.0,100.0,10473803752.0,100.0,9666951283.0
2018-02-11,ZCH08XPX,ST12000NM0007,12000138625024,0,79,81502712,99,0,100,1,100,0,81,113076914,100,748,100,0,100,1,,,,,100.0,0.0,100.0,0.0,,,72.0,28.0,,,100.0,1.0,100.0,71.0,28,28,100,0,100,0,200,0,100.0,732.0,100.0,10830139072.0,100.0,10003378811.0
2018-02-12,ZCH08XPX,ST12000NM0007,12000138625024,0,82,170011976,99,0,100,1,100,0,81,116392745,100,773,100,0,100,1,,,,,100.0,0.0,100.0,0.0,,,76.0,24.0,,,100.0,1.0,100.0,72.0,24,24,100,0,100,0,200,0,100.0,757.0,100.0,11102176136.0,100.0,10308132443.0
2018-02-13,ZCH08XPX,ST12000NM0007,12000138625024,0,79,79807288,99,0,100,1,100,0,81,119951163,100,795,100,0,100,1,,,,,100.0,0.0,100.0,0.0,,,75.0,25.0,,,100.0,1.0,100.0,73.0,25,25,100,0,100,0,200,0,100.0,779.0,100.0,11402051880.0,100.0,10650474427.0
2018-02-14,ZCH08XPX,ST12000NM0007,12000138625024,0,77,55017968,99,0,100,1,100,0,81,123887283,100,819,100,0,100,1,,,,,100.0,0.0,100.0,0.0,,,75.0,25.0,,,100.0,1.0,100.0,74.0,25,25,100,0,100,0,200,0,100.0,803.0,100.0,11701019088.0,100.0,11059140115.0
2018-02-15,ZCH08XPX,ST12000NM0007,12000138625024,0,76,40300944,99,0,100,1,100,0,81,127874876,100,843,100,0,100,1,,,,,100.0,0.0,100.0,0.0,,,76.0,24.0,,,100.0,1.0,100.0,75.0,24,24,100,0,100,0,200,0,100.0,827.0,100.0,12019366008.0,100.0,11458498427.0
2018-02-16,ZCH08XPX,ST12000NM0007,12000138625024,0,84,241603408,99,0,100,1,100,0,81,131841504,100,868,100,0,100,1,,,,,100.0,0.0,100.0,0.0,,,75.0,25.0,,,100.0,1.0,100.0,76.0,25,25,100,0,100,0,200,0,100.0,851.0,100.0,12335730824.0,100.0,11831717835.0
2018-02-17,ZCH08XPX,ST12000NM0007,12000138625024,0,84,230885648,99,0,100,1,100,0,81,135884996,99,892,100,0,100,1,,,,,100.0,0.0,100.0,0.0,,,75.0,25.0,,,100.0,1.0,100.0,77.0,25,25,100,0,100,0,200,0,100.0,876.0,100.0,12664463912.0,100.0,12224689411.0
2018-02-18,ZCH08XPX,ST12000NM0007,12000138625024,0,82,154842376,99,0,100,1,100,0,81,139717791,99,916,100,0,100,1,,,,,100.0,0.0,100.0,0.0,,,75.0,25.0,,,100.0,1.0,100.0,78.0,25,25,100,0,100,0,200,0,100.0,900.0,100.0,12968486200.0,100.0,12577045835.0
2018-02-19,ZCH08XPX,ST12000NM0007,12000138625024,0,80,111257160,99,0,100,1,100,0,82,143600879,99,941,100,0,100,1,,,,,100.0,0.0,100.0,0.0,,,75.0,25.0,,,100.0,1.0,100.0,79.0,25,25,100,0,100,0,200,0,100.0,924.0,100.0,13291420296.0,100.0,12942948707.0
2018-02-20,ZCH08XPX,ST12000NM0007,12000138625024,0,84,233738544,99,0,100,1,100,0,82,147143867,99,963,100,0,100,1,,,,,100.0,0.0,100.0,0.0,,,75.0,25.0,,,100.0,1.0,100.0,80.0,25,25,100,0,100,0,200,0,100.0,946.0,100.0,13551131040.0,100.0,13294000923.0
2018-02-21,ZCH08XPX,ST12000NM0007,12000138625024,0,83,188870400,99,0,100,1,100,0,82,151044443,99,987,100,0,100,1,,,,,100.0,0.0,100.0,0.0,,,75.0,25.0,,,100.0,1.0,100.0,81.0,25,25,100,0,100,0,200,0,100.0,971.0,100.0,13830454712.0,100.0,13702231691.0
2018-02-22,ZCH08XPX,ST12000NM0007,12000138625024,0,77,46341232,99,0,100,1,100,0,82,154530918,99,1010,100,0,100,1,,,,,100.0,0.0,100.0,0.0,,,76.0,24.0,,,100.0,1.0,100.0,83.0,24,24,100,0,100,0,200,0,100.0,993.0,100.0,14100290528.0,100.0,14022288883.0
2018-02-23,ZCH08XPX,ST12000NM0007,12000138625024,0,83,181830888,99,0,100,1,100,0,82,158116905,99,1032,100,0,100,1,,,,,100.0,0.0,100.0,0.0,,,75.0,25.0,,,100.0,1.0,100.0,84.0,25,25,100,0,100,0,200,0,100.0,1015.0,100.0,14399300232.0,100.0,14347050139.0
2018-02-24,ZCH08XPX,ST12000NM0007,12000138625024,0,81,137089920,99,0,100,1,100,0,82,162127014,99,1057,100,0,100,1,,,,,100.0,0.0,100.0,0.0,,,76.0,24.0,,,100.0,1.0,100.0,85.0,24,24,100,0,100,0,200,0,100.0,1039.0,100.0,14720280280.0,100.0,14713751763.0
2018-02-25,ZCH08XPX,ST12000NM0007,12000138625024,0,79,80066440,99,0,100,1,100,0,82,165914031,99,1081,100,0,100,1,,,,,100.0,0.0,100.0,0.0,,,76.0,24.0,,,100.0,1.0,100.0,86.0,24,24,100,0,100,0,200,0,100.0,1064.0,100.0,15029342216.0,100.0,15080088499.0
2018-02-26,ZCH08XPX,ST12000NM0007,12000138625024,0,74,23281792,99,0,100,1,100,0,82,169720523,99,1105,100,0,100,1,,,,,100.0,0.0,100.0,0.0,,,76.0,24.0,,,100.0,1.0,100.0,87.0,24,24,100,0,100,0,200,0,100.0,1088.0,100.0,15352964624.0,100.0,15432103851.0
2018-02-27,ZCH08XPX,ST12000NM0007,12000138625024,0,83,186581752,99,0,100,1,100,0,82,173465974,99,1130,100,0,100,1,,,,,100.0,0.0,100.0,0.0,,,75.0,25.0,,,100.0,1.0,100.0,88.0,25,25,100,0,100,0,200,0,100.0,1113.0,100.0,15673292376.0,100.0,15763357691.0
2018-02-28,ZCH08XPX,ST12000NM0007,12000138625024,0,79,79222240,99,0,100,1,100,0,82,177052267,99,1152,100,0,100,1,,,,,100.0,0.0,100.0,0.0,,,76.0,24.0,,,100.0,2.0,100.0,89.0,24,24,100,0,100,0,200,0,100.0,1135.0,100.0,15965293840.0,100.0,16096419003.0
2018-03-01,ZCH08XPX,ST12000NM0007,12000138625024,0,79,75960944,99,0,100,1,100,0,83,181354077,99,1181,100,0,100,1,,,,,100.0,0.0,100.0,0.0,,,71.0,29.0,,,100.0,2.0,100.0,90.0,29,29,100,0,100,0,200,0,100.0,1163.0,100.0,16304102512.0,100.0,16486771699.0
2018-03-02,ZCH08XPX,ST12000NM0007,12000138625024,0,81,121133352,99,0,100,1,100,0,83,184723868,99,1203,100,0,100,1,,,,,100.0,0.0,100.0,0.0,,,71.0,29.0,,,100.0,2.0,100.0,91.0,29,29,100,0,100,0,200,0,100.0,1185.0,100.0,16565677072.0,100.0,16758651107.0
2018-03-03,ZCH08XPX,ST12000NM0007,12000138625024,0,76,37405296,99,0,100,1,100,0,83,188537982,99,1227,100,0,100,1,,,,,100.0,0.0,100.0,0.0,,,70.0,30.0,,,100.0,2.0,100.0,92.0,30,30,100,0,100,0,200,0,100.0,1210.0,100.0,16879473368.0,100.0,17093549051.0
2018-03-04,ZCH08XPX,ST12000NM0007,12000138625024,0,83,179137936,99,0,100,1,100,0,83,192266897,99,1252,100,0,100,1,,,,,100.0,0.0,100.0,0.0,,,71.0,29.0,,,100.0,2.0,100.0,93.0,29,29,100,0,100,0,200,0,100.0,1234.0,100.0,17190779528.0,100.0,17412257067.0
2018-03-05,ZCH08XPX,ST12000NM0007,12000138625024,0,75,34575240,99,0,100,1,100,0,83,195970598,99,1276,100,0,100,1,,,,,100.0,0.0,100.0,0.0,,,71.0,29.0,,,100.0,2.0,100.0,94.0,29,29,100,0,100,0,200,0,100.0,1258.0,100.0,17481335544.0,100.0,17709560715.0
2018-03-06,ZCH08XPX,ST12000NM0007,12000138625024,0,83,192062744,99,0,100,1,100,0,83,198594661,99,1294,100,0,100,1,,,,,100.0,0.0,100.0,0.0,,,73.0,27.0,,,100.0,2.0,100.0,95.0,27,27,100,0,100,0,200,0,100.0,1276.0,100.0,17678946816.0,100.0,17913577659.0
2018-03-07,ZCH08XPX,ST12000NM0007,12000138625024,0,83.0,215627976.0,99.0,0.0,100.0,1.0,100.0,0.0,83.0,202031494.0,99.0,1318.0,100.0,0.0,100.0,1.0,,,,,100.0,0.0,100.0,0.0,,,72.0,28.0,,,100.0,2.0,100.0,96.0,28.0,28.0,100.0,0.0,100.0,0.0,200.0,0.0,100.0,1300.0,100.0,17929993984.0,100.0,18174377259.0
2018-03-08,ZCH08XPX,ST12000NM0007,12000138625024,0,83,185545928,99,0,100,1,100,0,83,206509305,99,1348,100,0,100,1,,,,,100.0,0.0,100.0,0.0,,,72.0,28.0,,,100.0,2.0,100.0,98.0,28,28,100,0,100,0,200,0,100.0,1330.0,100.0,18250743024.0,100.0,18555968323.0
2018-03-09,ZCH08XPX,ST12000NM0007,12000138625024,0,84,225485880,99,0,100,1,100,0,83,209986100,99,1371,100,0,100,1,,,,,100.0,0.0,100.0,0.0,,,71.0,29.0,,,100.0,2.0,100.0,99.0,29,29,100,0,100,0,200,0,100.0,1353.0,100.0,18486996552.0,100.0,18847936283.0
2018-03-10,ZCH08XPX,ST12000NM0007,12000138625024,0,75,29192632,99,0,100,1,100,0,83,213571779,99,1396,100,0,100,1,,,,,100.0,0.0,100.0,0.0,,,71.0,29.0,,,100.0,2.0,100.0,100.0,29,29,100,0,100,0,200,0,100.0,1377.0,100.0,18728105824.0,100.0,19142956307.0
2018-03-11,ZCH08XPX,ST12000NM0007,12000138625024,0,79,72158776,99,0,100,1,100,0,83,217057645,99,1420,100,0,100,1,,,,,100.0,0.0,100.0,0.0,,,72.0,28.0,,,100.0,2.0,100.0,101.0,28,28,100,0,100,0,200,0,100.0,1401.0,100.0,18973686328.0,100.0,19428623299.0
2018-03-12,ZCH08XPX,ST12000NM0007,12000138625024,0,79,83995832,99,0,100,1,100,0,83,220439035,99,1443,100,0,100,1,,,,,100.0,0.0,100.0,0.0,,,72.0,28.0,,,100.0,2.0,100.0,102.0,28,28,100,0,100,0,200,0,100.0,1425.0,100.0,19200733656.0,100.0,19701694443.0
2018-03-13,ZCH08XPX,ST12000NM0007,12000138625024,0,81,140546344,99,0,100,1,100,0,84,224019888,99,1468,100,0,100,1,,,,,100.0,0.0,100.0,0.0,,,71.0,29.0,,,100.0,2.0,100.0,103.0,29,29,100,0,100,0,200,0,100.0,1449.0,100.0,19449654568.0,100.0,19997605411.0
2018-03-14,ZCH08XPX,ST12000NM0007,12000138625024,0,82,164217536,99,0,100,1,100,0,84,227380067,99,1492,100,0,100,1,,,,,100.0,0.0,100.0,0.0,,,71.0,29.0,,,100.0,2.0,100.0,104.0,29,29,100,0,100,0,200,0,100.0,1473.0,100.0,19682566768.0,100.0,20276645675.0
2018-03-15,ZCH08XPX,ST12000NM0007,12000138625024,0,82,174789128,99,0,100,1,100,0,84,230668384,99,1516,100,0,100,1,,,,,100.0,0.0,100.0,0.0,,,70.0,30.0,,,100.0,3.0,100.0,105.0,30,30,100,0,100,0,200,0,100.0,1497.0,100.0,19904110944.0,100.0,20553954483.0
2018-03-16,ZCH08XPX,ST12000NM0007,12000138625024,0,83.0,213860696.0,99.0,0.0,100.0,1.0,100.0,0.0,84.0,234080911.0,99.0,1538.0,100.0,0.0,100.0,1.0,,,,,100.0,0.0,100.0,0.0,,,71.0,29.0,,,100.0,3.0,100.0,106.0,29.0,29.0,100.0,0.0,100.0,0.0,200.0,0.0,100.0,1519.0,100.0,20168070000.0,100.0,20817348683.0
2018-03-17,ZCH08XPX,ST12000NM0007,12000138625024,0,84,232367432,99,0,100,1,100,0,84,237569108,99,1563,100,0,100,1,,,,,100.0,0.0,100.0,0.0,,,71.0,29.0,,,100.0,3.0,100.0,107.0,29,29,100,0,100,0,200,0,100.0,1544.0,100.0,20405715904.0,100.0,21086490987.0
2018-03-18,ZCH08XPX,ST12000NM0007,12000138625024,0,84,237408184,99,0,100,1,100,0,84,240967008,99,1586,100,0,100,1,,,,,100.0,0.0,100.0,0.0,,,71.0,29.0,,,100.0,3.0,100.0,108.0,29,29,100,0,100,0,200,0,100.0,1567.0,100.0,20643650152.0,100.0,21341879027.0
2018-03-19,ZCH08XPX,ST12000NM0007,12000138625024,0,79,70843768,99,0,100,1,100,0,84,244876477,99,1612,100,0,100,1,,,,,100.0,0.0,100.0,0.0,,,71.0,29.0,,,100.0,3.0,100.0,109.0,29,29,100,0,100,0,200,0,100.0,1593.0,100.0,20910570104.0,100.0,21640816795.0
2018-03-20,ZCH08XPX,ST12000NM0007,12000138625024,0,79,72030376,99,0,100,1,100,0,84,248333366,99,1635,100,0,100,1,,,,,100.0,0.0,100.0,0.0,,,72.0,28.0,,,100.0,3.0,100.0,110.0,28,28,100,0,100,0,200,0,100.0,1616.0,100.0,21167660736.0,100.0,21873194267.0
2018-03-21,ZCH08XPX,ST12000NM0007,12000138625024,0,80,94710104,99,0,100,1,100,0,84,251891932,99,1659,100,0,100,1,,,,,100.0,0.0,100.0,0.0,,,72.0,28.0,,,100.0,3.0,100.0,111.0,28,28,100,0,100,0,200,0,100.0,1639.0,100.0,21428170528.0,100.0,22123645803.0
2018-03-22,ZCH08XPX,ST12000NM0007,12000138625024,0,81,124304528,99,0,100,1,100,0,84,255408430,99,1682,100,0,100,1,,,,,100.0,0.0,100.0,0.0,,,71.0,29.0,,,100.0,3.0,100.0,112.0,29,29,100,0,100,0,200,0,100.0,1663.0,100.0,21688931896.0,100.0,22380760331.0
2018-03-23,ZCH08XPX,ST12000NM0007,12000138625024,0,82,148198568,99,0,100,1,100,0,84,258947414,99,1706,100,0,100,1,,,,,100.0,0.0,100.0,0.0,,,71.0,29.0,,,100.0,3.0,100.0,113.0,29,29,100,0,100,0,200,0,100.0,1686.0,100.0,21958647304.0,100.0,22623220499.0
2018-03-24,ZCH08XPX,ST12000NM0007,12000138625024,0,84,224018152,99,0,100,1,100,0,84,262702237,99,1731,100,0,100,1,,,,,100.0,0.0,100.0,0.0,,,71.0,29.0,,,100.0,3.0,100.0,114.0,29,29,100,0,100,0,200,0,100.0,1711.0,100.0,22227918504.0,100.0,22918050451.0
2018-03-25,ZCH08XPX,ST12000NM0007,12000138625024,0,74,25605576,99,0,100,1,100,0,84,266202970,98,1755,100,0,100,1,,,,,100.0,0.0,100.0,0.0,,,72.0,28.0,,,100.0,3.0,100.0,115.0,28,28,100,0,100,0,200,0,100.0,1735.0,100.0,22481788960.0,100.0,23198189475.0
2018-03-26,ZCH08XPX,ST12000NM0007,12000138625024,0,74,22860952,99,0,100,1,100,0,84,269693230,98,1779,100,0,100,1,,,,,100.0,0.0,100.0,0.0,,,72.0,28.0,,,100.0,3.0,100.0,116.0,28,28,100,0,100,0,200,0,100.0,1759.0,100.0,22717177568.0,100.0,23448337603.0
2018-03-27,ZCH08XPX,ST12000NM0007,12000138625024,0,74,23483992,99,0,100,1,100,0,84,273270451,98,1803,100,0,100,1,,,,,100.0,0.0,100.0,0.0,,,71.0,29.0,,,100.0,3.0,100.0,117.0,29,29,100,0,100,0,200,0,100.0,1783.0,100.0,22944557344.0,100.0,23709862435.0
2018-03-28,ZCH08XPX,ST12000NM0007,12000138625024,0,67,4523184,99,0,100,1,100,0,84,276690290,98,1827,100,0,100,1,,,,,100.0,0.0,100.0,0.0,,,72.0,28.0,,,100.0,3.0,100.0,118.0,28,28,100,0,100,0,200,0,100.0,1807.0,100.0,23168638152.0,100.0,23955102171.0
2018-03-29,ZCH08XPX,ST12000NM0007,12000138625024,0,77,47893632,99,0,100,1,100,0,84,280457023,98,1851,100,0,100,1,,,,,100.0,0.0,100.0,0.0,,,72.0,28.0,,,100.0,3.0,100.0,119.0,28,28,100,0,100,0,200,0,100.0,1831.0,100.0,23434194136.0,100.0,24221198011.0
2018-03-30,ZCH08XPX,ST12000NM0007,12000138625024,0,70,9301304,99,0,100,1,100,0,85,283779560,98,1875,100,0,100,1,,,,,100.0,0.0,100.0,0.0,,,72.0,28.0,,,100.0,3.0,100.0,120.0,28,28,100,0,100,0,200,0,100.0,1854.0,100.0,23645727656.0,100.0,24459353651.0
2018-03-31,ZCH08XPX,ST12000NM0007,12000138625024,0,72,16154640,99,0,100,1,100,0,85,287449454,98,1899,100,0,100,1,,,,,100.0,0.0,100.0,0.0,,,72.0,28.0,,,100.0,3.0,100.0,121.0,28,28,100,0,100,0,200,0,100.0,1879.0,100.0,23885184584.0,100.0,24715031451.0
2018-04-01,ZCH08XPX,ST12000NM0007,12000138625024,0,84,229395792,99,0,100,1,100,0,85,291229662,98,1923,100,0,100,1,,,,,100.0,0.0,100.0,0.0,,,72.0,28.0,,,100.0,3.0,100.0,122.0,28,28,100,0,100,0,200,0,100.0,1902.0,100.0,24083502752.0,100.0,24974095275.0
2018-04-02,ZCH08XPX,ST12000NM0007,12000138625024,0,83,223248168,99,0,100,1,100,0,85,294817929,98,1946,100,0,100,1,,,,,100.0,0.0,100.0,0.0,,,72.0,28.0,,,100.0,3.0,100.0,123.0,28,28,100,0,100,0,200,0,100.0,1925.0,100.0,24318971264.0,100.0,25220760531.0
2018-04-03,ZCH08XPX,ST12000NM0007,12000138625024,0,83,188693296,99,0,100,1,100,0,85,298460743,98,1970,100,0,100,1,,,,,100.0,0.0,100.0,0.0,,,72.0,28.0,,,100.0,3.0,100.0,124.0,28,28,100,0,100,0,200,0,100.0,1949.0,100.0,24524364536.0,100.0,25469093923.0
2018-04-04,ZCH08XPX,ST12000NM0007,12000138625024,0,80,104780216,99,0,100,1,100,0,85,301912827,98,1995,100,0,100,1,,,,,100.0,0.0,100.0,0.0,,,71.0,29.0,,,100.0,3.0,100.0,125.0,29,29,100,0,100,0,200,0,100.0,1973.0,100.0,24691207048.0,100.0,25706620691.0
2018-04-05,ZCH08XPX,ST12000NM0007,12000138625024,0,77,50369568,99,0,100,1,100,0,85,305423438,98,2020,100,0,100,1,,,,,100.0,0.0,100.0,0.0,,,74.0,26.0,,,100.0,3.0,100.0,126.0,26,26,100,0,100,0,200,0,100.0,1998.0,100.0,24878439384.0,100.0,25953259019.0
2018-04-06,ZCH08XPX,ST12000NM0007,12000138625024,0,66,4147424,99,0,100,1,100,0,85,308720201,98,2043,100,0,100,1,,,,,100.0,0.0,100.0,0.0,,,73.0,27.0,,,100.0,3.0,100.0,127.0,27,27,100,0,100,0,200,0,100.0,2021.0,100.0,25089467960.0,100.0,26184289875.0
2018-04-07,ZCH08XPX,ST12000NM0007,12000138625024,0,83.0,217899056.0,99.0,0.0,100.0,1.0,100.0,0.0,85.0,312079814.0,98.0,2067.0,100.0,0.0,100.0,1.0,,,,,100.0,0.0,100.0,0.0,,,74.0,26.0,,,100.0,3.0,100.0,128.0,26.0,26.0,100.0,0.0,100.0,0.0,200.0,0.0,100.0,2045.0,100.0,25263699008.0,100.0,26467951091.0
2018-04-08,ZCH08XPX,ST12000NM0007,12000138625024,0,82,168309056,99,0,100,1,100,0,85,315479720,98,2091,100,0,100,1,,,,,100.0,0.0,100.0,0.0,,,74.0,26.0,,,100.0,4.0,100.0,129.0,26,26,100,0,100,0,200,0,100.0,2069.0,100.0,25486262584.0,100.0,26684078995.0
2018-04-09,ZCH08XPX,ST12000NM0007,12000138625024,0,82,167539072,99,0,100,1,100,0,85,319051806,98,2115,100,0,100,1,,,,,100.0,0.0,100.0,0.0,,,74.0,26.0,,,100.0,4.0,100.0,130.0,26,26,100,0,100,0,200,0,100.0,2093.0,100.0,25715660432.0,100.0,26942192859.0
2018-04-10,ZCH08XPX,ST12000NM0007,12000138625024,0,82,144153208,99,0,100,1,100,0,85,322576776,98,2138,100,0,100,1,,,,,100.0,0.0,100.0,0.0,,,73.0,27.0,,,100.0,4.0,100.0,131.0,27,27,100,0,100,0,200,0,100.0,2116.0,100.0,25909965360.0,100.0,27212783451.0
2018-04-11,ZCH08XPX,ST12000NM0007,12000138625024,0,77,46873640,99,0,100,1,100,0,85,325892628,98,2162,100,0,100,1,,,,,100.0,0.0,100.0,0.0,,,72.0,28.0,,,100.0,4.0,100.0,132.0,28,28,100,0,100,0,200,0,100.0,2140.0,100.0,26072810360.0,100.0,27440940411.0
2018-04-12,ZCH08XPX,ST12000NM0007,12000138625024,0,66,4353896,99,0,100,1,100,0,85,329466196,98,2188,100,0,100,1,,,,,100.0,0.0,100.0,0.0,,,72.0,28.0,,,100.0,4.0,100.0,133.0,28,28,100,0,100,0,200,0,100.0,2166.0,100.0,26263187744.0,100.0,27696324763.0
2018-04-13,ZCH08XPX,ST12000NM0007,12000138625024,0,82,148963424,99,0,100,1,100,0,85,332747740,98,2211,100,0,100,1,,,,,100.0,0.0,100.0,0.0,,,74.0,26.0,,,100.0,4.0,100.0,134.0,26,26,100,0,100,0,200,0,100.0,2189.0,100.0,26456150240.0,100.0,27892112451.0
2018-04-14,ZCH08XPX,ST12000NM0007,12000138625024,0,79,83258184,99,0,100,1,100,0,85,336127702,98,2235,100,0,100,1,,,,,100.0,0.0,100.0,0.0,,,73.0,27.0,,,100.0,4.0,100.0,135.0,27,27,100,0,100,0,200,0,100.0,2212.0,100.0,26652660896.0,100.0,28118177899.0
2018-04-15,ZCH08XPX,ST12000NM0007,12000138625024,0,70,10216128,99,0,100,1,100,0,85,339743899,98,2258,100,0,100,1,,,,,100.0,0.0,100.0,0.0,,,73.0,27.0,,,100.0,4.0,100.0,136.0,27,27,100,0,100,0,200,0,100.0,2236.0,100.0,26836952440.0,100.0,28349125827.0
2018-04-16,ZCH08XPX,ST12000NM0007,12000138625024,0,83,183199104,99,0,100,1,100,0,85,343083236,98,2282,100,0,100,1,,,,,100.0,0.0,100.0,0.0,,,74.0,26.0,,,100.0,4.0,100.0,137.0,26,26,100,0,100,0,200,0,100.0,2260.0,100.0,27025752616.0,100.0,28577449347.0
2018-04-17,ZCH08XPX,ST12000NM0007,12000138625024,0,81,134386576,99,0,100,1,100,0,85,346597266,98,2307,100,0,100,1,,,,,100.0,0.0,100.0,0.0,,,76.0,24.0,,,100.0,4.0,100.0,138.0,24,24,100,0,100,0,200,0,100.0,2284.0,100.0,27237257608.0,100.0,28805413363.0
2018-04-18,ZCH08XPX,ST12000NM0007,12000138625024,0,77,50371728,99,0,100,1,100,0,85,349944379,98,2331,100,0,100,1,,,,,100.0,0.0,100.0,0.0,,,76.0,24.0,,,100.0,4.0,100.0,139.0,24,24,100,0,100,0,200,0,100.0,2308.0,100.0,27421330528.0,100.0,29025606923.0
2018-04-19,ZCH08XPX,ST12000NM0007,12000138625024,0,84,225734472,99,0,100,1,100,0,85,353167123,98,2356,100,0,100,1,,,,,100.0,0.0,100.0,0.0,,,73.0,27.0,,,100.0,4.0,100.0,140.0,27,27,100,0,100,0,200,0,100.0,2333.0,100.0,27587585720.0,100.0,29278855267.0
2018-04-20,ZCH08XPX,ST12000NM0007,12000138625024,0,81,136942736,99,0,100,1,100,0,86,356309362,98,2379,100,0,100,1,,,,,100.0,0.0,100.0,0.0,,,77.0,23.0,,,100.0,4.0,100.0,141.0,23,23,100,0,100,0,200,0,100.0,2356.0,100.0,27727784952.0,100.0,29538145731.0
2018-04-21,ZCH08XPX,ST12000NM0007,12000138625024,0,76,37617168,99,0,100,1,100,0,86,359450290,98,2403,100,0,100,1,,,,,100.0,0.0,100.0,0.0,,,77.0,23.0,,,100.0,5.0,100.0,142.0,23,23,100,0,100,0,200,0,100.0,2380.0,100.0,27882582664.0,100.0,29772304043.0
2018-04-22,ZCH08XPX,ST12000NM0007,12000138625024,0,82,150004384,99,0,100,1,100,0,86,362555193,98,2427,100,0,100,1,,,,,100.0,0.0,100.0,0.0,,,76.0,24.0,,,100.0,5.0,100.0,143.0,24,24,100,0,100,0,200,0,100.0,2403.0,100.0,28041573296.0,100.0,29969841275.0
2018-04-23,ZCH08XPX,ST12000NM0007,12000138625024,0,76,40167576,99,0,100,1,100,0,86,365689193,98,2451,100,0,100,1,,,,,100.0,0.0,100.0,0.0,,,77.0,23.0,,,100.0,5.0,100.0,144.0,23,23,100,0,100,0,200,0,100.0,2428.0,100.0,28208602632.0,100.0,30181256403.0
2018-04-24,ZCH08XPX,ST12000NM0007,12000138625024,0,83,179885952,99,0,100,1,100,0,86,368990135,98,2475,100,0,100,1,,,,,100.0,0.0,100.0,0.0,,,76.0,24.0,,,100.0,5.0,100.0,145.0,24,24,100,0,100,0,200,0,100.0,2452.0,100.0,28390580208.0,100.0,30383137851.0
2018-04-25,ZCH08XPX,ST12000NM0007,12000138625024,0,83,207667130,98,0,100,2,100,0,86,371304149,98,2494,100,0,100,1,,,,,100.0,0.0,100.0,0.0,,,77.0,23.0,,,100.0,5.0,100.0,148.0,23,23,100,0,100,0,200,0,100.0,2470.0,100.0,28494533688.0,100.0,30551106189.0
2018-04-26,ZCH08XPX,ST12000NM0007,12000138625024,0,83,209873672,98,0,100,2,100,0,86,375478739,98,2526,100,0,100,1,,,,,100.0,0.0,100.0,0.0,,,75.0,25.0,,,100.0,5.0,100.0,150.0,25,25,100,0,100,0,200,0,100.0,2502.0,100.0,28683784872.0,100.0,30852343045.0
2018-04-27,ZCH08XPX,ST12000NM0007,12000138625024,0,83,186809056,98,0,100,2,100,0,86,377416898,98,2542,100,0,100,1,,,,,100.0,0.0,100.0,0.0,,,76.0,24.0,,,100.0,5.0,100.0,150.0,24,24,100,0,100,0,200,0,100.0,2518.0,100.0,28778041616.0,100.0,30979162317.0
2018-04-28,ZCH08XPX,ST12000NM0007,12000138625024,0,79,71592504,98,0,100,2,100,0,86,380573582,98,2565,100,0,100,1,,,,,100.0,0.0,100.0,0.0,,,76.0,24.0,,,100.0,5.0,100.0,151.0,24,24,100,0,100,0,200,0,100.0,2542.0,100.0,28902544392.0,100.0,31227724413.0
2018-04-29,ZCH08XPX,ST12000NM0007,12000138625024,0,83,190712464,98,0,100,2,100,0,86,384045344,98,2590,100,0,100,1,,,,,100.0,0.0,100.0,0.0,,,76.0,24.0,,,100.0,5.0,100.0,152.0,24,24,100,0,100,0,200,0,100.0,2566.0,100.0,29036137312.0,100.0,31457392109.0
2018-04-30,ZCH08XPX,ST12000NM0007,12000138625024,0,77,55822336,98,0,100,2,100,0,86,387068575,98,2613,100,0,100,1,,,,,100.0,0.0,100.0,0.0,,,76.0,24.0,,,100.0,5.0,100.0,153.0,24,24,100,0,100,0,200,0,100.0,2589.0,100.0,29166989424.0,100.0,31679931573.0
2018-05-01,ZCH08XPX,ST12000NM0007,12000138625024,0,83,186591096,98,0,100,2,100,0,86,390271350,97,2637,100,0,100,1,,,,,100.0,0.0,100.0,0.0,,,76.0,24.0,,,100.0,5.0,100.0,154.0,24,24,100,0,100,0,200,0,100.0,2613.0,100.0,29308864064.0,100.0,31912966349.0
2018-05-02,ZCH08XPX,ST12000NM0007,12000138625024,0,77.0,47847720.0,98.0,0.0,100.0,2.0,100.0,0.0,86.0,393446542.0,97.0,2662.0,100.0,0.0,100.0,1.0,,,,,100.0,0.0,100.0,0.0,,,77.0,23.0,,,100.0,6.0,100.0,155.0,23.0,23.0,100.0,0.0,100.0,0.0,200.0,0.0,100.0,2637.0,100.0,29458463592.0,100.0,32112904941.0
2018-05-03,ZCH08XPX,ST12000NM0007,12000138625024,0,84,228039408,98,0,100,2,100,0,86,396941238,97,2692,100,0,100,1,,,,,100.0,0.0,100.0,0.0,,,76.0,24.0,,,100.0,6.0,100.0,157.0,24,24,100,0,100,0,200,0,100.0,2667.0,100.0,29604059376.0,100.0,32391641669.0
2018-05-04,ZCH08XPX,ST12000NM0007,12000138625024,0,79,77291744,98,0,100,2,100,0,86,399795494,97,2715,100,0,100,1,,,,,100.0,0.0,100.0,0.0,,,77.0,23.0,,,100.0,6.0,100.0,158.0,23,23,100,0,100,0,200,0,100.0,2690.0,100.0,29729041864.0,100.0,32604193021.0
2018-05-05,ZCH08XPX,ST12000NM0007,12000138625024,0,82,176503024,98,0,100,2,100,0,86,402702273,97,2739,100,0,100,1,,,,,100.0,0.0,100.0,0.0,,,75.0,25.0,,,100.0,6.0,100.0,159.0,25,25,100,0,100,0,200,0,100.0,2714.0,100.0,29847783416.0,100.0,32828803533.0
2018-05-06,ZCH08XPX,ST12000NM0007,12000138625024,0,71,11855432,98,0,100,2,100,0,86,405530151,97,2763,100,0,100,1,,,,,100.0,0.0,100.0,0.0,,,76.0,24.0,,,100.0,7.0,100.0,160.0,24,24,100,0,100,0,200,0,100.0,2738.0,100.0,29961754632.0,100.0,33038466077.0
2018-05-07,ZCH08XPX,ST12000NM0007,12000138625024,0,79,76575280,98,0,100,2,100,0,86,408314505,97,2787,100,0,100,1,,,,,100.0,0.0,100.0,0.0,,,76.0,24.0,,,100.0,8.0,100.0,161.0,24,24,100,0,100,0,200,0,100.0,2762.0,100.0,30077024784.0,100.0,33232056533.0
2018-05-08,ZCH08XPX,ST12000NM0007,12000138625024,0,84,231201544,98,0,100,2,100,0,86,411603821,97,2812,100,0,100,1,,,,,100.0,0.0,100.0,0.0,,,75.0,25.0,,,100.0,8.0,100.0,162.0,25,25,100,0,100,0,200,0,100.0,2787.0,100.0,30266780864.0,100.0,33441067365.0
2018-05-09,ZCH08XPX,ST12000NM0007,12000138625024,0,81,116975008,98,0,100,2,100,0,86,414835075,97,2835,100,0,100,1,,,,,100.0,0.0,100.0,0.0,,,76.0,24.0,,,100.0,8.0,100.0,163.0,24,24,100,0,100,0,200,0,100.0,2810.0,100.0,30423573168.0,100.0,33658330037.0
2018-05-10,ZCH08XPX,ST12000NM0007,12000138625024,0,83,188710704,98,0,100,2,100,0,86,417607718,97,2859,100,0,100,1,,,,,100.0,0.0,100.0,0.0,,,76.0,24.0,,,100.0,8.0,100.0,164.0,24,24,100,0,100,0,200,0,100.0,2834.0,100.0,30531538952.0,100.0,33866240677.0
2018-05-11,ZCH08XPX,ST12000NM0007,12000138625024,0,84,242125112,98,0,100,2,100,0,86,420407966,97,2883,100,0,100,1,,,,,100.0,0.0,100.0,0.0,,,76.0,24.0,,,100.0,8.0,100.0,165.0,24,24,100,0,100,0,200,0,100.0,2858.0,100.0,30628498432.0,100.0,34066836253.0
2018-05-12,ZCH08XPX,ST12000NM0007,12000138625024,0,80,108920320,98,0,100,2,100,0,86,423837804,97,2907,100,0,100,1,,,,,100.0,0.0,100.0,0.0,,,76.0,24.0,,,100.0,8.0,100.0,166.0,24,24,100,0,100,0,200,0,100.0,2881.0,100.0,30760249320.0,100.0,34290161869.0
2018-05-13,ZCH08XPX,ST12000NM0007,12000138625024,0,72,15700528,98,0,100,2,100,0,86,427253565,97,2932,100,0,100,1,,,,,100.0,0.0,100.0,0.0,,,76.0,24.0,,,100.0,8.0,100.0,167.0,24,24,100,0,100,0,200,0,100.0,2906.0,100.0,30910221864.0,100.0,34535251085.0
2018-05-14,ZCH08XPX,ST12000NM0007,12000138625024,0,81,131905712,98,0,100,2,100,0,86,430358140,97,2956,100,0,100,1,,,,,100.0,0.0,100.0,0.0,,,76.0,24.0,,,100.0,8.0,100.0,168.0,24,24,100,0,100,0,200,0,100.0,2930.0,100.0,31034271920.0,100.0,34771547077.0
2018-05-15,ZCH08XPX,ST12000NM0007,12000138625024,0,84.0,230693464.0,98.0,0.0,100.0,2.0,100.0,0.0,86.0,433378268.0,97.0,2980.0,100.0,0.0,100.0,1.0,,,,,100.0,0.0,100.0,0.0,,,75.0,25.0,,,100.0,8.0,100.0,169.0,25.0,25.0,100.0,0.0,100.0,0.0,200.0,0.0,100.0,2954.0,100.0,31161826080.0,100.0,34986921301.0
2018-05-16,ZCH08XPX,ST12000NM0007,12000138625024,0,78,66960824,98,0,100,2,100,0,86,436231699,97,3004,100,0,100,1,,,,,100.0,0.0,100.0,0.0,,,76.0,24.0,,,100.0,8.0,100.0,170.0,24,24,100,0,100,0,200,0,100.0,2978.0,100.0,31274376720.0,100.0,35198919469.0
2018-05-17,ZCH08XPX,ST12000NM0007,12000138625024,0,80,108603424,98,0,100,2,100,0,86,438846840,97,3027,100,0,100,1,,,,,100.0,0.0,100.0,0.0,,,74.0,26.0,,,100.0,8.0,100.0,173.0,26,26,100,0,100,0,200,0,100.0,3001.0,100.0,31377099072.0,100.0,35381980397.0
2018-05-18,ZCH08XPX,ST12000NM0007,12000138625024,0,81,122050952,98,0,100,2,100,0,86,441505620,97,3052,100,0,100,1,,,,,100.0,0.0,100.0,0.0,,,75.0,25.0,,,100.0,9.0,100.0,174.0,25,25,100,0,100,0,200,0,100.0,3025.0,100.0,31484545144.0,100.0,35532122501.0
2018-05-19,ZCH08XPX,ST12000NM0007,12000138625024,0,81,133663280,98,0,100,2,100,0,86,444061548,97,3075,100,0,100,1,,,,,100.0,0.0,100.0,0.0,,,75.0,25.0,,,100.0,9.0,100.0,175.0,25,25,100,0,100,0,200,0,100.0,3048.0,100.0,31581159856.0,100.0,35691260765.0
2018-05-20,ZCH08XPX,ST12000NM0007,12000138625024,0,82,175850744,98,0,100,2,100,0,87,447205756,97,3100,100,0,100,1,,,,,100.0,0.0,100.0,0.0,,,74.0,26.0,,,100.0,10.0,100.0,176.0,26,26,100,0,100,0,200,0,100.0,3073.0,100.0,31677282848.0,100.0,35881465973.0
2018-05-21,ZCH08XPX,ST12000NM0007,12000138625024,0,83,202681088,98,0,100,2,100,0,87,449721006,97,3123,100,0,100,1,,,,,100.0,0.0,100.0,0.0,,,75.0,25.0,,,100.0,11.0,100.0,177.0,25,25,100,0,100,0,200,0,100.0,3096.0,100.0,31749791864.0,100.0,36079928021.0
2018-05-22,ZCH08XPX,ST12000NM0007,12000138625024,0,84,228733280,98,0,100,2,100,0,87,452212179,97,3148,100,0,100,1,,,,,100.0,0.0,100.0,0.0,,,75.0,25.0,,,100.0,12.0,100.0,178.0,25,25,100,0,100,0,200,0,100.0,3120.0,100.0,31834072896.0,100.0,36265840117.0
2018-05-23,ZCH08XPX,ST12000NM0007,12000138625024,0,84,224769112,98,0,100,2,100,0,87,454551397,97,3171,100,0,100,1,,,,,100.0,0.0,100.0,0.0,,,76.0,24.0,,,100.0,12.0,100.0,179.0,24,24,100,0,100,0,200,0,100.0,3144.0,100.0,31916647536.0,100.0,36423441949.0
2018-05-24,ZCH08XPX,ST12000NM0007,12000138625024,0,68,5913872,98,0,100,2,100,0,87,456967490,97,3195,100,0,100,1,,,,,100.0,0.0,100.0,0.0,,,75.0,25.0,,,100.0,12.0,100.0,180.0,25,25,100,0,100,0,200,0,100.0,3167.0,100.0,32000185168.0,100.0,36609330621.0
2018-05-25,ZCH08XPX,ST12000NM0007,12000138625024,0,76,43712344,98,0,100,2,100,0,87,459528208,97,3219,100,0,100,1,,,,,100.0,0.0,100.0,0.0,,,75.0,25.0,,,100.0,13.0,100.0,181.0,25,25,100,0,100,0,200,0,100.0,3192.0,100.0,32093953800.0,100.0,36797501261.0
2018-05-26,ZCH08XPX,ST12000NM0007,12000138625024,0,82,164778328,98,0,100,2,100,0,87,462896021,97,3246,100,0,100,1,,,,,100.0,0.0,100.0,0.0,,,75.0,25.0,,,100.0,13.0,100.0,183.0,25,25,100,0,100,0,200,0,100.0,3218.0,100.0,32209478288.0,100.0,37047183613.0
2018-05-27,ZCH08XPX,ST12000NM0007,12000138625024,0,80,92926384,98,0,100,2,100,0,87,464696483,97,3262,100,0,100,1,,,,,100.0,0.0,100.0,0.0,,,76.0,24.0,,,100.0,13.0,100.0,184.0,24,24,100,0,100,0,200,0,100.0,3235.0,100.0,32271462216.0,100.0,37157488581.0
2018-05-28,ZCH08XPX,ST12000NM0007,12000138625024,0,80,91115224,98,0,100,2,100,0,87,467383876,97,3286,100,0,100,1,,,,,100.0,0.0,100.0,0.0,,,76.0,24.0,,,100.0,13.0,100.0,185.0,24,24,100,0,100,0,200,0,100.0,3258.0,100.0,32344383216.0,100.0,37326897141.0
2018-05-29,ZCH08XPX,ST12000NM0007,12000138625024,0,81,126593232,98,0,100,2,100,0,87,470314725,97,3310,100,0,100,1,,,,,100.0,0.0,100.0,0.0,,,76.0,24.0,,,100.0,13.0,100.0,186.0,24,24,100,0,100,0,200,0,100.0,3282.0,100.0,32436391560.0,100.0,37514507573.0
2018-05-30,ZCH08XPX,ST12000NM0007,12000138625024,0,82,169286200,98,0,100,2,100,0,87,473171653,97,3334,100,0,100,1,,,,,100.0,0.0,100.0,0.0,,,76.0,24.0,,,100.0,14.0,100.0,187.0,24,24,100,0,100,0,200,0,100.0,3306.0,100.0,32536864584.0,100.0,37700868213.0
2018-05-31,ZCH08XPX,ST12000NM0007,12000138625024,0,84,232784800,98,0,100,2,100,0,87,476448260,97,3366,100,0,100,1,,,,,100.0,0.0,100.0,0.0,,,75.0,25.0,,,100.0,15.0,100.0,189.0,25,25,100,0,100,0,200,0,100.0,3337.0,100.0,32640307592.0,100.0,37905064485.0
2018-06-01,ZCH08XPX,ST12000NM0007,12000138625024,0,75,34099600,98,0,100,2,100,0,87,479223246,97,3389,100,0,100,1,,,,,100.0,0.0,100.0,0.0,,,75.0,25.0,,,100.0,15.0,100.0,190.0,25,25,100,0,100,0,200,0,100.0,3360.0,100.0,32730299512.0,100.0,38104668653.0
2018-06-02,ZCH08XPX,ST12000NM0007,12000138625024,0,80,102232472,98,0,100,2,100,0,87,482128239,97,3413,100,0,100,1,,,,,100.0,0.0,100.0,0.0,,,75.0,25.0,,,100.0,15.0,100.0,191.0,25,25,100,0,100,0,200,0,100.0,3384.0,100.0,32823867016.0,100.0,38323374837.0
2018-06-03,ZCH08XPX,ST12000NM0007,12000138625024,0,82,148774008,98,0,100,2,100,0,87,485082705,97,3437,100,0,100,1,,,,,100.0,0.0,100.0,0.0,,,75.0,25.0,,,100.0,15.0,100.0,192.0,25,25,100,0,100,0,200,0,100.0,3408.0,100.0,32920061736.0,100.0,38517862301.0
2018-06-04,ZCH08XPX,ST12000NM0007,12000138625024,0,83,216181672,98,0,100,2,100,0,87,488213477,97,3462,100,0,100,1,,,,,100.0,0.0,100.0,0.0,,,75.0,25.0,,,100.0,15.0,100.0,193.0,25,25,100,0,100,0,200,0,100.0,3432.0,100.0,33019895360.0,100.0,38729577077.0
2018-06-05,ZCH08XPX,ST12000NM0007,12000138625024,0,83,207993256,98,0,100,2,100,0,87,490765605,97,3486,100,0,100,1,,,,,100.0,0.0,100.0,0.0,,,75.0,25.0,,,100.0,15.0,100.0,194.0,25,25,100,0,100,0,200,0,100.0,3457.0,100.0,33111005592.0,100.0,38874419061.0
2018-06-06,ZCH08XPX,ST12000NM0007,12000138625024,0,84,229594552,98,0,100,2,100,0,87,493611299,96,3510,100,0,100,1,,,,,100.0,0.0,100.0,0.0,,,75.0,25.0,,,100.0,15.0,100.0,195.0,25,25,100,0,100,0,200,0,100.0,3481.0,100.0,33206188688.0,100.0,39044977949.0
2018-06-07,ZCH08XPX,ST12000NM0007,12000138625024,0,75,32714560,98,0,100,2,100,0,87,497062505,96,3533,100,0,100,1,,,,,100.0,0.0,100.0,0.0,,,75.0,25.0,,,100.0,15.0,100.0,196.0,25,25,100,0,100,0,200,0,100.0,3504.0,100.0,33297068088.0,100.0,39245499997.0
2018-06-08,ZCH08XPX,ST12000NM0007,12000138625024,0,75,31649872,98,0,100,2,100,0,87,499774307,96,3556,100,0,100,1,,,,,100.0,0.0,100.0,0.0,,,74.0,26.0,,,100.0,15.0,100.0,197.0,26,26,100,0,100,0,200,0,100.0,3527.0,100.0,33383329832.0,100.0,39402314365.0
2018-06-09,ZCH08XPX,ST12000NM0007,12000138625024,0,79,87660576,98,0,100,2,100,0,87,502837802,96,3580,100,0,100,1,,,,,100.0,0.0,100.0,0.0,,,74.0,26.0,,,100.0,15.0,100.0,198.0,26,26,100,0,100,0,200,0,100.0,3550.0,100.0,33470444848.0,100.0,39615350765.0
2018-06-10,ZCH08XPX,ST12000NM0007,12000138625024,0,80,101747440,98,0,100,2,100,0,87,505555801,96,3604,100,0,100,1,,,,,100.0,0.0,100.0,0.0,,,74.0,26.0,,,100.0,15.0,100.0,199.0,26,26,100,0,100,0,200,0,100.0,3574.0,100.0,33562958744.0,100.0,39781064477.0
2018-06-11,ZCH08XPX,ST12000NM0007,12000138625024,0,80,104456216,98,0,100,2,100,0,87,508260359,96,3628,100,0,100,1,,,,,100.0,0.0,100.0,0.0,,,74.0,26.0,,,100.0,15.0,100.0,200.0,26,26,100,0,100,0,200,0,100.0,3598.0,100.0,33637809296.0,100.0,39953063421.0
2018-06-12,ZCH08XPX,ST12000NM0007,12000138625024,0,81,123818176,98,0,100,2,100,0,87,511022265,96,3652,100,0,100,1,,,,,100.0,0.0,100.0,0.0,,,73.0,27.0,,,100.0,15.0,100.0,201.0,27,27,100,0,100,0,200,0,100.0,3622.0,100.0,33726192632.0,100.0,40128182701.0
2018-06-13,ZCH08XPX,ST12000NM0007,12000138625024,0,83,221466016,98,0,100,2,100,0,87,514280708,96,3677,100,0,100,1,,,,,100.0,0.0,100.0,0.0,,,73.0,27.0,,,100.0,15.0,100.0,202.0,27,27,100,0,100,0,200,0,100.0,3646.0,100.0,33825442840.0,100.0,40370721397.0
2018-06-14,ZCH08XPX,ST12000NM0007,12000138625024,0,74,24964232,98,0,100,2,100,0,87,517183840,96,3700,100,0,100,1,,,,,100.0,0.0,100.0,0.0,,,71.0,29.0,,,100.0,15.0,100.0,203.0,29,29,100,0,100,0,200,0,100.0,3670.0,100.0,33925230856.0,100.0,40562712925.0
2018-06-15,ZCH08XPX,ST12000NM0007,12000138625024,0,80.0,97374664.0,98.0,0.0,100.0,2.0,100.0,0.0,87.0,520353436.0,96.0,3725.0,100.0,0.0,100.0,1.0,,,,,100.0,0.0,100.0,0.0,,,71.0,29.0,,,100.0,16.0,100.0,204.0,29.0,29.0,100.0,0.0,100.0,0.0,200.0,0.0,100.0,3694.0,100.0,34021143128.0,100.0,40783351853.0
2018-06-16,ZCH08XPX,ST12000NM0007,12000138625024,0,82.0,156609960.0,98.0,0.0,100.0,2.0,100.0,0.0,87.0,523356463.0,96.0,3749.0,100.0,0.0,100.0,1.0,,,,,100.0,0.0,100.0,0.0,,,71.0,29.0,,,100.0,17.0,100.0,205.0,29.0,29.0,100.0,0.0,100.0,0.0,200.0,0.0,100.0,3718.0,100.0,34116657896.0,100.0,40991213013.0
2018-06-17,ZCH08XPX,ST12000NM0007,12000138625024,0,83.0,182583096.0,98.0,0.0,100.0,2.0,100.0,0.0,87.0,526142335.0,96.0,3773.0,100.0,0.0,100.0,1.0,,,,,100.0,0.0,100.0,0.0,,,73.0,27.0,,,100.0,17.0,100.0,206.0,27.0,27.0,100.0,0.0,100.0,0.0,200.0,0.0,100.0,3742.0,100.0,34183885328.0,100.0,41194099405.0
2018-06-18,ZCH08XPX,ST12000NM0007,12000138625024,0,84.0,239793248.0,98.0,0.0,100.0,2.0,100.0,0.0,87.0,529383849.0,96.0,3797.0,100.0,0.0,100.0,1.0,,,,,100.0,0.0,100.0,0.0,,,72.0,28.0,,,100.0,17.0,100.0,207.0,28.0,28.0,100.0,0.0,100.0,0.0,200.0,0.0,100.0,3765.0,100.0,34261346456.0,100.0,41417989061.0
2018-06-19,ZCH08XPX,ST12000NM0007,12000138625024,0,77,48653984,98,0,100,2,100,0,87,532398316,96,3821,100,0,100,1,,,,,100.0,0.0,100.0,0.0,,,72.0,28.0,,,100.0,17.0,100.0,208.0,28,28,100,0,100,0,200,0,100.0,3789.0,100.0,34363315560.0,100.0,41613162181.0
2018-06-20,ZCH08XPX,ST12000NM0007,12000138625024,0,81,136839224,98,0,100,2,100,0,87,535831307,96,3845,100,0,100,1,,,,,100.0,0.0,100.0,0.0,,,73.0,27.0,,,100.0,18.0,100.0,209.0,27,27,100,0,100,0,200,0,100.0,3813.0,100.0,34496601344.0,100.0,41812202381.0
2018-06-21,ZCH08XPX,ST12000NM0007,12000138625024,0,82,176697384,98,0,100,2,100,0,87,538823939,96,3869,100,0,100,1,,,,,100.0,0.0,100.0,0.0,,,73.0,27.0,,,100.0,18.0,100.0,210.0,27,27,100,0,100,0,200,0,100.0,3837.0,100.0,34593606080.0,100.0,41999196501.0
2018-06-22,ZCH08XPX,ST12000NM0007,12000138625024,0,81,126875840,98,0,100,2,100,0,87,541169324,96,3893,100,0,100,1,,,,,100.0,0.0,100.0,0.0,,,76.0,24.0,,,100.0,18.0,100.0,211.0,24,24,100,0,100,0,200,0,100.0,3860.0,100.0,34663994640.0,100.0,42123127197.0
2018-06-23,ZCH08XPX,ST12000NM0007,12000138625024,0,80,92489072,98,0,100,2,100,0,87,543698121,96,3917,100,0,100,1,,,,,100.0,0.0,100.0,0.0,,,76.0,24.0,,,100.0,19.0,100.0,212.0,24,24,100,0,100,0,200,0,100.0,3885.0,100.0,34743634272.0,100.0,42253241461.0
2018-06-24,ZCH08XPX,ST12000NM0007,12000138625024,0,79,80284672,98,0,100,2,100,0,87,546097945,96,3941,100,0,100,1,,,,,100.0,0.0,100.0,0.0,,,75.0,25.0,,,100.0,19.0,100.0,213.0,25,25,100,0,100,0,200,0,100.0,3908.0,100.0,34805768968.0,100.0,42423043029.0
2018-06-25,ZCH08XPX,ST12000NM0007,12000138625024,0,80,102553432,98,0,100,2,100,0,87,549001697,96,3965,100,0,100,1,,,,,100.0,0.0,100.0,0.0,,,76.0,24.0,,,100.0,19.0,100.0,214.0,24,24,100,0,100,0,200,0,100.0,3932.0,100.0,34909886840.0,100.0,42585334717.0
2018-06-26,ZCH08XPX,ST12000NM0007,12000138625024,0,82,165631744,98,0,100,2,100,0,87,552030079,96,3989,100,0,100,1,,,,,100.0,0.0,100.0,0.0,,,76.0,24.0,,,100.0,20.0,100.0,215.0,24,24,100,0,100,0,200,0,100.0,3956.0,100.0,35002156256.0,100.0,42800284269.0
2018-06-27,ZCH08XPX,ST12000NM0007,12000138625024,0,83,212919512,98,0,100,2,100,0,87,555074168,96,4013,100,0,100,1,,,,,100.0,0.0,100.0,0.0,,,75.0,25.0,,,100.0,20.0,100.0,216.0,25,25,100,0,100,0,200,0,100.0,3980.0,100.0,35075526384.0,100.0,43018342757.0
2018-06-28,ZCH08XPX,ST12000NM0007,12000138625024,0,83,223565760,98,0,100,2,100,0,87,557929949,96,4037,100,0,100,1,,,,,100.0,0.0,100.0,0.0,,,72.0,28.0,,,100.0,20.0,100.0,217.0,28,28,100,0,100,0,200,0,100.0,4004.0,100.0,35137673808.0,100.0,43210982285.0
2018-06-29,ZCH08XPX,ST12000NM0007,12000138625024,0,84,243448680,98,0,100,2,100,0,87,560609716,96,4061,100,0,100,1,,,,,100.0,0.0,100.0,0.0,,,72.0,28.0,,,100.0,21.0,100.0,218.0,28,28,100,0,100,0,200,0,100.0,4028.0,100.0,35215309448.0,100.0,43397370317.0
2018-06-30,ZCH08XPX,ST12000NM0007,12000138625024,0,84,227164680,98,0,100,2,100,0,88,562724216,96,4079,100,0,100,1,,,,,100.0,0.0,100.0,0.0,,,74.0,26.0,,,100.0,21.0,100.0,219.0,26,26,100,0,100,0,200,0,100.0,4045.0,100.0,35257242280.0,100.0,43583294117.0
2018-07-01,ZCH08XPX,ST12000NM0007,12000138625024,0,83,222073048,98,0,100,2,100,0,88,565330580,96,4103,100,0,100,1,,,,,100.0,0.0,100.0,0.0,,,75.0,25.0,,,100.0,21.0,100.0,220.0,25,25,100,0,100,0,200,0,100.0,4069.0,100.0,35320904656.0,100.0,43758680789.0
2018-07-02,ZCH08XPX,ST12000NM0007,12000138625024,0,71,11586656,98,0,100,2,100,0,88,568203211,96,4127,100,0,100,1,,,,,100.0,0.0,100.0,0.0,,,74.0,26.0,,,100.0,21.0,100.0,221.0,26,26,100,0,100,0,200,0,100.0,4093.0,100.0,35409106872.0,100.0,43948273629.0
2018-07-03,ZCH08XPX,ST12000NM0007,12000138625024,0,78,68178608,98,0,100,2,100,0,88,571120873,96,4151,100,0,100,1,,,,,100.0,0.0,100.0,0.0,,,74.0,26.0,,,100.0,22.0,100.0,222.0,26,26,100,0,100,0,200,0,100.0,4118.0,100.0,35481822168.0,100.0,44176290997.0
2018-07-04,ZCH08XPX,ST12000NM0007,12000138625024,0,77,53152320,98,0,100,2,100,0,88,573610174,96,4175,100,0,100,1,,,,,100.0,0.0,100.0,0.0,,,75.0,25.0,,,100.0,22.0,100.0,223.0,25,25,100,0,100,0,200,0,100.0,4141.0,100.0,35553734360.0,100.0,44333493245.0
2018-07-05,ZCH08XPX,ST12000NM0007,12000138625024,0,76,43225920,98,0,100,2,100,0,88,576019963,96,4199,100,0,100,1,,,,,100.0,0.0,100.0,0.0,,,75.0,25.0,,,100.0,23.0,100.0,224.0,25,25,100,0,100,0,200,0,100.0,4165.0,100.0,35617868416.0,100.0,44503573445.0
2018-07-06,ZCH08XPX,ST12000NM0007,12000138625024,0,75,31892328,98,0,100,2,100,0,88,578469171,96,4223,100,0,100,1,,,,,100.0,0.0,100.0,0.0,,,75.0,25.0,,,100.0,24.0,100.0,225.0,25,25,100,0,100,0,200,0,100.0,4189.0,100.0,35695245536.0,100.0,44659003461.0
2018-07-07,ZCH08XPX,ST12000NM0007,12000138625024,0,79,72419848,98,0,100,2,100,0,88,581352283,96,4248,100,0,100,1,,,,,100.0,0.0,100.0,0.0,,,74.0,26.0,,,100.0,24.0,100.0,226.0,26,26,100,0,100,0,200,0,100.0,4214.0,100.0,35788543176.0,100.0,44850374037.0
2018-07-08,ZCH08XPX,ST12000NM0007,12000138625024,0,82,148610968,98,0,100,2,100,0,88,584747519,96,4271,100,0,100,1,,,,,100.0,0.0,100.0,0.0,,,73.0,27.0,,,100.0,24.0,100.0,227.0,27,27,100,0,100,0,200,0,100.0,4237.0,100.0,35882179200.0,100.0,45077069797.0
2018-07-09,ZCH08XPX,ST12000NM0007,12000138625024,0,81,136692616,98,0,100,2,100,0,88,587513077,96,4295,100,0,100,1,,,,,100.0,0.0,100.0,0.0,,,74.0,26.0,,,100.0,25.0,100.0,228.0,26,26,100,0,100,0,200,0,100.0,4261.0,100.0,35962612736.0,100.0,45228858645.0
2018-07-10,ZCH08XPX,ST12000NM0007,12000138625024,0,81.0,140698944.0,98.0,0.0,100.0,2.0,100.0,0.0,88.0,590129566.0,96.0,4318.0,100.0,0.0,100.0,1.0,,,,,100.0,0.0,100.0,0.0,,,74.0,26.0,,,100.0,26.0,100.0,229.0,26.0,26.0,100.0,0.0,100.0,0.0,200.0,0.0,100.0,4284.0,100.0,36038497176.0,100.0,45401121181.0
2018-07-11,ZCH08XPX,ST12000NM0007,12000138625024,0,83,194546568,98,0,100,2,100,0,88,593202194,96,4343,100,0,100,1,,,,,100.0,0.0,100.0,0.0,,,74.0,26.0,,,100.0,26.0,100.0,230.0,26,26,100,0,100,0,200,0,100.0,4308.0,100.0,36135465976.0,100.0,45602140717.0
2018-07-12,ZCH08XPX,ST12000NM0007,12000138625024,0,74,24990384,98,0,100,2,100,0,88,596596203,96,4370,100,0,100,1,,,,,100.0,0.0,100.0,0.0,,,73.0,27.0,,,100.0,26.0,100.0,231.0,27,27,100,0,100,0,200,0,100.0,4336.0,100.0,36253676704.0,100.0,45802655205.0
2018-07-13,ZCH08XPX,ST12000NM0007,12000138625024,0,77,47153352,98,0,100,2,100,0,88,599422049,95,4396,100,0,100,1,,,,,100.0,0.0,100.0,0.0,,,73.0,27.0,,,100.0,26.0,100.0,233.0,27,27,100,0,100,0,200,0,100.0,4360.0,100.0,36325691272.0,100.0,45996944317.0
2018-07-14,ZCH08XPX,ST12000NM0007,12000138625024,0,79,77814416,98,0,100,2,100,0,88,602422429,95,4419,100,0,100,1,,,,,100.0,0.0,100.0,0.0,,,73.0,27.0,,,100.0,26.0,100.0,234.0,27,27,100,0,100,0,200,0,100.0,4384.0,100.0,36411752216.0,100.0,46185685077.0
2018-07-15,ZCH08XPX,ST12000NM0007,12000138625024,0,78,56400256,98,0,100,2,100,0,88,605268631,95,4443,100,0,100,1,,,,,100.0,0.0,100.0,0.0,,,73.0,27.0,,,100.0,26.0,100.0,235.0,27,27,100,0,100,0,200,0,100.0,4408.0,100.0,36487538368.0,100.0,46332625397.0
2018-07-16,ZCH08XPX,ST12000NM0007,12000138625024,0,78,64645960,98,0,100,2,100,0,88,608044456,95,4467,100,0,100,1,,,,,100.0,0.0,100.0,0.0,,,73.0,27.0,,,100.0,26.0,100.0,237.0,27,27,100,0,100,0,200,0,100.0,4432.0,100.0,36563073056.0,100.0,46509477141.0
2018-07-17,ZCH08XPX,ST12000NM0007,12000138625024,0,80,99782144,98,0,100,2,100,0,88,611346110,95,4491,100,0,100,1,,,,,100.0,0.0,100.0,0.0,,,76.0,24.0,,,100.0,26.0,100.0,237.0,24,24,100,0,100,0,200,0,100.0,4455.0,100.0,36637617008.0,100.0,46714210141.0
2018-07-18,ZCH08XPX,ST12000NM0007,12000138625024,0,82,177058768,98,0,100,2,100,0,88,614461734,95,4515,100,0,100,1,,,,,100.0,0.0,100.0,0.0,,,77.0,23.0,,,100.0,26.0,100.0,238.0,23,23,100,0,100,0,200,0,100.0,4479.0,100.0,36722088920.0,100.0,46951155509.0
2018-07-19,ZCH08XPX,ST12000NM0007,12000138625024,0,83,205949208,98,0,100,2,100,0,88,617335831,95,4539,100,0,100,1,,,,,100.0,0.0,100.0,0.0,,,78.0,22.0,,,100.0,26.0,100.0,239.0,22,22,100,0,100,0,200,0,100.0,4503.0,100.0,36810096696.0,100.0,47136178845.0
2018-07-20,ZCH08XPX,ST12000NM0007,12000138625024,0,83,216882208,98,0,100,2,100,0,88,620037033,95,4563,100,0,100,1,,,,,100.0,0.0,100.0,0.0,,,78.0,22.0,,,100.0,26.0,100.0,240.0,22,22,100,0,100,0,200,0,100.0,4527.0,100.0,36879349176.0,100.0,47322000085.0
2018-07-21,ZCH08XPX,ST12000NM0007,12000138625024,0,79,74759568,98,0,100,2,100,0,88,623414831,95,4587,100,0,100,1,,,,,100.0,0.0,100.0,0.0,,,77.0,23.0,,,100.0,27.0,100.0,241.0,23,23,100,0,100,0,200,0,100.0,4551.0,100.0,36969508688.0,100.0,47577999413.0
2018-07-22,ZCH08XPX,ST12000NM0007,12000138625024,0,78,67284720,98,0,100,2,100,0,88,626030756,95,4611,100,0,100,1,,,,,100.0,0.0,100.0,0.0,,,77.0,23.0,,,100.0,28.0,100.0,242.0,23,23,100,0,100,0,200,0,100.0,4575.0,100.0,37043754472.0,100.0,47740419629.0
2018-07-23,ZCH08XPX,ST12000NM0007,12000138625024,0,81,124234176,98,0,100,2,100,0,88,629082164,95,4635,100,0,100,1,,,,,100.0,0.0,100.0,0.0,,,78.0,22.0,,,100.0,28.0,100.0,243.0,22,22,100,0,100,0,200,0,100.0,4599.0,100.0,37124799312.0,100.0,47960464877.0
2018-07-24,ZCH08XPX,ST12000NM0007,12000138625024,0,81,117469096,98,0,100,2,100,0,88,631684221,95,4659,100,0,100,1,,,,,100.0,0.0,100.0,0.0,,,78.0,22.0,,,100.0,28.0,100.0,244.0,22,22,100,0,100,0,200,0,100.0,4623.0,100.0,37202461624.0,100.0,48120178157.0
2018-07-25,ZCH08XPX,ST12000NM0007,12000138625024,0,82.0,152404104.0,98.0,0.0,100.0,2.0,100.0,0.0,88.0,634611248.0,95.0,4684.0,100.0,0.0,100.0,1.0,,,,,100.0,0.0,100.0,0.0,,,78.0,22.0,,,100.0,28.0,100.0,245.0,22.0,22.0,100.0,0.0,100.0,0.0,200.0,0.0,100.0,4647.0,100.0,37274161480.0,100.0,48327553981.0
2018-07-26,ZCH08XPX,ST12000NM0007,12000138625024,0,81,137246528,98,0,100,2,100,0,88,637077983,95,4707,100,0,100,1,,,,,100.0,0.0,100.0,0.0,,,78.0,22.0,,,100.0,28.0,100.0,246.0,22,22,100,0,100,0,200,0,100.0,4671.0,100.0,37335255528.0,100.0,48495443045.0
2018-07-27,ZCH08XPX,ST12000NM0007,12000138625024,0,81,140607488,98,0,100,2,100,0,88,639556208,95,4729,100,0,100,1,,,,,100.0,0.0,100.0,0.0,,,77.0,23.0,,,100.0,28.0,100.0,247.0,23,23,100,0,100,0,200,0,100.0,4693.0,100.0,37393232400.0,100.0,48684967765.0
2018-07-28,ZCH08XPX,ST12000NM0007,12000138625024,0,72,15144616,98,0,100,2,100,0,88,643432473,95,4754,100,0,100,1,,,,,100.0,0.0,100.0,0.0,,,78.0,22.0,,,100.0,28.0,100.0,250.0,22,22,100,0,100,0,200,0,100.0,4717.0,100.0,37484965688.0,100.0,48956052957.0
2018-07-29,ZCH08XPX,ST12000NM0007,12000138625024,0,84,243068480,98,0,100,2,100,0,88,645922340,95,4778,100,0,100,1,,,,,100.0,0.0,100.0,0.0,,,78.0,22.0,,,100.0,28.0,100.0,250.0,22,22,100,0,100,0,200,0,100.0,4741.0,100.0,37545942736.0,100.0,49122999773.0
2018-07-30,ZCH08XPX,ST12000NM0007,12000138625024,0,79,81335312,98,0,100,2,100,0,88,649089101,95,4803,100,0,100,1,,,,,100.0,0.0,100.0,0.0,,,77.0,23.0,,,100.0,29.0,100.0,251.0,23,23,100,0,100,0,200,0,100.0,4765.0,100.0,37632806880.0,100.0,49362684029.0
2018-07-31,ZCH08XPX,ST12000NM0007,12000138625024,0,80,94334328,98,0,100,2,100,0,88,651856580,95,4826,100,0,100,1,,,,,100.0,0.0,100.0,0.0,,,77.0,23.0,,,100.0,30.0,100.0,252.0,23,23,100,0,100,0,200,0,100.0,4789.0,100.0,37714798952.0,100.0,49537831717.0
2018-08-01,ZCH08XPX,ST12000NM0007,12000138625024,0,80,95853928,98,0,100,2,100,0,88,654687004,95,4850,100,0,100,1,,,,,100.0,0.0,100.0,0.0,,,78.0,22.0,,,100.0,30.0,100.0,253.0,22,22,100,0,100,0,200,0,100.0,4813.0,100.0,37818611864.0,100.0,49679679165.0
2018-08-02,ZCH08XPX,ST12000NM0007,12000138625024,0,79,84471192,98,0,100,2,100,0,88,657428752,95,4874,100,0,100,1,,,,,100.0,0.0,100.0,0.0,,,78.0,22.0,,,100.0,30.0,100.0,254.0,22,22,100,0,100,0,200,0,100.0,4837.0,100.0,37911325856.0,100.0,49819723109.0
2018-08-03,ZCH08XPX,ST12000NM0007,12000138625024,0,79,82975544,98,0,100,2,100,0,88,660015718,95,4898,100,0,100,1,,,,,100.0,0.0,100.0,0.0,,,78.0,22.0,,,100.0,31.0,100.0,255.0,22,22,100,0,100,0,200,0,100.0,4860.0,100.0,37976699696.0,100.0,49996994285.0
2018-08-04,ZCH08XPX,ST12000NM0007,12000138625024,0,82,148566880,98,0,100,2,100,0,88,663146977,95,4922,100,0,100,1,,,,,100.0,0.0,100.0,0.0,,,77.0,23.0,,,100.0,31.0,100.0,256.0,23,23,100,0,100,0,200,0,100.0,4884.0,100.0,38076426928.0,100.0,50206999213.0
2018-08-05,ZCH08XPX,ST12000NM0007,12000138625024,0,83,196573560,98,0,100,2,100,0,88,666276913,95,4946,100,0,100,1,,,,,100.0,0.0,100.0,0.0,,,77.0,23.0,,,100.0,32.0,100.0,258.0,23,23,100,0,100,0,200,0,100.0,4908.0,100.0,38164477600.0,100.0,50411095861.0
2018-08-06,ZCH08XPX,ST12000NM0007,12000138625024,0,83,207528440,98,0,100,2,100,0,88,669013260,95,4970,100,0,100,1,,,,,100.0,0.0,100.0,0.0,,,77.0,23.0,,,100.0,33.0,100.0,259.0,23,23,100,0,100,0,200,0,100.0,4932.0,100.0,38224475160.0,100.0,50606193989.0
2018-08-07,ZCH08XPX,ST12000NM0007,12000138625024,0,84,240773832,98,0,100,2,100,0,88,671940039,95,4994,100,0,100,1,,,,,100.0,0.0,100.0,0.0,,,77.0,23.0,,,100.0,33.0,100.0,260.0,23,23,100,0,100,0,200,0,100.0,4956.0,100.0,38299485752.0,100.0,50808569421.0
2018-08-08,ZCH08XPX,ST12000NM0007,12000138625024,0,75,32781800,98,0,100,2,100,0,88,675076322,95,5018,100,0,100,1,,,,,100.0,0.0,100.0,0.0,,,77.0,23.0,,,100.0,33.0,100.0,261.0,23,23,100,0,100,0,200,0,100.0,4980.0,100.0,38377386728.0,100.0,51010957821.0
2018-08-09,ZCH08XPX,ST12000NM0007,12000138625024,0,83,184232376,98,0,100,2,100,0,88,677085645,95,5039,100,0,100,1,,,,,100.0,0.0,100.0,0.0,,,78.0,22.0,,,100.0,33.0,100.0,261.0,22,22,100,0,100,0,200,0,100.0,5001.0,100.0,38442888920.0,100.0,51096906205.0
2018-08-10,ZCH08XPX,ST12000NM0007,12000138625024,0,83,203069400,98,0,100,2,100,0,88,679904163,95,5064,100,0,100,1,,,,,100.0,0.0,100.0,0.0,,,77.0,23.0,,,100.0,33.0,100.0,262.0,23,23,100,0,100,0,200,0,100.0,5025.0,100.0,38533662704.0,100.0,51269110117.0
2018-08-11,ZCH08XPX,ST12000NM0007,12000138625024,0,84,238588264,98,0,100,2,100,0,88,682766984,95,5087,100,0,100,1,,,,,100.0,0.0,100.0,0.0,,,77.0,23.0,,,100.0,33.0,100.0,263.0,23,23,100,0,100,0,200,0,100.0,5048.0,100.0,38603156152.0,100.0,51479276173.0
2018-08-12,ZCH08XPX,ST12000NM0007,12000138625024,0,84,226426368,98,0,100,2,100,0,88,685568041,95,5112,100,0,100,1,,,,,100.0,0.0,100.0,0.0,,,77.0,23.0,,,100.0,33.0,100.0,265.0,23,23,100,0,100,0,200,0,100.0,5073.0,100.0,38695340976.0,100.0,51619070085.0
2018-08-13,ZCH08XPX,ST12000NM0007,12000138625024,0,84,241324048,98,0,100,2,100,0,88,688125537,95,5135,100,0,100,1,,,,,100.0,0.0,100.0,0.0,,,78.0,22.0,,,100.0,33.0,100.0,265.0,22,22,100,0,100,0,200,0,100.0,5096.0,100.0,38748484864.0,100.0,51824964509.0
2018-08-14,ZCH08XPX,ST12000NM0007,12000138625024,0,70.0,9259656.0,98.0,0.0,100.0,2.0,100.0,0.0,88.0,690850370.0,95.0,5160.0,100.0,0.0,100.0,1.0,,,,,100.0,0.0,100.0,0.0,,,78.0,22.0,,,100.0,34.0,100.0,267.0,22.0,22.0,100.0,0.0,100.0,0.0,200.0,0.0,100.0,5121.0,100.0,38795654880.0,100.0,52034011581.0
2018-08-15,ZCH08XPX,ST12000NM0007,12000138625024,0,80.0,106376592.0,98.0,0.0,100.0,2.0,100.0,0.0,88.0,693760076.0,95.0,5183.0,100.0,0.0,100.0,1.0,,,,,100.0,0.0,100.0,0.0,,,77.0,23.0,,,100.0,34.0,100.0,268.0,23.0,23.0,100.0,0.0,100.0,0.0,200.0,0.0,100.0,5144.0,100.0,38922202360.0,100.0,52248721669.0
2018-08-16,ZCH08XPX,ST12000NM0007,12000138625024,0,84,227838352,98,0,100,2,100,0,88,700566855,95,5211,100,0,100,1,,,,,100.0,0.0,100.0,0.0,,,77.0,23.0,,,100.0,34.0,100.0,269.0,23,23,100,0,100,0,200,0,100.0,5172.0,100.0,39319249472.0,100.0,52705558405.0
2018-08-17,ZCH08XPX,ST12000NM0007,12000138625024,0,83,212700240,98,0,100,2,100,0,88,706502711,95,5235,100,0,100,1,,,,,100.0,0.0,100.0,0.0,,,77.0,23.0,,,100.0,34.0,100.0,270.0,23,23,100,0,100,0,200,0,100.0,5195.0,100.0,39663152560.0,100.0,53078939165.0
2018-08-18,ZCH08XPX,ST12000NM0007,12000138625024,0,78,70425424,98,0,100,2,100,0,89,711692852,94,5259,100,0,100,1,,,,,100.0,0.0,100.0,0.0,,,77.0,23.0,,,100.0,34.0,100.0,271.0,23,23,100,0,100,0,200,0,100.0,5220.0,100.0,39941889032.0,100.0,53390349949.0
2018-08-19,ZCH08XPX,ST12000NM0007,12000138625024,0,82,172698856,98,0,100,2,100,0,89,715419558,94,5281,100,0,100,1,,,,,100.0,0.0,100.0,0.0,,,77.0,23.0,,,100.0,34.0,100.0,272.0,23,23,100,0,100,0,200,0,100.0,5241.0,100.0,40104731656.0,100.0,53573921389.0
2018-08-20,ZCH08XPX,ST12000NM0007,12000138625024,0,78,64918360,98,0,100,2,100,0,89,719579454,94,5306,100,0,100,1,,,,,100.0,0.0,100.0,0.0,,,77.0,23.0,,,100.0,34.0,100.0,273.0,23,23,100,0,100,0,200,0,100.0,5266.0,100.0,40277443912.0,100.0,53781710221.0
2018-08-21,ZCH08XPX,ST12000NM0007,12000138625024,0,83,215934704,98,0,100,2,100,0,89,724278105,94,5330,100,0,100,1,,,,,100.0,0.0,100.0,0.0,,,77.0,23.0,,,100.0,34.0,100.0,274.0,23,23,100,0,100,0,200,0,100.0,5290.0,100.0,40469801320.0,100.0,53984509821.0
2018-08-22,ZCH08XPX,ST12000NM0007,12000138625024,0,81,117347104,98,0,100,2,100,0,89,728291413,94,5354,100,0,100,1,,,,,100.0,0.0,100.0,0.0,,,77.0,23.0,,,100.0,34.0,100.0,275.0,23,23,100,0,100,0,200,0,100.0,5315.0,100.0,40646718040.0,100.0,54197286885.0
2018-08-23,ZCH08XPX,ST12000NM0007,12000138625024,0,74,25694008,98,0,100,2,100,0,89,732564067,94,5379,100,0,100,1,,,,,100.0,0.0,100.0,0.0,,,77.0,23.0,,,100.0,35.0,100.0,276.0,23,23,100,0,100,0,200,0,100.0,5339.0,100.0,40813630512.0,100.0,54427002717.0
2018-08-24,ZCH08XPX,ST12000NM0007,12000138625024,0,81,120749232,98,0,100,2,100,0,89,736446870,94,5403,100,0,100,1,,,,,100.0,0.0,100.0,0.0,,,76.0,24.0,,,100.0,36.0,100.0,277.0,24,24,100,0,100,0,200,0,100.0,5363.0,100.0,40970544120.0,100.0,54609285109.0
2018-08-25,ZCH08XPX,ST12000NM0007,12000138625024,0,83,189742264,98,0,100,2,100,0,89,740288627,94,5425,100,0,100,1,,,,,100.0,0.0,100.0,0.0,,,77.0,23.0,,,100.0,36.0,100.0,278.0,23,23,100,0,100,0,200,0,100.0,5385.0,100.0,41060888072.0,100.0,54832074981.0
2018-08-26,ZCH08XPX,ST12000NM0007,12000138625024,0,83,181098816,98,0,100,2,100,0,89,743676711,94,5450,100,0,100,1,,,,,100.0,0.0,100.0,0.0,,,77.0,23.0,,,100.0,37.0,100.0,279.0,23,23,100,0,100,0,200,0,100.0,5410.0,100.0,41090140760.0,100.0,55038319557.0
2018-08-27,ZCH08XPX,ST12000NM0007,12000138625024,0,82,168740304,98,0,100,2,100,0,89,746571970,94,5475,100,0,100,1,,,,,100.0,0.0,100.0,0.0,,,77.0,23.0,,,100.0,37.0,100.0,280.0,23,23,100,0,100,0,200,0,100.0,5434.0,100.0,41098651856.0,100.0,55261590581.0
2018-08-28,ZCH08XPX,ST12000NM0007,12000138625024,0,81,118455416,98,0,100,2,100,0,89,752534972,94,5499,100,0,100,1,,,,,100.0,0.0,100.0,0.0,,,76.0,24.0,,,100.0,37.0,100.0,281.0,24,24,100,0,100,0,200,0,100.0,5459.0,100.0,41110575000.0,100.0,55931804557.0
2018-08-29,ZCH08XPX,ST12000NM0007,12000138625024,0,77,46239560,98,0,100,2,100,0,89,760447393,94,5522,100,0,100,1,,,,,100.0,0.0,100.0,0.0,,,76.0,24.0,,,100.0,38.0,100.0,282.0,24,24,100,0,100,0,200,0,100.0,5481.0,100.0,41124621064.0,100.0,56822105533.0
2018-08-30,ZCH08XPX,ST12000NM0007,12000138625024,0,83,182253704,98,0,100,2,100,0,89,767136616,94,5543,100,0,100,1,,,,,100.0,0.0,100.0,0.0,,,76.0,24.0,,,100.0,39.0,100.0,283.0,24,24,100,0,100,0,200,0,100.0,5502.0,100.0,41136445720.0,100.0,57678717309.0
2018-08-31,ZCH08XPX,ST12000NM0007,12000138625024,0,82,166815232,98,0,100,2,100,0,89,774289833,94,5566,100,0,100,1,,,,,100.0,0.0,100.0,0.0,,,77.0,23.0,,,100.0,39.0,100.0,284.0,23,23,100,0,100,0,200,0,100.0,5525.0,100.0,41147333272.0,100.0,59605517069.0
2018-09-01,ZCH08XPX,ST12000NM0007,12000138625024,0,80,105013552,98,0,100,2,100,0,89,781544450,94,5590,100,0,100,1,,,,,100.0,0.0,100.0,0.0,,,76.0,24.0,,,100.0,39.0,100.0,284.0,24,24,100,0,100,0,200,0,100.0,5549.0,100.0,41165497848.0,100.0,61478676541.0
2018-09-02,ZCH08XPX,ST12000NM0007,12000138625024,0,83,178707960,98,0,100,2,100,0,89,789797894,94,5615,100,0,100,1,,,,,100.0,0.0,100.0,0.0,,,77.0,23.0,,,100.0,39.0,100.0,286.0,23,23,100,0,100,0,200,0,100.0,5573.0,100.0,41181874472.0,100.0,63489120597.0
2018-09-03,ZCH08XPX,ST12000NM0007,12000138625024,0,83,183349344,98,0,100,2,100,0,89,797473140,94,5638,100,0,100,1,,,,,100.0,0.0,100.0,0.0,,,76.0,24.0,,,100.0,39.0,100.0,286.0,24,24,100,0,100,0,200,0,100.0,5597.0,100.0,41199874120.0,100.0,65428888605.0
2018-09-04,ZCH08XPX,ST12000NM0007,12000138625024,0,82,167900160,98,0,100,2,100,0,89,805102487,94,5662,100,0,100,1,,,,,100.0,0.0,100.0,0.0,,,77.0,23.0,,,100.0,39.0,100.0,288.0,23,23,100,0,100,0,200,0,100.0,5621.0,100.0,41219986528.0,100.0,67590593893.0
2018-09-05,ZCH08XPX,ST12000NM0007,12000138625024,0,76,37633432,98,0,100,2,100,0,89,812586760,94,5687,100,0,100,1,,,,,100.0,0.0,100.0,0.0,,,76.0,24.0,,,100.0,39.0,100.0,289.0,24,24,100,0,100,0,200,0,100.0,5645.0,100.0,41235517736.0,100.0,69642062549.0
2018-09-06,ZCH08XPX,ST12000NM0007,12000138625024,0,77,55915200,98,0,100,2,100,0,89,822408057,94,5715,100,0,100,1,,,,,100.0,0.0,100.0,0.0,,,76.0,24.0,,,100.0,39.0,100.0,290.0,24,24,100,0,100,0,200,0,100.0,5674.0,100.0,41250063824.0,100.0,71354783106.0
2018-09-07,ZCH08XPX,ST12000NM0007,12000138625024,0,82,165532016,98,0,100,2,100,0,89,830781721,94,5740,100,0,100,1,,,,,100.0,0.0,100.0,0.0,,,76.0,24.0,,,100.0,39.0,100.0,291.0,24,24,100,0,100,0,200,0,100.0,5698.0,100.0,41261940488.0,100.0,72673226706.0
2018-09-08,ZCH08XPX,ST12000NM0007,12000138625024,0,83,209784304,98,0,100,2,100,0,89,839007822,94,5763,100,0,100,1,,,,,100.0,0.0,100.0,0.0,,,76.0,24.0,,,100.0,39.0,100.0,292.0,24,24,100,0,100,0,200,0,100.0,5721.0,100.0,41276585336.0,100.0,73923538034.0
2018-09-09,ZCH08XPX,ST12000NM0007,12000138625024,0,82,170650016,98,0,100,2,100,0,89,847451594,94,5787,100,0,100,1,,,,,100.0,0.0,100.0,0.0,,,76.0,24.0,,,100.0,39.0,100.0,293.0,24,24,100,0,100,0,200,0,100.0,5745.0,100.0,41290583112.0,100.0,75335250154.0
2018-09-10,ZCH08XPX,ST12000NM0007,12000138625024,0,81,138008080,98,0,100,2,100,0,89,856152522,94,5811,100,0,100,1,,,,,100.0,0.0,100.0,0.0,,,76.0,24.0,,,100.0,39.0,100.0,294.0,24,24,100,0,100,0,200,0,100.0,5769.0,100.0,41303589976.0,100.0,76754445490.0
2018-09-11,ZCH08XPX,ST12000NM0007,12000138625024,0,80,108962136,98,0,100,2,100,0,89,862952848,94,5835,100,0,100,1,,,,,100.0,0.0,100.0,0.0,,,76.0,24.0,,,100.0,39.0,100.0,295.0,24,24,100,0,100,0,200,0,100.0,5793.0,100.0,41344152176.0,100.0,77661400282.0
2018-09-12,ZCH08XPX,ST12000NM0007,12000138625024,0,78,70033280,98,0,100,2,100,0,89,868552414,94,5858,100,0,100,1,,,,,100.0,0.0,100.0,0.0,,,76.0,24.0,,,100.0,39.0,100.0,296.0,24,24,100,0,100,0,200,0,100.0,5815.0,100.0,41383188976.0,100.0,78315856666.0
2018-09-13,ZCH08XPX,ST12000NM0007,12000138625024,0,83,204506208,98,0,100,2,100,0,89,873704434,94,5881,100,0,100,1,,,,,100.0,0.0,100.0,0.0,,,77.0,23.0,,,100.0,39.0,100.0,297.0,23,23,100,0,100,0,200,0,100.0,5839.0,100.0,41483269400.0,100.0,78838530714.0
2018-09-14,ZCH08XPX,ST12000NM0007,12000138625024,0,81,117518760,98,0,100,2,100,0,89,877623359,94,5905,100,0,100,1,,,,,100.0,0.0,100.0,0.0,,,73.0,27.0,,,100.0,39.0,100.0,298.0,27,27,100,0,100,0,200,0,100.0,5862.0,100.0,41634213112.0,100.0,79088881002.0
2018-09-15,ZCH08XPX,ST12000NM0007,12000138625024,0,74,24961488,98,0,100,2,100,0,89,882058196,94,5928,100,0,100,1,,,,,100.0,0.0,100.0,0.0,,,73.0,27.0,,,100.0,39.0,100.0,299.0,27,27,100,0,100,0,200,0,100.0,5885.0,100.0,41804816800.0,100.0,79314001522.0
2018-09-16,ZCH08XPX,ST12000NM0007,12000138625024,0,83,184472720,98,0,100,2,100,0,89,887052009,94,5953,100,0,100,1,,,,,100.0,0.0,100.0,0.0,,,73.0,27.0,,,100.0,40.0,100.0,300.0,27,27,100,0,100,0,200,0,100.0,5910.0,100.0,41969366200.0,100.0,79553104122.0
2018-09-17,ZCH08XPX,ST12000NM0007,12000138625024,0,78,58473800,98,0,100,2,100,0,89,890939060,94,5976,100,0,100,1,,,,,100.0,0.0,100.0,0.0,,,73.0,27.0,,,100.0,40.0,100.0,301.0,27,27,100,0,100,0,200,0,100.0,5933.0,100.0,42117803912.0,100.0,79766948922.0
2018-09-18,ZCH08XPX,ST12000NM0007,12000138625024,0,83,178603736,98,0,100,2,100,0,90,895444514,94,6000,100,0,100,1,,,,,100.0,0.0,100.0,0.0,,,75.0,25.0,,,100.0,40.0,100.0,302.0,25,25,100,0,100,0,200,0,100.0,5957.0,100.0,42288362072.0,100.0,79960661570.0
2018-09-19,ZCH08XPX,ST12000NM0007,12000138625024,0,78,67624496,98,0,100,2,100,0,90,899787818,94,6025,100,0,100,1,,,,,100.0,0.0,100.0,0.0,,,75.0,25.0,,,100.0,40.0,100.0,303.0,25,25,100,0,100,0,200,0,100.0,5982.0,100.0,42440460224.0,100.0,80185865490.0
2018-09-20,ZCH08XPX,ST12000NM0007,12000138625024,0,82,153843520,98,0,100,2,100,0,90,903438917,94,6047,100,0,100,1,,,,,100.0,0.0,100.0,0.0,,,75.0,25.0,,,100.0,41.0,100.0,304.0,25,25,100,0,100,0,200,0,100.0,6004.0,100.0,42569339016.0,100.0,80387346362.0
2018-09-21,ZCH08XPX,ST12000NM0007,12000138625024,0,83,209014760,98,0,100,2,100,0,90,907473087,94,6071,100,0,100,1,,,,,100.0,0.0,100.0,0.0,,,75.0,25.0,,,100.0,41.0,100.0,305.0,25,25,100,0,100,0,200,0,100.0,6028.0,100.0,42705911608.0,100.0,80550085650.0
2018-09-22,ZCH08XPX,ST12000NM0007,12000138625024,0,78,66263816,98,0,100,2,100,0,90,912496212,94,6096,100,0,100,1,,,,,100.0,0.0,100.0,0.0,,,75.0,25.0,,,100.0,41.0,100.0,306.0,25,25,100,0,100,0,200,0,100.0,6052.0,100.0,42833916760.0,100.0,80767610970.0
2018-09-23,ZCH08XPX,ST12000NM0007,12000138625024,0,82,156132144,98,0,100,2,100,0,90,916733821,94,6119,100,0,100,1,,,,,100.0,0.0,100.0,0.0,,,76.0,24.0,,,100.0,41.0,100.0,307.0,24,24,100,0,100,0,200,0,100.0,6076.0,100.0,42943207304.0,100.0,80992329410.0
2018-09-24,ZCH08XPX,ST12000NM0007,12000138625024,0,73,20205920,98,0,100,2,100,0,90,921012781,93,6144,100,0,100,1,,,,,100.0,0.0,100.0,0.0,,,75.0,25.0,,,100.0,41.0,100.0,308.0,25,25,100,0,100,0,200,0,100.0,6100.0,100.0,43062354480.0,100.0,81225537386.0
2018-09-25,ZCH08XPX,ST12000NM0007,12000138625024,0,79,87951664,98,0,100,2,100,0,90,926062760,93,6169,100,0,100,1,,,,,100.0,0.0,100.0,0.0,,,75.0,25.0,,,100.0,41.0,100.0,309.0,25,25,100,0,100,0,200,0,100.0,6125.0,100.0,43183919048.0,100.0,81415859338.0
2018-09-26,ZCH08XPX,ST12000NM0007,12000138625024,0,82,155509904,98,0,100,2,100,0,90,930073010,93,6193,100,0,100,1,,,,,100.0,0.0,100.0,0.0,,,75.0,25.0,,,100.0,42.0,100.0,310.0,25,25,100,0,100,0,200,0,100.0,6149.0,100.0,43288964728.0,100.0,81622512554.0
2018-09-27,ZCH08XPX,ST12000NM0007,12000138625024,0,68,5859608,98,0,100,2,100,0,90,935524353,93,6217,100,0,100,1,,,,,100.0,0.0,100.0,0.0,,,75.0,25.0,,,100.0,43.0,100.0,311.0,25,25,100,0,100,0,200,0,100.0,6172.0,100.0,43418465952.0,100.0,81831642530.0
2018-09-28,ZCH08XPX,ST12000NM0007,12000138625024,0,81,116949648,98,0,100,2,100,0,90,939884690,93,6239,100,0,100,1,,,,,100.0,0.0,100.0,0.0,,,76.0,24.0,,,100.0,43.0,100.0,312.0,24,24,100,0,100,0,200,0,100.0,6195.0,100.0,43525225648.0,100.0,82080113586.0
2018-09-29,ZCH08XPX,ST12000NM0007,12000138625024,0,83,222940944,98,0,100,2,100,0,90,944640615,93,6262,100,0,100,1,,,,,100.0,0.0,100.0,0.0,,,76.0,24.0,,,100.0,43.0,100.0,313.0,24,24,100,0,100,0,200,0,100.0,6218.0,100.0,43576388816.0,100.0,82379082370.0
2018-09-30,ZCH08XPX,ST12000NM0007,12000138625024,0,84,224637064,98,0,100,2,100,0,90,947504043,93,6286,100,0,100,1,,,,,100.0,0.0,100.0,0.0,,,76.0,24.0,,,100.0,43.0,100.0,314.0,24,24,100,0,100,0,200,0,100.0,6242.0,100.0,43583835064.0,100.0,82617472954.0
2018-10-01,ZCH08XPX,ST12000NM0007,12000138625024,0,83,179926688,98,0,100,2,100,0,90,949565067,93,6310,100,0,100,1,,,,,100.0,0.0,100.0,0.0,,,76.0,24.0,,,100.0,44.0,100.0,315.0,24,24,100,0,100,0,200,0,100.0,6265.0,100.0,43590282984.0,100.0,82810455386.0
2018-10-02,ZCH08XPX,ST12000NM0007,12000138625024,0,70,10453384,98,0,100,2,100,0,90,953306232,93,6334,100,0,100,1,,,,,100.0,0.0,100.0,0.0,,,76.0,24.0,,,100.0,44.0,100.0,316.0,24,24,100,0,100,0,200,0,100.0,6289.0,100.0,43609095648.0,100.0,83110450954.0
2018-10-03,ZCH08XPX,ST12000NM0007,12000138625024,0,83,219359792,98,0,100,2,100,0,90,955008876,93,6358,100,0,100,1,,,,,100.0,0.0,100.0,0.0,,,76.0,24.0,,,100.0,45.0,100.0,317.0,24,24,100,0,100,0,200,0,100.0,6313.0,100.0,43616801496.0,100.0,83311651514.0
2018-10-04,ZCH08XPX,ST12000NM0007,12000138625024,0,83.0,186867352.0,98.0,0.0,100.0,2.0,100.0,0.0,90.0,956766856.0,93.0,6382.0,100.0,0.0,100.0,1.0,,,,,100.0,0.0,100.0,0.0,,,76.0,24.0,,,100.0,46.0,100.0,318.0,24.0,24.0,100.0,0.0,100.0,0.0,200.0,0.0,100.0,6337.0,100.0,43626298752.0,100.0,83513802570.0
2018-10-05,ZCH08XPX,ST12000NM0007,12000138625024,0,82,169764888,98,0,100,2,100,0,90,958611260,93,6407,100,0,100,1,,,,,100.0,0.0,100.0,0.0,,,76.0,24.0,,,100.0,47.0,100.0,319.0,24,24,100,0,100,0,200,0,100.0,6362.0,100.0,43634813648.0,100.0,83732325842.0
2018-10-06,ZCH08XPX,ST12000NM0007,12000138625024,0,82,155591016,98,0,100,2,100,0,90,961198858,93,6431,100,0,100,1,,,,,100.0,0.0,100.0,0.0,,,76.0,24.0,,,100.0,47.0,100.0,320.0,24,24,100,0,100,0,200,0,100.0,6385.0,100.0,43655126576.0,100.0,83941979858.0
2018-10-07,ZCH08XPX,ST12000NM0007,12000138625024,0,80,99171984,98,0,100,2,100,0,90,962633695,93,6454,100,0,100,1,,,,,100.0,0.0,100.0,0.0,,,77.0,23.0,,,100.0,48.0,100.0,321.0,23,23,100,0,100,0,200,0,100.0,6408.0,100.0,43663599280.0,100.0,84121228794.0
2018-10-08,ZCH08XPX,ST12000NM0007,12000138625024,0,79,78455256,98,0,100,2,100,0,90,964303117,93,6478,100,0,100,1,,,,,100.0,0.0,100.0,0.0,,,76.0,24.0,,,100.0,49.0,100.0,322.0,24,24,100,0,100,0,200,0,100.0,6432.0,100.0,43672437112.0,100.0,84335814930.0
2018-10-09,ZCH08XPX,ST12000NM0007,12000138625024,0,79.0,82819840.0,98.0,0.0,100.0,2.0,100.0,0.0,90.0,967589433.0,93.0,6502.0,100.0,0.0,100.0,1.0,,,,,100.0,0.0,100.0,0.0,,,76.0,24.0,,,100.0,49.0,100.0,323.0,24.0,24.0,100.0,0.0,100.0,0.0,200.0,0.0,100.0,6457.0,100.0,43695285632.0,100.0,84561471658.0
2018-10-10,ZCH08XPX,ST12000NM0007,12000138625024,0,77,52550928,98,0,100,2,100,0,90,969996830,93,6526,100,0,100,1,,,,,100.0,0.0,100.0,0.0,,,76.0,24.0,,,100.0,50.0,100.0,324.0,24,24,100,0,100,0,200,0,100.0,6480.0,100.0,43712161000.0,100.0,84758468026.0
2018-10-11,ZCH08XPX,ST12000NM0007,12000138625024,0,71,13103552,98,0,100,2,100,0,90,971652079,93,6550,100,0,100,1,,,,,100.0,0.0,100.0,0.0,,,76.0,24.0,,,100.0,50.0,100.0,325.0,24,24,100,0,100,0,200,0,100.0,6504.0,100.0,43722914680.0,100.0,84952407626.0
2018-10-12,ZCH08XPX,ST12000NM0007,12000138625024,0,84,228660968,98,0,100,2,100,0,90,973914374,93,6574,100,0,100,1,,,,,100.0,0.0,100.0,0.0,,,76.0,24.0,,,100.0,51.0,100.0,326.0,24,24,100,0,100,0,200,0,100.0,6529.0,100.0,43746598760.0,100.0,85144280962.0
2018-10-13,ZCH08XPX,ST12000NM0007,12000138625024,0,84,239158960,98,0,100,2,100,0,90,977112649,93,6599,100,0,100,1,,,,,100.0,0.0,100.0,0.0,,,76.0,24.0,,,100.0,52.0,100.0,327.0,24,24,100,0,100,0,200,0,100.0,6553.0,100.0,43795695448.0,100.0,85349822946.0
2018-10-14,ZCH08XPX,ST12000NM0007,12000138625024,0,84,224095720,98,0,100,2,100,0,90,979083649,93,6622,100,0,100,1,,,,,100.0,0.0,100.0,0.0,,,76.0,24.0,,,100.0,53.0,100.0,328.0,24,24,100,0,100,0,200,0,100.0,6576.0,100.0,43829411512.0,100.0,85545184418.0
2018-10-15,ZCH08XPX,ST12000NM0007,12000138625024,0,84,237771992,98,0,100,2,100,0,90,981460434,93,6647,100,0,100,1,,,,,100.0,0.0,100.0,0.0,,,76.0,24.0,,,100.0,54.0,100.0,329.0,24,24,100,0,100,0,200,0,100.0,6600.0,100.0,43900977504.0,100.0,85731435362.0
2018-10-16,ZCH08XPX,ST12000NM0007,12000138625024,0,84,237199840,98,0,100,2,100,0,90,984732087,93,6670,100,0,100,1,,,,,100.0,0.0,100.0,0.0,,,76.0,24.0,,,100.0,55.0,100.0,330.0,24,24,100,0,100,0,200,0,100.0,6624.0,100.0,43955959816.0,100.0,85920021674.0
2018-10-17,ZCH08XPX,ST12000NM0007,12000138625024,0,84,230138208,98,0,100,2,100,0,90,986974046,93,6694,100,0,100,1,,,,,100.0,0.0,100.0,0.0,,,76.0,24.0,,,100.0,56.0,100.0,331.0,24,24,100,0,100,0,200,0,100.0,6648.0,100.0,44006567944.0,100.0,86106492778.0
2018-10-18,ZCH08XPX,ST12000NM0007,12000138625024,0,69,7280304,98,0,100,2,100,0,90,989386707,93,6722,100,0,100,1,,,,,100.0,0.0,100.0,0.0,,,75.0,25.0,,,100.0,57.0,100.0,332.0,25,25,100,0,100,0,200,0,100.0,6675.0,100.0,44059557904.0,100.0,86318926410.0
2018-10-19,ZCH08XPX,ST12000NM0007,12000138625024,0,84,243485672,98,0,100,2,100,0,90,991769343,93,6747,100,0,100,1,,,,,100.0,0.0,100.0,0.0,,,75.0,25.0,,,100.0,57.0,100.0,333.0,25,25,100,0,100,0,200,0,100.0,6700.0,100.0,44103459536.0,100.0,86511230146.0
2018-10-20,ZCH08XPX,ST12000NM0007,12000138625024,0,71,12309696,98,0,100,2,100,0,90,995453530,93,6770,100,0,100,1,,,,,100.0,0.0,100.0,0.0,,,75.0,25.0,,,100.0,57.0,100.0,334.0,25,25,100,0,100,0,200,0,100.0,6723.0,100.0,44151526144.0,100.0,86720268834.0
2018-10-21,ZCH08XPX,ST12000NM0007,12000138625024,0,73,18942744,98,0,100,2,100,0,90,997716129,93,6795,100,0,100,1,,,,,100.0,0.0,100.0,0.0,,,75.0,25.0,,,100.0,57.0,100.0,335.0,25,25,100,0,100,0,200,0,100.0,6748.0,100.0,44209792288.0,100.0,86912777138.0
2018-10-22,ZCH08XPX,ST12000NM0007,12000138625024,0,75,30501440,98,0,100,2,100,0,90,987224,93,6819,100,0,100,1,,,,,100.0,0.0,100.0,0.0,,,75.0,25.0,,,100.0,58.0,100.0,336.0,25,25,100,0,100,0,200,0,100.0,6772.0,100.0,44261501864.0,100.0,87116766922.0
2018-10-23,ZCH08XPX,ST12000NM0007,12000138625024,0,77,48726136,98,0,100,2,100,0,66,4266411,93,6842,100,0,100,1,,,,,100.0,0.0,100.0,0.0,,,75.0,25.0,,,100.0,59.0,100.0,337.0,25,25,100,0,100,0,200,0,100.0,6795.0,100.0,44313798128.0,100.0,87326835986.0
2018-10-25,ZCH08XPX,ST12000NM0007,12000138625024,0,74,24970736,98,0,100,2,100,0,69,8782561,93,6889,100,0,100,1,,,,,100.0,0.0,100.0,0.0,,,76.0,24.0,,,100.0,59.0,100.0,339.0,24,24,100,0,100,0,200,0,100.0,6842.0,100.0,44415048840.0,100.0,87690111890.0
2018-10-26,ZCH08XPX,ST12000NM0007,12000138625024,0,73,21350392,98,0,100,2,100,0,71,11267305,93,6913,100,0,100,1,,,,,100.0,0.0,100.0,0.0,,,75.0,25.0,,,100.0,59.0,100.0,340.0,25,25,100,0,100,0,200,0,100.0,6866.0,100.0,44462970776.0,100.0,87882710314.0
2018-10-27,ZCH08XPX,ST12000NM0007,12000138625024,0,74,23206960,98,0,100,2,100,0,72,14922973,93,6937,100,0,100,1,,,,,100.0,0.0,100.0,0.0,,,75.0,25.0,,,100.0,59.0,100.0,341.0,25,25,100,0,100,0,200,0,100.0,6890.0,100.0,44524122224.0,100.0,88067556138.0
2018-10-28,ZCH08XPX,ST12000NM0007,12000138625024,0,75,28979848,98,0,100,2,100,0,72,17355439,93,6961,100,0,100,1,,,,,100.0,0.0,100.0,0.0,,,75.0,25.0,,,100.0,59.0,100.0,342.0,25,25,100,0,100,0,200,0,100.0,6913.0,100.0,44577952712.0,100.0,88263639242.0
2018-10-29,ZCH08XPX,ST12000NM0007,12000138625024,0,70,9860144,98,0,100,2,100,0,73,19552354,93,6985,100,0,100,1,,,,,100.0,0.0,100.0,0.0,,,75.0,25.0,,,100.0,59.0,100.0,343.0,25,25,100,0,100,0,200,0,100.0,6937.0,100.0,44623282704.0,100.0,88443330402.0
2018-10-30,ZCH08XPX,ST12000NM0007,12000138625024,0,75,32692888,98,0,100,2,100,0,74,22980159,92,7009,100,0,100,1,,,,,100.0,0.0,100.0,0.0,,,75.0,25.0,,,100.0,60.0,100.0,344.0,25,25,100,0,100,0,200,0,100.0,6961.0,100.0,44692280152.0,100.0,88641306330.0
2018-10-31,ZCH08XPX,ST12000NM0007,12000138625024,0,73,21160008,98.0,0.0,100.0,2.0,100.0,0.0,74.0,25172647.0,92,7033,100.0,0.0,100,1,,,,,100.0,0.0,100.0,0.0,,,75.0,25.0,,,100.0,61.0,100.0,345.0,25,25,100.0,0.0,100.0,0.0,200.0,0.0,100.0,6985.0,100.0,44746395752.0,100.0,88819798546.0
2018-11-01,ZCH08XPX,ST12000NM0007,12000138625024,0,84,230508248,98.0,0.0,100.0,2.0,100.0,0.0,74.0,27248836.0,92,7054,100.0,0.0,100,1,,,,,100.0,0.0,100.0,0.0,,,74.0,26.0,,,100.0,61.0,100.0,345.0,26,26,100.0,0.0,100.0,0.0,200.0,0.0,100.0,7006.0,100.0,44798899336.0,100.0,88976643202.0
2018-11-02,ZCH08XPX,ST12000NM0007,12000138625024,0,83,204955192,98.0,0.0,100.0,2.0,100.0,0.0,75.0,29750327.0,92,7078,100.0,0.0,100,1,,,,,100.0,0.0,100.0,0.0,,,74.0,26.0,,,100.0,61.0,100.0,346.0,26,26,100.0,0.0,100.0,0.0,200.0,0.0,100.0,7030.0,100.0,44858980656.0,100.0,89135149530.0
2018-11-03,ZCH08XPX,ST12000NM0007,12000138625024,0,76,37811632,98.0,0.0,100.0,2.0,100.0,0.0,75.0,34091330.0,92,7103,100.0,0.0,100,1,,,,,100.0,0.0,100.0,0.0,,,75.0,25.0,,,100.0,61.0,100.0,347.0,25,25,100.0,0.0,100.0,0.0,200.0,0.0,100.0,7054.0,100.0,44940880680.0,100.0,89374387394.0
2018-11-04,ZCH08XPX,ST12000NM0007,12000138625024,0,73,19724432,98.0,0.0,100.0,2.0,100.0,0.0,76.0,36706775.0,92,7126,100.0,0.0,100,1,,,,,100.0,0.0,100.0,0.0,,,75.0,25.0,,,100.0,61.0,100.0,348.0,25,25,100.0,0.0,100.0,0.0,200.0,0.0,100.0,7078.0,100.0,45002342984.0,100.0,89538978690.0
2018-11-05,ZCH08XPX,ST12000NM0007,12000138625024,0,76,38549752,98.0,0.0,100.0,2.0,100.0,0.0,76.0,39634049.0,92,7150,100.0,0.0,100,1,,,,,100.0,0.0,100.0,0.0,,,74.0,26.0,,,100.0,62.0,100.0,349.0,26,26,100.0,0.0,100.0,0.0,200.0,0.0,100.0,7102.0,100.0,45055448608.0,100.0,89748839018.0
2018-11-06,ZCH08XPX,ST12000NM0007,12000138625024,0,78.0,63174272.0,98.0,0.0,100.0,2.0,100.0,0.0,76.0,43296901.0,92.0,7174.0,100.0,0.0,100.0,1.0,,,,,100.0,0.0,100.0,0.0,,,75.0,25.0,,,100.0,63.0,100.0,351.0,25.0,25.0,100.0,0.0,100.0,0.0,200.0,0.0,100.0,7126.0,100.0,45130179192.0,100.0,89942873634.0
2018-11-07,ZCH08XPX,ST12000NM0007,12000138625024,0,78.0,69455848.0,98.0,0.0,100.0,2.0,100.0,0.0,77.0,46282593.0,92.0,7198.0,100.0,0.0,100.0,1.0,,,,,100.0,0.0,100.0,0.0,,,76.0,24.0,,,100.0,63.0,100.0,351.0,24.0,24.0,100.0,0.0,100.0,0.0,200.0,0.0,100.0,7150.0,100.0,45184861592.0,100.0,90138613522.0
2018-11-08,ZCH08XPX,ST12000NM0007,12000138625024,0,81.0,131181944.0,98.0,0.0,100.0,2.0,100.0,0.0,77.0,49502825.0,92.0,7228.0,100.0,0.0,100.0,1.0,,,,,100.0,0.0,100.0,0.0,,,76.0,24.0,,,100.0,63.0,100.0,353.0,24.0,24.0,100.0,0.0,100.0,0.0,200.0,0.0,100.0,7179.0,100.0,45252726704.0,100.0,90376615170.0
2018-11-09,ZCH08XPX,ST12000NM0007,12000138625024,0,82,142415008,98.0,0.0,100.0,2.0,100.0,0.0,77.0,52158504.0,92,7252,100.0,0.0,100,1,,,,,100.0,0.0,100.0,0.0,,,76.0,24.0,,,100.0,64.0,100.0,354.0,24,24,100.0,0.0,100.0,0.0,200.0,0.0,100.0,7203.0,100.0,45306900896.0,100.0,90577814850.0
2018-11-10,ZCH08XPX,ST12000NM0007,12000138625024,0,83,179547544,98.0,0.0,100.0,2.0,100.0,0.0,77.0,56141730.0,92,7275,100.0,0.0,100,1,,,,,100.0,0.0,100.0,0.0,,,76.0,24.0,,,100.0,65.0,100.0,355.0,24,24,100.0,0.0,100.0,0.0,200.0,0.0,100.0,7226.0,100.0,45381746368.0,100.0,90784242546.0
2018-11-11,ZCH08XPX,ST12000NM0007,12000138625024,0,83,180337456,98.0,0.0,100.0,2.0,100.0,0.0,78.0,58325162.0,92,7300,100.0,0.0,100,1,,,,,100.0,0.0,100.0,0.0,,,76.0,24.0,,,100.0,65.0,100.0,356.0,24,24,100.0,0.0,100.0,0.0,200.0,0.0,100.0,7251.0,100.0,45428498672.0,100.0,90982420882.0
2018-11-12,ZCH08XPX,ST12000NM0007,12000138625024,0,82,161271712,98.0,0.0,100.0,2.0,100.0,0.0,78.0,60943845.0,92,7324,100.0,0.0,100,1,,,,,100.0,0.0,100.0,0.0,,,76.0,24.0,,,100.0,66.0,100.0,357.0,24,24,100.0,0.0,100.0,0.0,200.0,0.0,100.0,7275.0,100.0,45493775872.0,100.0,91142218730.0
2018-11-13,ZCH08XPX,ST12000NM0007,12000138625024,0,83,188544432,98.0,0.0,100.0,2.0,100.0,0.0,78.0,64069163.0,92,7348,100.0,0.0,100,1,,,,,100.0,0.0,100.0,0.0,,,76.0,24.0,,,100.0,66.0,100.0,358.0,24,24,100.0,0.0,100.0,0.0,200.0,0.0,100.0,7299.0,100.0,45571752840.0,100.0,91335655354.0
2018-11-14,ZCH08XPX,ST12000NM0007,12000138625024,0,83,195231720,98.0,0.0,100.0,2.0,100.0,0.0,78.0,66323280.0,92,7371,100.0,0.0,100,1,,,,,100.0,0.0,100.0,0.0,,,75.0,25.0,,,100.0,67.0,100.0,359.0,25,25,100.0,0.0,100.0,0.0,200.0,0.0,100.0,7322.0,100.0,45638292248.0,100.0,91519944122.0
2018-11-15,ZCH08XPX,ST12000NM0007,12000138625024,0,83,200773232,98.0,0.0,100.0,2.0,100.0,0.0,78.0,68604320.0,92,7395,100.0,0.0,100,1,,,,,100.0,0.0,100.0,0.0,,,75.0,25.0,,,100.0,68.0,100.0,360.0,25,25,100.0,0.0,100.0,0.0,200.0,0.0,100.0,7346.0,100.0,45704512920.0,100.0,91703405594.0
2018-11-16,ZCH08XPX,ST12000NM0007,12000138625024,0,83,180920400,98.0,0.0,100.0,2.0,100.0,0.0,79.0,70921969.0,92,7420,100.0,0.0,100,1,,,,,100.0,0.0,100.0,0.0,,,75.0,25.0,,,100.0,68.0,100.0,361.0,25,25,100.0,0.0,100.0,0.0,200.0,0.0,100.0,7370.0,100.0,45778906968.0,100.0,91853299522.0
2018-11-17,ZCH08XPX,ST12000NM0007,12000138625024,0,83.0,218822656.0,98.0,0.0,100.0,2.0,100.0,0.0,79.0,74353382.0,92.0,7444.0,100.0,0.0,100.0,1.0,,,,,100.0,0.0,100.0,0.0,,,75.0,25.0,,,100.0,69.0,100.0,362.0,25.0,25.0,100.0,0.0,100.0,0.0,200.0,0.0,100.0,7394.0,100.0,45856383304.0,100.0,92057866178.0
2018-11-18,ZCH08XPX,ST12000NM0007,12000138625024,0,83,200528864,98.0,0.0,100.0,2.0,100.0,0.0,79.0,76497894.0,92,7467,100.0,0.0,100,1,,,,,100.0,0.0,100.0,0.0,,,75.0,25.0,,,100.0,70.0,100.0,363.0,25,25,100.0,0.0,100.0,0.0,200.0,0.0,100.0,7418.0,100.0,45897601584.0,100.0,92242494818.0
2018-11-19,ZCH08XPX,ST12000NM0007,12000138625024,0,82,168479400,98.0,0.0,100.0,2.0,100.0,0.0,79.0,79306390.0,92,7492,100.0,0.0,100,1,,,,,100.0,0.0,100.0,0.0,,,75.0,25.0,,,100.0,70.0,100.0,364.0,25,25,100.0,0.0,100.0,0.0,200.0,0.0,100.0,7442.0,100.0,45948770080.0,100.0,92403417706.0
2018-11-20,ZCH08XPX,ST12000NM0007,12000138625024,0,83,206088064,98.0,0.0,100.0,2.0,100.0,0.0,79.0,81964118.0,92,7515,100.0,0.0,100,1,,,,,100.0,0.0,100.0,0.0,,,75.0,25.0,,,100.0,70.0,100.0,365.0,25,25,100.0,0.0,100.0,0.0,200.0,0.0,100.0,7465.0,100.0,46016231840.0,100.0,92617705450.0
2018-11-21,ZCH08XPX,ST12000NM0007,12000138625024,0,84,227646568,98.0,0.0,100.0,2.0,100.0,0.0,79.0,84529797.0,92,7540,100.0,0.0,100,1,,,,,100.0,0.0,100.0,0.0,,,75.0,25.0,,,100.0,70.0,100.0,366.0,25,25,100.0,0.0,100.0,0.0,200.0,0.0,100.0,7490.0,100.0,46087925128.0,100.0,92811711418.0
2018-11-22,ZCH08XPX,ST12000NM0007,12000138625024,0,83,203930408,98.0,0.0,100.0,2.0,100.0,0.0,79.0,86722176.0,92,7564,100.0,0.0,100,1,,,,,100.0,0.0,100.0,0.0,,,71.0,29.0,,,100.0,71.0,100.0,367.0,29,29,100.0,0.0,100.0,0.0,200.0,0.0,100.0,7514.0,100.0,46146642168.0,100.0,92973419018.0
2018-11-23,ZCH08XPX,ST12000NM0007,12000138625024,0,82,162794720,98.0,0.0,100.0,2.0,100.0,0.0,79.0,88701496.0,92,7588,100.0,0.0,100,1,,,,,100.0,0.0,100.0,0.0,,,75.0,25.0,,,100.0,72.0,100.0,368.0,25,25,100.0,0.0,100.0,0.0,200.0,0.0,100.0,7538.0,100.0,46188095856.0,100.0,93134970506.0
2018-11-24,ZCH08XPX,ST12000NM0007,12000138625024,0,83,217900904,98.0,0.0,100.0,2.0,100.0,0.0,80.0,92733108.0,92,7612,100.0,0.0,100,1,,,,,100.0,0.0,100.0,0.0,,,75.0,25.0,,,100.0,72.0,100.0,369.0,25,25,100.0,0.0,100.0,0.0,200.0,0.0,100.0,7562.0,100.0,46245112072.0,100.0,93377201218.0
2018-11-25,ZCH08XPX,ST12000NM0007,12000138625024,0,83,213549296,98.0,0.0,100.0,2.0,100.0,0.0,80.0,95514523.0,92,7636,100.0,0.0,100,1,,,,,100.0,0.0,100.0,0.0,,,75.0,25.0,,,100.0,73.0,100.0,370.0,25,25,100.0,0.0,100.0,0.0,200.0,0.0,100.0,7586.0,100.0,46306891072.0,100.0,93555211434.0
2018-11-26,ZCH08XPX,ST12000NM0007,12000138625024,0,83,181937336,98.0,0.0,100.0,2.0,100.0,0.0,80.0,98421045.0,92,7659,100.0,0.0,100,1,,,,,100.0,0.0,100.0,0.0,,,74.0,26.0,,,100.0,73.0,100.0,371.0,26,26,100.0,0.0,100.0,0.0,200.0,0.0,100.0,7609.0,100.0,46368792600.0,100.0,93705838730.0
2018-11-27,ZCH08XPX,ST12000NM0007,12000138625024,0,83,186502288,98.0,0.0,100.0,2.0,100.0,0.0,80.0,101446521.0,92,7683,100.0,0.0,100,1,,,,,100.0,0.0,100.0,0.0,,,75.0,25.0,,,100.0,74.0,100.0,372.0,25,25,100.0,0.0,100.0,0.0,200.0,0.0,100.0,7633.0,100.0,46438081488.0,100.0,93885255482.0
2018-11-28,ZCH08XPX,ST12000NM0007,12000138625024,0,82,174468096,98.0,0.0,100.0,2.0,100.0,0.0,80.0,103638356.0,92,7707,100.0,0.0,100,1,,,,,100.0,0.0,100.0,0.0,,,75.0,25.0,,,100.0,74.0,100.0,373.0,25,25,100.0,0.0,100.0,0.0,200.0,0.0,100.0,7656.0,100.0,46487112424.0,100.0,94068331026.0
2018-11-29,ZCH08XPX,ST12000NM0007,12000138625024,0,82,161963712,98.0,0.0,100.0,2.0,100.0,0.0,80.0,105967843.0,92,7732,100.0,0.0,100,1,,,,,100.0,0.0,100.0,0.0,,,77.0,23.0,,,100.0,75.0,100.0,374.0,23,23,100.0,0.0,100.0,0.0,200.0,0.0,100.0,7681.0,100.0,46547348136.0,100.0,94239731594.0
2018-11-30,ZCH08XPX,ST12000NM0007,12000138625024,0,82,150645264,97.0,0.0,100.0,3.0,100.0,0.0,80.0,108204971.0,92,7757,100.0,0.0,100,2,,,,,100.0,0.0,100.0,0.0,,,78.0,22.0,,,100.0,75.0,100.0,378.0,22,22,100.0,0.0,100.0,0.0,200.0,0.0,100.0,7706.0,100.0,46604277120.0,100.0,94415624890.0
2018-12-01,ZCH08XPX,ST12000NM0007,12000138625024,0,83,218848424,97.0,0.0,100.0,3.0,100.0,0.0,80.0,111905716.0,92,7781,100.0,0.0,100,2,,,,,100.0,0.0,100.0,0.0,,,77.0,23.0,,,100.0,75.0,100.0,379.0,23,23,100.0,0.0,100.0,0.0,200.0,0.0,100.0,7730.0,100.0,46681517400.0,100.0,94650728530.0
2018-12-02,ZCH08XPX,ST12000NM0007,12000138625024,0,84,224015208,97.0,0.0,100.0,3.0,100.0,0.0,81.0,114187197.0,92,7806,100.0,0.0,100,2,,,,,100.0,0.0,100.0,0.0,,,78.0,22.0,,,100.0,75.0,100.0,380.0,22,22,100.0,0.0,100.0,0.0,200.0,0.0,100.0,7754.0,100.0,46744037736.0,100.0,94837515722.0
2018-12-03,ZCH08XPX,ST12000NM0007,12000138625024,0,72,15102376,97.0,0.0,100.0,3.0,100.0,0.0,81.0,117465748.0,92,7829,100.0,0.0,100,2,,,,,100.0,0.0,100.0,0.0,,,77.0,23.0,,,100.0,76.0,100.0,381.0,23,23,100.0,0.0,100.0,0.0,200.0,0.0,100.0,7778.0,100.0,46825152104.0,100.0,95035769874.0
2018-12-04,ZCH08XPX,ST12000NM0007,12000138625024,0,71,11924880,97.0,0.0,100.0,3.0,100.0,0.0,81.0,120044795.0,92,7854,100.0,0.0,100,2,,,,,100.0,0.0,100.0,0.0,,,78.0,22.0,,,100.0,77.0,100.0,382.0,22,22,100.0,0.0,100.0,0.0,200.0,0.0,100.0,7802.0,100.0,46886449464.0,100.0,95215435666.0
2018-12-05,ZCH08XPX,ST12000NM0007,12000138625024,0,83.0,210306440.0,97.0,0.0,100.0,3.0,100.0,0.0,81.0,121974546.0,92.0,7871.0,100.0,0.0,100.0,2.0,,,,,100.0,0.0,100.0,0.0,,,78.0,22.0,,,100.0,77.0,100.0,383.0,22.0,22.0,100.0,0.0,100.0,0.0,200.0,0.0,100.0,7820.0,100.0,46948281520.0,100.0,95351985170.0
2018-12-06,ZCH08XPX,ST12000NM0007,12000138625024,0,83,182008680,96.0,0.0,100.0,4.0,100.0,0.0,81.0,124144615.0,91,7902,100.0,0.0,100,3,,,,,100.0,0.0,100.0,0.0,,,78.0,22.0,,,100.0,77.0,100.0,386.0,22,22,100.0,0.0,100.0,0.0,200.0,0.0,100.0,7850.0,100.0,47019900984.0,100.0,95496208674.0
2018-12-07,ZCH08XPX,ST12000NM0007,12000138625024,0,83,209091112,96.0,0.0,100.0,4.0,100.0,0.0,81.0,127162352.0,91,7926,100.0,0.0,100,3,,,,,100.0,0.0,100.0,0.0,,,78.0,22.0,,,100.0,78.0,100.0,387.0,22,22,100.0,0.0,100.0,0.0,200.0,0.0,100.0,7874.0,100.0,47084964224.0,100.0,95702368690.0
2018-12-08,ZCH08XPX,ST12000NM0007,12000138625024,0,77,46648888,96.0,0.0,100.0,4.0,100.0,0.0,81.0,131033311.0,91,7950,100.0,0.0,100,3,,,,,100.0,0.0,100.0,0.0,,,78.0,22.0,,,100.0,78.0,100.0,388.0,22,22,100.0,0.0,100.0,0.0,200.0,0.0,100.0,7898.0,100.0,47169332208.0,100.0,95943839922.0
2018-12-09,ZCH08XPX,ST12000NM0007,12000138625024,0,76,42067264,96.0,0.0,100.0,4.0,100.0,0.0,81.0,133184494.0,91,7974,100.0,0.0,100,3,,,,,100.0,0.0,100.0,0.0,,,78.0,22.0,,,100.0,78.0,100.0,389.0,22,22,100.0,0.0,100.0,0.0,200.0,0.0,100.0,7922.0,100.0,47218968112.0,100.0,96133763074.0
2018-12-10,ZCH08XPX,ST12000NM0007,12000138625024,0,78,66533152,96.0,0.0,100.0,4.0,100.0,0.0,81.0,136600406.0,91,7998,100.0,0.0,100,3,,,,,100.0,0.0,100.0,0.0,,,77.0,23.0,,,100.0,78.0,100.0,390.0,23,23,100.0,0.0,100.0,0.0,200.0,0.0,100.0,7946.0,100.0,47291913696.0,100.0,96329424010.0
2018-12-11,ZCH08XPX,ST12000NM0007,12000138625024,0,77,55292336,96.0,0.0,100.0,4.0,100.0,0.0,81.0,138984843.0,91,8021,100.0,0.0,100,3,,,,,100.0,0.0,100.0,0.0,,,78.0,22.0,,,100.0,78.0,100.0,391.0,22,22,100.0,0.0,100.0,0.0,200.0,0.0,100.0,7969.0,100.0,47358273416.0,100.0,96495964202.0
2018-12-12,ZCH08XPX,ST12000NM0007,12000138625024,0,78,59707552,96.0,0.0,100.0,4.0,100.0,0.0,82.0,141415217.0,91,8045,100.0,0.0,100,3,,,,,100.0,0.0,100.0,0.0,,,77.0,23.0,,,100.0,78.0,100.0,392.0,23,23,100.0,0.0,100.0,0.0,200.0,0.0,100.0,7993.0,100.0,47435378168.0,100.0,96667421594.0
2018-12-13,ZCH08XPX,ST12000NM0007,12000138625024,0,79,71006448,96.0,0.0,100.0,4.0,100.0,0.0,82.0,143899913.0,91,8070,100.0,0.0,100,3,,,,,100.0,0.0,100.0,0.0,,,76.0,24.0,,,100.0,78.0,100.0,393.0,24,24,100.0,0.0,100.0,0.0,200.0,0.0,100.0,8018.0,100.0,47510072752.0,100.0,96848166546.0
2018-12-14,ZCH08XPX,ST12000NM0007,12000138625024,0,78,60527344,96.0,0.0,100.0,4.0,100.0,0.0,82.0,146116894.0,91,8094,100.0,0.0,100,3,,,,,100.0,0.0,100.0,0.0,,,77.0,23.0,,,100.0,78.0,100.0,394.0,23,23,100.0,0.0,100.0,0.0,200.0,0.0,100.0,8041.0,100.0,47580391600.0,100.0,97011509338.0
2018-12-15,ZCH08XPX,ST12000NM0007,12000138625024,0,81,117190312,96.0,0.0,100.0,4.0,100.0,0.0,82.0,149886645.0,91,8118,100.0,0.0,100,3,,,,,100.0,0.0,100.0,0.0,,,76.0,24.0,,,100.0,79.0,100.0,395.0,24,24,100.0,0.0,100.0,0.0,200.0,0.0,100.0,8065.0,100.0,47659805080.0,100.0,97232899514.0
2018-12-16,ZCH08XPX,ST12000NM0007,12000138625024,0,81,133366664,96.0,0.0,100.0,4.0,100.0,0.0,82.0,152408449.0,91,8142,100.0,0.0,100,3,,,,,100.0,0.0,100.0,0.0,,,76.0,24.0,,,100.0,79.0,100.0,396.0,24,24,100.0,0.0,100.0,0.0,200.0,0.0,100.0,8089.0,100.0,47747890696.0,100.0,97405130914.0
2018-12-17,ZCH08XPX,ST12000NM0007,12000138625024,0,81,121438488,96.0,0.0,100.0,4.0,100.0,0.0,82.0,155757916.0,91,8166,100.0,0.0,100,3,,,,,100.0,0.0,100.0,0.0,,,76.0,24.0,,,100.0,80.0,100.0,397.0,24,24,100.0,0.0,100.0,0.0,200.0,0.0,100.0,8112.0,100.0,47811035680.0,100.0,97574198554.0
2018-12-18,ZCH08XPX,ST12000NM0007,12000138625024,0,82,166749280,96.0,0.0,100.0,4.0,100.0,0.0,82.0,159168258.0,91,8189,100.0,0.0,100,3,,,,,100.0,0.0,100.0,0.0,,,76.0,24.0,,,100.0,80.0,100.0,398.0,24,24,100.0,0.0,100.0,0.0,200.0,0.0,100.0,8136.0,100.0,47885091288.0,100.0,97789594506.0
2018-12-19,ZCH08XPX,ST12000NM0007,12000138625024,0,83,196493976,96.0,0.0,100.0,4.0,100.0,0.0,82.0,162130197.0,91,8214,100.0,0.0,100,3,,,,,100.0,0.0,100.0,0.0,,,76.0,24.0,,,100.0,80.0,100.0,399.0,24,24,100.0,0.0,100.0,0.0,200.0,0.0,100.0,8160.0,100.0,47961055520.0,100.0,97987515682.0
2018-12-20,ZCH08XPX,ST12000NM0007,12000138625024,0,83,184701256,96.0,0.0,100.0,4.0,100.0,0.0,82.0,164391334.0,91,8238,100.0,0.0,100,3,,,,,100.0,0.0,100.0,0.0,,,76.0,24.0,,,100.0,81.0,100.0,400.0,24,24,100.0,0.0,100.0,0.0,200.0,0.0,100.0,8185.0,100.0,48028819640.0,100.0,98152099754.0
2018-12-21,ZCH08XPX,ST12000NM0007,12000138625024,0,82,176003768,96.0,0.0,100.0,4.0,100.0,0.0,82.0,166995046.0,91,8261,100.0,0.0,100,3,,,,,100.0,0.0,100.0,0.0,,,76.0,24.0,,,100.0,82.0,100.0,401.0,24,24,100.0,0.0,100.0,0.0,200.0,0.0,100.0,8208.0,100.0,48099572496.0,100.0,98316790250.0
2018-12-22,ZCH08XPX,ST12000NM0007,12000138625024,0,83,202923904,96.0,0.0,100.0,4.0,100.0,0.0,82.0,169585565.0,91,8286,100.0,0.0,100,3,,,,,100.0,0.0,100.0,0.0,,,76.0,24.0,,,100.0,83.0,100.0,402.0,24,24,100.0,0.0,100.0,0.0,200.0,0.0,100.0,8232.0,100.0,48165863864.0,100.0,98521559738.0
2018-12-23,ZCH08XPX,ST12000NM0007,12000138625024,0,83,195853024,96.0,0.0,100.0,4.0,100.0,0.0,82.0,171829190.0,91,8309,100.0,0.0,100,3,,,,,100.0,0.0,100.0,0.0,,,77.0,23.0,,,100.0,83.0,100.0,403.0,23,23,100.0,0.0,100.0,0.0,200.0,0.0,100.0,8256.0,100.0,48226036152.0,100.0,98698457378.0
2018-12-24,ZCH08XPX,ST12000NM0007,12000138625024,0,84,224937976,96.0,0.0,100.0,4.0,100.0,0.0,82.0,175170938.0,91,8334,100.0,0.0,100,3,,,,,100.0,0.0,100.0,0.0,,,76.0,24.0,,,100.0,83.0,100.0,404.0,24,24,100.0,0.0,100.0,0.0,200.0,0.0,100.0,8280.0,100.0,48305696408.0,100.0,98892022714.0
2018-12-25,ZCH08XPX,ST12000NM0007,12000138625024,0,84,237768584,96.0,0.0,100.0,4.0,100.0,0.0,82.0,177727124.0,91,8357,100.0,0.0,100,3,,,,,100.0,0.0,100.0,0.0,,,76.0,24.0,,,100.0,84.0,100.0,405.0,24,24,100.0,0.0,100.0,0.0,200.0,0.0,100.0,8304.0,100.0,48358819512.0,100.0,99095870978.0
2018-12-26,ZCH08XPX,ST12000NM0007,12000138625024,0,84,243825848,96.0,0.0,100.0,4.0,100.0,0.0,83.0,179859563.0,91,8382,100.0,0.0,100,3,,,,,100.0,0.0,100.0,0.0,,,77.0,23.0,,,100.0,84.0,100.0,406.0,23,23,100.0,0.0,100.0,0.0,200.0,0.0,100.0,8328.0,100.0,48410430432.0,100.0,99294458042.0
2018-12-27,ZCH08XPX,ST12000NM0007,12000138625024,0,83,213713480,96.0,0.0,100.0,4.0,100.0,0.0,83.0,181891455.0,91,8406,100.0,0.0,100,3,,,,,100.0,0.0,100.0,0.0,,,77.0,23.0,,,100.0,84.0,100.0,407.0,23,23,100.0,0.0,100.0,0.0,200.0,0.0,100.0,8352.0,100.0,48453236184.0,100.0,99465680578.0
2018-12-28,ZCH08XPX,ST12000NM0007,12000138625024,0,84,239559232,96.0,0.0,100.0,4.0,100.0,0.0,83.0,184406032.0,91,8430,100.0,0.0,100,3,,,,,100.0,0.0,100.0,0.0,,,76.0,24.0,,,100.0,85.0,100.0,408.0,24,24,100.0,0.0,100.0,0.0,200.0,0.0,100.0,8376.0,100.0,48518019736.0,100.0,99670883586.0
2018-12-29,ZCH08XPX,ST12000NM0007,12000138625024,0,78,58697200,96.0,0.0,100.0,4.0,100.0,0.0,83.0,188472191.0,91,8454,100.0,0.0,100,3,,,,,100.0,0.0,100.0,0.0,,,76.0,24.0,,,100.0,86.0,100.0,409.0,24,24,100.0,0.0,100.0,0.0,200.0,0.0,100.0,8400.0,100.0,48604339848.0,100.0,99891983138.0
2018-12-30,ZCH08XPX,ST12000NM0007,12000138625024,0,78,58013984,96.0,0.0,100.0,4.0,100.0,0.0,83.0,190939332.0,91,8478,100.0,0.0,100,3,,,,,100.0,0.0,100.0,0.0,,,77.0,23.0,,,100.0,86.0,100.0,410.0,23,23,100.0,0.0,100.0,0.0,200.0,0.0,100.0,8424.0,100.0,48668865936.0,100.0,100070914514.0
2018-12-31,ZCH08XPX,ST12000NM0007,12000138625024,0,78,70410448,96.0,0.0,100.0,4.0,100.0,0.0,83.0,194194135.0,91,8501,100.0,0.0,100,3,,,,,100.0,0.0,100.0,0.0,,,77.0,23.0,,,100.0,86.0,100.0,411.0,23,23,100.0,0.0,100.0,0.0,200.0,0.0,100.0,8447.0,100.0,48738372624.0,100.0,100257944922.0
