2018-05-12,ZCH0E05V,ST12000NM0007,12000138625024,0,83,185972080,99,0,100,1,100,0,63,2099227,100,54,100,0,100,1,,,,,100.0,0.0,100.0,0.0,,,75.0,25.0,,,100.0,0.0,100.0,85.0,25,25,100,0,100,0,200,0,100.0,29.0,100.0,647132360.0,100.0,271296130.0
2018-05-13,ZCH0E05V,ST12000NM0007,12000138625024,0,83,186222162,99,0,100,1,100,0,63,2121370,100,79,100,0,100,1,,,,,100.0,0.0,100.0,0.0,,,74.0,26.0,,,100.0,1.0,100.0,87.0,26,26,100,0,100,0,200,0,100.0,53.0,100.0,647143368.0,100.0,271535204.0
2018-05-14,ZCH0E05V,ST12000NM0007,12000138625024,0,83,186422498,99,0,100,1,100,0,63,2142518,100,102,100,0,100,1,,,,,100.0,0.0,100.0,0.0,,,74.0,26.0,,,100.0,2.0,100.0,88.0,26,26,100,0,100,0,200,0,100.0,76.0,100.0,647152896.0,100.0,271726012.0
2018-05-15,ZCH0E05V,ST12000NM0007,12000138625024,0,83.0,186631786.0,99.0,0.0,100.0,1.0,100.0,0.0,63.0,2164481.0,100.0,127.0,100.0,0.0,100.0,1.0,,,,,100.0,0.0,100.0,0.0,,,74.0,26.0,,,100.0,3.0,100.0,89.0,26.0,26.0,100.0,0.0,100.0,0.0,200.0,0.0,100.0,101.0,100.0,647163080.0,100.0,271925116.0
2018-05-16,ZCH0E05V,ST12000NM0007,12000138625024,0,100,2064672,99,0,100,1,100,0,64,2721608,100,156,100,0,100,1,,,,,100.0,0.0,100.0,0.0,,,73.0,27.0,,,100.0,3.0,100.0,91.0,27,27,100,0,100,0,200,0,100.0,130.0,100.0,680922096.0,100.0,297739672.0
2018-05-17,ZCH0E05V,ST12000NM0007,12000138625024,0,72,14511792,99,0,100,1,100,0,68,5679512,100,178,100,0,100,1,,,,,100.0,0.0,100.0,0.0,,,72.0,28.0,,,100.0,3.0,100.0,92.0,28,28,100,0,100,0,200,0,100.0,152.0,100.0,952489536.0,100.0,526900944.0
2018-05-18,ZCH0E05V,ST12000NM0007,12000138625024,0,83,190315928,99,0,100,1,100,0,70,9256725,100,202,100,0,100,1,,,,,100.0,0.0,100.0,0.0,,,73.0,27.0,,,100.0,3.0,100.0,93.0,27,27,100,0,100,0,200,0,100.0,176.0,100.0,1307268480.0,100.0,836207592.0
2018-05-19,ZCH0E05V,ST12000NM0007,12000138625024,0,82,146663680,99,0,100,1,100,0,71,12878657,100,226,100,0,100,1,,,,,100.0,0.0,100.0,0.0,,,73.0,27.0,,,100.0,3.0,100.0,94.0,27,27,100,0,100,0,200,0,100.0,200.0,100.0,1667168848.0,100.0,1165077672.0
2018-05-20,ZCH0E05V,ST12000NM0007,12000138625024,0,79,86028840,99,0,100,1,100,0,72,16504330,100,250,100,0,100,1,,,,,100.0,0.0,100.0,0.0,,,73.0,27.0,,,100.0,3.0,100.0,95.0,27,27,100,0,100,0,200,0,100.0,224.0,100.0,2025762928.0,100.0,1478271120.0
2018-05-21,ZCH0E05V,ST12000NM0007,12000138625024,0,84,242531880,99,0,100,1,100,0,73,20035747,100,274,100,0,100,1,,,,,100.0,0.0,100.0,0.0,,,73.0,27.0,,,100.0,3.0,100.0,96.0,27,27,100,0,100,0,200,0,100.0,247.0,100.0,2362112720.0,100.0,1786705968.0
2018-05-22,ZCH0E05V,ST12000NM0007,12000138625024,0,83,199968704,99,0,100,1,100,0,74,23807535,100,299,100,0,100,1,,,,,100.0,0.0,100.0,0.0,,,73.0,27.0,,,100.0,3.0,100.0,97.0,27,27,100,0,100,0,200,0,100.0,272.0,100.0,2720082256.0,100.0,2118595392.0
2018-05-23,ZCH0E05V,ST12000NM0007,12000138625024,0,81,120029192,99,0,100,1,100,0,74,27322297,100,322,100,0,100,1,,,,,100.0,0.0,100.0,0.0,,,73.0,27.0,,,100.0,3.0,100.0,98.0,27,27,100,0,100,0,200,0,100.0,295.0,100.0,3047489848.0,100.0,2443670416.0
2018-05-24,ZCH0E05V,ST12000NM0007,12000138625024,0,76,42781032,99,0,100,1,100,0,75,30987588,100,346,100,0,100,1,,,,,100.0,0.0,100.0,0.0,,,73.0,27.0,,,100.0,3.0,100.0,99.0,27,27,100,0,100,0,200,0,100.0,319.0,100.0,3363316648.0,100.0,2783017600.0
2018-05-25,ZCH0E05V,ST12000NM0007,12000138625024,0,69,7618528,99,0,100,1,100,0,75,34917173,100,372,100,0,100,1,,,,,100.0,0.0,100.0,0.0,,,73.0,27.0,,,100.0,3.0,100.0,100.0,27,27,100,0,100,0,200,0,100.0,344.0,100.0,3690145528.0,100.0,3153448288.0
2018-05-26,ZCH0E05V,ST12000NM0007,12000138625024,0,83,210428560,99,0,100,1,100,0,76,37623529,100,389,100,0,100,1,,,,,100.0,0.0,100.0,0.0,,,73.0,27.0,,,100.0,3.0,100.0,100.0,27,27,100,0,100,0,200,0,100.0,362.0,100.0,3912941304.0,100.0,3377603200.0
2018-05-27,ZCH0E05V,ST12000NM0007,12000138625024,0,81,117977816,99,0,100,1,100,0,76,41415326,100,414,100,0,100,1,,,,,100.0,0.0,100.0,0.0,,,73.0,27.0,,,100.0,3.0,100.0,101.0,27,27,100,0,100,0,200,0,100.0,387.0,100.0,4212328344.0,100.0,3718187768.0
2018-05-28,ZCH0E05V,ST12000NM0007,12000138625024,0,70,10755152,99,0,100,1,100,0,77,45121442,100,438,100,0,100,1,,,,,100.0,0.0,100.0,0.0,,,74.0,26.0,,,100.0,3.0,100.0,102.0,26,26,100,0,100,0,200,0,100.0,410.0,100.0,4518817784.0,100.0,4036897848.0
2018-05-29,ZCH0E05V,ST12000NM0007,12000138625024,0,82,169831664,99,0,100,1,100,0,77,48881598,100,462,100,0,100,1,,,,,100.0,0.0,100.0,0.0,,,74.0,26.0,,,100.0,4.0,100.0,103.0,26,26,100,0,100,0,200,0,100.0,435.0,100.0,4839026424.0,100.0,4364047352.0
2018-05-30,ZCH0E05V,ST12000NM0007,12000138625024,0,78,64491720,99,0,100,1,100,0,77,52499231,100,485,100,0,100,1,,,,,100.0,0.0,100.0,0.0,,,74.0,26.0,,,100.0,4.0,100.0,104.0,26,26,100,0,100,0,200,0,100.0,458.0,100.0,5147299392.0,100.0,4682857352.0
2018-05-31,ZCH0E05V,ST12000NM0007,12000138625024,0,83,179604400,99,0,100,1,100,0,77,56197854,100,509,100,0,100,1,,,,,100.0,0.0,100.0,0.0,,,73.0,27.0,,,100.0,4.0,100.0,105.0,27,27,100,0,100,0,200,0,100.0,481.0,100.0,5458207824.0,100.0,4975343024.0
2018-06-01,ZCH0E05V,ST12000NM0007,12000138625024,0,81,133875664,99,0,100,1,100,0,78,60237586,100,534,100,0,100,1,,,,,100.0,0.0,100.0,0.0,,,72.0,28.0,,,100.0,4.0,100.0,106.0,28,28,100,0,100,0,200,0,100.0,506.0,100.0,5798192296.0,100.0,5322052280.0
2018-06-02,ZCH0E05V,ST12000NM0007,12000138625024,0,84,233590296,99,0,100,1,100,0,78,63876269,100,557,100,0,100,1,,,,,100.0,0.0,100.0,0.0,,,74.0,26.0,,,100.0,4.0,100.0,107.0,26,26,100,0,100,0,200,0,100.0,529.0,100.0,6108628056.0,100.0,5599612664.0
2018-06-03,ZCH0E05V,ST12000NM0007,12000138625024,0,83,184837096,99,0,100,1,100,0,78,67974113,100,582,100,0,100,1,,,,,100.0,0.0,100.0,0.0,,,76.0,24.0,,,100.0,4.0,100.0,108.0,24,24,100,0,100,0,200,0,100.0,554.0,100.0,6455871968.0,100.0,5936037544.0
2018-06-04,ZCH0E05V,ST12000NM0007,12000138625024,0,79,81042048,99,0,100,1,100,0,79,71723123,100,606,100,0,100,1,,,,,100.0,0.0,100.0,0.0,,,74.0,26.0,,,100.0,4.0,100.0,109.0,26,26,100,0,100,0,200,0,100.0,578.0,100.0,6765963528.0,100.0,6254573088.0
2018-06-05,ZCH0E05V,ST12000NM0007,12000138625024,0,83,179722344,99,0,100,1,100,0,79,75373089,100,629,100,0,100,1,,,,,100.0,0.0,100.0,0.0,,,74.0,26.0,,,100.0,4.0,100.0,110.0,26,26,100,0,100,0,200,0,100.0,601.0,100.0,7054580176.0,100.0,6552918416.0
2018-06-06,ZCH0E05V,ST12000NM0007,12000138625024,0,80,104326784,99,0,100,1,100,0,79,79333538,100,654,100,0,100,1,,,,,100.0,0.0,100.0,0.0,,,74.0,26.0,,,100.0,4.0,100.0,111.0,26,26,100,0,100,0,200,0,100.0,625.0,100.0,7373681024.0,100.0,6890844216.0
2018-06-07,ZCH0E05V,ST12000NM0007,12000138625024,0,83,187334088,99,0,100,1,100,0,79,83004032,100,677,100,0,100,1,,,,,100.0,0.0,100.0,0.0,,,73.0,27.0,,,100.0,4.0,100.0,112.0,27,27,100,0,100,0,200,0,100.0,649.0,100.0,7665460384.0,100.0,7170353504.0
2018-06-08,ZCH0E05V,ST12000NM0007,12000138625024,0,79,81173424,99,0,100,1,100,0,79,86842021,100,701,100,0,100,1,,,,,100.0,0.0,100.0,0.0,,,73.0,27.0,,,100.0,4.0,100.0,114.0,27,27,100,0,100,0,200,0,100.0,673.0,100.0,7976222208.0,100.0,7485853168.0
2018-06-09,ZCH0E05V,ST12000NM0007,12000138625024,0,83,190586320,99,0,100,1,100,0,80,90501275,100,724,100,0,100,1,,,,,100.0,0.0,100.0,0.0,,,72.0,28.0,,,100.0,4.0,100.0,114.0,28,28,100,0,100,0,200,0,100.0,696.0,100.0,8275087568.0,100.0,7784682288.0
2018-06-10,ZCH0E05V,ST12000NM0007,12000138625024,0,80,101594624,99,0,100,1,100,0,80,94270972,100,748,100,0,100,1,,,,,100.0,0.0,100.0,0.0,,,72.0,28.0,,,100.0,4.0,100.0,115.0,28,28,100,0,100,0,200,0,100.0,720.0,100.0,8592910968.0,100.0,8110289368.0
2018-06-11,ZCH0E05V,ST12000NM0007,12000138625024,0,70,9513024,99,0,100,1,100,0,80,98168997,100,774,100,0,100,1,,,,,100.0,0.0,100.0,0.0,,,72.0,28.0,,,100.0,4.0,100.0,117.0,28,28,100,0,100,0,200,0,100.0,745.0,100.0,8899892600.0,100.0,8443648232.0
2018-06-12,ZCH0E05V,ST12000NM0007,12000138625024,0,81,113658192,99,0,100,1,100,0,80,101782736,100,797,100,0,100,1,,,,,100.0,0.0,100.0,0.0,,,72.0,28.0,,,100.0,4.0,100.0,118.0,28,28,100,0,100,0,200,0,100.0,768.0,100.0,9194651064.0,100.0,8741316296.0
2018-06-13,ZCH0E05V,ST12000NM0007,12000138625024,0,75,33877608,99,0,100,1,100,0,80,105756062,100,822,100,0,100,1,,,,,100.0,0.0,100.0,0.0,,,72.0,28.0,,,100.0,4.0,100.0,119.0,28,28,100,0,100,0,200,0,100.0,793.0,100.0,9515944768.0,100.0,9072664032.0
2018-06-14,ZCH0E05V,ST12000NM0007,12000138625024,0,78,70168656,99,0,100,1,100,0,80,109127385,100,845,100,0,100,1,,,,,100.0,0.0,100.0,0.0,,,72.0,28.0,,,100.0,5.0,100.0,120.0,28,28,100,0,100,0,200,0,100.0,815.0,100.0,9769951976.0,100.0,9343229504.0
2018-06-15,ZCH0E05V,ST12000NM0007,12000138625024,0,83.0,185205888.0,99.0,0.0,100.0,1.0,100.0,0.0,81.0,112796149.0,100.0,869.0,100.0,0.0,100.0,1.0,,,,,100.0,0.0,100.0,0.0,,,71.0,29.0,,,100.0,5.0,100.0,121.0,29.0,29.0,100.0,0.0,100.0,0.0,200.0,0.0,100.0,840.0,100.0,10059338088.0,100.0,9657162152.0
2018-06-16,ZCH0E05V,ST12000NM0007,12000138625024,0,76.0,43445720.0,99.0,0.0,100.0,1.0,100.0,0.0,81.0,116429275.0,99.0,892.0,100.0,0.0,100.0,1.0,,,,,100.0,0.0,100.0,0.0,,,71.0,29.0,,,100.0,5.0,100.0,122.0,29.0,29.0,100.0,0.0,100.0,0.0,200.0,0.0,100.0,863.0,100.0,10357128176.0,100.0,9950034232.0
2018-06-17,ZCH0E05V,ST12000NM0007,12000138625024,0,83.0,217190528.0,99.0,0.0,100.0,1.0,100.0,0.0,81.0,120448791.0,99.0,918.0,100.0,0.0,100.0,1.0,,,,,100.0,0.0,100.0,0.0,,,72.0,28.0,,,100.0,5.0,100.0,123.0,28.0,28.0,100.0,0.0,100.0,0.0,200.0,0.0,100.0,888.0,100.0,10679142656.0,100.0,10290046200.0
2018-06-18,ZCH0E05V,ST12000NM0007,12000138625024,0,81.0,133766744.0,99.0,0.0,100.0,1.0,100.0,0.0,81.0,124224888.0,99.0,942.0,100.0,0.0,100.0,1.0,,,,,100.0,0.0,100.0,0.0,,,72.0,28.0,,,100.0,5.0,100.0,124.0,28.0,28.0,100.0,0.0,100.0,0.0,200.0,0.0,100.0,912.0,100.0,10995055424.0,100.0,10623132184.0
2018-06-19,ZCH0E05V,ST12000NM0007,12000138625024,0,76,37843016,99,0,100,1,100,0,81,128010617,99,966,100,0,100,1,,,,,100.0,0.0,100.0,0.0,,,72.0,28.0,,,100.0,5.0,100.0,125.0,28,28,100,0,100,0,200,0,100.0,936.0,100.0,11298792424.0,100.0,10955893840.0
2018-06-20,ZCH0E05V,ST12000NM0007,12000138625024,0,80,92737720,99,0,100,1,100,0,81,131554232,99,990,100,0,100,1,,,,,100.0,0.0,100.0,0.0,,,73.0,27.0,,,100.0,5.0,100.0,126.0,27,27,100,0,100,0,200,0,100.0,960.0,100.0,11551982440.0,100.0,11245880040.0
2018-06-21,ZCH0E05V,ST12000NM0007,12000138625024,0,83,196232352,99,0,100,1,100,0,81,135340678,99,1014,100,0,100,1,,,,,100.0,0.0,100.0,0.0,,,72.0,28.0,,,100.0,5.0,100.0,127.0,28,28,100,0,100,0,200,0,100.0,984.0,100.0,11828903888.0,100.0,11560734760.0
2018-06-22,ZCH0E05V,ST12000NM0007,12000138625024,0,70,9155144,99,0,100,1,100,0,81,138832216,99,1037,100,0,100,1,,,,,100.0,0.0,100.0,0.0,,,72.0,28.0,,,100.0,5.0,100.0,127.0,28,28,100,0,100,0,200,0,100.0,1007.0,100.0,12104583200.0,100.0,11830400768.0
2018-06-23,ZCH0E05V,ST12000NM0007,12000138625024,0,81,118383744,99,0,100,1,100,0,82,142684920,99,1062,100,0,100,1,,,,,100.0,0.0,100.0,0.0,,,72.0,28.0,,,100.0,5.0,100.0,129.0,28,28,100,0,100,0,200,0,100.0,1032.0,100.0,12399915320.0,100.0,12132578544.0
2018-06-24,ZCH0E05V,ST12000NM0007,12000138625024,0,74,25555360,99,0,100,1,100,0,82,146510425,99,1086,100,0,100,1,,,,,100.0,0.0,100.0,0.0,,,72.0,28.0,,,100.0,5.0,100.0,130.0,28,28,100,0,100,0,200,0,100.0,1055.0,100.0,12712846496.0,100.0,12459241128.0
2018-06-25,ZCH0E05V,ST12000NM0007,12000138625024,0,77,50793968,99,0,100,1,100,0,82,149970732,99,1109,100,0,100,1,,,,,100.0,0.0,100.0,0.0,,,72.0,28.0,,,100.0,5.0,100.0,130.0,28,28,100,0,100,0,200,0,100.0,1079.0,100.0,12964624640.0,100.0,12720983120.0
2018-06-26,ZCH0E05V,ST12000NM0007,12000138625024,0,81,134640744,99,0,100,1,100,0,82,153655042,99,1134,100,0,100,1,,,,,100.0,0.0,100.0,0.0,,,72.0,28.0,,,100.0,5.0,100.0,131.0,28,28,100,0,100,0,200,0,100.0,1103.0,100.0,13239158472.0,100.0,13018577560.0
2018-06-27,ZCH0E05V,ST12000NM0007,12000138625024,0,83,195650672,99,0,100,1,100,0,82,157283481,99,1158,100,0,100,1,,,,,100.0,0.0,100.0,0.0,,,72.0,28.0,,,100.0,6.0,100.0,132.0,28,28,100,0,100,0,200,0,100.0,1127.0,100.0,13487319536.0,100.0,13319708144.0
2018-06-28,ZCH0E05V,ST12000NM0007,12000138625024,0,64,2507112,99,0,100,1,100,0,82,160782565,99,1181,100,0,100,1,,,,,100.0,0.0,100.0,0.0,,,72.0,28.0,,,100.0,6.0,100.0,133.0,28,28,100,0,100,0,200,0,100.0,1150.0,100.0,13739888760.0,100.0,13606417648.0
2018-06-29,ZCH0E05V,ST12000NM0007,12000138625024,0,79,75817136,99,0,100,1,100,0,82,164356293,99,1205,100,0,100,1,,,,,100.0,0.0,100.0,0.0,,,72.0,28.0,,,100.0,6.0,100.0,134.0,28,28,100,0,100,0,200,0,100.0,1174.0,100.0,14014924160.0,100.0,13892973624.0
2018-06-30,ZCH0E05V,ST12000NM0007,12000138625024,0,83,186506520,99,0,100,1,100,0,82,168019524,99,1229,100,0,100,1,,,,,100.0,0.0,100.0,0.0,,,72.0,28.0,,,100.0,6.0,100.0,135.0,28,28,100,0,100,0,200,0,100.0,1198.0,100.0,14307098648.0,100.0,14199770440.0
2018-07-01,ZCH0E05V,ST12000NM0007,12000138625024,0,76,44067448,99,0,100,1,100,0,82,171761960,99,1253,100,0,100,1,,,,,100.0,0.0,100.0,0.0,,,72.0,28.0,,,100.0,6.0,100.0,136.0,28,28,100,0,100,0,200,0,100.0,1222.0,100.0,14589235672.0,100.0,14507616768.0
2018-07-02,ZCH0E05V,ST12000NM0007,12000138625024,0,83,186614592,99,0,100,1,100,0,82,175518828,99,1278,100,0,100,1,,,,,100.0,0.0,100.0,0.0,,,72.0,28.0,,,100.0,6.0,100.0,137.0,28,28,100,0,100,0,200,0,100.0,1246.0,100.0,14890264288.0,100.0,14837416736.0
2018-07-03,ZCH0E05V,ST12000NM0007,12000138625024,0,78,59262712,99,0,100,1,100,0,83,179224926,99,1302,100,0,100,1,,,,,100.0,0.0,100.0,0.0,,,72.0,28.0,,,100.0,6.0,100.0,138.0,28,28,100,0,100,0,200,0,100.0,1271.0,100.0,15193070960.0,100.0,15139680384.0
2018-07-04,ZCH0E05V,ST12000NM0007,12000138625024,0,82,161940560,99,0,100,1,100,0,83,182882521,99,1326,100,0,100,1,,,,,100.0,0.0,100.0,0.0,,,72.0,28.0,,,100.0,6.0,100.0,139.0,28,28,100,0,100,0,200,0,100.0,1295.0,100.0,15481674544.0,100.0,15442036000.0
2018-07-05,ZCH0E05V,ST12000NM0007,12000138625024,0,83,207823704,99,0,100,1,100,0,83,186420182,99,1350,100,0,100,1,,,,,100.0,0.0,100.0,0.0,,,72.0,28.0,,,100.0,6.0,100.0,140.0,28,28,100,0,100,0,200,0,100.0,1318.0,100.0,15741421832.0,100.0,15716453376.0
2018-07-06,ZCH0E05V,ST12000NM0007,12000138625024,0,84,242252440,99,0,100,1,100,0,83,190094176,99,1373,100,0,100,1,,,,,100.0,0.0,100.0,0.0,,,73.0,27.0,,,100.0,6.0,100.0,141.0,27,27,100,0,100,0,200,0,100.0,1342.0,100.0,15996520128.0,100.0,15984065200.0
2018-07-07,ZCH0E05V,ST12000NM0007,12000138625024,0,77,52435912,99,0,100,1,100,0,83,193659657,99,1397,100,0,100,1,,,,,100.0,0.0,100.0,0.0,,,72.0,28.0,,,100.0,6.0,100.0,142.0,28,28,100,0,100,0,200,0,100.0,1366.0,100.0,16259998304.0,100.0,16263192704.0
2018-07-08,ZCH0E05V,ST12000NM0007,12000138625024,0,81,126606472,99,0,100,1,100,0,83,197243733,99,1422,100,0,100,1,,,,,100.0,0.0,100.0,0.0,,,72.0,28.0,,,100.0,6.0,100.0,143.0,28,28,100,0,100,0,200,0,100.0,1390.0,100.0,16529040008.0,100.0,16556603112.0
2018-07-09,ZCH0E05V,ST12000NM0007,12000138625024,0,83,192074128,99,0,100,1,100,0,83,200801843,99,1445,100,0,100,1,,,,,100.0,0.0,100.0,0.0,,,73.0,27.0,,,100.0,6.0,100.0,144.0,27,27,100,0,100,0,200,0,100.0,1413.0,100.0,16797520632.0,100.0,16841871784.0
2018-07-10,ZCH0E05V,ST12000NM0007,12000138625024,0,82.0,155438994.0,98.0,0.0,100.0,2.0,100.0,0.0,83.0,205348780.0,99.0,1476.0,100.0,0.0,100.0,2.0,,,,,100.0,0.0,100.0,0.0,,,78.0,22.0,,,100.0,6.0,100.0,146.0,22.0,22.0,100.0,0.0,100.0,0.0,200.0,0.0,100.0,1444.0,100.0,17151992296.0,100.0,17183187226.0
2018-07-11,ZCH0E05V,ST12000NM0007,12000138625024,0,77,52151024,98,0,100,2,100,0,83,209140932,99,1500,100,0,100,2,,,,,100.0,0.0,100.0,0.0,,,78.0,22.0,,,100.0,6.0,100.0,147.0,22,22,100,0,100,0,200,0,100.0,1468.0,100.0,17434357936.0,100.0,17529955802.0
2018-07-12,ZCH0E05V,ST12000NM0007,12000138625024,0,81,119554904,98,0,100,2,100,0,83,212630432,99,1524,100,0,100,2,,,,,100.0,0.0,100.0,0.0,,,79.0,21.0,,,100.0,6.0,100.0,148.0,21,21,100,0,100,0,200,0,100.0,1491.0,100.0,17685232664.0,100.0,17834766546.0
2018-07-13,ZCH0E05V,ST12000NM0007,12000138625024,0,83,205609328,98,0,100,2,100,0,83,216370383,99,1548,100,0,100,2,,,,,100.0,0.0,100.0,0.0,,,78.0,22.0,,,100.0,6.0,100.0,149.0,22,22,100,0,100,0,200,0,100.0,1515.0,100.0,17916619600.0,100.0,18177715786.0
2018-07-14,ZCH0E05V,ST12000NM0007,12000138625024,0,77,51803416,98,0,100,2,100,0,83,220097163,99,1572,100,0,100,2,,,,,100.0,0.0,100.0,0.0,,,78.0,22.0,,,100.0,6.0,100.0,150.0,22,22,100,0,100,0,200,0,100.0,1539.0,100.0,18201692832.0,100.0,18471258746.0
2018-07-15,ZCH0E05V,ST12000NM0007,12000138625024,0,81,130433400,98,0,100,2,100,0,83,223768644,99,1596,100,0,100,2,,,,,100.0,0.0,100.0,0.0,,,78.0,22.0,,,100.0,6.0,100.0,151.0,22,22,100,0,100,0,200,0,100.0,1564.0,100.0,18456916384.0,100.0,18782946498.0
2018-07-16,ZCH0E05V,ST12000NM0007,12000138625024,0,82,145984968,98,0,100,2,100,0,84,227306039,99,1618,100,0,100,2,,,,,100.0,0.0,100.0,0.0,,,78.0,22.0,,,100.0,6.0,100.0,152.0,22,22,100,0,100,0,200,0,100.0,1586.0,100.0,18682492704.0,100.0,19061203418.0
2018-07-17,ZCH0E05V,ST12000NM0007,12000138625024,0,83,201014752,98,0,100,2,100,0,84,231100009,99,1644,100,0,100,2,,,,,100.0,0.0,100.0,0.0,,,78.0,22.0,,,100.0,6.0,100.0,153.0,22,22,100,0,100,0,200,0,100.0,1611.0,100.0,18927578104.0,100.0,19359429570.0
2018-07-18,ZCH0E05V,ST12000NM0007,12000138625024,0,83,194753210,96,0,100,3,100,0,84,234482804,99,1667,100,0,100,3,,,,,100.0,0.0,100.0,0.0,,,78.0,22.0,,,100.0,7.0,100.0,155.0,22,22,100,0,100,0,200,0,100.0,1634.0,100.0,19121848208.0,100.0,19647179892.0
2018-07-19,ZCH0E05V,ST12000NM0007,12000138625024,0,84,235029792,96,0,100,3,100,0,84,238002657,99,1691,100,0,100,3,,,,,100.0,0.0,100.0,0.0,,,78.0,22.0,,,100.0,7.0,100.0,156.0,22,22,100,0,100,0,200,0,100.0,1658.0,100.0,19383827296.0,100.0,19913758876.0
2018-07-20,ZCH0E05V,ST12000NM0007,12000138625024,0,80,96846176,96,0,100,3,100,0,84,241810399,99,1716,100,0,100,3,,,,,100.0,0.0,100.0,0.0,,,77.0,23.0,,,100.0,7.0,100.0,157.0,23,23,100,0,100,0,200,0,100.0,1682.0,100.0,19663600232.0,100.0,20228224548.0
2018-07-21,ZCH0E05V,ST12000NM0007,12000138625024,0,82,145585088,96,0,100,3,100,0,84,245318858,99,1739,100,0,100,3,,,,,100.0,0.0,100.0,0.0,,,77.0,23.0,,,100.0,7.0,100.0,158.0,23,23,100,0,100,0,200,0,100.0,1705.0,100.0,19915828416.0,100.0,20513016876.0
2018-07-22,ZCH0E05V,ST12000NM0007,12000138625024,0,84,235606912,96,0,100,3,100,0,84,249027751,98,1764,100,0,100,3,,,,,100.0,0.0,100.0,0.0,,,77.0,23.0,,,100.0,7.0,100.0,159.0,23,23,100,0,100,0,200,0,100.0,1730.0,100.0,20173486456.0,100.0,20833662116.0
2018-07-23,ZCH0E05V,ST12000NM0007,12000138625024,0,83,179551224,96,0,100,3,100,0,84,252322413,98,1788,100,0,100,3,,,,,100.0,0.0,100.0,0.0,,,77.0,23.0,,,100.0,7.0,100.0,160.0,23,23,100,0,100,0,200,0,100.0,1755.0,100.0,20382520200.0,100.0,21056854260.0
2018-07-24,ZCH0E05V,ST12000NM0007,12000138625024,0,82,147070504,96,0,100,3,100,0,84,255577553,98,1812,100,0,100,3,,,,,100.0,0.0,100.0,0.0,,,77.0,23.0,,,100.0,7.0,100.0,161.0,23,23,100,0,100,0,200,0,100.0,1779.0,100.0,20524493320.0,100.0,21370682028.0
2018-07-25,ZCH0E05V,ST12000NM0007,12000138625024,0,74.0,27586400.0,96.0,0.0,100.0,3.0,100.0,0.0,84.0,259186209.0,98.0,1837.0,100.0,0.0,100.0,3.0,,,,,100.0,0.0,100.0,0.0,,,77.0,23.0,,,100.0,7.0,100.0,162.0,23.0,23.0,100.0,0.0,100.0,0.0,200.0,0.0,100.0,1802.0,100.0,20754891496.0,100.0,21753222228.0
2018-07-26,ZCH0E05V,ST12000NM0007,12000138625024,0,79,87977856,96,0,100,3,100,0,84,262523286,98,1859,100,0,100,3,,,,,100.0,0.0,100.0,0.0,,,77.0,23.0,,,100.0,7.0,100.0,163.0,23,23,100,0,100,0,200,0,100.0,1825.0,100.0,20941498616.0,100.0,22115288492.0
2018-07-27,ZCH0E05V,ST12000NM0007,12000138625024,0,80,94530656,96,0,100,3,100,0,84,265616127,98,1882,100,0,100,3,,,,,100.0,0.0,100.0,0.0,,,77.0,23.0,,,100.0,8.0,100.0,164.0,23,23,100,0,100,0,200,0,100.0,1848.0,100.0,21113455368.0,100.0,22438166196.0
2018-07-28,ZCH0E05V,ST12000NM0007,12000138625024,0,83,184463624,96,0,100,3,100,0,84,269190309,98,1906,100,0,100,3,,,,,100.0,0.0,100.0,0.0,,,77.0,23.0,,,100.0,8.0,100.0,165.0,23,23,100,0,100,0,200,0,100.0,1872.0,100.0,21323441544.0,100.0,22806394860.0
2018-07-29,ZCH0E05V,ST12000NM0007,12000138625024,0,81,137089832,96,0,100,3,100,0,84,272494886,98,1930,100,0,100,3,,,,,100.0,0.0,100.0,0.0,,,77.0,23.0,,,100.0,8.0,100.0,166.0,23,23,100,0,100,0,200,0,100.0,1895.0,100.0,21522360016.0,100.0,23048384068.0
2018-07-30,ZCH0E05V,ST12000NM0007,12000138625024,0,80,98131680,96,0,100,3,100,0,84,275862601,98,1953,100,0,100,3,,,,,100.0,0.0,100.0,0.0,,,77.0,23.0,,,100.0,8.0,100.0,167.0,23,23,100,0,100,0,200,0,100.0,1919.0,100.0,21725819312.0,100.0,23294248220.0
2018-07-31,ZCH0E05V,ST12000NM0007,12000138625024,0,77,52419728,96,0,100,3,100,0,84,279142195,98,1978,100,0,100,3,,,,,100.0,0.0,100.0,0.0,,,77.0,23.0,,,100.0,8.0,100.0,168.0,23,23,100,0,100,0,200,0,100.0,1943.0,100.0,21911524512.0,100.0,23551112604.0
2018-08-01,ZCH0E05V,ST12000NM0007,12000138625024,0,72,17452984,96,0,100,3,100,0,85,282514345,98,2002,100,0,100,3,,,,,100.0,0.0,100.0,0.0,,,77.0,23.0,,,100.0,8.0,100.0,169.0,23,23,100,0,100,0,200,0,100.0,1968.0,100.0,22116678872.0,100.0,23799272852.0
2018-08-02,ZCH0E05V,ST12000NM0007,12000138625024,0,64,2447376,96,0,100,3,100,0,85,285793213,98,2026,100,0,100,3,,,,,100.0,0.0,100.0,0.0,,,77.0,23.0,,,100.0,8.0,100.0,170.0,23,23,100,0,100,0,200,0,100.0,1992.0,100.0,22331752176.0,100.0,24057475236.0
2018-08-03,ZCH0E05V,ST12000NM0007,12000138625024,0,83,209613824,96,0,100,3,100,0,85,289194170,98,2050,100,0,100,3,,,,,100.0,0.0,100.0,0.0,,,77.0,23.0,,,100.0,8.0,100.0,171.0,23,23,100,0,100,0,200,0,100.0,2015.0,100.0,22539074800.0,100.0,24301459788.0
2018-08-04,ZCH0E05V,ST12000NM0007,12000138625024,0,82,168970064,96,0,100,3,100,0,85,292554573,98,2074,100,0,100,3,,,,,100.0,0.0,100.0,0.0,,,77.0,23.0,,,100.0,8.0,100.0,172.0,23,23,100,0,100,0,200,0,100.0,2039.0,100.0,22738737368.0,100.0,24549434980.0
2018-08-05,ZCH0E05V,ST12000NM0007,12000138625024,0,82,168746336,96,0,100,3,100,0,85,295967246,98,2099,100,0,100,3,,,,,100.0,0.0,100.0,0.0,,,77.0,23.0,,,100.0,8.0,100.0,173.0,23,23,100,0,100,0,200,0,100.0,2064.0,100.0,22967604624.0,100.0,24808625524.0
2018-08-06,ZCH0E05V,ST12000NM0007,12000138625024,0,82,143155704,96,0,100,3,100,0,85,299224854,98,2123,100,0,100,3,,,,,100.0,0.0,100.0,0.0,,,77.0,23.0,,,100.0,8.0,100.0,174.0,23,23,100,0,100,0,200,0,100.0,2088.0,100.0,23181649656.0,100.0,25057271284.0
2018-08-07,ZCH0E05V,ST12000NM0007,12000138625024,0,78,67158688,96,0,100,3,100,0,85,302291869,98,2146,100,0,100,3,,,,,100.0,0.0,100.0,0.0,,,77.0,23.0,,,100.0,8.0,100.0,175.0,23,23,100,0,100,0,200,0,100.0,2111.0,100.0,23381115136.0,100.0,25270090132.0
2018-08-08,ZCH0E05V,ST12000NM0007,12000138625024,0,84,237555760,96,0,100,3,100,0,85,305511663,98,2170,100,0,100,3,,,,,100.0,0.0,100.0,0.0,,,77.0,23.0,,,100.0,8.0,100.0,176.0,23,23,100,0,100,0,200,0,100.0,2135.0,100.0,23582504208.0,100.0,25483238924.0
2018-08-09,ZCH0E05V,ST12000NM0007,12000138625024,0,81,131323976,96,0,100,3,100,0,85,308337359,98,2191,100,0,100,3,,,,,100.0,0.0,100.0,0.0,,,77.0,23.0,,,100.0,8.0,100.0,177.0,23,23,100,0,100,0,200,0,100.0,2155.0,100.0,23764545840.0,100.0,25683246956.0
2018-08-10,ZCH0E05V,ST12000NM0007,12000138625024,0,80,95840728,96,0,100,3,100,0,85,311824238,98,2216,100,0,100,3,,,,,100.0,0.0,100.0,0.0,,,77.0,23.0,,,100.0,8.0,100.0,178.0,23,23,100,0,100,0,200,0,100.0,2181.0,100.0,23965757224.0,100.0,25934833796.0
2018-08-11,ZCH0E05V,ST12000NM0007,12000138625024,0,76,35695416,96,0,100,3,100,0,85,315005680,98,2239,100,0,100,3,,,,,100.0,0.0,100.0,0.0,,,77.0,23.0,,,100.0,8.0,100.0,179.0,23,23,100,0,100,0,200,0,100.0,2204.0,100.0,24159368000.0,100.0,26169359068.0
2018-08-12,ZCH0E05V,ST12000NM0007,12000138625024,0,83,207216712,96,0,100,3,100,0,85,318186605,98,2263,100,0,100,3,,,,,100.0,0.0,100.0,0.0,,,77.0,23.0,,,100.0,8.0,100.0,180.0,23,23,100,0,100,0,200,0,100.0,2228.0,100.0,24333216208.0,100.0,26411173028.0
2018-08-13,ZCH0E05V,ST12000NM0007,12000138625024,0,82,177363240,96,0,100,3,100,0,85,321895669,98,2288,100,0,100,3,,,,,100.0,0.0,100.0,0.0,,,77.0,23.0,,,100.0,8.0,100.0,181.0,23,23,100,0,100,0,200,0,100.0,2253.0,100.0,24540859584.0,100.0,26661957748.0
2018-08-14,ZCH0E05V,ST12000NM0007,12000138625024,0,80.0,106977616.0,96.0,0.0,100.0,3.0,100.0,0.0,85.0,325004949.0,98.0,2311.0,100.0,0.0,100.0,3.0,,,,,100.0,0.0,100.0,0.0,,,77.0,23.0,,,100.0,9.0,100.0,182.0,23.0,23.0,100.0,0.0,100.0,0.0,200.0,0.0,100.0,2275.0,100.0,24735458824.0,100.0,26885254476.0
2018-08-15,ZCH0E05V,ST12000NM0007,12000138625024,0,73.0,21461352.0,96.0,0.0,100.0,3.0,100.0,0.0,85.0,328116791.0,98.0,2335.0,100.0,0.0,100.0,3.0,,,,,100.0,0.0,100.0,0.0,,,77.0,23.0,,,100.0,9.0,100.0,183.0,23.0,23.0,100.0,0.0,100.0,0.0,200.0,0.0,100.0,2299.0,100.0,24892023968.0,100.0,27131454644.0
2018-08-16,ZCH0E05V,ST12000NM0007,12000138625024,0,100,2174336,96,0,100,3,100,0,85,331778996,98,2364,100,0,100,3,,,,,100.0,0.0,100.0,0.0,,,77.0,23.0,,,100.0,9.0,100.0,184.0,23,23,100,0,100,0,200,0,100.0,2328.0,100.0,25093394848.0,100.0,27399078180.0
2018-08-17,ZCH0E05V,ST12000NM0007,12000138625024,0,83,189342624,96,0,100,3,100,0,85,335085563,98,2389,100,0,100,3,,,,,100.0,0.0,100.0,0.0,,,77.0,23.0,,,100.0,9.0,100.0,185.0,23,23,100,0,100,0,200,0,100.0,2353.0,100.0,25299459096.0,100.0,27624322860.0
2018-08-18,ZCH0E05V,ST12000NM0007,12000138625024,0,81,121785120,96,0,100,3,100,0,85,338362184,98,2411,100,0,100,3,,,,,100.0,0.0,100.0,0.0,,,78.0,22.0,,,100.0,9.0,100.0,186.0,22,22,100,0,100,0,200,0,100.0,2375.0,100.0,25461456520.0,100.0,27883049340.0
2018-08-19,ZCH0E05V,ST12000NM0007,12000138625024,0,78,70305744,96,0,100,3,100,0,85,341682943,98,2437,100,0,100,3,,,,,100.0,0.0,100.0,0.0,,,77.0,23.0,,,100.0,9.0,100.0,187.0,23,23,100,0,100,0,200,0,100.0,2400.0,100.0,25648827680.0,100.0,28132480188.0
2018-08-20,ZCH0E05V,ST12000NM0007,12000138625024,0,83,192255264,96,0,100,3,100,0,85,344584126,98,2459,100,0,100,3,,,,,100.0,0.0,100.0,0.0,,,77.0,23.0,,,100.0,9.0,100.0,188.0,23,23,100,0,100,0,200,0,100.0,2423.0,100.0,25788040264.0,100.0,28359367972.0
2018-08-21,ZCH0E05V,ST12000NM0007,12000138625024,0,82,151752536,96,0,100,3,100,0,85,347975896,98,2484,100,0,100,3,,,,,100.0,0.0,100.0,0.0,,,77.0,23.0,,,100.0,9.0,100.0,189.0,23,23,100,0,100,0,200,0,100.0,2448.0,100.0,25973856232.0,100.0,28621330908.0
2018-08-22,ZCH0E05V,ST12000NM0007,12000138625024,0,81,115003024,96,0,100,3,100,0,85,351216357,98,2507,100,0,100,3,,,,,100.0,0.0,100.0,0.0,,,77.0,23.0,,,100.0,9.0,100.0,190.0,23,23,100,0,100,0,200,0,100.0,2471.0,100.0,26158225240.0,100.0,28888493932.0
2018-08-23,ZCH0E05V,ST12000NM0007,12000138625024,0,82,154537314,96,0,100,3,100,0,85,353866312,98,2526,100,0,100,3,,,,,100.0,0.0,100.0,0.0,,,77.0,23.0,,,100.0,9.0,100.0,190.0,23,23,100,0,100,0,200,0,100.0,2490.0,100.0,26245367760.0,100.0,29085026598.0
2018-08-24,ZCH0E05V,ST12000NM0007,12000138625024,0,79,87281560,96,0,100,3,100,0,86,357214727,98,2550,100,0,100,3,,,,,100.0,0.0,100.0,0.0,,,77.0,23.0,,,100.0,9.0,100.0,192.0,23,23,100,0,100,0,200,0,100.0,2514.0,100.0,26416229264.0,100.0,29335190614.0
2018-08-25,ZCH0E05V,ST12000NM0007,12000138625024,0,77,52558792,96,0,100,3,100,0,86,360822365,98,2575,100,0,100,3,,,,,100.0,0.0,100.0,0.0,,,77.0,23.0,,,100.0,9.0,100.0,193.0,23,23,100,0,100,0,200,0,100.0,2538.0,100.0,26622983080.0,100.0,29581995294.0
2018-08-26,ZCH0E05V,ST12000NM0007,12000138625024,0,74,26140664,96,0,100,3,100,0,86,364411712,98,2600,100,0,100,3,,,,,100.0,0.0,100.0,0.0,,,77.0,23.0,,,100.0,9.0,100.0,194.0,23,23,100,0,100,0,200,0,100.0,2563.0,100.0,26831996712.0,100.0,29834845278.0
2018-08-27,ZCH0E05V,ST12000NM0007,12000138625024,0,81,140522168,96,0,100,3,100,0,86,367595838,98,2624,100,0,100,3,,,,,100.0,0.0,100.0,0.0,,,77.0,23.0,,,100.0,9.0,100.0,195.0,23,23,100,0,100,0,200,0,100.0,2587.0,100.0,26998864456.0,100.0,30026499902.0
2018-08-28,ZCH0E05V,ST12000NM0007,12000138625024,0,77,46811928,96,0,100,3,100,0,86,370778200,97,2646,100,0,100,3,,,,,100.0,0.0,100.0,0.0,,,77.0,23.0,,,100.0,9.0,100.0,196.0,23,23,100,0,100,0,200,0,100.0,2609.0,100.0,27179321552.0,100.0,30240614014.0
2018-08-29,ZCH0E05V,ST12000NM0007,12000138625024,0,84,229016040,96,0,100,3,100,0,86,374212775,97,2671,100,0,100,3,,,,,100.0,0.0,100.0,0.0,,,77.0,23.0,,,100.0,9.0,100.0,197.0,23,23,100,0,100,0,200,0,100.0,2633.0,100.0,27355704960.0,100.0,30490575366.0
2018-08-30,ZCH0E05V,ST12000NM0007,12000138625024,0,81,140195912,96,0,100,3,100,0,86,377459155,97,2693,100,0,100,3,,,,,100.0,0.0,100.0,0.0,,,77.0,23.0,,,100.0,9.0,100.0,198.0,23,23,100,0,100,0,200,0,100.0,2656.0,100.0,27492314848.0,100.0,30753426798.0
2018-08-31,ZCH0E05V,ST12000NM0007,12000138625024,0,73,20079072,96,0,100,3,100,0,86,380732180,97,2717,100,0,100,3,,,,,100.0,0.0,100.0,0.0,,,78.0,22.0,,,100.0,9.0,100.0,198.0,22,22,100,0,100,0,200,0,100.0,2680.0,100.0,27670955472.0,100.0,30942951030.0
2018-09-01,ZCH0E05V,ST12000NM0007,12000138625024,0,83,193364928,96,0,100,3,100,0,86,384252673,97,2742,100,0,100,3,,,,,100.0,0.0,100.0,0.0,,,77.0,23.0,,,100.0,9.0,100.0,200.0,23,23,100,0,100,0,200,0,100.0,2705.0,100.0,27849510000.0,100.0,31181823934.0
2018-09-02,ZCH0E05V,ST12000NM0007,12000138625024,0,79,80338472,96,0,100,3,100,0,86,387303065,97,2765,100,0,100,3,,,,,100.0,0.0,100.0,0.0,,,77.0,23.0,,,100.0,9.0,100.0,201.0,23,23,100,0,100,0,200,0,100.0,2728.0,100.0,27978492624.0,100.0,31428096430.0
2018-09-03,ZCH0E05V,ST12000NM0007,12000138625024,0,82,166353120,96,0,100,3,100,0,86,390355471,97,2790,100,0,100,3,,,,,100.0,0.0,100.0,0.0,,,78.0,22.0,,,100.0,9.0,100.0,202.0,22,22,100,0,100,0,200,0,100.0,2752.0,100.0,28114441624.0,100.0,31622302838.0
2018-09-04,ZCH0E05V,ST12000NM0007,12000138625024,0,79,86802592,96,0,100,3,100,0,86,393770380,97,2814,100,0,100,3,,,,,100.0,0.0,100.0,0.0,,,77.0,23.0,,,100.0,9.0,100.0,203.0,23,23,100,0,100,0,200,0,100.0,2776.0,100.0,28291320512.0,100.0,31854155630.0
2018-09-05,ZCH0E05V,ST12000NM0007,12000138625024,0,83,201234808,96,0,100,3,100,0,86,397062354,97,2837,100,0,100,3,,,,,100.0,0.0,100.0,0.0,,,78.0,22.0,,,100.0,9.0,100.0,204.0,22,22,100,0,100,0,200,0,100.0,2799.0,100.0,28422927128.0,100.0,32081121902.0
2018-09-06,ZCH0E05V,ST12000NM0007,12000138625024,0,77,54986592,96,0,100,3,100,0,86,401590899,97,2868,100,0,100,3,,,,,100.0,0.0,100.0,0.0,,,78.0,22.0,,,100.0,10.0,100.0,205.0,22,22,100,0,100,0,200,0,100.0,2830.0,100.0,28653166248.0,100.0,32437057014.0
2018-09-07,ZCH0E05V,ST12000NM0007,12000138625024,0,82,144025096,96,0,100,3,100,0,86,404555323,97,2891,100,0,100,3,,,,,100.0,0.0,100.0,0.0,,,78.0,22.0,,,100.0,10.0,100.0,206.0,22,22,100,0,100,0,200,0,100.0,2852.0,100.0,28790811320.0,100.0,32632591078.0
2018-09-08,ZCH0E05V,ST12000NM0007,12000138625024,0,76,44299424,96,0,100,3,100,0,86,407898000,97,2915,100,0,100,3,,,,,100.0,0.0,100.0,0.0,,,78.0,22.0,,,100.0,10.0,100.0,207.0,22,22,100,0,100,0,200,0,100.0,2877.0,100.0,28956186968.0,100.0,32855771174.0
2018-09-09,ZCH0E05V,ST12000NM0007,12000138625024,0,83,197853936,96,0,100,3,100,0,86,411246425,97,2939,100,0,100,3,,,,,100.0,0.0,100.0,0.0,,,78.0,22.0,,,100.0,10.0,100.0,208.0,22,22,100,0,100,0,200,0,100.0,2901.0,100.0,29134505056.0,100.0,33075148310.0
2018-09-10,ZCH0E05V,ST12000NM0007,12000138625024,0,80,96270304,96,0,100,3,100,0,86,414541471,97,2963,100,0,100,3,,,,,100.0,0.0,100.0,0.0,,,78.0,22.0,,,100.0,10.0,100.0,209.0,22,22,100,0,100,0,200,0,100.0,2924.0,100.0,29307698360.0,100.0,33288652822.0
2018-09-11,ZCH0E05V,ST12000NM0007,12000138625024,0,68,5813488,96,0,100,3,100,0,86,417813420,97,2987,100,0,100,3,,,,,100.0,0.0,100.0,0.0,,,78.0,22.0,,,100.0,10.0,100.0,210.0,22,22,100,0,100,0,200,0,100.0,2949.0,100.0,29479893520.0,100.0,33514282206.0
2018-09-12,ZCH0E05V,ST12000NM0007,12000138625024,0,82,175417368,96,0,100,3,100,0,86,421295213,97,3011,100,0,100,3,,,,,100.0,0.0,100.0,0.0,,,77.0,23.0,,,100.0,10.0,100.0,211.0,23,23,100,0,100,0,200,0,100.0,2973.0,100.0,29640063976.0,100.0,33767856518.0
2018-09-13,ZCH0E05V,ST12000NM0007,12000138625024,0,68,6922264,96,0,100,3,100,0,86,424079558,97,3033,100,0,100,3,,,,,100.0,0.0,100.0,0.0,,,77.0,23.0,,,100.0,10.0,100.0,212.0,23,23,100,0,100,0,200,0,100.0,2994.0,100.0,29760678088.0,100.0,33967029166.0
2018-09-14,ZCH0E05V,ST12000NM0007,12000138625024,0,81,115445632,96,0,100,3,100,0,86,427087686,97,3056,100,0,100,3,,,,,100.0,0.0,100.0,0.0,,,74.0,26.0,,,100.0,10.0,100.0,213.0,26,26,100,0,100,0,200,0,100.0,3017.0,100.0,29894871832.0,100.0,34185499430.0
2018-09-15,ZCH0E05V,ST12000NM0007,12000138625024,0,73,20516192,96,0,100,3,100,0,86,430387081,97,3080,100,0,100,3,,,,,100.0,0.0,100.0,0.0,,,74.0,26.0,,,100.0,10.0,100.0,214.0,26,26,100,0,100,0,200,0,100.0,3041.0,100.0,30039577504.0,100.0,34434145726.0
2018-09-16,ZCH0E05V,ST12000NM0007,12000138625024,0,81,135052792,96,0,100,3,100,0,86,433486129,97,3103,100,0,100,3,,,,,100.0,0.0,100.0,0.0,,,74.0,26.0,,,100.0,10.0,100.0,215.0,26,26,100,0,100,0,200,0,100.0,3064.0,100.0,30177674888.0,100.0,34654725726.0
2018-09-17,ZCH0E05V,ST12000NM0007,12000138625024,0,71,13495016,96,0,100,3,100,0,86,436707044,97,3129,100,0,100,3,,,,,100.0,0.0,100.0,0.0,,,74.0,26.0,,,100.0,10.0,100.0,216.0,26,26,100,0,100,0,200,0,100.0,3089.0,100.0,30323457392.0,100.0,34875666950.0
2018-09-18,ZCH0E05V,ST12000NM0007,12000138625024,0,83,188532008,96,0,100,3,100,0,86,440042251,97,3152,100,0,100,3,,,,,100.0,0.0,100.0,0.0,,,76.0,24.0,,,100.0,10.0,100.0,217.0,24,24,100,0,100,0,200,0,100.0,3113.0,100.0,30498132184.0,100.0,35120169878.0
2018-09-19,ZCH0E05V,ST12000NM0007,12000138625024,0,82,146146608,96,0,100,3,100,0,86,443824932,97,3176,100,0,100,3,,,,,100.0,0.0,100.0,0.0,,,76.0,24.0,,,100.0,10.0,100.0,218.0,24,24,100,0,100,0,200,0,100.0,3136.0,100.0,30658886744.0,100.0,35405311342.0
2018-09-20,ZCH0E05V,ST12000NM0007,12000138625024,0,76,39441048,96,0,100,3,100,0,87,446994858,97,3201,100,0,100,3,,,,,100.0,0.0,100.0,0.0,,,76.0,24.0,,,100.0,10.0,100.0,219.0,24,24,100,0,100,0,200,0,100.0,3161.0,100.0,30786177096.0,100.0,35659597070.0
2018-09-21,ZCH0E05V,ST12000NM0007,12000138625024,0,80,98935848,96,0,100,3,100,0,87,449883289,97,3225,100,0,100,3,,,,,100.0,0.0,100.0,0.0,,,76.0,24.0,,,100.0,10.0,100.0,220.0,24,24,100,0,100,0,200,0,100.0,3185.0,100.0,30915785568.0,100.0,35833624150.0
2018-09-22,ZCH0E05V,ST12000NM0007,12000138625024,0,82,175299120,96,0,100,3,100,0,87,453040890,97,3249,100,0,100,3,,,,,100.0,0.0,100.0,0.0,,,76.0,24.0,,,100.0,10.0,100.0,221.0,24,24,100,0,100,0,200,0,100.0,3209.0,100.0,31072682280.0,100.0,35997231430.0
2018-09-23,ZCH0E05V,ST12000NM0007,12000138625024,0,81,131402608,96,0,100,3,100,0,87,456491515,97,3272,100,0,100,3,,,,,100.0,0.0,100.0,0.0,,,76.0,24.0,,,100.0,10.0,100.0,222.0,24,24,100,0,100,0,200,0,100.0,3232.0,100.0,31237094080.0,100.0,36277204710.0
2018-09-24,ZCH0E05V,ST12000NM0007,12000138625024,0,78,56545824,96,0,100,3,100,0,87,459994567,97,3296,100,0,100,3,,,,,100.0,0.0,100.0,0.0,,,76.0,24.0,,,100.0,10.0,100.0,223.0,24,24,100,0,100,0,200,0,100.0,3257.0,100.0,31414037184.0,100.0,36513686582.0
2018-09-25,ZCH0E05V,ST12000NM0007,12000138625024,0,83,203538336,96,0,100,3,100,0,87,463276924,97,3321,100,0,100,3,,,,,100.0,0.0,100.0,0.0,,,76.0,24.0,,,100.0,10.0,100.0,224.0,24,24,100,0,100,0,200,0,100.0,3281.0,100.0,31566963568.0,100.0,36751893342.0
2018-09-26,ZCH0E05V,ST12000NM0007,12000138625024,0,80,99730632,96,0,100,3,100,0,87,466518277,97,3344,100,0,100,3,,,,,100.0,0.0,100.0,0.0,,,76.0,24.0,,,100.0,10.0,100.0,225.0,24,24,100,0,100,0,200,0,100.0,3304.0,100.0,31701960856.0,100.0,37001370038.0
2018-09-27,ZCH0E05V,ST12000NM0007,12000138625024,0,82,170119864,96,0,100,3,100,0,87,469455403,97,3368,100,0,100,3,,,,,100.0,0.0,100.0,0.0,,,76.0,24.0,,,100.0,10.0,100.0,226.0,24,24,100,0,100,0,200,0,100.0,3328.0,100.0,31838250528.0,100.0,37179610278.0
2018-09-28,ZCH0E05V,ST12000NM0007,12000138625024,0,84,237428168,96,0,100,3,100,0,87,472259877,97,3389,100,0,100,3,,,,,100.0,0.0,100.0,0.0,,,76.0,24.0,,,100.0,10.0,100.0,227.0,24,24,100,0,100,0,200,0,100.0,3349.0,100.0,31941163560.0,100.0,37388146190.0
2018-09-29,ZCH0E05V,ST12000NM0007,12000138625024,0,81,114657952,96,0,100,3,100,0,87,475357459,97,3414,100,0,100,3,,,,,100.0,0.0,100.0,0.0,,,76.0,24.0,,,100.0,10.0,100.0,228.0,24,24,100,0,100,0,200,0,100.0,3373.0,100.0,32082238072.0,100.0,37612582878.0
2018-09-30,ZCH0E05V,ST12000NM0007,12000138625024,0,84,233683208,96,0,100,3,100,0,87,478440809,97,3437,100,0,100,3,,,,,100.0,0.0,100.0,0.0,,,76.0,24.0,,,100.0,10.0,100.0,229.0,24,24,100,0,100,0,200,0,100.0,3396.0,100.0,32218678744.0,100.0,37839308526.0
2018-10-01,ZCH0E05V,ST12000NM0007,12000138625024,0,81,129549624,96,0,100,3,100,0,87,482236664,97,3461,100,0,100,3,,,,,100.0,0.0,100.0,0.0,,,76.0,24.0,,,100.0,10.0,100.0,230.0,24,24,100,0,100,0,200,0,100.0,3420.0,100.0,32358209072.0,100.0,38083926102.0
2018-10-02,ZCH0E05V,ST12000NM0007,12000138625024,0,72,15284048,96,0,100,3,100,0,87,485677767,97,3485,100,0,100,3,,,,,100.0,0.0,100.0,0.0,,,76.0,24.0,,,100.0,10.0,100.0,231.0,24,24,100,0,100,0,200,0,100.0,3444.0,100.0,32517345816.0,100.0,38298805198.0
2018-10-03,ZCH0E05V,ST12000NM0007,12000138625024,0,83,191422032,96,0,100,3,100,0,87,489459757,96,3510,100,0,100,3,,,,,100.0,0.0,100.0,0.0,,,76.0,24.0,,,100.0,10.0,100.0,232.0,24,24,100,0,100,0,200,0,100.0,3469.0,100.0,32652482048.0,100.0,38583947646.0
2018-10-04,ZCH0E05V,ST12000NM0007,12000138625024,0,76.0,39138008.0,96.0,0.0,100.0,3.0,100.0,0.0,87.0,492886417.0,96.0,3534.0,100.0,0.0,100.0,3.0,,,,,100.0,0.0,100.0,0.0,,,76.0,24.0,,,100.0,10.0,100.0,233.0,24.0,24.0,100.0,0.0,100.0,0.0,200.0,0.0,100.0,3493.0,100.0,32799922168.0,100.0,38772505046.0
2018-10-05,ZCH0E05V,ST12000NM0007,12000138625024,0,81,129679480,96,0,100,3,100,0,87,496240392,96,3558,100,0,100,3,,,,,100.0,0.0,100.0,0.0,,,76.0,24.0,,,100.0,11.0,100.0,234.0,24,24,100,0,100,0,200,0,100.0,3516.0,100.0,32914958272.0,100.0,38992151094.0
2018-10-06,ZCH0E05V,ST12000NM0007,12000138625024,0,83,217392816,96,0,100,3,100,0,87,499533611,96,3581,100,0,100,3,,,,,100.0,0.0,100.0,0.0,,,76.0,24.0,,,100.0,11.0,100.0,235.0,24,24,100,0,100,0,200,0,100.0,3540.0,100.0,33018338424.0,100.0,39220625142.0
2018-10-07,ZCH0E05V,ST12000NM0007,12000138625024,0,76,39948080,96,0,100,3,100,0,87,502942519,96,3606,100,0,100,3,,,,,100.0,0.0,100.0,0.0,,,76.0,24.0,,,100.0,11.0,100.0,236.0,24,24,100,0,100,0,200,0,100.0,3564.0,100.0,33150523992.0,100.0,39399276198.0
2018-10-08,ZCH0E05V,ST12000NM0007,12000138625024,0,81,116131600,96,0,100,3,100,0,87,506272699,96,3629,100,0,100,3,,,,,100.0,0.0,100.0,0.0,,,76.0,24.0,,,100.0,11.0,100.0,237.0,24,24,100,0,100,0,200,0,100.0,3588.0,100.0,33277861744.0,100.0,39592262686.0
2018-10-09,ZCH0E05V,ST12000NM0007,12000138625024,0,74.0,24628800.0,96.0,0.0,100.0,3.0,100.0,0.0,87.0,510148918.0,96.0,3654.0,100.0,0.0,100.0,3.0,,,,,100.0,0.0,100.0,0.0,,,76.0,24.0,,,100.0,11.0,100.0,238.0,24.0,24.0,100.0,0.0,100.0,0.0,200.0,0.0,100.0,3612.0,100.0,33443978856.0,100.0,39822924086.0
2018-10-10,ZCH0E05V,ST12000NM0007,12000138625024,0,82,166044016,96,0,100,3,100,0,87,514230951,96,3677,100,0,100,3,,,,,100.0,0.0,100.0,0.0,,,76.0,24.0,,,100.0,11.0,100.0,239.0,24,24,100,0,100,0,200,0,100.0,3635.0,100.0,33588759592.0,100.0,40063699198.0
2018-10-11,ZCH0E05V,ST12000NM0007,12000138625024,0,71,13577352,96,0,100,3,100,0,87,517909832,96,3702,100,0,100,3,,,,,100.0,0.0,100.0,0.0,,,76.0,24.0,,,100.0,12.0,100.0,240.0,24,24,100,0,100,0,200,0,100.0,3660.0,100.0,33719012544.0,100.0,40269260966.0
2018-10-12,ZCH0E05V,ST12000NM0007,12000138625024,0,77,56075504,96,0,100,3,100,0,87,521144383,96,3726,100,0,100,3,,,,,100.0,0.0,100.0,0.0,,,76.0,24.0,,,100.0,12.0,100.0,241.0,24,24,100,0,100,0,200,0,100.0,3684.0,100.0,33837320208.0,100.0,40437592134.0
2018-10-13,ZCH0E05V,ST12000NM0007,12000138625024,0,82,145993992,96,0,100,3,100,0,87,524747132,96,3750,100,0,100,3,,,,,100.0,0.0,100.0,0.0,,,76.0,24.0,,,100.0,13.0,100.0,243.0,24,24,100,0,100,0,200,0,100.0,3708.0,100.0,33977572160.0,100.0,40631399374.0
2018-10-14,ZCH0E05V,ST12000NM0007,12000138625024,0,72,14377264,96,0,100,3,100,0,87,528334916,96,3774,100,0,100,3,,,,,100.0,0.0,100.0,0.0,,,76.0,24.0,,,100.0,13.0,100.0,244.0,24,24,100,0,100,0,200,0,100.0,3731.0,100.0,34132366456.0,100.0,40833269822.0
2018-10-15,ZCH0E05V,ST12000NM0007,12000138625024,0,80,94799608,96,0,100,3,100,0,87,531802422,96,3798,100,0,100,3,,,,,100.0,0.0,100.0,0.0,,,76.0,24.0,,,100.0,13.0,100.0,245.0,24,24,100,0,100,0,200,0,100.0,3756.0,100.0,34262068520.0,100.0,41028130830.0
2018-10-16,ZCH0E05V,ST12000NM0007,12000138625024,0,81,137520632,96,0,100,3,100,0,87,534959166,96,3821,100,0,100,3,,,,,100.0,0.0,100.0,0.0,,,76.0,24.0,,,100.0,14.0,100.0,246.0,24,24,100,0,100,0,200,0,100.0,3779.0,100.0,34383949000.0,100.0,41193112166.0
2018-10-17,ZCH0E05V,ST12000NM0007,12000138625024,0,84,244061960,96,0,100,3,100,0,87,538565941,96,3845,100,0,100,3,,,,,100.0,0.0,100.0,0.0,,,75.0,25.0,,,100.0,14.0,100.0,247.0,25,25,100,0,100,0,200,0,100.0,3802.0,100.0,34513291728.0,100.0,41414451470.0
2018-10-18,ZCH0E05V,ST12000NM0007,12000138625024,0,82,152274648,96,0,100,3,100,0,87,542931415,96,3874,100,0,100,3,,,,,100.0,0.0,100.0,0.0,,,76.0,24.0,,,100.0,15.0,100.0,248.0,24,24,100,0,100,0,200,0,100.0,3831.0,100.0,34693400704.0,100.0,41630836566.0
2018-10-19,ZCH0E05V,ST12000NM0007,12000138625024,0,83,190932120,96,0,100,3,100,0,87,546205537,96,3898,100,0,100,3,,,,,100.0,0.0,100.0,0.0,,,76.0,24.0,,,100.0,15.0,100.0,249.0,24,24,100,0,100,0,200,0,100.0,3855.0,100.0,34803311128.0,100.0,41803724374.0
2018-10-20,ZCH0E05V,ST12000NM0007,12000138625024,0,79,81425880,96,0,100,3,100,0,87,550120292,96,3922,100,0,100,3,,,,,100.0,0.0,100.0,0.0,,,76.0,24.0,,,100.0,15.0,100.0,250.0,24,24,100,0,100,0,200,0,100.0,3879.0,100.0,34893030488.0,100.0,42092780238.0
2018-10-21,ZCH0E05V,ST12000NM0007,12000138625024,0,81,132882976,96,0,100,3,100,0,87,553125830,96,3946,100,0,100,3,,,,,100.0,0.0,100.0,0.0,,,76.0,24.0,,,100.0,15.0,100.0,251.0,24,24,100,0,100,0,200,0,100.0,3903.0,100.0,35000396464.0,100.0,42281012238.0
2018-10-22,ZCH0E05V,ST12000NM0007,12000138625024,0,83,180467304,96,0,100,3,100,0,87,556221321,96,3970,100,0,100,3,,,,,100.0,0.0,100.0,0.0,,,76.0,24.0,,,100.0,16.0,100.0,252.0,24,24,100,0,100,0,200,0,100.0,3927.0,100.0,35111062184.0,100.0,42462071486.0
2018-10-23,ZCH0E05V,ST12000NM0007,12000138625024,0,84,225280904,96,0,100,3,100,0,87,559248202,96,3994,100,0,100,3,,,,,100.0,0.0,100.0,0.0,,,76.0,24.0,,,100.0,16.0,100.0,253.0,24,24,100,0,100,0,200,0,100.0,3951.0,100.0,35196502984.0,100.0,42665584926.0
2018-10-25,ZCH0E05V,ST12000NM0007,12000138625024,0,82,162362336,96,0,100,3,100,0,88,565793278,96,4041,100,0,100,3,,,,,100.0,0.0,100.0,0.0,,,76.0,24.0,,,100.0,16.0,100.0,255.0,24,24,100,0,100,0,200,0,100.0,3997.0,100.0,35400570656.0,100.0,43131020966.0
2018-10-26,ZCH0E05V,ST12000NM0007,12000138625024,0,83,194417832,96,0,100,3,100,0,88,568901985,96,4066,100,0,100,3,,,,,100.0,0.0,100.0,0.0,,,76.0,24.0,,,100.0,16.0,100.0,256.0,24,24,100,0,100,0,200,0,100.0,4022.0,100.0,35507647496.0,100.0,43300140302.0
2018-10-27,ZCH0E05V,ST12000NM0007,12000138625024,0,72,15095912,96,0,100,3,100,0,88,572435771,96,4090,100,0,100,3,,,,,100.0,0.0,100.0,0.0,,,76.0,24.0,,,100.0,17.0,100.0,258.0,24,24,100,0,100,0,200,0,100.0,4046.0,100.0,35627302552.0,100.0,43489444638.0
2018-10-28,ZCH0E05V,ST12000NM0007,12000138625024,0,80,90326504,96,0,100,3,100,0,88,575775663,96,4114,100,0,100,3,,,,,100.0,0.0,100.0,0.0,,,76.0,24.0,,,100.0,18.0,100.0,259.0,24,24,100,0,100,0,200,0,100.0,4070.0,100.0,35740501832.0,100.0,43695616582.0
2018-10-29,ZCH0E05V,ST12000NM0007,12000138625024,0,82,154045488,96,0,100,3,100,0,88,579174331,96,4138,100,0,100,3,,,,,100.0,0.0,100.0,0.0,,,76.0,24.0,,,100.0,18.0,100.0,260.0,24,24,100,0,100,0,200,0,100.0,4094.0,100.0,35853378328.0,100.0,43890599790.0
2018-10-30,ZCH0E05V,ST12000NM0007,12000138625024,0,83,205614960,96,0,100,3,100,0,88,582274879,96,4162,100,0,100,3,,,,,100.0,0.0,100.0,0.0,,,76.0,24.0,,,100.0,19.0,100.0,261.0,24,24,100,0,100,0,200,0,100.0,4118.0,100.0,35959099096.0,100.0,44080589158.0
2018-10-31,ZCH0E05V,ST12000NM0007,12000138625024,0,78,68424056,96.0,0.0,100.0,3.0,100.0,0.0,88.0,586424935.0,96,4185,100.0,0.0,100,3,,,,,100.0,0.0,100.0,0.0,,,75.0,25.0,,,100.0,19.0,100.0,262.0,25,25,100.0,0.0,100.0,0.0,200.0,0.0,100.0,4141.0,100.0,36069906304.0,100.0,44320872558.0
2018-11-01,ZCH0E05V,ST12000NM0007,12000138625024,0,81,122069528,96.0,0.0,100.0,3.0,100.0,0.0,88.0,589631688.0,96,4206,100.0,0.0,100,3,,,,,100.0,0.0,100.0,0.0,,,75.0,25.0,,,100.0,19.0,100.0,262.0,25,25,100.0,0.0,100.0,0.0,200.0,0.0,100.0,4162.0,100.0,36163285696.0,100.0,44525279718.0
2018-11-02,ZCH0E05V,ST12000NM0007,12000138625024,0,82,176835848,96.0,0.0,100.0,3.0,100.0,0.0,88.0,592812302.0,96,4230,100.0,0.0,100,3,,,,,100.0,0.0,100.0,0.0,,,75.0,25.0,,,100.0,20.0,100.0,263.0,25,25,100.0,0.0,100.0,0.0,200.0,0.0,100.0,4186.0,100.0,36277420832.0,100.0,44710051702.0
2018-11-03,ZCH0E05V,ST12000NM0007,12000138625024,0,76,39359312,96.0,0.0,100.0,3.0,100.0,0.0,88.0,596595001.0,96,4254,100.0,0.0,100,3,,,,,100.0,0.0,100.0,0.0,,,75.0,25.0,,,100.0,20.0,100.0,264.0,25,25,100.0,0.0,100.0,0.0,200.0,0.0,100.0,4210.0,100.0,36408848464.0,100.0,44929429278.0
2018-11-04,ZCH0E05V,ST12000NM0007,12000138625024,0,79,71787136,96.0,0.0,100.0,3.0,100.0,0.0,88.0,599498018.0,96,4277,100.0,0.0,100,3,,,,,100.0,0.0,100.0,0.0,,,76.0,24.0,,,100.0,21.0,100.0,265.0,24,24,100.0,0.0,100.0,0.0,200.0,0.0,100.0,4233.0,100.0,36506717072.0,100.0,45108129310.0
2018-11-05,ZCH0E05V,ST12000NM0007,12000138625024,0,82,165337432,96.0,0.0,100.0,3.0,100.0,0.0,88.0,603048750.0,96,4302,100.0,0.0,100,3,,,,,100.0,0.0,100.0,0.0,,,75.0,25.0,,,100.0,21.0,100.0,266.0,25,25,100.0,0.0,100.0,0.0,200.0,0.0,100.0,4258.0,100.0,36644787224.0,100.0,45307750134.0
2018-11-06,ZCH0E05V,ST12000NM0007,12000138625024,0,84.0,234301536.0,96.0,0.0,100.0,3.0,100.0,0.0,88.0,606123982.0,96.0,4325.0,100.0,0.0,100.0,3.0,,,,,100.0,0.0,100.0,0.0,,,76.0,24.0,,,100.0,22.0,100.0,267.0,24.0,24.0,100.0,0.0,100.0,0.0,200.0,0.0,100.0,4281.0,100.0,36743683736.0,100.0,45521958606.0
2018-11-07,ZCH0E05V,ST12000NM0007,12000138625024,0,82.0,144412008.0,96.0,0.0,100.0,3.0,100.0,0.0,88.0,610243808.0,96.0,4350.0,100.0,0.0,100.0,3.0,,,,,100.0,0.0,100.0,0.0,,,75.0,25.0,,,100.0,23.0,100.0,268.0,25.0,25.0,100.0,0.0,100.0,0.0,200.0,0.0,100.0,4306.0,100.0,36863699024.0,100.0,45800335294.0
2018-11-08,ZCH0E05V,ST12000NM0007,12000138625024,0,73.0,19492592.0,96.0,0.0,100.0,3.0,100.0,0.0,88.0,614199480.0,96.0,4378.0,100.0,0.0,100.0,3.0,,,,,100.0,0.0,100.0,0.0,,,77.0,23.0,,,100.0,24.0,100.0,269.0,23.0,23.0,100.0,0.0,100.0,0.0,200.0,0.0,100.0,4334.0,100.0,37000567984.0,100.0,46026828270.0
2018-11-09,ZCH0E05V,ST12000NM0007,12000138625024,0,80,91604920,96.0,0.0,100.0,3.0,100.0,0.0,88.0,617608629.0,95,4403,100.0,0.0,100,3,,,,,100.0,0.0,100.0,0.0,,,76.0,24.0,,,100.0,24.0,100.0,270.0,24,24,100.0,0.0,100.0,0.0,200.0,0.0,100.0,4358.0,100.0,37115450552.0,100.0,46228198782.0
2018-11-10,ZCH0E05V,ST12000NM0007,12000138625024,0,81,133484400,96.0,0.0,100.0,3.0,100.0,0.0,88.0,620999032.0,95,4426,100.0,0.0,100,3,,,,,100.0,0.0,100.0,0.0,,,76.0,24.0,,,100.0,24.0,100.0,271.0,24,24,100.0,0.0,100.0,0.0,200.0,0.0,100.0,4381.0,100.0,37226367696.0,100.0,46403301774.0
2018-11-11,ZCH0E05V,ST12000NM0007,12000138625024,0,81,124008880,96.0,0.0,100.0,3.0,100.0,0.0,88.0,623592509.0,95,4450,100.0,0.0,100,3,,,,,100.0,0.0,100.0,0.0,,,77.0,23.0,,,100.0,25.0,100.0,272.0,23,23,100.0,0.0,100.0,0.0,200.0,0.0,100.0,4405.0,100.0,37310856648.0,100.0,46553477934.0
2018-11-12,ZCH0E05V,ST12000NM0007,12000138625024,0,83,179212000,96.0,0.0,100.0,3.0,100.0,0.0,88.0,626799856.0,95,4475,100.0,0.0,100,3,,,,,100.0,0.0,100.0,0.0,,,76.0,24.0,,,100.0,26.0,100.0,274.0,24,24,100.0,0.0,100.0,0.0,200.0,0.0,100.0,4430.0,100.0,37410446752.0,100.0,46753231582.0
2018-11-13,ZCH0E05V,ST12000NM0007,12000138625024,0,84,241677064,96.0,0.0,100.0,3.0,100.0,0.0,88.0,630292196.0,95,4499,100.0,0.0,100,3,,,,,100.0,0.0,100.0,0.0,,,77.0,23.0,,,100.0,27.0,100.0,275.0,23,23,100.0,0.0,100.0,0.0,200.0,0.0,100.0,4454.0,100.0,37529842768.0,100.0,46940441358.0
2018-11-14,ZCH0E05V,ST12000NM0007,12000138625024,0,78,58654656,96.0,0.0,100.0,3.0,100.0,0.0,88.0,634190031.0,95,4523,100.0,0.0,100,3,,,,,100.0,0.0,100.0,0.0,,,76.0,24.0,,,100.0,27.0,100.0,276.0,24,24,100.0,0.0,100.0,0.0,200.0,0.0,100.0,4477.0,100.0,37611659464.0,100.0,47163883582.0
2018-11-15,ZCH0E05V,ST12000NM0007,12000138625024,0,80,97898088,96.0,0.0,100.0,3.0,100.0,0.0,88.0,637508657.0,95,4547,100.0,0.0,100,3,,,,,100.0,0.0,100.0,0.0,,,76.0,24.0,,,100.0,27.0,100.0,277.0,24,24,100.0,0.0,100.0,0.0,200.0,0.0,100.0,4501.0,100.0,37707769728.0,100.0,47351157638.0
2018-11-16,ZCH0E05V,ST12000NM0007,12000138625024,0,81,114176752,96.0,0.0,100.0,3.0,100.0,0.0,88.0,640449777.0,95,4572,100.0,0.0,100,3,,,,,100.0,0.0,100.0,0.0,,,76.0,24.0,,,100.0,27.0,100.0,278.0,24,24,100.0,0.0,100.0,0.0,200.0,0.0,100.0,4526.0,100.0,37802903976.0,100.0,47516442718.0
2018-11-17,ZCH0E05V,ST12000NM0007,12000138625024,0,81.0,135752224.0,96.0,0.0,100.0,3.0,100.0,0.0,88.0,643618709.0,95.0,4595.0,100.0,0.0,100.0,3.0,,,,,100.0,0.0,100.0,0.0,,,76.0,24.0,,,100.0,27.0,100.0,279.0,24.0,24.0,100.0,0.0,100.0,0.0,200.0,0.0,100.0,4549.0,100.0,37895101688.0,100.0,47689961238.0
2018-11-18,ZCH0E05V,ST12000NM0007,12000138625024,0,80,111091496,96.0,0.0,100.0,3.0,100.0,0.0,88.0,646065556.0,95,4618,100.0,0.0,100,3,,,,,100.0,0.0,100.0,0.0,,,76.0,24.0,,,100.0,27.0,100.0,280.0,24,24,100.0,0.0,100.0,0.0,200.0,0.0,100.0,4572.0,100.0,37962061560.0,100.0,47842481342.0
2018-11-19,ZCH0E05V,ST12000NM0007,12000138625024,0,80,102374216,96.0,0.0,100.0,3.0,100.0,0.0,88.0,648689094.0,95,4643,100.0,0.0,100,3,,,,,100.0,0.0,100.0,0.0,,,76.0,24.0,,,100.0,28.0,100.0,281.0,24,24,100.0,0.0,100.0,0.0,200.0,0.0,100.0,4597.0,100.0,38037444984.0,100.0,48002521294.0
2018-11-20,ZCH0E05V,ST12000NM0007,12000138625024,0,80,103730464,96.0,0.0,100.0,3.0,100.0,0.0,88.0,651659592.0,95,4667,100.0,0.0,100,3,,,,,100.0,0.0,100.0,0.0,,,76.0,24.0,,,100.0,29.0,100.0,282.0,24,24,100.0,0.0,100.0,0.0,200.0,0.0,100.0,4620.0,100.0,38122032216.0,100.0,48163431022.0
2018-11-21,ZCH0E05V,ST12000NM0007,12000138625024,0,82,147117208,96.0,0.0,100.0,3.0,100.0,0.0,88.0,655008216.0,95,4691,100.0,0.0,100,3,,,,,100.0,0.0,100.0,0.0,,,75.0,25.0,,,100.0,29.0,100.0,283.0,25,25,100.0,0.0,100.0,0.0,200.0,0.0,100.0,4645.0,100.0,38195685344.0,100.0,48377305326.0
2018-11-22,ZCH0E05V,ST12000NM0007,12000138625024,0,82,160269592,96.0,0.0,100.0,3.0,100.0,0.0,88.0,657945911.0,95,4716,100.0,0.0,100,3,,,,,100.0,0.0,100.0,0.0,,,72.0,28.0,,,100.0,30.0,100.0,284.0,28,28,100.0,0.0,100.0,0.0,200.0,0.0,100.0,4669.0,100.0,38264664432.0,100.0,48565619278.0
2018-11-23,ZCH0E05V,ST12000NM0007,12000138625024,0,81,140992496,96.0,0.0,100.0,3.0,100.0,0.0,88.0,660562169.0,95,4739,100.0,0.0,100,3,,,,,100.0,0.0,100.0,0.0,,,76.0,24.0,,,100.0,30.0,100.0,285.0,24,24,100.0,0.0,100.0,0.0,200.0,0.0,100.0,4693.0,100.0,38328004408.0,100.0,48727143022.0
2018-11-24,ZCH0E05V,ST12000NM0007,12000138625024,0,81,139478328,96.0,0.0,100.0,3.0,100.0,0.0,88.0,663638298.0,95,4763,100.0,0.0,100,3,,,,,100.0,0.0,100.0,0.0,,,76.0,24.0,,,100.0,31.0,100.0,286.0,24,24,100.0,0.0,100.0,0.0,200.0,0.0,100.0,4716.0,100.0,38402222088.0,100.0,48895551822.0
2018-11-25,ZCH0E05V,ST12000NM0007,12000138625024,0,82,159089648,96.0,0.0,100.0,3.0,100.0,0.0,88.0,666448601.0,95,4787,100.0,0.0,100,3,,,,,100.0,0.0,100.0,0.0,,,76.0,24.0,,,100.0,31.0,100.0,287.0,24,24,100.0,0.0,100.0,0.0,200.0,0.0,100.0,4740.0,100.0,38472894488.0,100.0,49088631446.0
2018-11-26,ZCH0E05V,ST12000NM0007,12000138625024,0,82,175295504,96.0,0.0,100.0,3.0,100.0,0.0,88.0,669995451.0,95,4811,100.0,0.0,100,3,,,,,100.0,0.0,100.0,0.0,,,76.0,24.0,,,100.0,31.0,100.0,288.0,24,24,100.0,0.0,100.0,0.0,200.0,0.0,100.0,4764.0,100.0,38535462024.0,100.0,49286410430.0
2018-11-27,ZCH0E05V,ST12000NM0007,12000138625024,0,83,181861264,96.0,0.0,100.0,3.0,100.0,0.0,88.0,672729798.0,95,4835,100.0,0.0,100,3,,,,,100.0,0.0,100.0,0.0,,,76.0,24.0,,,100.0,32.0,100.0,289.0,24,24,100.0,0.0,100.0,0.0,200.0,0.0,100.0,4788.0,100.0,38609578920.0,100.0,49462999942.0
2018-11-28,ZCH0E05V,ST12000NM0007,12000138625024,0,83,212113712,96.0,0.0,100.0,3.0,100.0,0.0,88.0,675893773.0,95,4859,100.0,0.0,100,3,,,,,100.0,0.0,100.0,0.0,,,76.0,24.0,,,100.0,32.0,100.0,290.0,24,24,100.0,0.0,100.0,0.0,200.0,0.0,100.0,4812.0,100.0,38678184072.0,100.0,49668788078.0
2018-11-29,ZCH0E05V,ST12000NM0007,12000138625024,0,70,9468272,96.0,0.0,100.0,3.0,100.0,0.0,88.0,678727895.0,95,4883,100.0,0.0,100,3,,,,,100.0,0.0,100.0,0.0,,,78.0,22.0,,,100.0,32.0,100.0,291.0,22,22,100.0,0.0,100.0,0.0,200.0,0.0,100.0,4836.0,100.0,38738165936.0,100.0,49894442286.0
2018-11-30,ZCH0E05V,ST12000NM0007,12000138625024,0,84,224300730,96.0,0.0,100.0,3.0,100.0,0.0,88.0,681232305.0,95,4905,100.0,0.0,100,3,,,,,100.0,0.0,100.0,0.0,,,78.0,22.0,,,100.0,32.0,100.0,292.0,22,22,100.0,0.0,100.0,0.0,200.0,0.0,100.0,4858.0,100.0,38808051832.0,100.0,50039388848.0
2018-12-01,ZCH0E05V,ST12000NM0007,12000138625024,0,77,48416128,96.0,0.0,100.0,3.0,100.0,0.0,88.0,684747034.0,95,4929,100.0,0.0,100,3,,,,,100.0,0.0,100.0,0.0,,,78.0,22.0,,,100.0,32.0,100.0,293.0,22,22,100.0,0.0,100.0,0.0,200.0,0.0,100.0,4882.0,100.0,38897466176.0,100.0,50262371448.0
2018-12-02,ZCH0E05V,ST12000NM0007,12000138625024,0,78,66881976,96.0,0.0,100.0,3.0,100.0,0.0,88.0,687628942.0,95,4953,100.0,0.0,100,3,,,,,100.0,0.0,100.0,0.0,,,78.0,22.0,,,100.0,32.0,100.0,294.0,22,22,100.0,0.0,100.0,0.0,200.0,0.0,100.0,4906.0,100.0,38969270664.0,100.0,50453173560.0
2018-12-03,ZCH0E05V,ST12000NM0007,12000138625024,0,80,98551104,96.0,0.0,100.0,3.0,100.0,0.0,88.0,690571935.0,95,4976,100.0,0.0,100,3,,,,,100.0,0.0,100.0,0.0,,,78.0,22.0,,,100.0,32.0,100.0,295.0,22,22,100.0,0.0,100.0,0.0,200.0,0.0,100.0,4928.0,100.0,39044033264.0,100.0,50654220728.0
2018-12-04,ZCH0E05V,ST12000NM0007,12000138625024,0,81,129556112,96.0,0.0,100.0,3.0,100.0,0.0,88.0,693685878.0,95,5000,100.0,0.0,100,3,,,,,100.0,0.0,100.0,0.0,,,78.0,22.0,,,100.0,33.0,100.0,296.0,22,22,100.0,0.0,100.0,0.0,200.0,0.0,100.0,4953.0,100.0,39113536184.0,100.0,50859863496.0
2018-12-05,ZCH0E05V,ST12000NM0007,12000138625024,0,82.0,167886704.0,96.0,0.0,100.0,3.0,100.0,0.0,88.0,697203833.0,95.0,5025.0,100.0,0.0,100.0,3.0,,,,,100.0,0.0,100.0,0.0,,,78.0,22.0,,,100.0,34.0,100.0,297.0,22.0,22.0,100.0,0.0,100.0,0.0,200.0,0.0,100.0,4977.0,100.0,39185895144.0,100.0,51069975848.0
2018-12-06,ZCH0E05V,ST12000NM0007,12000138625024,0,83,219240176,96.0,0.0,100.0,3.0,100.0,0.0,88.0,700788072.0,95,5053,100.0,0.0,100,3,,,,,100.0,0.0,100.0,0.0,,,78.0,22.0,,,100.0,35.0,100.0,298.0,22,22,100.0,0.0,100.0,0.0,200.0,0.0,100.0,5005.0,100.0,39284205888.0,100.0,51267159256.0
2018-12-07,ZCH0E05V,ST12000NM0007,12000138625024,0,83,212651224,96.0,0.0,100.0,3.0,100.0,0.0,88.0,704187670.0,95,5077,100.0,0.0,100,3,,,,,100.0,0.0,100.0,0.0,,,79.0,21.0,,,100.0,35.0,100.0,299.0,21,21,100.0,0.0,100.0,0.0,200.0,0.0,100.0,5029.0,100.0,39347467392.0,100.0,51441449432.0
2018-12-08,ZCH0E05V,ST12000NM0007,12000138625024,0,83,212175904,96.0,0.0,100.0,3.0,100.0,0.0,88.0,707188759.0,95,5102,100.0,0.0,100,3,,,,,100.0,0.0,100.0,0.0,,,78.0,22.0,,,100.0,35.0,100.0,300.0,22,22,100.0,0.0,100.0,0.0,200.0,0.0,100.0,5053.0,100.0,39424701640.0,100.0,51607880496.0
2018-12-09,ZCH0E05V,ST12000NM0007,12000138625024,0,82,147119824,96.0,0.0,100.0,3.0,100.0,0.0,89.0,709555778.0,95,5125,100.0,0.0,100,3,,,,,100.0,0.0,100.0,0.0,,,78.0,22.0,,,100.0,35.0,100.0,301.0,22,22,100.0,0.0,100.0,0.0,200.0,0.0,100.0,5077.0,100.0,39482733336.0,100.0,51728933480.0
2018-12-10,ZCH0E05V,ST12000NM0007,12000138625024,0,82,141487088,96.0,0.0,100.0,3.0,100.0,0.0,89.0,712159371.0,95,5149,100.0,0.0,100,3,,,,,100.0,0.0,100.0,0.0,,,78.0,22.0,,,100.0,36.0,100.0,302.0,22,22,100.0,0.0,100.0,0.0,200.0,0.0,100.0,5101.0,100.0,39556434360.0,100.0,51893740528.0
2018-12-11,ZCH0E05V,ST12000NM0007,12000138625024,0,81,117765448,96.0,0.0,100.0,3.0,100.0,0.0,89.0,714653201.0,95,5173,100.0,0.0,100,3,,,,,100.0,0.0,100.0,0.0,,,78.0,22.0,,,100.0,37.0,100.0,303.0,22,22,100.0,0.0,100.0,0.0,200.0,0.0,100.0,5125.0,100.0,39628812656.0,100.0,52041781288.0
2018-12-12,ZCH0E05V,ST12000NM0007,12000138625024,0,80,105085384,96.0,0.0,100.0,3.0,100.0,0.0,89.0,717633910.0,95,5198,100.0,0.0,100,3,,,,,100.0,0.0,100.0,0.0,,,79.0,21.0,,,100.0,38.0,100.0,304.0,21,21,100.0,0.0,100.0,0.0,200.0,0.0,100.0,5149.0,100.0,39694922728.0,100.0,52207132024.0
2018-12-13,ZCH0E05V,ST12000NM0007,12000138625024,0,78,67435264,96.0,0.0,100.0,3.0,100.0,0.0,89.0,720045176.0,95,5221,100.0,0.0,100,3,,,,,100.0,0.0,100.0,0.0,,,77.0,23.0,,,100.0,39.0,100.0,305.0,23,23,100.0,0.0,100.0,0.0,200.0,0.0,100.0,5173.0,100.0,39751383008.0,100.0,52357162264.0
2018-12-14,ZCH0E05V,ST12000NM0007,12000138625024,0,77,47493288,96.0,0.0,100.0,3.0,100.0,0.0,89.0,722580774.0,95,5245,100.0,0.0,100,3,,,,,100.0,0.0,100.0,0.0,,,77.0,23.0,,,100.0,40.0,100.0,306.0,23,23,100.0,0.0,100.0,0.0,200.0,0.0,100.0,5197.0,100.0,39810539144.0,100.0,52522204800.0
2018-12-15,ZCH0E05V,ST12000NM0007,12000138625024,0,79,86025552,96.0,0.0,100.0,3.0,100.0,0.0,89.0,726459203.0,94,5270,100.0,0.0,100,3,,,,,100.0,0.0,100.0,0.0,,,77.0,23.0,,,100.0,41.0,100.0,307.0,23,23,100.0,0.0,100.0,0.0,200.0,0.0,100.0,5221.0,100.0,39874117936.0,100.0,52741298952.0
2018-12-16,ZCH0E05V,ST12000NM0007,12000138625024,0,80,94606824,96.0,0.0,100.0,3.0,100.0,0.0,89.0,729072948.0,94,5293,100.0,0.0,100,3,,,,,100.0,0.0,100.0,0.0,,,77.0,23.0,,,100.0,41.0,100.0,308.0,23,23,100.0,0.0,100.0,0.0,200.0,0.0,100.0,5245.0,100.0,39935629648.0,100.0,52932509184.0
2018-12-17,ZCH0E05V,ST12000NM0007,12000138625024,0,78,56979568,96.0,0.0,100.0,3.0,100.0,0.0,89.0,731680541.0,94,5317,100.0,0.0,100,3,,,,,100.0,0.0,100.0,0.0,,,77.0,23.0,,,100.0,42.0,100.0,309.0,23,23,100.0,0.0,100.0,0.0,200.0,0.0,100.0,5268.0,100.0,40006618920.0,100.0,53068033408.0
2018-12-18,ZCH0E05V,ST12000NM0007,12000138625024,0,77,56168920,96.0,0.0,100.0,3.0,100.0,0.0,89.0,734419487.0,94,5342,100.0,0.0,100,3,,,,,100.0,0.0,100.0,0.0,,,77.0,23.0,,,100.0,42.0,100.0,310.0,23,23,100.0,0.0,100.0,0.0,200.0,0.0,100.0,5293.0,100.0,40072750080.0,100.0,53245233920.0
2018-12-19,ZCH0E05V,ST12000NM0007,12000138625024,0,79,78425704,96.0,0.0,100.0,3.0,100.0,0.0,89.0,737503075.0,94,5365,100.0,0.0,100,3,,,,,100.0,0.0,100.0,0.0,,,78.0,22.0,,,100.0,43.0,100.0,311.0,22,22,100.0,0.0,100.0,0.0,200.0,0.0,100.0,5316.0,100.0,40141497368.0,100.0,53442884200.0
2018-12-20,ZCH0E05V,ST12000NM0007,12000138625024,0,79,81435840,96.0,0.0,100.0,3.0,100.0,0.0,89.0,740213318.0,94,5389,100.0,0.0,100,3,,,,,100.0,0.0,100.0,0.0,,,78.0,22.0,,,100.0,43.0,100.0,312.0,22,22,100.0,0.0,100.0,0.0,200.0,0.0,100.0,5340.0,100.0,40224825512.0,100.0,53606706960.0
2018-12-21,ZCH0E05V,ST12000NM0007,12000138625024,0,79,87473216,96.0,0.0,100.0,3.0,100.0,0.0,89.0,742982214.0,94,5414,100.0,0.0,100,3,,,,,100.0,0.0,100.0,0.0,,,77.0,23.0,,,100.0,43.0,100.0,313.0,23,23,100.0,0.0,100.0,0.0,200.0,0.0,100.0,5365.0,100.0,40304111232.0,100.0,53777599288.0
2018-12-22,ZCH0E05V,ST12000NM0007,12000138625024,0,78,64828824,96.0,0.0,100.0,3.0,100.0,0.0,89.0,746008421.0,94,5437,100.0,0.0,100,3,,,,,100.0,0.0,100.0,0.0,,,77.0,23.0,,,100.0,44.0,100.0,314.0,23,23,100.0,0.0,100.0,0.0,200.0,0.0,100.0,5388.0,100.0,40375379768.0,100.0,53927827136.0
2018-12-23,ZCH0E05V,ST12000NM0007,12000138625024,0,76,40881056,96.0,0.0,100.0,3.0,100.0,0.0,89.0,748494515.0,94,5462,100.0,0.0,100,3,,,,,100.0,0.0,100.0,0.0,,,78.0,22.0,,,100.0,44.0,100.0,315.0,22,22,100.0,0.0,100.0,0.0,200.0,0.0,100.0,5412.0,100.0,40433967472.0,100.0,54089432312.0
2018-12-24,ZCH0E05V,ST12000NM0007,12000138625024,0,66,4167448,96.0,0.0,100.0,3.0,100.0,0.0,89.0,750764599.0,94,5485,100.0,0.0,100,3,,,,,100.0,0.0,100.0,0.0,,,78.0,22.0,,,100.0,44.0,100.0,316.0,22,22,100.0,0.0,100.0,0.0,200.0,0.0,100.0,5435.0,100.0,40494704136.0,100.0,54236122696.0
2018-12-25,ZCH0E05V,ST12000NM0007,12000138625024,0,84,224688792,96.0,0.0,100.0,3.0,100.0,0.0,89.0,753052702.0,94,5509,100.0,0.0,100,3,,,,,100.0,0.0,100.0,0.0,,,78.0,22.0,,,100.0,44.0,100.0,317.0,22,22,100.0,0.0,100.0,0.0,200.0,0.0,100.0,5460.0,100.0,40546933688.0,100.0,54404414488.0
2018-12-26,ZCH0E05V,ST12000NM0007,12000138625024,0,71,11225792,96.0,0.0,100.0,3.0,100.0,0.0,89.0,756862663.0,94,5533,100.0,0.0,100,3,,,,,100.0,0.0,100.0,0.0,,,78.0,22.0,,,100.0,45.0,100.0,318.0,22,22,100.0,0.0,100.0,0.0,200.0,0.0,100.0,5483.0,100.0,40625396520.0,100.0,54600770432.0
2018-12-27,ZCH0E05V,ST12000NM0007,12000138625024,0,84,230325064,96.0,0.0,100.0,3.0,100.0,0.0,89.0,759225641.0,94,5557,100.0,0.0,100,3,,,,,100.0,0.0,100.0,0.0,,,78.0,22.0,,,100.0,45.0,100.0,319.0,22,22,100.0,0.0,100.0,0.0,200.0,0.0,100.0,5507.0,100.0,40691584240.0,100.0,54753681984.0
2018-12-28,ZCH0E05V,ST12000NM0007,12000138625024,0,83,213596944,96.0,0.0,100.0,3.0,100.0,0.0,89.0,761658779.0,94,5582,100.0,0.0,100,3,,,,,100.0,0.0,100.0,0.0,,,78.0,22.0,,,100.0,46.0,100.0,320.0,22,22,100.0,0.0,100.0,0.0,200.0,0.0,100.0,5532.0,100.0,40757526352.0,100.0,54915152400.0
2018-12-29,ZCH0E05V,ST12000NM0007,12000138625024,0,83,182492832,96.0,0.0,100.0,3.0,100.0,0.0,89.0,764389012.0,94,5605,100.0,0.0,100,3,,,,,100.0,0.0,100.0,0.0,,,78.0,22.0,,,100.0,46.0,100.0,321.0,22,22,100.0,0.0,100.0,0.0,200.0,0.0,100.0,5555.0,100.0,40825843712.0,100.0,55059871560.0
2018-12-30,ZCH0E05V,ST12000NM0007,12000138625024,0,82,166483656,96.0,0.0,100.0,3.0,100.0,0.0,89.0,766720962.0,94,5629,100.0,0.0,100,3,,,,,100.0,0.0,100.0,0.0,,,78.0,22.0,,,100.0,46.0,100.0,322.0,22,22,100.0,0.0,100.0,0.0,200.0,0.0,100.0,5579.0,100.0,40912093616.0,100.0,55201753344.0
2018-12-31,ZCH0E05V,ST12000NM0007,12000138625024,0,82,172005624,96.0,0.0,100.0,3.0,100.0,0.0,89.0,769191020.0,94,5653,100.0,0.0,100,3,,,,,100.0,0.0,100.0,0.0,,,78.0,22.0,,,100.0,46.0,100.0,323.0,22,22,100.0,0.0,100.0,0.0,200.0,0.0,100.0,5603.0,100.0,41007240696.0,100.0,55356269000.0
