2018-01-13,ZCH0D45M,ST12000NM0007,12000138625024,0,84.0,232250712.0,99.0,0.0,100.0,1.0,100,0,66.0,3719995.0,100,52,100.0,0.0,100,1,,,,,100.0,0.0,100.0,0.0,,,77.0,23.0,,,100.0,0.0,100.0,38.0,23.0,23.0,100.0,0.0,100.0,0.0,200,0,100.0,40.0,100.0,812023480.0,100.0,396821858.0
2018-01-14,ZCH0D45M,ST12000NM0007,12000138625024,0,82.0,151323264.0,99.0,0.0,100.0,1.0,100,0,69.0,7269560.0,100,76,100.0,0.0,100,1,,,,,100.0,0.0,100.0,0.0,,,78.0,22.0,,,100.0,0.0,100.0,39.0,22.0,22.0,100.0,0.0,100.0,0.0,200,0,100.0,65.0,100.0,1143773144.0,100.0,716567034.0
2018-01-15,ZCH0D45M,ST12000NM0007,12000138625024,0,79.0,86893640.0,99.0,0.0,100.0,1.0,100,0,70.0,10911770.0,100,101,100.0,0.0,100,1,,,,,100.0,0.0,100.0,0.0,,,77.0,23.0,,,100.0,0.0,100.0,40.0,23.0,23.0,100.0,0.0,100.0,0.0,200,0,100.0,89.0,100.0,1493360376.0,100.0,1034972530.0
2018-01-16,ZCH0D45M,ST12000NM0007,12000138625024,0,84.0,229603136.0,99.0,0.0,100.0,1.0,100,0,72.0,14448030.0,100,124,100.0,0.0,100,1,,,,,100.0,0.0,100.0,0.0,,,77.0,23.0,,,100.0,0.0,100.0,41.0,23.0,23.0,100.0,0.0,100.0,0.0,200,0,100.0,112.0,100.0,1829962208.0,100.0,1329361762.0
2018-01-17,ZCH0D45M,ST12000NM0007,12000138625024,0,81.0,126851400.0,99.0,0.0,100.0,1.0,100,0,73.0,18021316.0,100,148,100.0,0.0,100,1,,,,,100.0,0.0,100.0,0.0,,,79.0,21.0,,,100.0,0.0,100.0,42.0,21.0,21.0,100.0,0.0,100.0,0.0,200,0,100.0,136.0,100.0,2164945344.0,100.0,1624049066.0
2018-01-18,ZCH0D45M,ST12000NM0007,12000138625024,0,78.0,67981296.0,99.0,0.0,100.0,1.0,100.0,0.0,73.0,20501689.0,100.0,165.0,100.0,0.0,100.0,1.0,,,,,100.0,0.0,100.0,0.0,,,79.0,21.0,,,100.0,0.0,100.0,43.0,21.0,21.0,100.0,0.0,100.0,0.0,200.0,0.0,100.0,152.0,100.0,2379562360.0,100.0,1838843634.0
2018-01-19,ZCH0D45M,ST12000NM0007,12000138625024,0,83.0,208677848.0,99.0,0.0,100.0,1.0,100.0,0.0,74.0,24012594.0,100.0,188.0,100.0,0.0,100.0,1.0,,,,,100.0,0.0,100.0,0.0,,,79.0,21.0,,,100.0,0.0,100.0,44.0,21.0,21.0,100.0,0.0,100.0,0.0,200.0,0.0,100.0,175.0,100.0,2703435560.0,100.0,2143948522.0
2018-01-20,ZCH0D45M,ST12000NM0007,12000138625024,0,80.0,98939384.0,99.0,0.0,100.0,1.0,100,0,74.0,27539280.0,100,211,100.0,0.0,100,1,,,,,100.0,0.0,100.0,0.0,,,78.0,22.0,,,100.0,0.0,100.0,45.0,22.0,22.0,100.0,0.0,100.0,0.0,200,0,100.0,198.0,100.0,3029196816.0,100.0,2440871042.0
2018-01-21,ZCH0D45M,ST12000NM0007,12000138625024,0,81.0,121286928.0,99.0,0.0,100.0,1.0,100,0,75.0,31555556.0,100,237,100.0,0.0,100,1,,,,,100.0,0.0,100.0,0.0,,,79.0,21.0,,,100.0,0.0,100.0,47.0,21.0,21.0,100.0,0.0,100.0,0.0,200,0,100.0,224.0,100.0,3411090072.0,100.0,2813747562.0
2018-01-22,ZCH0D45M,ST12000NM0007,12000138625024,0,77.0,50488544.0,99.0,0.0,100.0,1.0,100,0,75.0,35133457.0,100,260,100.0,0.0,100,1,,,,,100.0,0.0,100.0,0.0,,,79.0,21.0,,,100.0,0.0,100.0,47.0,21.0,21.0,100.0,0.0,100.0,0.0,200,0,100.0,247.0,100.0,3743723248.0,100.0,3142738850.0
2018-01-23,ZCH0D45M,ST12000NM0007,12000138625024,0,83.0,214108664.0,99.0,0.0,100.0,1.0,100,0,76.0,38721441.0,100,283,100.0,0.0,100,1,,,,,100.0,0.0,100.0,0.0,,,79.0,21.0,,,100.0,0.0,100.0,48.0,21.0,21.0,100.0,0.0,100.0,0.0,200,0,100.0,270.0,100.0,4077478984.0,100.0,3460885026.0
2018-01-24,ZCH0D45M,ST12000NM0007,12000138625024,0,83.0,178176664.0,99.0,0.0,100.0,1.0,100,0,76.0,43957674.0,100,317,100.0,0.0,100,1,,,,,100.0,0.0,100.0,0.0,,,79.0,21.0,,,100.0,0.0,100.0,50.0,21.0,21.0,100.0,0.0,100.0,0.0,200,0,100.0,304.0,100.0,4562048408.0,100.0,3916946914.0
2018-01-25,ZCH0D45M,ST12000NM0007,12000138625024,0,81.0,118745912.0,99.0,0.0,100.0,1.0,100,0,77.0,46432239.0,100,333,100.0,0.0,100,1,,,,,100.0,0.0,100.0,0.0,,,79.0,21.0,,,100.0,0.0,100.0,51.0,21.0,21.0,100.0,0.0,100.0,0.0,200,0,100.0,320.0,100.0,4783083464.0,100.0,4124762794.0
2018-01-26,ZCH0D45M,ST12000NM0007,12000138625024,0,75.0,32757904.0,99.0,0.0,100.0,1.0,100,0,77.0,50031651.0,100,356,100.0,0.0,100,1,,,,,100.0,0.0,100.0,0.0,,,79.0,21.0,,,100.0,0.0,100.0,52.0,21.0,21.0,100.0,0.0,100.0,0.0,200,0,100.0,342.0,100.0,5117836320.0,100.0,4436444106.0
2018-01-27,ZCH0D45M,ST12000NM0007,12000138625024,0,84.0,227549184.0,99.0,0.0,100.0,1.0,100,0,77.0,53941782.0,100,381,100.0,0.0,100,1,,,,,100.0,0.0,100.0,0.0,,,80.0,20.0,,,100.0,0.0,100.0,53.0,20.0,20.0,100.0,0.0,100.0,0.0,200,0,100.0,368.0,100.0,5465474480.0,100.0,4771878530.0
2018-01-28,ZCH0D45M,ST12000NM0007,12000138625024,0,80.0,100130416.0,99.0,0.0,100.0,1.0,100,0,78.0,57417298.0,100,404,100.0,0.0,100,1,,,,,100.0,0.0,100.0,0.0,,,80.0,20.0,,,100.0,0.0,100.0,54.0,20.0,20.0,100.0,0.0,100.0,0.0,200,0,100.0,391.0,100.0,5768067416.0,100.0,5074289194.0
2018-01-29,ZCH0D45M,ST12000NM0007,12000138625024,0,75.0,32884144.0,99.0,0.0,100.0,1.0,100,0,78.0,60999421.0,100,428,100.0,0.0,100,1,,,,,100.0,0.0,100.0,0.0,,,80.0,20.0,,,100.0,0.0,100.0,55.0,20.0,20.0,100.0,0.0,100.0,0.0,200,0,100.0,414.0,100.0,6091026216.0,100.0,5416506290.0
2018-01-30,ZCH0D45M,ST12000NM0007,12000138625024,0,75.0,30196280.0,99.0,0.0,100.0,1.0,100,0,78.0,66378792.0,100,461,100.0,0.0,100,1,,,,,100.0,0.0,100.0,0.0,,,79.0,21.0,,,100.0,0.0,100.0,56.0,21.0,21.0,100.0,0.0,100.0,0.0,200,0,100.0,448.0,100.0,6580925440.0,100.0,5900482210.0
2018-01-31,ZCH0D45M,ST12000NM0007,12000138625024,0,83.0,194248688.0,99.0,0.0,100.0,1.0,100.0,0.0,78.0,70153449.0,100.0,485.0,100.0,0.0,100.0,1.0,,,,,100.0,0.0,100.0,0.0,,,79.0,21.0,,,100.0,0.0,100.0,57.0,21.0,21.0,100.0,0.0,100.0,0.0,200.0,0.0,100.0,471.0,100.0,6914240352.0,100.0,6219501250.0
2018-02-01,ZCH0D45M,ST12000NM0007,12000138625024,0,79.0,83161096.0,99.0,0.0,100.0,1.0,100,0,79.0,73805107.0,100,508,100.0,0.0,100,1,,,,,100.0,0.0,100.0,0.0,,,79.0,21.0,,,100.0,0.0,100.0,58.0,21.0,21.0,100.0,0.0,100.0,0.0,200,0,100.0,494.0,100.0,7235908264.0,100.0,6519167986.0
2018-02-02,ZCH0D45M,ST12000NM0007,12000138625024,0,80.0,103317184.0,99.0,0.0,100.0,1.0,100,0,79.0,78116130.0,100,533,100.0,0.0,100,1,,,,,100.0,0.0,100.0,0.0,,,80.0,20.0,,,100.0,0.0,100.0,59.0,20.0,20.0,100.0,0.0,100.0,0.0,200,0,100.0,519.0,100.0,7630635688.0,100.0,6877019170.0
2018-02-03,ZCH0D45M,ST12000NM0007,12000138625024,0,75.0,28537464.0,99.0,0.0,100.0,1.0,100,0,79.0,82032648.0,100,556,100.0,0.0,100,1,,,,,100.0,0.0,100.0,0.0,,,80.0,20.0,,,100.0,0.0,100.0,60.0,20.0,20.0,100.0,0.0,100.0,0.0,200,0,100.0,542.0,100.0,7969938392.0,100.0,7195359010.0
2018-02-04,ZCH0D45M,ST12000NM0007,12000138625024,0,80.0,104135288.0,99.0,0.0,100.0,1.0,100,0,79.0,85388669.0,100,577,100.0,0.0,100,1,,,,,100.0,0.0,100.0,0.0,,,80.0,20.0,,,100.0,0.0,100.0,61.0,20.0,20.0,100.0,0.0,100.0,0.0,200,0,100.0,563.0,100.0,8249982328.0,100.0,7479194266.0
2018-02-05,ZCH0D45M,ST12000NM0007,12000138625024,0,75.0,34109480.0,99.0,0.0,100.0,1.0,100,0,80.0,89289788.0,100,601,100.0,0.0,100,1,,,,,100.0,0.0,100.0,0.0,,,79.0,21.0,,,100.0,0.0,100.0,62.0,21.0,21.0,100.0,0.0,100.0,0.0,200,0,100.0,587.0,100.0,8597078728.0,100.0,7794494306.0
2018-02-06,ZCH0D45M,ST12000NM0007,12000138625024,0,83.0,197273928.0,99.0,0.0,100.0,1.0,100,0,80.0,93204970.0,100,624,100.0,0.0,100,1,,,,,100.0,0.0,100.0,0.0,,,79.0,21.0,,,100.0,0.0,100.0,63.0,21.0,21.0,100.0,0.0,100.0,0.0,200,0,100.0,610.0,100.0,8929309896.0,100.0,8113709082.0
2018-02-07,ZCH0D45M,ST12000NM0007,12000138625024,0,82.0,160288088.0,99.0,0.0,100.0,1.0,100,0,80.0,97268226.0,100,649,100.0,0.0,100,1,,,,,100.0,0.0,100.0,0.0,,,80.0,20.0,,,100.0,0.0,100.0,64.0,20.0,20.0,100.0,0.0,100.0,0.0,200,0,100.0,634.0,100.0,9266958736.0,100.0,8471496962.0
2018-02-08,ZCH0D45M,ST12000NM0007,12000138625024,0,82.0,156038592.0,99.0,0.0,100.0,1.0,100,0,80.0,101628498.0,100,675,100.0,0.0,100,1,,,,,100.0,0.0,100.0,0.0,,,79.0,21.0,,,100.0,1.0,100.0,65.0,21.0,21.0,100.0,0.0,100.0,0.0,200,0,100.0,660.0,100.0,9623761336.0,100.0,8842867370.0
2018-02-09,ZCH0D45M,ST12000NM0007,12000138625024,0,76,41908512,99,0,100,1,100,0,80,105262329,100,697,100,0,100,1,,,,,100.0,0.0,100.0,0.0,,,80.0,20.0,,,100.0,1.0,100.0,66.0,20,20,100,0,100,0,200,0,100.0,683.0,100.0,9920652960.0,100.0,9164268314.0
2018-02-10,ZCH0D45M,ST12000NM0007,12000138625024,0,73.0,21807696.0,99.0,0.0,100.0,1.0,100.0,0.0,80.0,109344455.0,100.0,722.0,100.0,0.0,100.0,1.0,,,,,100.0,0.0,100.0,0.0,,,79.0,21.0,,,100.0,1.0,100.0,67.0,21.0,21.0,100.0,0.0,100.0,0.0,200.0,0.0,100.0,707.0,100.0,10281253448.0,100.0,9515989578.0
2018-02-11,ZCH0D45M,ST12000NM0007,12000138625024,0,69,7890056,99,0,100,1,100,0,81,113453980,100,746,100,0,100,1,,,,,100.0,0.0,100.0,0.0,,,77.0,23.0,,,100.0,1.0,100.0,68.0,23,23,100,0,100,0,200,0,100.0,731.0,100.0,10642031704.0,100.0,9873716322.0
2018-02-12,ZCH0D45M,ST12000NM0007,12000138625024,0,80,100472768,99,0,100,1,100,0,81,116987797,100,770,100,0,100,1,,,,,100.0,0.0,100.0,0.0,,,79.0,21.0,,,100.0,1.0,100.0,69.0,21,21,100,0,100,0,200,0,100.0,756.0,100.0,10926513256.0,100.0,10170098874.0
2018-02-13,ZCH0D45M,ST12000NM0007,12000138625024,0,70,9023712,99,0,100,1,100,0,81,120839626,100,795,100,0,100,1,,,,,100.0,0.0,100.0,0.0,,,79.0,21.0,,,100.0,1.0,100.0,70.0,21,21,100,0,100,0,200,0,100.0,780.0,100.0,11229248984.0,100.0,10508336338.0
2018-02-14,ZCH0D45M,ST12000NM0007,12000138625024,0,71,12793544,99,0,100,1,100,0,81,124904747,100,819,100,0,100,1,,,,,100.0,0.0,100.0,0.0,,,78.0,22.0,,,100.0,1.0,100.0,71.0,22,22,100,0,100,0,200,0,100.0,804.0,100.0,11560216848.0,100.0,10913560442.0
2018-02-15,ZCH0D45M,ST12000NM0007,12000138625024,0,82,174959560,99,0,100,1,100,0,81,128594585,100,841,100,0,100,1,,,,,100.0,0.0,100.0,0.0,,,79.0,21.0,,,100.0,1.0,100.0,72.0,21,21,100,0,100,0,200,0,100.0,826.0,100.0,11869826656.0,100.0,11254398178.0
2018-02-16,ZCH0D45M,ST12000NM0007,12000138625024,0,80,99998656,99,0,100,1,100,0,81,132494843,100,866,100,0,100,1,,,,,100.0,0.0,100.0,0.0,,,78.0,22.0,,,100.0,1.0,100.0,73.0,22,22,100,0,100,0,200,0,100.0,851.0,100.0,12200860888.0,100.0,11580825026.0
2018-02-17,ZCH0D45M,ST12000NM0007,12000138625024,0,74,26911888,99,0,100,1,100,0,81,136422943,99,890,100,0,100,1,,,,,100.0,0.0,100.0,0.0,,,78.0,22.0,,,100.0,1.0,100.0,74.0,22,22,100,0,100,0,200,0,100.0,875.0,100.0,12522495952.0,100.0,11918525914.0
2018-02-18,ZCH0D45M,ST12000NM0007,12000138625024,0,83,222858064,99,0,100,1,100,0,81,140376843,99,914,100,0,100,1,,,,,100.0,0.0,100.0,0.0,,,79.0,21.0,,,100.0,1.0,100.0,75.0,21,21,100,0,100,0,200,0,100.0,899.0,100.0,12858014560.0,100.0,12267235106.0
2018-02-19,ZCH0D45M,ST12000NM0007,12000138625024,0,83,190898280,99,0,100,1,100,0,82,144437519,99,939,100,0,100,1,,,,,100.0,0.0,100.0,0.0,,,78.0,22.0,,,100.0,1.0,100.0,76.0,22,22,100,0,100,0,200,0,100.0,924.0,100.0,13208511976.0,100.0,12617199994.0
2018-02-20,ZCH0D45M,ST12000NM0007,12000138625024,0,76,38241024,99,0,100,1,100,0,82,147920701,99,961,100,0,100,1,,,,,100.0,0.0,100.0,0.0,,,78.0,22.0,,,100.0,1.0,100.0,77.0,22,22,100,0,100,0,200,0,100.0,946.0,100.0,13478182728.0,100.0,12927294170.0
2018-02-21,ZCH0D45M,ST12000NM0007,12000138625024,0,69,7129688,99,0,100,1,100,0,82,152136360,99,986,100,0,100,1,,,,,100.0,0.0,100.0,0.0,,,78.0,22.0,,,100.0,1.0,100.0,78.0,22,22,100,0,100,0,200,0,100.0,970.0,100.0,13798343080.0,100.0,13308444586.0
2018-02-22,ZCH0D45M,ST12000NM0007,12000138625024,0,83,206210888,99,0,100,1,100,0,82,156180223,99,1010,100,0,100,1,,,,,100.0,0.0,100.0,0.0,,,78.0,22.0,,,100.0,1.0,100.0,79.0,22,22,100,0,100,0,200,0,100.0,994.0,100.0,14110939024.0,100.0,13683211394.0
2018-02-23,ZCH0D45M,ST12000NM0007,12000138625024,0,78,56778304,99,0,100,1,100,0,82,159651172,99,1032,100,0,100,1,,,,,100.0,0.0,100.0,0.0,,,77.0,23.0,,,100.0,1.0,100.0,80.0,23,23,100,0,100,0,200,0,100.0,1016.0,100.0,14398650752.0,100.0,13978489442.0
2018-02-24,ZCH0D45M,ST12000NM0007,12000138625024,0,69,8731552,99,0,100,1,100,0,82,163637287,99,1057,100,0,100,1,,,,,100.0,0.0,100.0,0.0,,,78.0,22.0,,,100.0,1.0,100.0,81.0,22,22,100,0,100,0,200,0,100.0,1041.0,100.0,14718485968.0,100.0,14343030018.0
2018-02-25,ZCH0D45M,ST12000NM0007,12000138625024,0,82,152218216,99,0,100,1,100,0,82,167463530,99,1081,100,0,100,1,,,,,100.0,0.0,100.0,0.0,,,79.0,21.0,,,100.0,1.0,100.0,82.0,21,21,100,0,100,0,200,0,100.0,1065.0,100.0,15014861944.0,100.0,14678422058.0
2018-02-26,ZCH0D45M,ST12000NM0007,12000138625024,0,84,240789656,99,0,100,1,100,0,82,170987237,99,1106,100,0,100,1,,,,,100.0,0.0,100.0,0.0,,,78.0,22.0,,,100.0,1.0,100.0,83.0,22,22,100,0,100,0,200,0,100.0,1089.0,100.0,15280883408.0,100.0,14989253554.0
2018-02-27,ZCH0D45M,ST12000NM0007,12000138625024,0,82,176410304,99,0,100,1,100,0,82,174843441,99,1130,100,0,100,1,,,,,100.0,0.0,100.0,0.0,,,78.0,22.0,,,100.0,1.0,100.0,84.0,22,22,100,0,100,0,200,0,100.0,1114.0,100.0,15595820216.0,100.0,15342359594.0
2018-02-28,ZCH0D45M,ST12000NM0007,12000138625024,0,72,14599112,99,0,100,1,100,0,83,178317483,99,1152,100,0,100,1,,,,,100.0,0.0,100.0,0.0,,,79.0,21.0,,,100.0,1.0,100.0,85.0,21,21,100,0,100,0,200,0,100.0,1136.0,100.0,15851183704.0,100.0,15657607394.0
2018-03-01,ZCH0D45M,ST12000NM0007,12000138625024,0,74,24990856,99,0,100,1,100,0,83,182759599,99,1181,100,0,100,1,,,,,100.0,0.0,100.0,0.0,,,79.0,21.0,,,100.0,1.0,100.0,86.0,21,21,100,0,100,0,200,0,100.0,1164.0,100.0,16210485168.0,100.0,16041120250.0
2018-03-02,ZCH0D45M,ST12000NM0007,12000138625024,0,79,88293064,99,0,100,1,100,0,83,186332390,99,1205,100,0,100,1,,,,,100.0,0.0,100.0,0.0,,,78.0,22.0,,,100.0,1.0,100.0,87.0,22,22,100,0,100,0,200,0,100.0,1189.0,100.0,16474091440.0,100.0,16329097626.0
2018-03-03,ZCH0D45M,ST12000NM0007,12000138625024,0,82,143894408,99,0,100,1,100,0,83,189744380,99,1228,100,0,100,1,,,,,100.0,0.0,100.0,0.0,,,78.0,22.0,,,100.0,1.0,100.0,88.0,22,22,100,0,100,0,200,0,100.0,1211.0,100.0,16742027064.0,100.0,16605045018.0
2018-03-04,ZCH0D45M,ST12000NM0007,12000138625024,0,84,231282480,99,0,100,1,100,0,83,193423488,99,1252,100,0,100,1,,,,,100.0,0.0,100.0,0.0,,,78.0,22.0,,,100.0,1.0,100.0,89.0,22,22,100,0,100,0,200,0,100.0,1235.0,100.0,17021921456.0,100.0,16900820242.0
2018-03-05,ZCH0D45M,ST12000NM0007,12000138625024,0,81,115621848,99,0,100,1,100,0,83,197172769,99,1276,100,0,100,1,,,,,100.0,0.0,100.0,0.0,,,78.0,22.0,,,100.0,1.0,100.0,90.0,22,22,100,0,100,0,200,0,100.0,1259.0,100.0,17324231672.0,100.0,17215271538.0
2018-03-06,ZCH0D45M,ST12000NM0007,12000138625024,0,80,96088472,99,0,100,1,100,0,83,200303538,99,1296,100,0,100,1,,,,,100.0,0.0,100.0,0.0,,,79.0,21.0,,,100.0,1.0,100.0,91.0,21,21,100,0,100,0,200,0,100.0,1279.0,100.0,17543915560.0,100.0,17464335682.0
2018-03-07,ZCH0D45M,ST12000NM0007,12000138625024,0,81.0,116922904.0,99.0,0.0,100.0,1.0,100.0,0.0,83.0,203788720.0,99.0,1319.0,100.0,0.0,100.0,1.0,,,,,100.0,0.0,100.0,0.0,,,79.0,21.0,,,100.0,1.0,100.0,92.0,21.0,21.0,100.0,0.0,100.0,0.0,200.0,0.0,100.0,1302.0,100.0,17795679560.0,100.0,17721687690.0
2018-03-08,ZCH0D45M,ST12000NM0007,12000138625024,0,72,15974272,99,0,100,1,100,0,83,208048849,99,1348,100,0,100,1,,,,,100.0,0.0,100.0,0.0,,,79.0,21.0,,,100.0,1.0,100.0,93.0,21,21,100,0,100,0,200,0,100.0,1331.0,100.0,18100223984.0,100.0,18048616818.0
2018-03-09,ZCH0D45M,ST12000NM0007,12000138625024,0,77,53196824,99,0,100,1,100,0,83,211748655,99,1373,100,0,100,1,,,,,100.0,0.0,100.0,0.0,,,79.0,21.0,,,100.0,1.0,100.0,94.0,21,21,100,0,100,0,200,0,100.0,1355.0,100.0,18351940648.0,100.0,18322406370.0
2018-03-10,ZCH0D45M,ST12000NM0007,12000138625024,0,77,47230744,99,0,100,1,100,0,83,215104995,99,1395,100,0,100,1,,,,,100.0,0.0,100.0,0.0,,,78.0,22.0,,,100.0,1.0,100.0,95.0,22,22,100,0,100,0,200,0,100.0,1378.0,100.0,18581481872.0,100.0,18575180570.0
2018-03-11,ZCH0D45M,ST12000NM0007,12000138625024,0,81,114830448,99,0,100,1,100,0,83,218958708,99,1421,100,0,100,1,,,,,100.0,0.0,100.0,0.0,,,79.0,21.0,,,100.0,1.0,100.0,96.0,21,21,100,0,100,0,200,0,100.0,1404.0,100.0,18837723608.0,100.0,18874819898.0
2018-03-12,ZCH0D45M,ST12000NM0007,12000138625024,0,83,192279904,99,0,100,1,100,0,83,222531212,99,1443,100,0,100,1,,,,,100.0,0.0,100.0,0.0,,,78.0,22.0,,,100.0,1.0,100.0,97.0,22,22,100,0,100,0,200,0,100.0,1426.0,100.0,19111682864.0,100.0,19166591650.0
2018-03-13,ZCH0D45M,ST12000NM0007,12000138625024,0,69,8411296,99,0,100,1,100,0,84,226222825,99,1468,100,0,100,1,,,,,100.0,0.0,100.0,0.0,,,78.0,22.0,,,100.0,1.0,100.0,98.0,22,22,100,0,100,0,200,0,100.0,1451.0,100.0,19367868864.0,100.0,19458959306.0
2018-03-14,ZCH0D45M,ST12000NM0007,12000138625024,0,100,2135208,99,0,100,1,100,0,84,229533590,99,1491,100,0,100,1,,,,,100.0,0.0,100.0,0.0,,,79.0,21.0,,,100.0,2.0,100.0,99.0,21,21,100,0,100,0,200,0,100.0,1474.0,100.0,19595958936.0,100.0,19712874634.0
2018-03-15,ZCH0D45M,ST12000NM0007,12000138625024,0,84,234233288,99,0,100,1,100,0,84,232885281,99,1515,100,0,100,1,,,,,100.0,0.0,100.0,0.0,,,79.0,21.0,,,100.0,2.0,100.0,100.0,21,21,100,0,100,0,200,0,100.0,1497.0,100.0,19812647536.0,100.0,19972424930.0
2018-03-16,ZCH0D45M,ST12000NM0007,12000138625024,0,69.0,7655544.0,99.0,0.0,100.0,1.0,100.0,0.0,84.0,236481961.0,99.0,1539.0,100.0,0.0,100.0,1.0,,,,,100.0,0.0,100.0,0.0,,,79.0,21.0,,,100.0,2.0,100.0,101.0,21.0,21.0,100.0,0.0,100.0,0.0,200.0,0.0,100.0,1521.0,100.0,20063023912.0,100.0,20227892994.0
2018-03-17,ZCH0D45M,ST12000NM0007,12000138625024,0,75,30325240,99,0,100,1,100,0,84,240137651,99,1564,100,0,100,1,,,,,100.0,0.0,100.0,0.0,,,78.0,22.0,,,100.0,2.0,100.0,102.0,22,22,100,0,100,0,200,0,100.0,1546.0,100.0,20315121928.0,100.0,20486746066.0
2018-03-18,ZCH0D45M,ST12000NM0007,12000138625024,0,76,41390496,99,0,100,1,100,0,84,243728325,99,1588,100,0,100,1,,,,,100.0,0.0,100.0,0.0,,,79.0,21.0,,,100.0,2.0,100.0,103.0,21,21,100,0,100,0,200,0,100.0,1569.0,100.0,20549289840.0,100.0,20751924714.0
2018-03-19,ZCH0D45M,ST12000NM0007,12000138625024,0,80,100332512,99,0,100,1,100,0,84,247420073,99,1612,100,0,100,1,,,,,100.0,0.0,100.0,0.0,,,78.0,22.0,,,100.0,2.0,100.0,104.0,22,22,100,0,100,0,200,0,100.0,1594.0,100.0,20823512560.0,100.0,21024925322.0
2018-03-20,ZCH0D45M,ST12000NM0007,12000138625024,0,83,212683456,99,0,100,1,100,0,84,251227044,99,1636,100,0,100,1,,,,,100.0,0.0,100.0,0.0,,,79.0,21.0,,,100.0,2.0,100.0,105.0,21,21,100,0,100,0,200,0,100.0,1618.0,100.0,21123069344.0,100.0,21326001034.0
2018-03-21,ZCH0D45M,ST12000NM0007,12000138625024,0,83,203813512,99,0,100,1,100,0,84,254621108,99,1659,100,0,100,1,,,,,100.0,0.0,100.0,0.0,,,79.0,21.0,,,100.0,2.0,100.0,106.0,21,21,100,0,100,0,200,0,100.0,1640.0,100.0,21366606712.0,100.0,21561875066.0
2018-03-22,ZCH0D45M,ST12000NM0007,12000138625024,0,84,232121712,99,0,100,1,100,0,84,258303132,99,1684,100,0,100,1,,,,,100.0,0.0,100.0,0.0,,,79.0,21.0,,,100.0,2.0,100.0,107.0,21,21,100,0,100,0,200,0,100.0,1666.0,100.0,21611081904.0,100.0,21833989514.0
2018-03-23,ZCH0D45M,ST12000NM0007,12000138625024,0,83,208318880,99,0,100,1,100,0,84,261742970,99,1708,100,0,100,1,,,,,100.0,0.0,100.0,0.0,,,78.0,22.0,,,100.0,2.0,100.0,108.0,22,22,100,0,100,0,200,0,100.0,1689.0,100.0,21854282272.0,100.0,22055267746.0
2018-03-24,ZCH0D45M,ST12000NM0007,12000138625024,0,83,200265872,99,0,100,1,100,0,84,265232683,99,1731,100,0,100,1,,,,,100.0,0.0,100.0,0.0,,,78.0,22.0,,,100.0,3.0,100.0,109.0,22,22,100,0,100,0,200,0,100.0,1712.0,100.0,22092951120.0,100.0,22296827234.0
2018-03-25,ZCH0D45M,ST12000NM0007,12000138625024,0,77,46850000,99,0,100,1,100,0,84,269016415,98,1756,100,0,100,1,,,,,100.0,0.0,100.0,0.0,,,79.0,21.0,,,100.0,3.0,100.0,110.0,21,21,100,0,100,0,200,0,100.0,1737.0,100.0,22381548816.0,100.0,22587235754.0
2018-03-26,ZCH0D45M,ST12000NM0007,12000138625024,0,79,72558032,99,0,100,1,100,0,84,272556559,98,1780,100,0,100,1,,,,,100.0,0.0,100.0,0.0,,,79.0,21.0,,,100.0,3.0,100.0,111.0,21,21,100,0,100,0,200,0,100.0,1761.0,100.0,22638995768.0,100.0,22843778322.0
2018-03-27,ZCH0D45M,ST12000NM0007,12000138625024,0,81,114085984,99,0,100,1,100,0,84,276258716,98,1804,100,0,100,1,,,,,100.0,0.0,100.0,0.0,,,79.0,21.0,,,100.0,3.0,100.0,112.0,21,21,100,0,100,0,200,0,100.0,1785.0,100.0,22888516384.0,100.0,23124067018.0
2018-03-28,ZCH0D45M,ST12000NM0007,12000138625024,0,80,109180664,99,0,100,1,100,0,84,279695535,98,1827,100,0,100,1,,,,,100.0,0.0,100.0,0.0,,,78.0,22.0,,,100.0,3.0,100.0,113.0,22,22,100,0,100,0,200,0,100.0,1808.0,100.0,23104074352.0,100.0,23391885226.0
2018-03-29,ZCH0D45M,ST12000NM0007,12000138625024,0,79,78091168,99,0,100,1,100,0,85,283160546,98,1852,100,0,100,1,,,,,100.0,0.0,100.0,0.0,,,79.0,21.0,,,100.0,3.0,100.0,114.0,21,21,100,0,100,0,200,0,100.0,1833.0,100.0,23309197240.0,100.0,23643954170.0
2018-03-30,ZCH0D45M,ST12000NM0007,12000138625024,0,70,10415096,99,0,100,1,100,0,85,286427460,98,1875,100,0,100,1,,,,,100.0,0.0,100.0,0.0,,,79.0,21.0,,,100.0,3.0,100.0,115.0,21,21,100,0,100,0,200,0,100.0,1856.0,100.0,23495782392.0,100.0,23877974418.0
2018-03-31,ZCH0D45M,ST12000NM0007,12000138625024,0,74,27906856,99,0,100,1,100,0,85,290439973,98,1900,100,0,100,1,,,,,100.0,0.0,100.0,0.0,,,79.0,21.0,,,100.0,3.0,100.0,116.0,21,21,100,0,100,0,200,0,100.0,1880.0,100.0,23723853368.0,100.0,24155676506.0
2018-04-01,ZCH0D45M,ST12000NM0007,12000138625024,0,81,118462472,99,0,100,1,100,0,85,293295109,98,1922,100,0,100,1,,,,,100.0,0.0,100.0,0.0,,,78.0,22.0,,,100.0,3.0,100.0,117.0,22,22,100,0,100,0,200,0,100.0,1903.0,100.0,23843931272.0,100.0,24370294954.0
2018-04-02,ZCH0D45M,ST12000NM0007,12000138625024,0,80,91113216,99,0,100,1,100,0,85,297031649,98,1947,100,0,100,1,,,,,100.0,0.0,100.0,0.0,,,78.0,22.0,,,100.0,4.0,100.0,118.0,22,22,100,0,100,0,200,0,100.0,1927.0,100.0,24061426264.0,100.0,24613731994.0
2018-04-03,ZCH0D45M,ST12000NM0007,12000138625024,0,78,65477272,99,0,100,1,100,0,85,300706235,98,1971,100,0,100,1,,,,,100.0,0.0,100.0,0.0,,,79.0,21.0,,,100.0,4.0,100.0,119.0,21,21,100,0,100,0,200,0,100.0,1951.0,100.0,24264975096.0,100.0,24872828482.0
2018-04-04,ZCH0D45M,ST12000NM0007,12000138625024,0,84,237340600,99,0,100,1,100,0,85,304191339,98,1995,100,0,100,1,,,,,100.0,0.0,100.0,0.0,,,79.0,21.0,,,100.0,4.0,100.0,120.0,21,21,100,0,100,0,200,0,100.0,1975.0,100.0,24444255392.0,100.0,25109552282.0
2018-04-05,ZCH0D45M,ST12000NM0007,12000138625024,0,82,150139288,99,0,100,1,100,0,85,307549863,98,2018,100,0,100,1,,,,,100.0,0.0,100.0,0.0,,,81.0,19.0,,,100.0,4.0,100.0,121.0,19,19,100,0,100,0,200,0,100.0,1998.0,100.0,24597001552.0,100.0,25357886330.0
2018-04-06,ZCH0D45M,ST12000NM0007,12000138625024,0,79,72255912,99,0,100,1,100,0,85,311034737,98,2044,100,0,100,1,,,,,100.0,0.0,100.0,0.0,,,81.0,19.0,,,100.0,4.0,100.0,122.0,19,19,100,0,100,0,200,0,100.0,2023.0,100.0,24771041304.0,100.0,25594244626.0
2018-04-07,ZCH0D45M,ST12000NM0007,12000138625024,0,84.0,243365224.0,99.0,0.0,100.0,1.0,100.0,0.0,85.0,314473556.0,98.0,2068.0,100.0,0.0,100.0,1.0,,,,,100.0,0.0,100.0,0.0,,,80.0,20.0,,,100.0,4.0,100.0,123.0,20.0,20.0,100.0,0.0,100.0,0.0,200.0,0.0,100.0,2048.0,100.0,24958266432.0,100.0,25822269458.0
2018-04-08,ZCH0D45M,ST12000NM0007,12000138625024,0,83,217396144,99,0,100,1,100,0,85,317981514,98,2091,100,0,100,1,,,,,100.0,0.0,100.0,0.0,,,80.0,20.0,,,100.0,5.0,100.0,124.0,20,20,100,0,100,0,200,0,100.0,2071.0,100.0,25188971600.0,100.0,26053876698.0
2018-04-09,ZCH0D45M,ST12000NM0007,12000138625024,0,83,203810984,99,0,100,1,100,0,85,321543120,98,2115,100,0,100,1,,,,,100.0,0.0,100.0,0.0,,,80.0,20.0,,,100.0,5.0,100.0,125.0,20,20,100,0,100,0,200,0,100.0,2095.0,100.0,25407143120.0,100.0,26310401442.0
2018-04-10,ZCH0D45M,ST12000NM0007,12000138625024,0,83,211493832,99,0,100,1,100,0,85,325196257,98,2139,100,0,100,1,,,,,100.0,0.0,100.0,0.0,,,81.0,19.0,,,100.0,5.0,100.0,126.0,19,19,100,0,100,0,200,0,100.0,2118.0,100.0,25619345856.0,100.0,26594163018.0
2018-04-11,ZCH0D45M,ST12000NM0007,12000138625024,0,83,194421744,99,0,100,1,100,0,85,328877917,98,2163,100,0,100,1,,,,,100.0,0.0,100.0,0.0,,,80.0,20.0,,,100.0,5.0,100.0,127.0,20,20,100,0,100,0,200,0,100.0,2142.0,100.0,25845118744.0,100.0,26839599386.0
2018-04-12,ZCH0D45M,ST12000NM0007,12000138625024,0,84,239199336,99,0,100,1,100,0,85,332894939,98,2188,100,0,100,1,,,,,100.0,0.0,100.0,0.0,,,80.0,20.0,,,100.0,5.0,100.0,128.0,20,20,100,0,100,0,200,0,100.0,2167.0,100.0,26081442392.0,100.0,27136334682.0
2018-04-13,ZCH0D45M,ST12000NM0007,12000138625024,0,81,117512552,99,0,100,1,100,0,85,336101766,98,2212,100,0,100,1,,,,,100.0,0.0,100.0,0.0,,,81.0,19.0,,,100.0,6.0,100.0,129.0,19,19,100,0,100,0,200,0,100.0,2191.0,100.0,26234360936.0,100.0,27350010834.0
2018-04-14,ZCH0D45M,ST12000NM0007,12000138625024,0,74,27325024,99,0,100,1,100,0,85,339409098,98,2235,100,0,100,1,,,,,100.0,0.0,100.0,0.0,,,80.0,20.0,,,100.0,6.0,100.0,130.0,20,20,100,0,100,0,200,0,100.0,2214.0,100.0,26404320904.0,100.0,27578146914.0
2018-04-15,ZCH0D45M,ST12000NM0007,12000138625024,0,82,166305744,99,0,100,1,100,0,85,342930952,98,2259,100,0,100,1,,,,,100.0,0.0,100.0,0.0,,,80.0,20.0,,,100.0,6.0,100.0,131.0,20,20,100,0,100,0,200,0,100.0,2238.0,100.0,26581709440.0,100.0,27783879762.0
2018-04-16,ZCH0D45M,ST12000NM0007,12000138625024,0,78,60092368,99,0,100,1,100,0,85,346215772,98,2283,100,0,100,1,,,,,100.0,0.0,100.0,0.0,,,80.0,20.0,,,100.0,6.0,100.0,132.0,20,20,100,0,100,0,200,0,100.0,2262.0,100.0,26757502048.0,100.0,27990155306.0
2018-04-17,ZCH0D45M,ST12000NM0007,12000138625024,0,75,31027712,99,0,100,1,100,0,85,349709683,98,2307,100,0,100,1,,,,,100.0,0.0,100.0,0.0,,,80.0,20.0,,,100.0,7.0,100.0,133.0,20,20,100,0,100,0,200,0,100.0,2286.0,100.0,26950553768.0,100.0,28256320210.0
2018-04-18,ZCH0D45M,ST12000NM0007,12000138625024,0,82,171251896,99,0,100,1,100,0,85,352899235,98,2330,100,0,100,1,,,,,100.0,0.0,100.0,0.0,,,81.0,19.0,,,100.0,7.0,100.0,134.0,19,19,100,0,100,0,200,0,100.0,2309.0,100.0,27105783064.0,100.0,28485455762.0
2018-04-19,ZCH0D45M,ST12000NM0007,12000138625024,0,79,81207016,98,0,100,2,100,0,86,356151451,98,2355,100,0,100,1,,,,,100.0,0.0,100.0,0.0,,,80.0,20.0,,,100.0,7.0,100.0,136.0,20,20,100,0,100,0,200,0,100.0,2334.0,100.0,27242374656.0,100.0,28747100764.0
2018-04-20,ZCH0D45M,ST12000NM0007,12000138625024,0,83,201374728,98,0,100,2,100,0,86,359195509,98,2379,100,0,100,1,,,,,100.0,0.0,100.0,0.0,,,80.0,20.0,,,100.0,7.0,100.0,137.0,20,20,100,0,100,0,200,0,100.0,2358.0,100.0,27377201760.0,100.0,28976582012.0
2018-04-21,ZCH0D45M,ST12000NM0007,12000138625024,0,79,83839320,98,0,100,2,100,0,86,362401607,98,2403,100,0,100,1,,,,,100.0,0.0,100.0,0.0,,,80.0,20.0,,,100.0,7.0,100.0,138.0,20,20,100,0,100,0,200,0,100.0,2382.0,100.0,27531468024.0,100.0,29193061660.0
2018-04-22,ZCH0D45M,ST12000NM0007,12000138625024,0,84,241560792,98,0,100,2,100,0,86,365732542,98,2427,100,0,100,1,,,,,100.0,0.0,100.0,0.0,,,81.0,19.0,,,100.0,7.0,100.0,139.0,19,19,100,0,100,0,200,0,100.0,2405.0,100.0,27713893400.0,100.0,29412498636.0
2018-04-23,ZCH0D45M,ST12000NM0007,12000138625024,0,81,140787080,98,0,100,2,100,0,86,369052757,98,2451,100,0,100,1,,,,,100.0,0.0,100.0,0.0,,,81.0,19.0,,,100.0,7.0,100.0,140.0,19,19,100,0,100,0,200,0,100.0,2429.0,100.0,27902842056.0,100.0,29611057748.0
2018-04-24,ZCH0D45M,ST12000NM0007,12000138625024,0,81,117525024,98,0,100,2,100,0,86,373001853,98,2475,100,0,100,1,,,,,100.0,0.0,100.0,0.0,,,81.0,19.0,,,100.0,7.0,100.0,141.0,19,19,100,0,100,0,200,0,100.0,2453.0,100.0,28108177504.0,100.0,29870741916.0
2018-04-25,ZCH0D45M,ST12000NM0007,12000138625024,0,83,182870802,97,0,100,3,100,0,86,375745820,98,2495,100,0,100,1,,,,,100.0,0.0,100.0,0.0,,,80.0,20.0,,,100.0,7.0,100.0,142.0,20,20,100,0,100,0,200,0,100.0,2473.0,100.0,28236621392.0,100.0,30051784478.0
2018-04-26,ZCH0D45M,ST12000NM0007,12000138625024,0,81,115177024,97,0,100,3,100,0,86,379340454,98,2521,100,0,100,1,,,,,100.0,0.0,100.0,0.0,,,80.0,20.0,,,100.0,8.0,100.0,143.0,20,20,100,0,100,0,200,0,100.0,2499.0,100.0,28433208192.0,100.0,30275785270.0
2018-04-27,ZCH0D45M,ST12000NM0007,12000138625024,0,84,234146952,97,0,100,3,100,0,86,382514375,98,2543,100,0,100,1,,,,,100.0,0.0,100.0,0.0,,,80.0,20.0,,,100.0,9.0,100.0,144.0,20,20,100,0,100,0,200,0,100.0,2521.0,100.0,28602066504.0,100.0,30470037542.0
2018-04-28,ZCH0D45M,ST12000NM0007,12000138625024,0,83,179763592,97,0,100,3,100,0,86,386105193,98,2568,100,0,100,1,,,,,100.0,0.0,100.0,0.0,,,80.0,20.0,,,100.0,9.0,100.0,145.0,20,20,100,0,100,0,200,0,100.0,2545.0,100.0,28793302824.0,100.0,30712699286.0
2018-04-29,ZCH0D45M,ST12000NM0007,12000138625024,0,74,23766120,97,0,100,3,100,0,86,389220973,98,2592,100,0,100,1,,,,,100.0,0.0,100.0,0.0,,,80.0,20.0,,,100.0,9.0,100.0,146.0,20,20,100,0,100,0,200,0,100.0,2570.0,100.0,28943710520.0,100.0,30894575614.0
2018-04-30,ZCH0D45M,ST12000NM0007,12000138625024,0,83,184359008,97,0,100,3,100,0,86,392576718,98,2617,100,0,100,1,,,,,100.0,0.0,100.0,0.0,,,80.0,20.0,,,100.0,9.0,100.0,147.0,20,20,100,0,100,0,200,0,100.0,2595.0,100.0,29087974888.0,100.0,31155044782.0
2018-05-01,ZCH0D45M,ST12000NM0007,12000138625024,0,79,84989432,97,0,100,3,100,0,86,395809224,97,2641,100,0,100,1,,,,,100.0,0.0,100.0,0.0,,,80.0,20.0,,,100.0,9.0,100.0,148.0,20,20,100,0,100,0,200,0,100.0,2618.0,100.0,29224425240.0,100.0,31407506326.0
2018-05-02,ZCH0D45M,ST12000NM0007,12000138625024,0,83.0,211082000.0,97.0,0.0,100.0,3.0,100.0,0.0,86.0,399156954.0,97.0,2665.0,100.0,0.0,100.0,1.0,,,,,100.0,0.0,100.0,0.0,,,81.0,19.0,,,100.0,9.0,100.0,149.0,19.0,19.0,100.0,0.0,100.0,0.0,200.0,0.0,100.0,2643.0,100.0,29382747840.0,100.0,31619416934.0
2018-05-03,ZCH0D45M,ST12000NM0007,12000138625024,0,81,121646704,97,0,100,3,100,0,86,402709644,97,2692,100,0,100,1,,,,,100.0,0.0,100.0,0.0,,,81.0,19.0,,,100.0,9.0,100.0,150.0,19,19,100,0,100,0,200,0,100.0,2669.0,100.0,29559248496.0,100.0,31841762454.0
2018-05-04,ZCH0D45M,ST12000NM0007,12000138625024,0,83,209881208,97,0,100,3,100,0,86,405642341,97,2716,100,0,100,1,,,,,100.0,0.0,100.0,0.0,,,81.0,19.0,,,100.0,10.0,100.0,151.0,19,19,100,0,100,0,200,0,100.0,2693.0,100.0,29684786320.0,100.0,32048599798.0
2018-05-05,ZCH0D45M,ST12000NM0007,12000138625024,0,74,23627056,97,0,100,3,100,0,86,408374401,97,2740,100,0,100,1,,,,,100.0,0.0,100.0,0.0,,,80.0,20.0,,,100.0,10.0,100.0,152.0,20,20,100,0,100,0,200,0,100.0,2717.0,100.0,29787369360.0,100.0,32248044262.0
2018-05-06,ZCH0D45M,ST12000NM0007,12000138625024,0,79,74541088,97,0,100,3,100,0,86,411038056,97,2764,100,0,100,1,,,,,100.0,0.0,100.0,0.0,,,80.0,20.0,,,100.0,11.0,100.0,153.0,20,20,100,0,100,0,200,0,100.0,2741.0,100.0,29886228184.0,100.0,32444240118.0
2018-05-07,ZCH0D45M,ST12000NM0007,12000138625024,0,80,102391368,97,0,100,3,100,0,86,413614553,97,2788,100,0,100,1,,,,,100.0,0.0,100.0,0.0,,,80.0,20.0,,,100.0,11.0,100.0,154.0,20,20,100,0,100,0,200,0,100.0,2765.0,100.0,29980337432.0,100.0,32622121798.0
2018-05-08,ZCH0D45M,ST12000NM0007,12000138625024,0,83,209760240,97,0,100,3,100,0,86,416926640,97,2812,100,0,100,1,,,,,100.0,0.0,100.0,0.0,,,80.0,20.0,,,100.0,11.0,100.0,155.0,20,20,100,0,100,0,200,0,100.0,2789.0,100.0,30104313080.0,100.0,32849655654.0
2018-05-09,ZCH0D45M,ST12000NM0007,12000138625024,0,79,71495904,97,0,100,3,100,0,86,420127249,97,2836,100,0,100,1,,,,,100.0,0.0,100.0,0.0,,,80.0,20.0,,,100.0,12.0,100.0,156.0,20,20,100,0,100,0,200,0,100.0,2813.0,100.0,30235299016.0,100.0,33068686942.0
2018-05-10,ZCH0D45M,ST12000NM0007,12000138625024,0,83,199007680,97,0,100,3,100,0,86,423365897,97,2861,100,0,100,1,,,,,100.0,0.0,100.0,0.0,,,80.0,20.0,,,100.0,12.0,100.0,158.0,20,20,100,0,100,0,200,0,100.0,2837.0,100.0,30365528240.0,100.0,33310110126.0
2018-05-11,ZCH0D45M,ST12000NM0007,12000138625024,0,80,94465208,97,0,100,3,100,0,86,426692508,97,2885,100,0,100,1,,,,,100.0,0.0,100.0,0.0,,,80.0,20.0,,,100.0,12.0,100.0,159.0,20,20,100,0,100,0,200,0,100.0,2861.0,100.0,30504972160.0,100.0,33554405006.0
2018-05-12,ZCH0D45M,ST12000NM0007,12000138625024,0,82,153233448,97,0,100,3,100,0,86,429610714,97,2908,100,0,100,1,,,,,100.0,0.0,100.0,0.0,,,80.0,20.0,,,100.0,12.0,100.0,160.0,20,20,100,0,100,0,200,0,100.0,2885.0,100.0,30629564128.0,100.0,33732722038.0
2018-05-13,ZCH0D45M,ST12000NM0007,12000138625024,0,83,222338600,97,0,100,3,100,0,86,432546923,97,2932,100,0,100,1,,,,,100.0,0.0,100.0,0.0,,,80.0,20.0,,,100.0,12.0,100.0,161.0,20,20,100,0,100,0,200,0,100.0,2909.0,100.0,30749941184.0,100.0,33925590766.0
2018-05-14,ZCH0D45M,ST12000NM0007,12000138625024,0,79,79427824,97,0,100,3,100,0,86,435652373,97,2956,100,0,100,1,,,,,100.0,0.0,100.0,0.0,,,81.0,19.0,,,100.0,12.0,100.0,162.0,19,19,100,0,100,0,200,0,100.0,2933.0,100.0,30872386840.0,100.0,34148515934.0
2018-05-15,ZCH0D45M,ST12000NM0007,12000138625024,0,82.0,159703576.0,97.0,0.0,100.0,3.0,100.0,0.0,86.0,438632163.0,97.0,2980.0,100.0,0.0,100.0,1.0,,,,,100.0,0.0,100.0,0.0,,,80.0,20.0,,,100.0,12.0,100.0,163.0,20.0,20.0,100.0,0.0,100.0,0.0,200.0,0.0,100.0,2956.0,100.0,30999576712.0,100.0,34345742446.0
2018-05-16,ZCH0D45M,ST12000NM0007,12000138625024,0,72,16493592,97,0,100,3,100,0,86,441838942,97,3005,100,0,100,1,,,,,100.0,0.0,100.0,0.0,,,80.0,20.0,,,100.0,12.0,100.0,164.0,20,20,100,0,100,0,200,0,100.0,2981.0,100.0,31138250648.0,100.0,34552139910.0
2018-05-17,ZCH0D45M,ST12000NM0007,12000138625024,0,81,132081288,97,0,100,3,100,0,86,445009268,97,3027,100,0,100,1,,,,,100.0,0.0,100.0,0.0,,,80.0,20.0,,,100.0,12.0,100.0,165.0,20,20,100,0,100,0,200,0,100.0,3004.0,100.0,31279929224.0,100.0,34770189902.0
2018-05-18,ZCH0D45M,ST12000NM0007,12000138625024,0,82,173788472,97,0,100,3,100,0,87,447717916,97,3052,100,0,100,1,,,,,100.0,0.0,100.0,0.0,,,80.0,20.0,,,100.0,12.0,100.0,166.0,20,20,100,0,100,0,200,0,100.0,3028.0,100.0,31373820256.0,100.0,34962146718.0
2018-05-19,ZCH0D45M,ST12000NM0007,12000138625024,0,83,211931480,97,0,100,3,100,0,87,450730932,97,3076,100,0,100,1,,,,,100.0,0.0,100.0,0.0,,,80.0,20.0,,,100.0,13.0,100.0,167.0,20,20,100,0,100,0,200,0,100.0,3052.0,100.0,31469480600.0,100.0,35148770030.0
2018-05-20,ZCH0D45M,ST12000NM0007,12000138625024,0,84,239908656,97,0,100,3,100,0,87,453274502,97,3099,100,0,100,1,,,,,100.0,0.0,100.0,0.0,,,80.0,20.0,,,100.0,13.0,100.0,168.0,20,20,100,0,100,0,200,0,100.0,3076.0,100.0,31553478416.0,100.0,35336890262.0
2018-05-21,ZCH0D45M,ST12000NM0007,12000138625024,0,73,21522224,97,0,100,3,100,0,87,455702841,97,3124,100,0,100,1,,,,,100.0,0.0,100.0,0.0,,,80.0,20.0,,,100.0,14.0,100.0,169.0,20,20,100,0,100,0,200,0,100.0,3100.0,100.0,31625380656.0,100.0,35534883054.0
2018-05-22,ZCH0D45M,ST12000NM0007,12000138625024,0,78,59940768,97,0,100,3,100,0,87,458311768,97,3148,100,0,100,1,,,,,100.0,0.0,100.0,0.0,,,80.0,20.0,,,100.0,14.0,100.0,170.0,20,20,100,0,100,0,200,0,100.0,3124.0,100.0,31722496008.0,100.0,35720326998.0
2018-05-23,ZCH0D45M,ST12000NM0007,12000138625024,0,80,89469216,97,0,100,3,100,0,87,461066351,97,3172,100,0,100,1,,,,,100.0,0.0,100.0,0.0,,,80.0,20.0,,,100.0,14.0,100.0,171.0,20,20,100,0,100,0,200,0,100.0,3148.0,100.0,31819284864.0,100.0,35897207358.0
2018-05-24,ZCH0D45M,ST12000NM0007,12000138625024,0,81,128081224,97,0,100,3,100,0,87,463675806,97,3196,100,0,100,1,,,,,100.0,0.0,100.0,0.0,,,80.0,20.0,,,100.0,14.0,100.0,172.0,20,20,100,0,100,0,200,0,100.0,3171.0,100.0,31912991368.0,100.0,36086253542.0
2018-05-25,ZCH0D45M,ST12000NM0007,12000138625024,0,82,154000008,97,0,100,3,100,0,87,466418497,97,3220,100,0,100,1,,,,,100.0,0.0,100.0,0.0,,,80.0,20.0,,,100.0,15.0,100.0,173.0,20,20,100,0,100,0,200,0,100.0,3196.0,100.0,32017171536.0,100.0,36252132790.0
2018-05-26,ZCH0D45M,ST12000NM0007,12000138625024,0,81,137739792,97,0,100,3,100,0,87,468552036,97,3239,100,0,100,1,,,,,100.0,0.0,100.0,0.0,,,80.0,20.0,,,100.0,15.0,100.0,175.0,20,20,100,0,100,0,200,0,100.0,3214.0,100.0,32089385032.0,100.0,36407799926.0
2018-05-27,ZCH0D45M,ST12000NM0007,12000138625024,0,83,190069840,97,0,100,3,100,0,87,471158992,97,3261,100,0,100,1,,,,,100.0,0.0,100.0,0.0,,,80.0,20.0,,,100.0,16.0,100.0,176.0,20,20,100,0,100,0,200,0,100.0,3237.0,100.0,32189750080.0,100.0,36603905694.0
2018-05-28,ZCH0D45M,ST12000NM0007,12000138625024,0,83,223759880,97,0,100,3,100,0,87,473876967,97,3286,100,0,100,1,,,,,100.0,0.0,100.0,0.0,,,80.0,20.0,,,100.0,17.0,100.0,177.0,20,20,100,0,100,0,200,0,100.0,3261.0,100.0,32271403176.0,100.0,36800083518.0
2018-05-29,ZCH0D45M,ST12000NM0007,12000138625024,0,73,19810288,97,0,100,3,100,0,87,477040498,97,3309,100,0,100,1,,,,,100.0,0.0,100.0,0.0,,,80.0,20.0,,,100.0,18.0,100.0,178.0,20,20,100,0,100,0,200,0,100.0,3284.0,100.0,32360328632.0,100.0,36995489950.0
2018-05-30,ZCH0D45M,ST12000NM0007,12000138625024,0,79,70900488,97,0,100,3,100,0,87,480206938,97,3334,100,0,100,1,,,,,100.0,0.0,100.0,0.0,,,80.0,20.0,,,100.0,18.0,100.0,179.0,20,20,100,0,100,0,200,0,100.0,3309.0,100.0,32477938216.0,100.0,37173111246.0
2018-05-31,ZCH0D45M,ST12000NM0007,12000138625024,0,80,90611088,97,0,100,3,100,0,87,483078992,97,3359,100,0,100,1,,,,,100.0,0.0,100.0,0.0,,,80.0,20.0,,,100.0,19.0,100.0,180.0,20,20,100,0,100,0,200,0,100.0,3333.0,100.0,32583104520.0,100.0,37331796190.0
2018-06-01,ZCH0D45M,ST12000NM0007,12000138625024,0,82,151174912,97,0,100,3,100,0,87,486020575,97,3383,100,0,100,1,,,,,100.0,0.0,100.0,0.0,,,80.0,20.0,,,100.0,19.0,100.0,181.0,20,20,100,0,100,0,200,0,100.0,3357.0,100.0,32689815392.0,100.0,37529789982.0
2018-06-02,ZCH0D45M,ST12000NM0007,12000138625024,0,82,172213504,97,0,100,3,100,0,87,488753116,97,3406,100,0,100,1,,,,,100.0,0.0,100.0,0.0,,,80.0,20.0,,,100.0,19.0,100.0,182.0,20,20,100,0,100,0,200,0,100.0,3380.0,100.0,32790627536.0,100.0,37694157206.0
2018-06-03,ZCH0D45M,ST12000NM0007,12000138625024,0,71,12257584,97,0,100,3,100,0,87,491885569,97,3431,100,0,100,1,,,,,100.0,0.0,100.0,0.0,,,80.0,20.0,,,100.0,20.0,100.0,184.0,20,20,100,0,100,0,200,0,100.0,3405.0,100.0,32908782232.0,100.0,37904327974.0
2018-06-04,ZCH0D45M,ST12000NM0007,12000138625024,0,78,68380208,97,0,100,3,100,0,87,495063154,97,3454,100,0,100,1,,,,,100.0,0.0,100.0,0.0,,,80.0,20.0,,,100.0,21.0,100.0,185.0,20,20,100,0,100,0,200,0,100.0,3428.0,100.0,32972729304.0,100.0,38140644158.0
2018-06-05,ZCH0D45M,ST12000NM0007,12000138625024,0,80,93041592,97,0,100,3,100,0,87,497813258,97,3479,100,0,100,1,,,,,100.0,0.0,100.0,0.0,,,80.0,20.0,,,100.0,21.0,100.0,186.0,20,20,100,0,100,0,200,0,100.0,3452.0,100.0,33063836592.0,100.0,38318339006.0
2018-06-06,ZCH0D45M,ST12000NM0007,12000138625024,0,81,125299136,97,0,100,3,100,0,87,500650167,97,3502,100,0,100,1,,,,,100.0,0.0,100.0,0.0,,,80.0,20.0,,,100.0,21.0,100.0,186.0,20,20,100,0,100,0,200,0,100.0,3476.0,100.0,33160282424.0,100.0,38498291382.0
2018-06-07,ZCH0D45M,ST12000NM0007,12000138625024,0,82,153534264,97,0,100,3,100,0,87,503507171,96,3527,100,0,100,1,,,,,100.0,0.0,100.0,0.0,,,80.0,20.0,,,100.0,21.0,100.0,187.0,20,20,100,0,100,0,200,0,100.0,3500.0,100.0,33248927976.0,100.0,38682021750.0
2018-06-08,ZCH0D45M,ST12000NM0007,12000138625024,0,83,210938200,97,0,100,3,100,0,87,506523388,96,3550,100,0,100,1,,,,,100.0,0.0,100.0,0.0,,,80.0,20.0,,,100.0,21.0,100.0,188.0,20,20,100,0,100,0,200,0,100.0,3524.0,100.0,33356080496.0,100.0,38876413894.0
2018-06-09,ZCH0D45M,ST12000NM0007,12000138625024,0,71,11983216,97,0,100,3,100,0,87,509775596,96,3575,100,0,100,1,,,,,100.0,0.0,100.0,0.0,,,80.0,20.0,,,100.0,22.0,100.0,189.0,20,20,100,0,100,0,200,0,100.0,3548.0,100.0,33451232896.0,100.0,39070587846.0
2018-06-10,ZCH0D45M,ST12000NM0007,12000138625024,0,75,30578752,97,0,100,3,100,0,87,512585366,96,3599,100,0,100,1,,,,,100.0,0.0,100.0,0.0,,,80.0,20.0,,,100.0,22.0,100.0,190.0,20,20,100,0,100,0,200,0,100.0,3572.0,100.0,33538135312.0,100.0,39246421702.0
2018-06-11,ZCH0D45M,ST12000NM0007,12000138625024,0,76,37195960,97,0,100,3,100,0,87,515433446,96,3623,100,0,100,1,,,,,100.0,0.0,100.0,0.0,,,80.0,20.0,,,100.0,23.0,100.0,191.0,20,20,100,0,100,0,200,0,100.0,3596.0,100.0,33617374632.0,100.0,39417940310.0
2018-06-12,ZCH0D45M,ST12000NM0007,12000138625024,0,81,121936048,97,0,100,3,100,0,87,518643250,96,3647,100,0,100,1,,,,,100.0,0.0,100.0,0.0,,,80.0,20.0,,,100.0,23.0,100.0,192.0,20,20,100,0,100,0,200,0,100.0,3620.0,100.0,33727084400.0,100.0,39637111406.0
2018-06-13,ZCH0D45M,ST12000NM0007,12000138625024,0,82,176984144,97,0,100,3,100,0,87,521796923,96,3671,100,0,100,1,,,,,100.0,0.0,100.0,0.0,,,80.0,20.0,,,100.0,24.0,100.0,193.0,20,20,100,0,100,0,200,0,100.0,3644.0,100.0,33828633264.0,100.0,39834751294.0
2018-06-14,ZCH0D45M,ST12000NM0007,12000138625024,0,70,9900576,97,0,100,3,100,0,87,525373007,96,3695,100,0,100,1,,,,,100.0,0.0,100.0,0.0,,,78.0,22.0,,,100.0,24.0,100.0,194.0,22,22,100,0,100,0,200,0,100.0,3668.0,100.0,33921905712.0,100.0,40062676782.0
2018-06-15,ZCH0D45M,ST12000NM0007,12000138625024,0,82.0,150697376.0,97.0,0.0,100.0,3.0,100.0,0.0,87.0,529248593.0,96.0,3725.0,100.0,0.0,100.0,1.0,,,,,100.0,0.0,100.0,0.0,,,78.0,22.0,,,100.0,24.0,100.0,196.0,22.0,22.0,100.0,0.0,100.0,0.0,200.0,0.0,100.0,3698.0,100.0,34018674288.0,100.0,40350845710.0
2018-06-16,ZCH0D45M,ST12000NM0007,12000138625024,0,82.0,150614088.0,97.0,0.0,100.0,3.0,100.0,0.0,87.0,532015693.0,96.0,3749.0,100.0,0.0,100.0,1.0,,,,,100.0,0.0,100.0,0.0,,,78.0,22.0,,,100.0,24.0,100.0,197.0,22.0,22.0,100.0,0.0,100.0,0.0,200.0,0.0,100.0,3722.0,100.0,34106294648.0,100.0,40507282870.0
2018-06-17,ZCH0D45M,ST12000NM0007,12000138625024,0,82.0,143048272.0,97.0,0.0,100.0,3.0,100.0,0.0,87.0,534756119.0,96.0,3774.0,100.0,0.0,100.0,1.0,,,,,100.0,0.0,100.0,0.0,,,80.0,20.0,,,100.0,24.0,100.0,198.0,20.0,20.0,100.0,0.0,100.0,0.0,200.0,0.0,100.0,3746.0,100.0,34181756144.0,100.0,40668396238.0
2018-06-18,ZCH0D45M,ST12000NM0007,12000138625024,0,80.0,103100048.0,97.0,0.0,100.0,3.0,100.0,0.0,87.0,537133536.0,96.0,3797.0,100.0,0.0,100.0,1.0,,,,,100.0,0.0,100.0,0.0,,,81.0,19.0,,,100.0,24.0,100.0,199.0,19.0,19.0,100.0,0.0,100.0,0.0,200.0,0.0,100.0,3770.0,100.0,34244955592.0,100.0,40809389318.0
2018-06-19,ZCH0D45M,ST12000NM0007,12000138625024,0,80,97636688,97,0,100,3,100,0,87,539707112,96,3822,100,0,100,1,,,,,100.0,0.0,100.0,0.0,,,80.0,20.0,,,100.0,24.0,100.0,200.0,20,20,100,0,100,0,200,0,100.0,3794.0,100.0,34314648752.0,100.0,40978373606.0
2018-06-20,ZCH0D45M,ST12000NM0007,12000138625024,0,78,62020920,97,0,100,3,100,0,87,542263434,96,3845,100,0,100,1,,,,,100.0,0.0,100.0,0.0,,,80.0,20.0,,,100.0,24.0,100.0,201.0,20,20,100,0,100,0,200,0,100.0,3818.0,100.0,34396259488.0,100.0,41105287854.0
2018-06-21,ZCH0D45M,ST12000NM0007,12000138625024,0,80,110115688,97,0,100,3,100,0,87,545359007,96,3870,100,0,100,1,,,,,100.0,0.0,100.0,0.0,,,80.0,20.0,,,100.0,24.0,100.0,202.0,20,20,100,0,100,0,200,0,100.0,3842.0,100.0,34492816560.0,100.0,41300966190.0
2018-06-22,ZCH0D45M,ST12000NM0007,12000138625024,0,81,141163224,97,0,100,3,100,0,87,548249023,96,3893,100,0,100,1,,,,,100.0,0.0,100.0,0.0,,,81.0,19.0,,,100.0,24.0,100.0,203.0,19,19,100,0,100,0,200,0,100.0,3865.0,100.0,34581036704.0,100.0,41487934278.0
2018-06-23,ZCH0D45M,ST12000NM0007,12000138625024,0,82,147111344,97,0,100,3,100,0,87,550901836,96,3918,100,0,100,1,,,,,100.0,0.0,100.0,0.0,,,80.0,20.0,,,100.0,25.0,100.0,204.0,20,20,100,0,100,0,200,0,100.0,3890.0,100.0,34642288072.0,100.0,41676771782.0
2018-06-24,ZCH0D45M,ST12000NM0007,12000138625024,0,83,186438328,97,0,100,3,100,0,87,554098467,96,3942,100,0,100,1,,,,,100.0,0.0,100.0,0.0,,,80.0,20.0,,,100.0,26.0,100.0,205.0,20,20,100,0,100,0,200,0,100.0,3913.0,100.0,34716912912.0,100.0,41885614646.0
2018-06-25,ZCH0D45M,ST12000NM0007,12000138625024,0,84,225797608,97,0,100,3,100,0,87,556915921,96,3965,100,0,100,1,,,,,100.0,0.0,100.0,0.0,,,81.0,19.0,,,100.0,26.0,100.0,206.0,19,19,100,0,100,0,200,0,100.0,3937.0,100.0,34786797616.0,100.0,42099230038.0
2018-06-26,ZCH0D45M,ST12000NM0007,12000138625024,0,77,47021136,97,0,100,3,100,0,87,559935999,96,3990,100,0,100,1,,,,,100.0,0.0,100.0,0.0,,,80.0,20.0,,,100.0,26.0,100.0,207.0,20,20,100,0,100,0,200,0,100.0,3962.0,100.0,34868720608.0,100.0,42326812198.0
2018-06-27,ZCH0D45M,ST12000NM0007,12000138625024,0,80,89950056,97,0,100,3,100,0,88,562940570,96,4013,100,0,100,1,,,,,100.0,0.0,100.0,0.0,,,80.0,20.0,,,100.0,26.0,100.0,208.0,20,20,100,0,100,0,200,0,100.0,3985.0,100.0,34960625368.0,100.0,42521977174.0
2018-06-28,ZCH0D45M,ST12000NM0007,12000138625024,0,82,155089736,97,0,100,3,100,0,88,565962225,96,4037,100,0,100,1,,,,,100.0,0.0,100.0,0.0,,,80.0,20.0,,,100.0,27.0,100.0,209.0,20,20,100,0,100,0,200,0,100.0,4009.0,100.0,35047359768.0,100.0,42744523270.0
2018-06-29,ZCH0D45M,ST12000NM0007,12000138625024,0,82,171065528,97,0,100,3,100,0,88,568650292,96,4062,100,0,100,1,,,,,100.0,0.0,100.0,0.0,,,80.0,20.0,,,100.0,27.0,100.0,210.0,20,20,100,0,100,0,200,0,100.0,4033.0,100.0,35117615624.0,100.0,42934384070.0
2018-06-30,ZCH0D45M,ST12000NM0007,12000138625024,0,81,126311368,97,0,100,3,100,0,88,570695444,96,4080,100,0,100,1,,,,,100.0,0.0,100.0,0.0,,,80.0,20.0,,,100.0,28.0,100.0,212.0,20,20,100,0,100,0,200,0,100.0,4052.0,100.0,35170504200.0,100.0,43080881990.0
2018-07-01,ZCH0D45M,ST12000NM0007,12000138625024,0,82,141929176,97,0,100,3,100,0,88,573529708,96,4104,100,0,100,1,,,,,100.0,0.0,100.0,0.0,,,80.0,20.0,,,100.0,28.0,100.0,213.0,20,20,100,0,100,0,200,0,100.0,4076.0,100.0,35249998024.0,100.0,43261146606.0
2018-07-02,ZCH0D45M,ST12000NM0007,12000138625024,0,83,198730648,97,0,100,3,100,0,88,576655403,96,4128,100,0,100,1,,,,,100.0,0.0,100.0,0.0,,,80.0,20.0,,,100.0,29.0,100.0,214.0,20,20,100,0,100,0,200,0,100.0,4099.0,100.0,35345053744.0,100.0,43467033198.0
2018-07-03,ZCH0D45M,ST12000NM0007,12000138625024,0,83,212340152,97,0,100,3,100,0,88,579395172,96,4152,100,0,100,1,,,,,100.0,0.0,100.0,0.0,,,80.0,20.0,,,100.0,29.0,100.0,215.0,20,20,100,0,100,0,200,0,100.0,4124.0,100.0,35427108192.0,100.0,43642728998.0
2018-07-04,ZCH0D45M,ST12000NM0007,12000138625024,0,74,24320824,97,0,100,3,100,0,88,582853268,96,4176,100,0,100,1,,,,,100.0,0.0,100.0,0.0,,,80.0,20.0,,,100.0,29.0,100.0,216.0,20,20,100,0,100,0,200,0,100.0,4147.0,100.0,35513319248.0,100.0,43856780118.0
2018-07-05,ZCH0D45M,ST12000NM0007,12000138625024,0,74,23735528,97,0,100,3,100,0,88,585535054,96,4200,100,0,100,1,,,,,100.0,0.0,100.0,0.0,,,80.0,20.0,,,100.0,29.0,100.0,217.0,20,20,100,0,100,0,200,0,100.0,4172.0,100.0,35593146832.0,100.0,44020507870.0
2018-07-06,ZCH0D45M,ST12000NM0007,12000138625024,0,78,65515808,97,0,100,3,100,0,88,588363331,96,4224,100,0,100,1,,,,,100.0,0.0,100.0,0.0,,,80.0,20.0,,,100.0,29.0,100.0,218.0,20,20,100,0,100,0,200,0,100.0,4195.0,100.0,35669919784.0,100.0,44229655918.0
2018-07-07,ZCH0D45M,ST12000NM0007,12000138625024,0,81,119816088,97,0,100,3,100,0,88,591379326,96,4248,100,0,100,1,,,,,100.0,0.0,100.0,0.0,,,80.0,20.0,,,100.0,29.0,100.0,219.0,20,20,100,0,100,0,200,0,100.0,4219.0,100.0,35766424992.0,100.0,44431591630.0
2018-07-08,ZCH0D45M,ST12000NM0007,12000138625024,0,83,189078416,97,0,100,3,100,0,88,594601140,96,4272,100,0,100,1,,,,,100.0,0.0,100.0,0.0,,,80.0,20.0,,,100.0,29.0,100.0,220.0,20,20,100,0,100,0,200,0,100.0,4243.0,100.0,35881200968.0,100.0,44630218814.0
2018-07-09,ZCH0D45M,ST12000NM0007,12000138625024,0,81,118763032,97,0,100,3,100,0,88,596898123,96,4296,100,0,100,1,,,,,100.0,0.0,100.0,0.0,,,80.0,20.0,,,100.0,30.0,100.0,221.0,20,20,100,0,100,0,200,0,100.0,4267.0,100.0,35946177504.0,100.0,44739067614.0
2018-07-10,ZCH0D45M,ST12000NM0007,12000138625024,0,82.0,159249216.0,97.0,0.0,100.0,3.0,100.0,0.0,88.0,599892078.0,96.0,4320.0,100.0,0.0,100.0,1.0,,,,,100.0,0.0,100.0,0.0,,,80.0,20.0,,,100.0,30.0,100.0,222.0,20.0,20.0,100.0,0.0,100.0,0.0,200.0,0.0,100.0,4291.0,100.0,36032783328.0,100.0,44937088654.0
2018-07-11,ZCH0D45M,ST12000NM0007,12000138625024,0,83,187571152,97,0,100,3,100,0,88,602839569,96,4344,100,0,100,1,,,,,100.0,0.0,100.0,0.0,,,80.0,20.0,,,100.0,31.0,100.0,223.0,20,20,100,0,100,0,200,0,100.0,4315.0,100.0,36109614384.0,100.0,45132720350.0
2018-07-12,ZCH0D45M,ST12000NM0007,12000138625024,0,82,171052928,97,0,100,3,100,0,88,605422061,96,4368,100,0,100,1,,,,,100.0,0.0,100.0,0.0,,,80.0,20.0,,,100.0,31.0,100.0,224.0,20,20,100,0,100,0,200,0,100.0,4338.0,100.0,36181726976.0,100.0,45288230190.0
2018-07-13,ZCH0D45M,ST12000NM0007,12000138625024,0,82,153853872,97,0,100,3,100,0,88,607976136,95,4390,100,0,100,1,,,,,100.0,0.0,100.0,0.0,,,80.0,20.0,,,100.0,31.0,100.0,226.0,20,20,100,0,100,0,200,0,100.0,4359.0,100.0,36256303728.0,100.0,45440595126.0
2018-07-14,ZCH0D45M,ST12000NM0007,12000138625024,0,82,145913480,97,0,100,3,100,0,88,610575508,95,4414,100,0,100,1,,,,,100.0,0.0,100.0,0.0,,,80.0,20.0,,,100.0,31.0,100.0,227.0,20,20,100,0,100,0,200,0,100.0,4383.0,100.0,36321071680.0,100.0,45612027646.0
2018-07-15,ZCH0D45M,ST12000NM0007,12000138625024,0,83,214547568,97,0,100,3,100,0,88,614066473,95,4437,100,0,100,1,,,,,100.0,0.0,100.0,0.0,,,80.0,20.0,,,100.0,32.0,100.0,228.0,20,20,100,0,100,0,200,0,100.0,4407.0,100.0,36400163728.0,100.0,45845710422.0
2018-07-16,ZCH0D45M,ST12000NM0007,12000138625024,0,69,8708824,97,0,100,3,100,0,88,617066719,95,4462,100,0,100,1,,,,,100.0,0.0,100.0,0.0,,,80.0,20.0,,,100.0,32.0,100.0,229.0,20,20,100,0,100,0,200,0,100.0,4432.0,100.0,36467528024.0,100.0,46060788806.0
2018-07-17,ZCH0D45M,ST12000NM0007,12000138625024,0,79,80934864,97,0,100,3,100,0,88,620216083,95,4486,100,0,100,1,,,,,100.0,0.0,100.0,0.0,,,80.0,20.0,,,100.0,32.0,100.0,230.0,20,20,100,0,100,0,200,0,100.0,4455.0,100.0,36545600680.0,100.0,46299082822.0
2018-07-18,ZCH0D45M,ST12000NM0007,12000138625024,0,80,101628200,97,0,100,3,100,0,88,622997213,95,4510,100,0,100,1,,,,,100.0,0.0,100.0,0.0,,,80.0,20.0,,,100.0,32.0,100.0,231.0,20,20,100,0,100,0,200,0,100.0,4479.0,100.0,36653395224.0,100.0,46456122262.0
2018-07-19,ZCH0D45M,ST12000NM0007,12000138625024,0,82,152777368,97,0,100,3,100,0,88,626125821,95,4534,100,0,100,1,,,,,100.0,0.0,100.0,0.0,,,80.0,20.0,,,100.0,32.0,100.0,232.0,20,20,100,0,100,0,200,0,100.0,4503.0,100.0,36791410456.0,100.0,46613396942.0
2018-07-20,ZCH0D45M,ST12000NM0007,12000138625024,0,82,176023504,97,0,100,3,100,0,88,628873002,95,4557,100,0,100,1,,,,,100.0,0.0,100.0,0.0,,,80.0,20.0,,,100.0,32.0,100.0,233.0,20,20,100,0,100,0,200,0,100.0,4527.0,100.0,36885062776.0,100.0,46787131430.0
2018-07-21,ZCH0D45M,ST12000NM0007,12000138625024,0,82,170680536,97,0,100,3,100,0,88,631402848,95,4581,100,0,100,1,,,,,100.0,0.0,100.0,0.0,,,80.0,20.0,,,100.0,32.0,100.0,234.0,20,20,100,0,100,0,200,0,100.0,4550.0,100.0,36951298720.0,100.0,46959693270.0
2018-07-22,ZCH0D45M,ST12000NM0007,12000138625024,0,82,148130840,97,0,100,3,100,0,88,633931148,95,4605,100,0,100,1,,,,,100.0,0.0,100.0,0.0,,,80.0,20.0,,,100.0,32.0,100.0,235.0,20,20,100,0,100,0,200,0,100.0,4574.0,100.0,37037559584.0,100.0,47095023390.0
2018-07-23,ZCH0D45M,ST12000NM0007,12000138625024,0,82,142402336,97,0,100,3,100,0,88,636379215,95,4629,100,0,100,1,,,,,100.0,0.0,100.0,0.0,,,80.0,20.0,,,100.0,32.0,100.0,236.0,20,20,100,0,100,0,200,0,100.0,4598.0,100.0,37106993912.0,100.0,47264001278.0
2018-07-24,ZCH0D45M,ST12000NM0007,12000138625024,0,83,206907488,97,0,100,3,100,0,88,639572738,95,4653,100,0,100,1,,,,,100.0,0.0,100.0,0.0,,,80.0,20.0,,,100.0,32.0,100.0,237.0,20,20,100,0,100,0,200,0,100.0,4622.0,100.0,37222942376.0,100.0,47456698622.0
2018-07-25,ZCH0D45M,ST12000NM0007,12000138625024,0,70.0,9666848.0,97.0,0.0,100.0,3.0,100.0,0.0,88.0,642502016.0,95.0,4677.0,100.0,0.0,100.0,1.0,,,,,100.0,0.0,100.0,0.0,,,80.0,20.0,,,100.0,32.0,100.0,238.0,20.0,20.0,100.0,0.0,100.0,0.0,200.0,0.0,100.0,4645.0,100.0,37324096352.0,100.0,47646585550.0
2018-07-26,ZCH0D45M,ST12000NM0007,12000138625024,0,84,228951784,97,0,100,3,100,0,88,644774802,95,4702,100,0,100,1,,,,,100.0,0.0,100.0,0.0,,,80.0,20.0,,,100.0,32.0,100.0,239.0,20,20,100,0,100,0,200,0,100.0,4670.0,100.0,37371327224.0,100.0,47818639614.0
2018-07-27,ZCH0D45M,ST12000NM0007,12000138625024,0,74,26668376,97,0,100,3,100,0,88,647896207,95,4726,100,0,100,1,,,,,100.0,0.0,100.0,0.0,,,80.0,20.0,,,100.0,32.0,100.0,240.0,20,20,100,0,100,0,200,0,100.0,4694.0,100.0,37437228984.0,100.0,48038735782.0
2018-07-28,ZCH0D45M,ST12000NM0007,12000138625024,0,73,17961504,97,0,100,3,100,0,88,650425735,95,4750,100,0,100,1,,,,,100.0,0.0,100.0,0.0,,,80.0,20.0,,,100.0,33.0,100.0,242.0,20,20,100,0,100,0,200,0,100.0,4718.0,100.0,37493576824.0,100.0,48217821790.0
2018-07-29,ZCH0D45M,ST12000NM0007,12000138625024,0,74,26808872,97,0,100,3,100,0,88,653040718,95,4774,100,0,100,1,,,,,100.0,0.0,100.0,0.0,,,80.0,20.0,,,100.0,34.0,100.0,243.0,20,20,100,0,100,0,200,0,100.0,4741.0,100.0,37562868784.0,100.0,48401518030.0
2018-07-30,ZCH0D45M,ST12000NM0007,12000138625024,0,77,56059880,97,0,100,3,100,0,88,655608231,95,4798,100,0,100,1,,,,,100.0,0.0,100.0,0.0,,,80.0,20.0,,,100.0,34.0,100.0,244.0,20,20,100,0,100,0,200,0,100.0,4766.0,100.0,37613002296.0,100.0,48624776158.0
2018-07-31,ZCH0D45M,ST12000NM0007,12000138625024,0,77,47856720,97,0,100,3,100,0,88,658182477,95,4822,100,0,100,1,,,,,100.0,0.0,100.0,0.0,,,80.0,20.0,,,100.0,34.0,100.0,245.0,20,20,100,0,100,0,200,0,100.0,4789.0,100.0,37666591960.0,100.0,48807124206.0
2018-08-01,ZCH0D45M,ST12000NM0007,12000138625024,0,77,50102352,97,0,100,3,100,0,88,660881529,95,4846,100,0,100,1,,,,,100.0,0.0,100.0,0.0,,,80.0,20.0,,,100.0,34.0,100.0,246.0,20,20,100,0,100,0,200,0,100.0,4813.0,100.0,37743946640.0,100.0,48976155878.0
2018-08-02,ZCH0D45M,ST12000NM0007,12000138625024,0,74,26706952,97,0,100,3,100,0,88,663483982,95,4871,100,0,100,1,,,,,100.0,0.0,100.0,0.0,,,80.0,20.0,,,100.0,34.0,100.0,247.0,20,20,100,0,100,0,200,0,100.0,4838.0,100.0,37819684896.0,100.0,49121163078.0
2018-08-03,ZCH0D45M,ST12000NM0007,12000138625024,0,77,46780192,97,0,100,3,100,0,88,666290350,95,4894,100,0,100,1,,,,,100.0,0.0,100.0,0.0,,,80.0,20.0,,,100.0,34.0,100.0,248.0,20,20,100,0,100,0,200,0,100.0,4861.0,100.0,37897911880.0,100.0,49307149974.0
2018-08-04,ZCH0D45M,ST12000NM0007,12000138625024,0,76,36841016,97,0,100,3,100,0,88,668927758,95,4918,100,0,100,1,,,,,100.0,0.0,100.0,0.0,,,80.0,20.0,,,100.0,35.0,100.0,249.0,20,20,100,0,100,0,200,0,100.0,4885.0,100.0,37959746464.0,100.0,49479516934.0
2018-08-05,ZCH0D45M,ST12000NM0007,12000138625024,0,75,33120200,97,0,100,3,100,0,88,671630213,95,4942,100,0,100,1,,,,,100.0,0.0,100.0,0.0,,,80.0,20.0,,,100.0,35.0,100.0,250.0,20,20,100,0,100,0,200,0,100.0,4909.0,100.0,38014825296.0,100.0,49664858054.0
2018-08-06,ZCH0D45M,ST12000NM0007,12000138625024,0,84,241141032,97,0,100,3,100,0,88,674274165,95,4966,100,0,100,1,,,,,100.0,0.0,100.0,0.0,,,80.0,20.0,,,100.0,36.0,100.0,251.0,20,20,100,0,100,0,200,0,100.0,4932.0,100.0,38079347552.0,100.0,49808356630.0
2018-08-07,ZCH0D45M,ST12000NM0007,12000138625024,0,79,79020288,97,0,100,3,100,0,88,678147227,95,4991,100,0,100,1,,,,,100.0,0.0,100.0,0.0,,,80.0,20.0,,,100.0,37.0,100.0,252.0,20,20,100,0,100,0,200,0,100.0,4957.0,100.0,38164147080.0,100.0,50049717718.0
2018-08-08,ZCH0D45M,ST12000NM0007,12000138625024,0,78,64161160,97,0,100,3,100,0,88,680854394,95,5015,100,0,100,1,,,,,100.0,0.0,100.0,0.0,,,80.0,20.0,,,100.0,37.0,100.0,253.0,20,20,100,0,100,0,200,0,100.0,4981.0,100.0,38231089648.0,100.0,50212056670.0
2018-08-09,ZCH0D45M,ST12000NM0007,12000138625024,0,74,26006816,97,0,100,3,100,0,88,683314721,95,5038,100,0,100,1,,,,,100.0,0.0,100.0,0.0,,,80.0,20.0,,,100.0,37.0,100.0,254.0,20,20,100,0,100,0,200,0,100.0,5004.0,100.0,38280445040.0,100.0,50368687686.0
2018-08-10,ZCH0D45M,ST12000NM0007,12000138625024,0,77,48007360,97,0,100,3,100,0,88,686253125,95,5062,100,0,100,1,,,,,100.0,0.0,100.0,0.0,,,80.0,20.0,,,100.0,38.0,100.0,257.0,20,20,100,0,100,0,200,0,100.0,5028.0,100.0,38343938680.0,100.0,50571335318.0
2018-08-11,ZCH0D45M,ST12000NM0007,12000138625024,0,75,35294184,97,0,100,3,100,0,88,688984316,95,5087,100,0,100,1,,,,,100.0,0.0,100.0,0.0,,,80.0,20.0,,,100.0,39.0,100.0,258.0,20,20,100,0,100,0,200,0,100.0,5053.0,100.0,38413188176.0,100.0,50733513286.0
2018-08-12,ZCH0D45M,ST12000NM0007,12000138625024,0,68,6436936,97,0,100,3,100,0,88,691364212,95,5110,100,0,100,1,,,,,100.0,0.0,100.0,0.0,,,80.0,20.0,,,100.0,39.0,100.0,259.0,20,20,100,0,100,0,200,0,100.0,5076.0,100.0,38461053000.0,100.0,50900932030.0
2018-08-13,ZCH0D45M,ST12000NM0007,12000138625024,0,84,238729632,97,0,100,3,100,0,88,693890246,95,5134,100,0,100,1,,,,,100.0,0.0,100.0,0.0,,,80.0,20.0,,,100.0,39.0,100.0,260.0,20,20,100,0,100,0,200,0,100.0,5100.0,100.0,38517204480.0,100.0,51077073246.0
2018-08-14,ZCH0D45M,ST12000NM0007,12000138625024,0,72.0,15615856.0,97.0,0.0,100.0,3.0,100.0,0.0,88.0,696553273.0,95.0,5159.0,100.0,0.0,100.0,1.0,,,,,100.0,0.0,100.0,0.0,,,81.0,19.0,,,100.0,39.0,100.0,261.0,19.0,19.0,100.0,0.0,100.0,0.0,200.0,0.0,100.0,5125.0,100.0,38556671904.0,100.0,51302773358.0
2018-08-15,ZCH0D45M,ST12000NM0007,12000138625024,0,81.0,137733008.0,97.0,0.0,100.0,3.0,100.0,0.0,88.0,697624965.0,95.0,5175.0,100.0,0.0,100.0,1.0,,,,,100.0,0.0,100.0,0.0,,,81.0,19.0,,,100.0,39.0,100.0,261.0,19.0,19.0,100.0,0.0,100.0,0.0,200.0,0.0,100.0,5140.0,100.0,38564629376.0,100.0,51416933038.0
2018-08-16,ZCH0D45M,ST12000NM0007,12000138625024,0,83,186251936,97,0,100,3,100,0,88,699837131,95,5211,100,0,100,1,,,,,100.0,0.0,100.0,0.0,,,81.0,19.0,,,100.0,39.0,100.0,263.0,19,19,100,0,100,0,200,0,100.0,5176.0,100.0,38578195456.0,100.0,51696026518.0
2018-08-17,ZCH0D45M,ST12000NM0007,12000138625024,0,81,138039120,97,0,100,3,100,0,88,701539915,95,5236,100,0,100,1,,,,,100.0,0.0,100.0,0.0,,,80.0,20.0,,,100.0,39.0,100.0,264.0,20,20,100,0,100,0,200,0,100.0,5202.0,100.0,38588692928.0,100.0,51881457054.0
2018-08-18,ZCH0D45M,ST12000NM0007,12000138625024,0,83,203169624,97,0,100,3,100,0,88,704340072,94,5259,100,0,100,1,,,,,100.0,0.0,100.0,0.0,,,80.0,20.0,,,100.0,39.0,100.0,265.0,20,20,100,0,100,0,200,0,100.0,5224.0,100.0,38702424512.0,100.0,52076996854.0
2018-08-19,ZCH0D45M,ST12000NM0007,12000138625024,0,81,123484528,97,0,100,3,100,0,89,708116163,94,5283,100,0,100,1,,,,,100.0,0.0,100.0,0.0,,,80.0,20.0,,,100.0,39.0,100.0,266.0,20,20,100,0,100,0,200,0,100.0,5248.0,100.0,38884838192.0,100.0,52303179622.0
2018-08-20,ZCH0D45M,ST12000NM0007,12000138625024,0,84,242276016,97,0,100,3,100,0,89,712105146,94,5308,100,0,100,1,,,,,100.0,0.0,100.0,0.0,,,80.0,20.0,,,100.0,39.0,100.0,267.0,20,20,100,0,100,0,200,0,100.0,5273.0,100.0,39032056384.0,100.0,52518893614.0
2018-08-21,ZCH0D45M,ST12000NM0007,12000138625024,0,79,77820720,97,0,100,3,100,0,89,715660837,94,5332,100,0,100,1,,,,,100.0,0.0,100.0,0.0,,,80.0,20.0,,,100.0,40.0,100.0,268.0,20,20,100,0,100,0,200,0,100.0,5297.0,100.0,39182313696.0,100.0,52692462342.0
2018-08-22,ZCH0D45M,ST12000NM0007,12000138625024,0,81,136149112,97,0,100,3,100,0,89,719015644,94,5354,100,0,100,1,,,,,100.0,0.0,100.0,0.0,,,80.0,20.0,,,100.0,40.0,100.0,269.0,20,20,100,0,100,0,200,0,100.0,5319.0,100.0,39326008472.0,100.0,52851236590.0
2018-08-23,ZCH0D45M,ST12000NM0007,12000138625024,0,84,230544104,97,0,100,3,100,0,89,722731735,94,5378,100,0,100,1,,,,,100.0,0.0,100.0,0.0,,,80.0,20.0,,,100.0,40.0,100.0,270.0,20,20,100,0,100,0,200,0,100.0,5343.0,100.0,39480560384.0,100.0,53035220310.0
2018-08-24,ZCH0D45M,ST12000NM0007,12000138625024,0,80,101481152,97,0,100,3,100,0,89,726775191,94,5403,100,0,100,1,,,,,100.0,0.0,100.0,0.0,,,80.0,20.0,,,100.0,40.0,100.0,271.0,20,20,100,0,100,0,200,0,100.0,5368.0,100.0,39670984064.0,100.0,53204015142.0
2018-08-25,ZCH0D45M,ST12000NM0007,12000138625024,0,100,1928376,97,0,100,3,100,0,89,730795469,94,5428,100,0,100,1,,,,,100.0,0.0,100.0,0.0,,,80.0,20.0,,,100.0,40.0,100.0,272.0,20,20,100,0,100,0,200,0,100.0,5392.0,100.0,39868678800.0,100.0,53395049150.0
2018-08-26,ZCH0D45M,ST12000NM0007,12000138625024,0,82,147505680,97,0,100,3,100,0,89,734807866,94,5452,100,0,100,1,,,,,100.0,0.0,100.0,0.0,,,80.0,20.0,,,100.0,40.0,100.0,273.0,20,20,100,0,100,0,200,0,100.0,5416.0,100.0,40071833544.0,100.0,53581612534.0
2018-08-27,ZCH0D45M,ST12000NM0007,12000138625024,0,76,40974736,97,0,100,3,100,0,89,738769706,94,5475,100,0,100,1,,,,,100.0,0.0,100.0,0.0,,,80.0,20.0,,,100.0,40.0,100.0,274.0,20,20,100,0,100,0,200,0,100.0,5439.0,100.0,40261261864.0,100.0,53773934766.0
2018-08-28,ZCH0D45M,ST12000NM0007,12000138625024,0,84,236652448,97,0,100,3,100,0,89,743462111,94,5499,100,0,100,1,,,,,100.0,0.0,100.0,0.0,,,80.0,20.0,,,100.0,40.0,100.0,275.0,20,20,100,0,100,0,200,0,100.0,5463.0,100.0,40497315784.0,100.0,53977699382.0
2018-08-29,ZCH0D45M,ST12000NM0007,12000138625024,0,83,185769872,97,0,100,3,100,0,89,748141583,94,5524,100,0,100,1,,,,,100.0,0.0,100.0,0.0,,,80.0,20.0,,,100.0,40.0,100.0,276.0,20,20,100,0,100,0,200,0,100.0,5489.0,100.0,40697972232.0,100.0,54214441638.0
2018-08-30,ZCH0D45M,ST12000NM0007,12000138625024,0,83,202944584,97,0,100,3,100,0,89,751075390,94,5542,100,0,100,1,,,,,100.0,0.0,100.0,0.0,,,80.0,20.0,,,100.0,40.0,100.0,277.0,20,20,100,0,100,0,200,0,100.0,5506.0,100.0,40721033656.0,100.0,54452695558.0
2018-08-31,ZCH0D45M,ST12000NM0007,12000138625024,0,80,94303928,97,0,100,3,100,0,89,754751762,94,5567,100,0,100,1,,,,,100.0,0.0,100.0,0.0,,,81.0,19.0,,,100.0,41.0,100.0,278.0,19,19,100,0,100,0,200,0,100.0,5531.0,100.0,40736470304.0,100.0,54816899878.0
2018-09-01,ZCH0D45M,ST12000NM0007,12000138625024,0,78,56731336,97,0,100,3,100,0,89,756171492,94,5590,100,0,100,1,,,,,100.0,0.0,100.0,0.0,,,81.0,19.0,,,100.0,42.0,100.0,279.0,19,19,100,0,100,0,200,0,100.0,5554.0,100.0,40744489928.0,100.0,55015448382.0
2018-09-02,ZCH0D45M,ST12000NM0007,12000138625024,0,80,99611088,97,0,100,3,100,0,89,758329080,94,5614,100,0,100,1,,,,,100.0,0.0,100.0,0.0,,,80.0,20.0,,,100.0,43.0,100.0,280.0,20,20,100,0,100,0,200,0,100.0,5578.0,100.0,40756541840.0,100.0,55290416918.0
2018-09-03,ZCH0D45M,ST12000NM0007,12000138625024,0,78,63682576,97,0,100,3,100,0,89,760057264,94,5639,100,0,100,1,,,,,100.0,0.0,100.0,0.0,,,81.0,19.0,,,100.0,43.0,100.0,281.0,19,19,100,0,100,0,200,0,100.0,5603.0,100.0,40767850144.0,100.0,55487320766.0
2018-09-04,ZCH0D45M,ST12000NM0007,12000138625024,0,76,42874376,97,0,100,3,100,0,89,762129364,94,5663,100,0,100,1,,,,,100.0,0.0,100.0,0.0,,,81.0,19.0,,,100.0,43.0,100.0,282.0,19,19,100,0,100,0,200,0,100.0,5626.0,100.0,40788518640.0,100.0,55689984822.0
2018-09-05,ZCH0D45M,ST12000NM0007,12000138625024,0,84,236608224,97,0,100,3,100,0,89,763736626,94,5686,100,0,100,1,,,,,100.0,0.0,100.0,0.0,,,81.0,19.0,,,100.0,44.0,100.0,283.0,19,19,100,0,100,0,200,0,100.0,5650.0,100.0,40798788440.0,100.0,55873448870.0
2018-09-06,ZCH0D45M,ST12000NM0007,12000138625024,0,78,69385424,97,0,100,3,100,0,89,766864221,94,5715,100,0,100,1,,,,,100.0,0.0,100.0,0.0,,,80.0,20.0,,,100.0,44.0,100.0,284.0,20,20,100,0,100,0,200,0,100.0,5679.0,100.0,40820061984.0,100.0,56173234206.0
2018-09-07,ZCH0D45M,ST12000NM0007,12000138625024,0,73,19300560,97,0,100,3,100,0,89,768884595,94,5739,100,0,100,1,,,,,100.0,0.0,100.0,0.0,,,81.0,19.0,,,100.0,45.0,100.0,285.0,19,19,100,0,100,0,200,0,100.0,5702.0,100.0,40833134752.0,100.0,56354217326.0
2018-09-08,ZCH0D45M,ST12000NM0007,12000138625024,0,83,215194024,97,0,100,3,100,0,89,770564058,94,5763,100,0,100,1,,,,,100.0,0.0,100.0,0.0,,,81.0,19.0,,,100.0,45.0,100.0,286.0,19,19,100,0,100,0,200,0,100.0,5726.0,100.0,40844136424.0,100.0,56539109118.0
2018-09-09,ZCH0D45M,ST12000NM0007,12000138625024,0,83,184287408,97,0,100,3,100,0,89,772256990,94,5787,100,0,100,1,,,,,100.0,0.0,100.0,0.0,,,81.0,19.0,,,100.0,46.0,100.0,287.0,19,19,100,0,100,0,200,0,100.0,5750.0,100.0,40855178088.0,100.0,56741301534.0
2018-09-10,ZCH0D45M,ST12000NM0007,12000138625024,0,82,161768680,97,0,100,3,100,0,89,773829319,94,5811,100,0,100,1,,,,,100.0,0.0,100.0,0.0,,,81.0,19.0,,,100.0,47.0,100.0,288.0,19,19,100,0,100,0,200,0,100.0,5774.0,100.0,40865849712.0,100.0,56952251814.0
2018-09-11,ZCH0D45M,ST12000NM0007,12000138625024,0,83,192529416,97,0,100,3,100,0,89,776504596,94,5834,100,0,100,1,,,,,100.0,0.0,100.0,0.0,,,80.0,20.0,,,100.0,47.0,100.0,289.0,20,20,100,0,100,0,200,0,100.0,5796.0,100.0,40944278112.0,100.0,57148724894.0
2018-09-12,ZCH0D45M,ST12000NM0007,12000138625024,0,77,47677840,97,0,100,3,100,0,89,780054546,94,5858,100,0,100,1,,,,,100.0,0.0,100.0,0.0,,,80.0,20.0,,,100.0,47.0,100.0,290.0,20,20,100,0,100,0,200,0,100.0,5821.0,100.0,41082500832.0,100.0,57353932014.0
2018-09-13,ZCH0D45M,ST12000NM0007,12000138625024,0,81,137687328,97,0,100,3,100,0,89,783210357,94,5879,100,0,100,1,,,,,100.0,0.0,100.0,0.0,,,81.0,19.0,,,100.0,47.0,100.0,291.0,19,19,100,0,100,0,200,0,100.0,5842.0,100.0,41228192584.0,100.0,57542390414.0
2018-09-14,ZCH0D45M,ST12000NM0007,12000138625024,0,75,30225472,97,0,100,3,100,0,89,787453754,94,5903,100,0,100,1,,,,,100.0,0.0,100.0,0.0,,,76.0,24.0,,,100.0,47.0,100.0,292.0,24,24,100,0,100,0,200,0,100.0,5866.0,100.0,41428257344.0,100.0,57723145342.0
2018-09-15,ZCH0D45M,ST12000NM0007,12000138625024,0,81,136225240,97,0,100,3,100,0,89,791315540,94,5928,100,0,100,1,,,,,100.0,0.0,100.0,0.0,,,76.0,24.0,,,100.0,48.0,100.0,293.0,24,24,100,0,100,0,200,0,100.0,5891.0,100.0,41604394264.0,100.0,57897148862.0
2018-09-16,ZCH0D45M,ST12000NM0007,12000138625024,0,77,52851496,97,0,100,3,100,0,89,795488098,94,5954,100,0,100,1,,,,,100.0,0.0,100.0,0.0,,,76.0,24.0,,,100.0,48.0,100.0,294.0,24,24,100,0,100,0,200,0,100.0,5916.0,100.0,41800840544.0,100.0,58105610318.0
2018-09-17,ZCH0D45M,ST12000NM0007,12000138625024,0,81,129972312,97,0,100,3,100,0,89,798955294,94,5976,100,0,100,1,,,,,100.0,0.0,100.0,0.0,,,76.0,24.0,,,100.0,48.0,100.0,295.0,24,24,100,0,100,0,200,0,100.0,5938.0,100.0,41967892328.0,100.0,58259819990.0
2018-09-18,ZCH0D45M,ST12000NM0007,12000138625024,0,75,32223992,97,0,100,3,100,0,89,803877700,94,6001,100,0,100,1,,,,,100.0,0.0,100.0,0.0,,,78.0,22.0,,,100.0,48.0,100.0,296.0,22,22,100,0,100,0,200,0,100.0,5963.0,100.0,42160094024.0,100.0,58458151334.0
2018-09-19,ZCH0D45M,ST12000NM0007,12000138625024,0,81,138065584,97,0,100,3,100,0,89,807659797,94,6024,100,0,100,1,,,,,100.0,0.0,100.0,0.0,,,78.0,22.0,,,100.0,49.0,100.0,297.0,22,22,100,0,100,0,200,0,100.0,5986.0,100.0,42326721240.0,100.0,58641506342.0
2018-09-20,ZCH0D45M,ST12000NM0007,12000138625024,0,72,16737888,97,0,100,3,100,0,89,812035664,94,6050,100,0,100,1,,,,,100.0,0.0,100.0,0.0,,,78.0,22.0,,,100.0,49.0,100.0,298.0,22,22,100,0,100,0,200,0,100.0,6011.0,100.0,42507086456.0,100.0,58828094742.0
2018-09-21,ZCH0D45M,ST12000NM0007,12000138625024,0,80,97649344,97,0,100,3,100,0,89,817223101,94,6073,100,0,100,1,,,,,100.0,0.0,100.0,0.0,,,78.0,22.0,,,100.0,49.0,100.0,299.0,22,22,100,0,100,0,200,0,100.0,6035.0,100.0,42659062848.0,100.0,59001170470.0
2018-09-22,ZCH0D45M,ST12000NM0007,12000138625024,0,83,183363400,97,0,100,3,100,0,89,821253632,94,6097,100,0,100,1,,,,,100.0,0.0,100.0,0.0,,,78.0,22.0,,,100.0,50.0,100.0,300.0,22,22,100,0,100,0,200,0,100.0,6058.0,100.0,42783193736.0,100.0,59206894286.0
2018-09-23,ZCH0D45M,ST12000NM0007,12000138625024,0,79,73152232,97,0,100,3,100,0,89,826250475,94,6122,100,0,100,1,,,,,100.0,0.0,100.0,0.0,,,78.0,22.0,,,100.0,50.0,100.0,301.0,22,22,100,0,100,0,200,0,100.0,6083.0,100.0,42921394640.0,100.0,59446763558.0
2018-09-24,ZCH0D45M,ST12000NM0007,12000138625024,0,82,142937000,97,0,100,3,100,0,89,830125165,93,6145,100,0,100,1,,,,,100.0,0.0,100.0,0.0,,,78.0,22.0,,,100.0,51.0,100.0,302.0,22,22,100,0,100,0,200,0,100.0,6107.0,100.0,43025463920.0,100.0,59656619702.0
2018-09-25,ZCH0D45M,ST12000NM0007,12000138625024,0,83,218124768,97,0,100,3,100,0,89,834833319,93,6170,100,0,100,1,,,,,100.0,0.0,100.0,0.0,,,78.0,22.0,,,100.0,51.0,100.0,303.0,22,22,100,0,100,0,200,0,100.0,6131.0,100.0,43078777504.0,100.0,59922634518.0
2018-09-26,ZCH0D45M,ST12000NM0007,12000138625024,0,81,121970808,97,0,100,3,100,0,89,837997753,93,6193,100,0,100,1,,,,,100.0,0.0,100.0,0.0,,,78.0,22.0,,,100.0,52.0,100.0,304.0,22,22,100,0,100,0,200,0,100.0,6155.0,100.0,43086501296.0,100.0,60307038030.0
2018-09-27,ZCH0D45M,ST12000NM0007,12000138625024,0,76,41978728,97,0,100,3,100,0,89,839283879,93,6217,100,0,100,1,,,,,100.0,0.0,100.0,0.0,,,79.0,21.0,,,100.0,53.0,100.0,305.0,21,21,100,0,100,0,200,0,100.0,6178.0,100.0,43092303664.0,100.0,60465384294.0
2018-09-28,ZCH0D45M,ST12000NM0007,12000138625024,0,81,124944080,97,0,100,3,100,0,89,842560365,93,6237,100,0,100,1,,,,,100.0,0.0,100.0,0.0,,,78.0,22.0,,,100.0,54.0,100.0,306.0,22,22,100,0,100,0,200,0,100.0,6198.0,100.0,43114285464.0,100.0,60770508478.0
2018-09-29,ZCH0D45M,ST12000NM0007,12000138625024,0,81,124557176,97,0,100,3,100,0,89,845014796,93,6262,100,0,100,1,,,,,100.0,0.0,100.0,0.0,,,79.0,21.0,,,100.0,54.0,100.0,307.0,21,21,100,0,100,0,200,0,100.0,6223.0,100.0,43130563072.0,100.0,60997984646.0
2018-09-30,ZCH0D45M,ST12000NM0007,12000138625024,0,81,112227072,97,0,100,3,100,0,89,846866682,93,6286,100,0,100,1,,,,,100.0,0.0,100.0,0.0,,,78.0,22.0,,,100.0,55.0,100.0,308.0,22,22,100,0,100,0,200,0,100.0,6247.0,100.0,43153609184.0,100.0,61206749206.0
2018-10-01,ZCH0D45M,ST12000NM0007,12000138625024,0,80,97700576,97,0,100,3,100,0,89,848814900,93,6309,100,0,100,1,,,,,100.0,0.0,100.0,0.0,,,79.0,21.0,,,100.0,56.0,100.0,309.0,21,21,100,0,100,0,200,0,100.0,6270.0,100.0,43173298968.0,100.0,61416673622.0
2018-10-02,ZCH0D45M,ST12000NM0007,12000138625024,0,82,142374408,97,0,100,3,100,0,89,852005311,93,6334,100,0,100,1,,,,,100.0,0.0,100.0,0.0,,,78.0,22.0,,,100.0,56.0,100.0,310.0,22,22,100,0,100,0,200,0,100.0,6295.0,100.0,43227629072.0,100.0,61651159222.0
2018-10-03,ZCH0D45M,ST12000NM0007,12000138625024,0,79,84218504,97,0,100,3,100,0,89,853515854,93,6358,100,0,100,1,,,,,100.0,0.0,100.0,0.0,,,79.0,21.0,,,100.0,57.0,100.0,311.0,21,21,100,0,100,0,200,0,100.0,6319.0,100.0,43242423152.0,100.0,61822349870.0
2018-10-04,ZCH0D45M,ST12000NM0007,12000138625024,0,73.0,20594464.0,97.0,0.0,100.0,3.0,100.0,0.0,89.0,854840934.0,93.0,6383.0,100.0,0.0,100.0,1.0,,,,,100.0,0.0,100.0,0.0,,,79.0,21.0,,,100.0,58.0,100.0,312.0,21.0,21.0,100.0,0.0,100.0,0.0,200.0,0.0,100.0,6343.0,100.0,43248872448.0,100.0,61996417278.0
2018-10-05,ZCH0D45M,ST12000NM0007,12000138625024,0,84,225959440,97,0,100,3,100,0,89,857207212,93,6406,100,0,100,1,,,,,100.0,0.0,100.0,0.0,,,79.0,21.0,,,100.0,59.0,100.0,313.0,21,21,100,0,100,0,200,0,100.0,6367.0,100.0,43265012216.0,100.0,62185642486.0
2018-10-06,ZCH0D45M,ST12000NM0007,12000138625024,0,81,120852136,97,0,100,3,100,0,89,858199825,93,6430,100,0,100,1,,,,,100.0,0.0,100.0,0.0,,,79.0,21.0,,,100.0,59.0,100.0,314.0,21,21,100,0,100,0,200,0,100.0,6391.0,100.0,43270494304.0,100.0,62319193742.0
2018-10-07,ZCH0D45M,ST12000NM0007,12000138625024,0,77,49268760,97,0,100,3,100,0,89,859968112,93,6454,100,0,100,1,,,,,100.0,0.0,100.0,0.0,,,79.0,21.0,,,100.0,60.0,100.0,315.0,21,21,100,0,100,0,200,0,100.0,6414.0,100.0,43280860800.0,100.0,62481384662.0
2018-10-08,ZCH0D45M,ST12000NM0007,12000138625024,0,75,34100992,97,0,100,3,100,0,89,862040239,93,6478,100,0,100,1,,,,,100.0,0.0,100.0,0.0,,,78.0,22.0,,,100.0,61.0,100.0,316.0,22,22,100,0,100,0,200,0,100.0,6438.0,100.0,43290657952.0,100.0,62700560374.0
2018-10-09,ZCH0D45M,ST12000NM0007,12000138625024,0,83.0,201898976.0,97.0,0.0,100.0,3.0,100.0,0.0,89.0,863907495.0,93.0,6498.0,100.0,0.0,100.0,1.0,,,,,100.0,0.0,100.0,0.0,,,78.0,22.0,,,100.0,61.0,100.0,317.0,22.0,22.0,100.0,0.0,100.0,0.0,200.0,0.0,100.0,6459.0,100.0,43304227864.0,100.0,62854788446.0
2018-10-10,ZCH0D45M,ST12000NM0007,12000138625024,0,70,11218656,97,0,100,3,100,0,89,867417254,93,6530,100,0,100,1,,,,,100.0,0.0,100.0,0.0,,,79.0,21.0,,,100.0,62.0,100.0,318.0,21,21,100,0,100,0,200,0,100.0,6491.0,100.0,43318883464.0,100.0,63137733870.0
2018-10-11,ZCH0D45M,ST12000NM0007,12000138625024,0,83,204571816,97,0,100,3,100,0,89,869071288,93,6555,100,0,100,1,,,,,100.0,0.0,100.0,0.0,,,78.0,22.0,,,100.0,62.0,100.0,319.0,22,22,100,0,100,0,200,0,100.0,6515.0,100.0,43328984952.0,100.0,63320985542.0
2018-10-12,ZCH0D45M,ST12000NM0007,12000138625024,0,82,173305120,97,0,100,3,100,0,89,871947936,93,6577,100,0,100,1,,,,,100.0,0.0,100.0,0.0,,,78.0,22.0,,,100.0,63.0,100.0,320.0,22,22,100,0,100,0,200,0,100.0,6538.0,100.0,43359348400.0,100.0,63503496030.0
2018-10-13,ZCH0D45M,ST12000NM0007,12000138625024,0,82,143583880,97,0,100,3,100,0,89,873906319,93,6601,100,0,100,1,,,,,100.0,0.0,100.0,0.0,,,78.0,22.0,,,100.0,64.0,100.0,321.0,22,22,100,0,100,0,200,0,100.0,6562.0,100.0,43397242704.0,100.0,63680021246.0
2018-10-14,ZCH0D45M,ST12000NM0007,12000138625024,0,81,122891640,97,0,100,3,100,0,89,876031744,93,6625,100,0,100,1,,,,,100.0,0.0,100.0,0.0,,,78.0,22.0,,,100.0,64.0,100.0,322.0,22,22,100,0,100,0,200,0,100.0,6585.0,100.0,43444067920.0,100.0,63856644510.0
2018-10-15,ZCH0D45M,ST12000NM0007,12000138625024,0,79,82266944,97,0,100,3,100,0,89,877844564,93,6648,100,0,100,1,,,,,100.0,0.0,100.0,0.0,,,78.0,22.0,,,100.0,64.0,100.0,323.0,22,22,100,0,100,0,200,0,100.0,6609.0,100.0,43478581472.0,100.0,64025647126.0
2018-10-16,ZCH0D45M,ST12000NM0007,12000138625024,0,80,99883360,97,0,100,3,100,0,89,880964743,93,6673,100,0,100,1,,,,,100.0,0.0,100.0,0.0,,,78.0,22.0,,,100.0,65.0,100.0,324.0,22,22,100,0,100,0,200,0,100.0,6633.0,100.0,43534622760.0,100.0,64231362926.0
2018-10-17,ZCH0D45M,ST12000NM0007,12000138625024,0,78,69602968,97,0,100,3,100,0,89,882963642,93,6697,100,0,100,1,,,,,100.0,0.0,100.0,0.0,,,78.0,22.0,,,100.0,66.0,100.0,325.0,22,22,100,0,100,0,200,0,100.0,6657.0,100.0,43578503176.0,100.0,64401342950.0
2018-10-18,ZCH0D45M,ST12000NM0007,12000138625024,0,78,57827960,97,0,100,3,100,0,89,885339345,93,6722,100,0,100,1,,,,,100.0,0.0,100.0,0.0,,,78.0,22.0,,,100.0,67.0,100.0,326.0,22,22,100,0,100,0,200,0,100.0,6682.0,100.0,43625052040.0,100.0,64587159926.0
2018-10-19,ZCH0D45M,ST12000NM0007,12000138625024,0,66,4037352,97,0,100,3,100,0,89,887611519,93,6746,100,0,100,1,,,,,100.0,0.0,100.0,0.0,,,78.0,22.0,,,100.0,68.0,100.0,327.0,22,22,100,0,100,0,200,0,100.0,6705.0,100.0,43655115080.0,100.0,64747447014.0
2018-10-20,ZCH0D45M,ST12000NM0007,12000138625024,0,83,210325096,97,0,100,3,100,0,89,890353187,93,6770,100,0,100,1,,,,,100.0,0.0,100.0,0.0,,,78.0,22.0,,,100.0,69.0,100.0,328.0,22,22,100,0,100,0,200,0,100.0,6730.0,100.0,43692495904.0,100.0,64916353934.0
2018-10-21,ZCH0D45M,ST12000NM0007,12000138625024,0,83,220130512,97,0,100,3,100,0,90,893075472,93,6794,100,0,100,1,,,,,100.0,0.0,100.0,0.0,,,78.0,22.0,,,100.0,69.0,100.0,329.0,22,22,100,0,100,0,200,0,100.0,6754.0,100.0,43735194224.0,100.0,65127601782.0
2018-10-22,ZCH0D45M,ST12000NM0007,12000138625024,0,82,177719760,97,0,100,3,100,0,90,894945746,93,6818,100,0,100,1,,,,,100.0,0.0,100.0,0.0,,,78.0,22.0,,,100.0,70.0,100.0,330.0,22,22,100,0,100,0,200,0,100.0,6777.0,100.0,43764044040.0,100.0,65300481942.0
2018-10-23,ZCH0D45M,ST12000NM0007,12000138625024,0,83,193441440,97,0,100,3,100,0,90,898216877,93,6842,100,0,100,1,,,,,100.0,0.0,100.0,0.0,,,78.0,22.0,,,100.0,70.0,100.0,331.0,22,22,100,0,100,0,200,0,100.0,6801.0,100.0,43820516344.0,100.0,65503871950.0
2018-10-25,ZCH0D45M,ST12000NM0007,12000138625024,0,80,102334696,97,0,100,3,100,0,90,902046756,93,6889,100,0,100,1,,,,,100.0,0.0,100.0,0.0,,,78.0,22.0,,,100.0,72.0,100.0,333.0,22,22,100,0,100,0,200,0,100.0,6848.0,100.0,43901547464.0,100.0,65820015670.0
2018-10-26,ZCH0D45M,ST12000NM0007,12000138625024,0,79,79758280,97,0,100,3,100,0,90,905997377,93,6913,100,0,100,1,,,,,100.0,0.0,100.0,0.0,,,78.0,22.0,,,100.0,73.0,100.0,334.0,22,22,100,0,100,0,200,0,100.0,6872.0,100.0,43956081824.0,100.0,65987045702.0
2018-10-27,ZCH0D45M,ST12000NM0007,12000138625024,0,77,46415664,97,0,100,3,100,0,90,908405293,93,6937,100,0,100,1,,,,,100.0,0.0,100.0,0.0,,,78.0,22.0,,,100.0,73.0,100.0,335.0,22,22,100,0,100,0,200,0,100.0,6896.0,100.0,43992334064.0,100.0,66161591518.0
2018-10-28,ZCH0D45M,ST12000NM0007,12000138625024,0,73,19249056,97,0,100,3,100,0,90,910591362,93,6961,100,0,100,1,,,,,100.0,0.0,100.0,0.0,,,78.0,22.0,,,100.0,74.0,100.0,336.0,22,22,100,0,100,0,200,0,100.0,6920.0,100.0,44034547872.0,100.0,66336351798.0
2018-10-29,ZCH0D45M,ST12000NM0007,12000138625024,0,100,439888,97,0,100,3,100,0,90,912769983,93,6985,100,0,100,1,,,,,100.0,0.0,100.0,0.0,,,78.0,22.0,,,100.0,75.0,100.0,337.0,22,22,100,0,100,0,200,0,100.0,6944.0,100.0,44086474880.0,100.0,66509756254.0
2018-10-30,ZCH0D45M,ST12000NM0007,12000138625024,0,73,17799920,97,0,100,3,100,0,90,916004775,92,7009,100,0,100,1,,,,,100.0,0.0,100.0,0.0,,,78.0,22.0,,,100.0,76.0,100.0,338.0,22,22,100,0,100,0,200,0,100.0,6967.0,100.0,44142127128.0,100.0,66715604878.0
2018-10-31,ZCH0D45M,ST12000NM0007,12000138625024,0,83,220233464,97.0,0.0,100.0,3.0,100.0,0.0,90.0,918074637.0,92,7033,100.0,0.0,100,1,,,,,100.0,0.0,100.0,0.0,,,78.0,22.0,,,100.0,76.0,100.0,339.0,22,22,100.0,0.0,100.0,0.0,200.0,0.0,100.0,6991.0,100.0,44185051952.0,100.0,66875113598.0
2018-11-01,ZCH0D45M,ST12000NM0007,12000138625024,0,82,174105720,97.0,0.0,100.0,3.0,100.0,0.0,90.0,919941382.0,92,7055,100.0,0.0,100,1,,,,,100.0,0.0,100.0,0.0,,,77.0,23.0,,,100.0,77.0,100.0,340.0,23,23,100.0,0.0,100.0,0.0,200.0,0.0,100.0,7013.0,100.0,44221929792.0,100.0,67036248646.0
2018-11-02,ZCH0D45M,ST12000NM0007,12000138625024,0,81,113060872,97.0,0.0,100.0,3.0,100.0,0.0,90.0,923142124.0,92,7079,100.0,0.0,100,1,,,,,100.0,0.0,100.0,0.0,,,77.0,23.0,,,100.0,78.0,100.0,342.0,23,23,100.0,0.0,100.0,0.0,200.0,0.0,100.0,7036.0,100.0,44270443832.0,100.0,67170830390.0
2018-11-03,ZCH0D45M,ST12000NM0007,12000138625024,0,79,82621120,97.0,0.0,100.0,3.0,100.0,0.0,90.0,925664594.0,92,7102,100.0,0.0,100,1,,,,,100.0,0.0,100.0,0.0,,,78.0,22.0,,,100.0,78.0,100.0,343.0,22,22,100.0,0.0,100.0,0.0,200.0,0.0,100.0,7060.0,100.0,44303943048.0,100.0,67351032150.0
2018-11-04,ZCH0D45M,ST12000NM0007,12000138625024,0,79,79859224,97.0,0.0,100.0,3.0,100.0,0.0,90.0,927896632.0,92,7127,100.0,0.0,100,1,,,,,100.0,0.0,100.0,0.0,,,78.0,22.0,,,100.0,79.0,100.0,344.0,22,22,100.0,0.0,100.0,0.0,200.0,0.0,100.0,7084.0,100.0,44358801320.0,100.0,67537552742.0
2018-11-05,ZCH0D45M,ST12000NM0007,12000138625024,0,79,78757448,97.0,0.0,100.0,3.0,100.0,0.0,90.0,930729265.0,92,7151,100.0,0.0,100,1,,,,,100.0,0.0,100.0,0.0,,,78.0,22.0,,,100.0,79.0,100.0,345.0,22,22,100.0,0.0,100.0,0.0,200.0,0.0,100.0,7108.0,100.0,44416559400.0,100.0,67722833638.0
2018-11-06,ZCH0D45M,ST12000NM0007,12000138625024,0,83.0,187214696.0,97.0,0.0,100.0,3.0,100.0,0.0,90.0,934921000.0,92.0,7174.0,100.0,0.0,100.0,1.0,,,,,100.0,0.0,100.0,0.0,,,78.0,22.0,,,100.0,79.0,100.0,346.0,22.0,22.0,100.0,0.0,100.0,0.0,200.0,0.0,100.0,7131.0,100.0,44533952888.0,100.0,67958038030.0
2018-11-07,ZCH0D45M,ST12000NM0007,12000138625024,0,82.0,161697112.0,97.0,0.0,100.0,3.0,100.0,0.0,90.0,937044751.0,92.0,7199.0,100.0,0.0,100.0,1.0,,,,,100.0,0.0,100.0,0.0,,,78.0,22.0,,,100.0,79.0,100.0,347.0,22.0,22.0,100.0,0.0,100.0,0.0,200.0,0.0,100.0,7156.0,100.0,44582341752.0,100.0,68128272462.0
2018-11-08,ZCH0D45M,ST12000NM0007,12000138625024,0,83.0,180874496.0,97.0,0.0,100.0,3.0,100.0,0.0,90.0,939707686.0,92.0,7227.0,100.0,0.0,100.0,1.0,,,,,100.0,0.0,100.0,0.0,,,78.0,22.0,,,100.0,80.0,100.0,348.0,22.0,22.0,100.0,0.0,100.0,0.0,200.0,0.0,100.0,7184.0,100.0,44639247960.0,100.0,68334684350.0
2018-11-09,ZCH0D45M,ST12000NM0007,12000138625024,0,83,203938840,97.0,0.0,100.0,3.0,100.0,0.0,90.0,942998695.0,92,7251,100.0,0.0,100,1,,,,,100.0,0.0,100.0,0.0,,,79.0,21.0,,,100.0,80.0,100.0,349.0,21,21,100.0,0.0,100.0,0.0,200.0,0.0,100.0,7208.0,100.0,44686735664.0,100.0,68554401718.0
2018-11-10,ZCH0D45M,ST12000NM0007,12000138625024,0,82,162802896,97.0,0.0,100.0,3.0,100.0,0.0,90.0,945886193.0,92,7275,100.0,0.0,100,1,,,,,100.0,0.0,100.0,0.0,,,79.0,21.0,,,100.0,81.0,100.0,350.0,21,21,100.0,0.0,100.0,0.0,200.0,0.0,100.0,7232.0,100.0,44738322872.0,100.0,68705819446.0
2018-11-11,ZCH0D45M,ST12000NM0007,12000138625024,0,81,128249616,97.0,0.0,100.0,3.0,100.0,0.0,90.0,948166269.0,92,7299,100.0,0.0,100,1,,,,,100.0,0.0,100.0,0.0,,,79.0,21.0,,,100.0,82.0,100.0,351.0,21,21,100.0,0.0,100.0,0.0,200.0,0.0,100.0,7256.0,100.0,44771087296.0,100.0,68882642374.0
2018-11-12,ZCH0D45M,ST12000NM0007,12000138625024,0,80,94899896,97.0,0.0,100.0,3.0,100.0,0.0,90.0,950297182.0,92,7322,100.0,0.0,100,1,,,,,100.0,0.0,100.0,0.0,,,79.0,21.0,,,100.0,82.0,100.0,352.0,21,21,100.0,0.0,100.0,0.0,200.0,0.0,100.0,7279.0,100.0,44813732544.0,100.0,69050788254.0
2018-11-13,ZCH0D45M,ST12000NM0007,12000138625024,0,81,125698944,97.0,0.0,100.0,3.0,100.0,0.0,90.0,953772549.0,92,7346,100.0,0.0,100,1,,,,,100.0,0.0,100.0,0.0,,,79.0,21.0,,,100.0,82.0,100.0,353.0,21,21,100.0,0.0,100.0,0.0,200.0,0.0,100.0,7303.0,100.0,44878590696.0,100.0,69260869910.0
2018-11-14,ZCH0D45M,ST12000NM0007,12000138625024,0,81,123817856,97.0,0.0,100.0,3.0,100.0,0.0,90.0,956228694.0,92,7371,100.0,0.0,100,1,,,,,100.0,0.0,100.0,0.0,,,78.0,22.0,,,100.0,83.0,100.0,354.0,22,22,100.0,0.0,100.0,0.0,200.0,0.0,100.0,7327.0,100.0,44942111288.0,100.0,69439609102.0
2018-11-15,ZCH0D45M,ST12000NM0007,12000138625024,0,79,78958488,97.0,0.0,100.0,3.0,100.0,0.0,90.0,958380552.0,92,7395,100.0,0.0,100,1,,,,,100.0,0.0,100.0,0.0,,,78.0,22.0,,,100.0,83.0,100.0,355.0,22,22,100.0,0.0,100.0,0.0,200.0,0.0,100.0,7351.0,100.0,44986449552.0,100.0,69594552230.0
2018-11-16,ZCH0D45M,ST12000NM0007,12000138625024,0,76,39132376,97.0,0.0,100.0,3.0,100.0,0.0,90.0,961411960.0,92,7419,100.0,0.0,100,1,,,,,100.0,0.0,100.0,0.0,,,78.0,22.0,,,100.0,84.0,100.0,356.0,22,22,100.0,0.0,100.0,0.0,200.0,0.0,100.0,7375.0,100.0,45046567032.0,100.0,69738749310.0
2018-11-17,ZCH0D45M,ST12000NM0007,12000138625024,0,84.0,243387088.0,97.0,0.0,100.0,3.0,100.0,0.0,90.0,963503721.0,92.0,7444.0,100.0,0.0,100.0,1.0,,,,,100.0,0.0,100.0,0.0,,,78.0,22.0,,,100.0,84.0,100.0,357.0,22.0,22.0,100.0,0.0,100.0,0.0,200.0,0.0,100.0,7400.0,100.0,45096527120.0,100.0,69893043934.0
2018-11-18,ZCH0D45M,ST12000NM0007,12000138625024,0,83,189544352,97.0,0.0,100.0,3.0,100.0,0.0,90.0,965933399.0,92,7468,100.0,0.0,100,1,,,,,100.0,0.0,100.0,0.0,,,78.0,22.0,,,100.0,85.0,100.0,358.0,22,22,100.0,0.0,100.0,0.0,200.0,0.0,100.0,7424.0,100.0,45144973760.0,100.0,70034895286.0
2018-11-19,ZCH0D45M,ST12000NM0007,12000138625024,0,83,202880336,97.0,0.0,100.0,3.0,100.0,0.0,90.0,968664193.0,92,7492,100.0,0.0,100,1,,,,,100.0,0.0,100.0,0.0,,,78.0,22.0,,,100.0,85.0,100.0,359.0,22,22,100.0,0.0,100.0,0.0,200.0,0.0,100.0,7448.0,100.0,45187725656.0,100.0,70249620206.0
2018-11-20,ZCH0D45M,ST12000NM0007,12000138625024,0,83,190203536,97.0,0.0,100.0,3.0,100.0,0.0,90.0,971574615.0,92,7515,100.0,0.0,100,1,,,,,100.0,0.0,100.0,0.0,,,78.0,22.0,,,100.0,85.0,100.0,360.0,22,22,100.0,0.0,100.0,0.0,200.0,0.0,100.0,7471.0,100.0,45232455344.0,100.0,70436354518.0
2018-11-21,ZCH0D45M,ST12000NM0007,12000138625024,0,82,153111408,97.0,0.0,100.0,3.0,100.0,0.0,90.0,973584141.0,92,7540,100.0,0.0,100,1,,,,,100.0,0.0,100.0,0.0,,,78.0,22.0,,,100.0,85.0,100.0,361.0,22,22,100.0,0.0,100.0,0.0,200.0,0.0,100.0,7495.0,100.0,45277007840.0,100.0,70598850534.0
2018-11-22,ZCH0D45M,ST12000NM0007,12000138625024,0,81,137785968,97.0,0.0,100.0,3.0,100.0,0.0,90.0,976273986.0,92,7563,100.0,0.0,100,1,,,,,100.0,0.0,100.0,0.0,,,73.0,27.0,,,100.0,86.0,100.0,362.0,27,27,100.0,0.0,100.0,0.0,200.0,0.0,100.0,7519.0,100.0,45329023024.0,100.0,70775650606.0
2018-11-23,ZCH0D45M,ST12000NM0007,12000138625024,0,80,95445616,97.0,0.0,100.0,3.0,100.0,0.0,90.0,978894960.0,92,7586,100.0,0.0,100,1,,,,,100.0,0.0,100.0,0.0,,,77.0,23.0,,,100.0,86.0,100.0,363.0,23,23,100.0,0.0,100.0,0.0,200.0,0.0,100.0,7542.0,100.0,45367829584.0,100.0,70938644374.0
2018-11-24,ZCH0D45M,ST12000NM0007,12000138625024,0,75,29221000,97.0,0.0,100.0,3.0,100.0,0.0,90.0,980826061.0,92,7611,100.0,0.0,100,1,,,,,100.0,0.0,100.0,0.0,,,77.0,23.0,,,100.0,87.0,100.0,364.0,23,23,100.0,0.0,100.0,0.0,200.0,0.0,100.0,7567.0,100.0,45412535272.0,100.0,71071854902.0
2018-11-25,ZCH0D45M,ST12000NM0007,12000138625024,0,84,235616128,97.0,0.0,100.0,3.0,100.0,0.0,90.0,982943867.0,92,7636,100.0,0.0,100,1,,,,,100.0,0.0,100.0,0.0,,,77.0,23.0,,,100.0,87.0,100.0,365.0,23,23,100.0,0.0,100.0,0.0,200.0,0.0,100.0,7591.0,100.0,45452981432.0,100.0,71237803870.0
2018-11-26,ZCH0D45M,ST12000NM0007,12000138625024,0,83,190169984,97.0,0.0,100.0,3.0,100.0,0.0,90.0,984745514.0,92,7660,100.0,0.0,100,1,,,,,100.0,0.0,100.0,0.0,,,77.0,23.0,,,100.0,87.0,100.0,366.0,23,23,100.0,0.0,100.0,0.0,200.0,0.0,100.0,7615.0,100.0,45488450248.0,100.0,71401029582.0
2018-11-27,ZCH0D45M,ST12000NM0007,12000138625024,0,83,213780224,97.0,0.0,100.0,3.0,100.0,0.0,90.0,987921368.0,92,7683,100.0,0.0,100,1,,,,,100.0,0.0,100.0,0.0,,,77.0,23.0,,,100.0,88.0,100.0,367.0,23,23,100.0,0.0,100.0,0.0,200.0,0.0,100.0,7638.0,100.0,45541512712.0,100.0,71615718238.0
2018-11-28,ZCH0D45M,ST12000NM0007,12000138625024,0,84,225781576,97.0,0.0,100.0,3.0,100.0,0.0,90.0,990154861.0,92,7708,100.0,0.0,100,1,,,,,100.0,0.0,100.0,0.0,,,77.0,23.0,,,100.0,89.0,100.0,368.0,23,23,100.0,0.0,100.0,0.0,200.0,0.0,100.0,7662.0,100.0,45588823200.0,100.0,71824549886.0
2018-11-29,ZCH0D45M,ST12000NM0007,12000138625024,0,84,228971256,97.0,0.0,100.0,3.0,100.0,0.0,90.0,992624170.0,92,7732,100.0,0.0,100,1,,,,,100.0,0.0,100.0,0.0,,,79.0,21.0,,,100.0,89.0,100.0,369.0,21,21,100.0,0.0,100.0,0.0,200.0,0.0,100.0,7686.0,100.0,45631959808.0,100.0,72028743758.0
2018-11-30,ZCH0D45M,ST12000NM0007,12000138625024,0,83,220604392,97.0,0.0,100.0,3.0,100.0,0.0,90.0,995648425.0,92,7755,100.0,0.0,100,1,,,,,100.0,0.0,100.0,0.0,,,80.0,20.0,,,100.0,90.0,100.0,370.0,20,20,100.0,0.0,100.0,0.0,200.0,0.0,100.0,7710.0,100.0,45687458184.0,100.0,72209019270.0
2018-12-01,ZCH0D45M,ST12000NM0007,12000138625024,0,72,14781832,97.0,0.0,100.0,3.0,100.0,0.0,90.0,998728944.0,92,7779,100.0,0.0,100,1,,,,,100.0,0.0,100.0,0.0,,,80.0,20.0,,,100.0,90.0,100.0,371.0,20,20,100.0,0.0,100.0,0.0,200.0,0.0,100.0,7734.0,100.0,45756850872.0,100.0,72422085310.0
2018-12-02,ZCH0D45M,ST12000NM0007,12000138625024,0,84,225083728,97.0,0.0,100.0,3.0,100.0,0.0,90.0,613639.0,92,7804,100.0,0.0,100,1,,,,,100.0,0.0,100.0,0.0,,,80.0,20.0,,,100.0,91.0,100.0,372.0,20,20,100.0,0.0,100.0,0.0,200.0,0.0,100.0,7758.0,100.0,45790758144.0,100.0,72598479934.0
2018-12-03,ZCH0D45M,ST12000NM0007,12000138625024,0,83,208564344,97.0,0.0,100.0,3.0,100.0,0.0,64.0,2729902.0,92,7827,100.0,0.0,100,1,,,,,100.0,0.0,100.0,0.0,,,80.0,20.0,,,100.0,91.0,100.0,373.0,20,20,100.0,0.0,100.0,0.0,200.0,0.0,100.0,7781.0,100.0,45846746896.0,100.0,72770112430.0
2018-12-04,ZCH0D45M,ST12000NM0007,12000138625024,0,83,216198552,97.0,0.0,100.0,3.0,100.0,0.0,68.0,6092833.0,92,7851,100.0,0.0,100,1,,,,,100.0,0.0,100.0,0.0,,,80.0,20.0,,,100.0,92.0,100.0,374.0,20,20,100.0,0.0,100.0,0.0,200.0,0.0,100.0,7805.0,100.0,45916652336.0,100.0,72951981902.0
2018-12-05,ZCH0D45M,ST12000NM0007,12000138625024,0,84.0,227584632.0,97.0,0.0,100.0,3.0,100.0,0.0,69.0,8305563.0,92.0,7875.0,100.0,0.0,100.0,1.0,,,,,100.0,0.0,100.0,0.0,,,80.0,20.0,,,100.0,93.0,100.0,375.0,20.0,20.0,100.0,0.0,100.0,0.0,200.0,0.0,100.0,7829.0,100.0,45961437264.0,100.0,73162723918.0
2018-12-06,ZCH0D45M,ST12000NM0007,12000138625024,0,82,163909872,97.0,0.0,100.0,3.0,100.0,0.0,70.0,10202023.0,91,7894,100.0,0.0,100,1,,,,,100.0,0.0,100.0,0.0,,,80.0,20.0,,,100.0,93.0,100.0,375.0,20,20,100.0,0.0,100.0,0.0,200.0,0.0,100.0,7848.0,100.0,45991562760.0,100.0,73313064398.0
2018-12-07,ZCH0D45M,ST12000NM0007,12000138625024,0,79,72392680,97.0,0.0,100.0,3.0,100.0,0.0,71.0,13519793.0,91,7918,100.0,0.0,100,1,,,,,100.0,0.0,100.0,0.0,,,80.0,20.0,,,100.0,94.0,100.0,376.0,20,20,100.0,0.0,100.0,0.0,200.0,0.0,100.0,7872.0,100.0,46036901920.0,100.0,73420348718.0
2018-12-08,ZCH0D45M,ST12000NM0007,12000138625024,0,84,229917136,97.0,0.0,100.0,3.0,100.0,0.0,72.0,15807808.0,91,7943,100.0,0.0,100,1,,,,,100.0,0.0,100.0,0.0,,,80.0,20.0,,,100.0,94.0,100.0,377.0,20,20,100.0,0.0,100.0,0.0,200.0,0.0,100.0,7897.0,100.0,46071416160.0,100.0,73543358934.0
2018-12-09,ZCH0D45M,ST12000NM0007,12000138625024,0,79,78690720,97.0,0.0,100.0,3.0,100.0,0.0,72.0,17550873.0,91,7966,100.0,0.0,100,1,,,,,100.0,0.0,100.0,0.0,,,80.0,20.0,,,100.0,94.0,100.0,378.0,20,20,100.0,0.0,100.0,0.0,200.0,0.0,100.0,7920.0,100.0,46106092552.0,100.0,73601596886.0
2018-12-10,ZCH0D45M,ST12000NM0007,12000138625024,0,83,215151984,97.0,0.0,100.0,3.0,100.0,0.0,73.0,19715505.0,91,7991,100.0,0.0,100,1,,,,,100.0,0.0,100.0,0.0,,,80.0,20.0,,,100.0,94.0,100.0,379.0,20,20,100.0,0.0,100.0,0.0,200.0,0.0,100.0,7944.0,100.0,46152005904.0,100.0,73692144798.0
2018-12-11,ZCH0D45M,ST12000NM0007,12000138625024,0,82,160435824,97.0,0.0,100.0,3.0,100.0,0.0,74.0,22801410.0,91,8014,100.0,0.0,100,1,,,,,100.0,0.0,100.0,0.0,,,80.0,20.0,,,100.0,95.0,100.0,380.0,20,20,100.0,0.0,100.0,0.0,200.0,0.0,100.0,7967.0,100.0,46202043504.0,100.0,73831531710.0
2018-12-12,ZCH0D45M,ST12000NM0007,12000138625024,0,75,33698760,97.0,0.0,100.0,3.0,100.0,0.0,74.0,24487008.0,91,8038,100.0,0.0,100,1,,,,,100.0,0.0,100.0,0.0,,,80.0,20.0,,,100.0,95.0,100.0,381.0,20,20,100.0,0.0,100.0,0.0,200.0,0.0,100.0,7991.0,100.0,46241657528.0,100.0,73909321262.0
2018-12-13,ZCH0D45M,ST12000NM0007,12000138625024,0,81,134799656,97.0,0.0,100.0,3.0,100.0,0.0,74.0,26218445.0,91,8063,100.0,0.0,100,1,,,,,100.0,0.0,100.0,0.0,,,79.0,21.0,,,100.0,96.0,100.0,382.0,21,21,100.0,0.0,100.0,0.0,200.0,0.0,100.0,8016.0,100.0,46287312720.0,100.0,73964766966.0
2018-12-14,ZCH0D45M,ST12000NM0007,12000138625024,0,78,59882264,97.0,0.0,100.0,3.0,100.0,0.0,75.0,29045452.0,91,8086,100.0,0.0,100,1,,,,,100.0,0.0,100.0,0.0,,,79.0,21.0,,,100.0,97.0,100.0,383.0,21,21,100.0,0.0,100.0,0.0,200.0,0.0,100.0,8039.0,100.0,46330141776.0,100.0,74091161358.0
2018-12-15,ZCH0D45M,ST12000NM0007,12000138625024,0,83,180252360,97.0,0.0,100.0,3.0,100.0,0.0,75.0,30807345.0,91,8110,100.0,0.0,100,1,,,,,100.0,0.0,100.0,0.0,,,79.0,21.0,,,100.0,98.0,100.0,384.0,21,21,100.0,0.0,100.0,0.0,200.0,0.0,100.0,8063.0,100.0,46370569832.0,100.0,74171103398.0
2018-12-16,ZCH0D45M,ST12000NM0007,12000138625024,0,80,93832488,97.0,0.0,100.0,3.0,100.0,0.0,75.0,32881779.0,91,8135,100.0,0.0,100,1,,,,,100.0,0.0,100.0,0.0,,,79.0,21.0,,,100.0,100.0,100.0,386.0,21,21,100.0,0.0,100.0,0.0,200.0,0.0,100.0,8087.0,100.0,46410184152.0,100.0,74289210070.0
2018-12-17,ZCH0D45M,ST12000NM0007,12000138625024,0,75,31229176,97.0,0.0,100.0,3.0,100.0,0.0,75.0,35479709.0,91,8158,100.0,0.0,100,1,,,,,100.0,0.0,100.0,0.0,,,79.0,21.0,,,100.0,101.0,100.0,387.0,21,21,100.0,0.0,100.0,0.0,200.0,0.0,100.0,8110.0,100.0,46464210512.0,100.0,74416721078.0
2018-12-18,ZCH0D45M,ST12000NM0007,12000138625024,0,84,234944680,97.0,0.0,100.0,3.0,100.0,0.0,76.0,39211640.0,91,8183,100.0,0.0,100,1,,,,,100.0,0.0,100.0,0.0,,,79.0,21.0,,,100.0,102.0,100.0,388.0,21,21,100.0,0.0,100.0,0.0,200.0,0.0,100.0,8135.0,100.0,46518302504.0,100.0,74566344590.0
2018-12-19,ZCH0D45M,ST12000NM0007,12000138625024,0,82,142539312,97.0,0.0,100.0,3.0,100.0,0.0,76.0,41187103.0,91,8207,100.0,0.0,100,1,,,,,100.0,0.0,100.0,0.0,,,79.0,21.0,,,100.0,103.0,100.0,389.0,21,21,100.0,0.0,100.0,0.0,200.0,0.0,100.0,8159.0,100.0,46569823880.0,100.0,74666558518.0
2018-12-20,ZCH0D45M,ST12000NM0007,12000138625024,0,77,50837592,97.0,0.0,100.0,3.0,100.0,0.0,76.0,43118081.0,91,8230,100.0,0.0,100,1,,,,,100.0,0.0,100.0,0.0,,,79.0,21.0,,,100.0,103.0,100.0,389.0,21,21,100.0,0.0,100.0,0.0,200.0,0.0,100.0,8182.0,100.0,46613286568.0,100.0,74775534758.0
2018-12-21,ZCH0D45M,ST12000NM0007,12000138625024,0,84,225549400,97.0,0.0,100.0,3.0,100.0,0.0,77.0,46238017.0,91,8255,100.0,0.0,100,1,,,,,100.0,0.0,100.0,0.0,,,79.0,21.0,,,100.0,105.0,100.0,391.0,21,21,100.0,0.0,100.0,0.0,200.0,0.0,100.0,8206.0,100.0,46672966304.0,100.0,74890566894.0
2018-12-22,ZCH0D45M,ST12000NM0007,12000138625024,0,83,189020704,97.0,0.0,100.0,3.0,100.0,0.0,77.0,48420821.0,91,8278,100.0,0.0,100,1,,,,,100.0,0.0,100.0,0.0,,,79.0,21.0,,,100.0,105.0,100.0,391.0,21,21,100.0,0.0,100.0,0.0,200.0,0.0,100.0,8230.0,100.0,46724201632.0,100.0,75046943678.0
2018-12-23,ZCH0D45M,ST12000NM0007,12000138625024,0,82,172562360,97.0,0.0,100.0,3.0,100.0,0.0,77.0,51132168.0,91,8302,100.0,0.0,100,1,,,,,100.0,0.0,100.0,0.0,,,79.0,21.0,,,100.0,105.0,100.0,392.0,21,21,100.0,0.0,100.0,0.0,200.0,0.0,100.0,8254.0,100.0,46809393976.0,100.0,75189433862.0
2018-12-24,ZCH0D45M,ST12000NM0007,12000138625024,0,80,104918544,97.0,0.0,100.0,3.0,100.0,0.0,77.0,53307953.0,91,8326,100.0,0.0,100,1,,,,,100.0,0.0,100.0,0.0,,,79.0,21.0,,,100.0,106.0,100.0,393.0,21,21,100.0,0.0,100.0,0.0,200.0,0.0,100.0,8278.0,100.0,46860673472.0,100.0,75314651182.0
2018-12-25,ZCH0D45M,ST12000NM0007,12000138625024,0,81,138319064,97.0,0.0,100.0,3.0,100.0,0.0,78.0,56954790.0,91,8351,100.0,0.0,100,1,,,,,100.0,0.0,100.0,0.0,,,79.0,21.0,,,100.0,107.0,100.0,394.0,21,21,100.0,0.0,100.0,0.0,200.0,0.0,100.0,8303.0,100.0,46911528720.0,100.0,75541337086.0
2018-12-26,ZCH0D45M,ST12000NM0007,12000138625024,0,77,48006456,97.0,0.0,100.0,3.0,100.0,0.0,78.0,58551592.0,91,8374,100.0,0.0,100,1,,,,,100.0,0.0,100.0,0.0,,,79.0,21.0,,,100.0,108.0,100.0,395.0,21,21,100.0,0.0,100.0,0.0,200.0,0.0,100.0,8325.0,100.0,46945682744.0,100.0,75661011110.0
2018-12-27,ZCH0D45M,ST12000NM0007,12000138625024,0,83,180770816,97.0,0.0,100.0,3.0,100.0,0.0,78.0,60098255.0,91,8398,100.0,0.0,100,1,,,,,100.0,0.0,100.0,0.0,,,79.0,21.0,,,100.0,109.0,100.0,396.0,21,21,100.0,0.0,100.0,0.0,200.0,0.0,100.0,8349.0,100.0,46976160416.0,100.0,75763297798.0
2018-12-28,ZCH0D45M,ST12000NM0007,12000138625024,0,83,184796120,97.0,0.0,100.0,3.0,100.0,0.0,78.0,63293791.0,91,8422,100.0,0.0,100,1,,,,,100.0,0.0,100.0,0.0,,,79.0,21.0,,,100.0,110.0,100.0,397.0,21,21,100.0,0.0,100.0,0.0,200.0,0.0,100.0,8373.0,100.0,47021844024.0,100.0,75965780134.0
2018-12-29,ZCH0D45M,ST12000NM0007,12000138625024,0,81,127299888,97.0,0.0,100.0,3.0,100.0,0.0,78.0,65853604.0,91,8447,100.0,0.0,100,1,,,,,100.0,0.0,100.0,0.0,,,79.0,21.0,,,100.0,111.0,100.0,398.0,21,21,100.0,0.0,100.0,0.0,200.0,0.0,100.0,8397.0,100.0,47075568456.0,100.0,76098700102.0
2018-12-30,ZCH0D45M,ST12000NM0007,12000138625024,0,79,73488344,97.0,0.0,100.0,3.0,100.0,0.0,78.0,67965352.0,91,8470,100.0,0.0,100,1,,,,,100.0,0.0,100.0,0.0,,,80.0,20.0,,,100.0,112.0,100.0,399.0,20,20,100.0,0.0,100.0,0.0,200.0,0.0,100.0,8421.0,100.0,47130744088.0,100.0,76233853558.0
2018-12-31,ZCH0D45M,ST12000NM0007,12000138625024,0,71,12271400,97.0,0.0,100.0,3.0,100.0,0.0,78.0,69941333.0,91,8494,100.0,0.0,100,1,,,,,100.0,0.0,100.0,0.0,,,79.0,21.0,,,100.0,112.0,100.0,400.0,21,21,100.0,0.0,100.0,0.0,200.0,0.0,100.0,8445.0,100.0,47171333200.0,100.0,76376188230.0
