2018-01-01,ZCH0773W,ST12000NM0007,12000138625024,0,80,99030536,98,0,100,2,100,0,75,32641772,99,1500,100,0,100,2,,,,,100.0,0.0,100.0,0.0,,,68.0,32.0,,,100.0,2.0,99.0,2493.0,32,32,100,0,100,0,200,0,100.0,296.0,100.0,3450625624.0,100.0,2263857026.0
2018-01-02,ZCH0773W,ST12000NM0007,12000138625024,0,75,33227728,98,0,100,2,100,0,75,35475203,99,1523,100,0,100,2,,,,,100.0,0.0,100.0,0.0,,,68.0,32.0,,,100.0,2.0,99.0,2494.0,32,32,100,0,100,0,200,0,100.0,320.0,100.0,3677715280.0,100.0,2459245954.0
2018-01-03,ZCH0773W,ST12000NM0007,12000138625024,0,76,40869688,98,0,100,2,100,0,76,38733759,99,1548,100,0,100,2,,,,,100.0,0.0,100.0,0.0,,,65.0,35.0,,,100.0,2.0,99.0,2495.0,35,35,100,0,100,0,200,0,100.0,344.0,100.0,3953959472.0,100.0,2678925130.0
2018-01-04,ZCH0773W,ST12000NM0007,12000138625024,0,82,148642752,98,0,100,2,100,0,76,42461492,99,1574,100,0,100,2,,,,,100.0,0.0,100.0,0.0,,,65.0,35.0,,,100.0,2.0,99.0,2497.0,35,35,100,0,100,0,200,0,100.0,371.0,100.0,4282150432.0,100.0,2946788706.0
2018-01-05,ZCH0773W,ST12000NM0007,12000138625024,0,81.0,135295696.0,98.0,0.0,100.0,2.0,100.0,0.0,77.0,45482427.0,99.0,1598.0,100.0,0.0,100.0,2.0,,,,,100.0,0.0,100.0,0.0,,,66.0,34.0,,,100.0,2.0,99.0,2498.0,34.0,34.0,100.0,0.0,100.0,0.0,200.0,0.0,100.0,394.0,100.0,4537699112.0,100.0,3166174922.0
2018-01-06,ZCH0773W,ST12000NM0007,12000138625024,0,81,121568200,98,0,100,2,100,0,77,48601580,99,1622,100,0,100,2,,,,,100.0,0.0,100.0,0.0,,,65.0,35.0,,,100.0,3.0,99.0,2499.0,35,35,100,0,100,0,200,0,100.0,418.0,100.0,4797313928.0,100.0,3381114058.0
2018-01-07,ZCH0773W,ST12000NM0007,12000138625024,0,70,10173000,98,0,100,2,100,0,77,51255761,99,1646,100,0,100,2,,,,,100.0,0.0,100.0,0.0,,,65.0,35.0,,,100.0,3.0,99.0,2500.0,35,35,100,0,100,0,200,0,100.0,442.0,100.0,4982348352.0,100.0,3572965810.0
2018-01-08,ZCH0773W,ST12000NM0007,12000138625024,0,83,182997824,98,0,100,2,100,0,77,54154414,99,1670,100,0,100,2,,,,,100.0,0.0,100.0,0.0,,,65.0,35.0,,,100.0,3.0,99.0,2501.0,35,35,100,0,100,0,200,0,100.0,466.0,100.0,5184526016.0,100.0,3787753842.0
2018-01-09,ZCH0773W,ST12000NM0007,12000138625024,0,81,130731808,98,0,100,2,100,0,78,57096453,99,1694,100,0,100,2,,,,,100.0,0.0,100.0,0.0,,,65.0,35.0,,,100.0,3.0,99.0,2502.0,35,35,100,0,100,0,200,0,100.0,490.0,100.0,5412063528.0,100.0,3996231762.0
2018-01-10,ZCH0773W,ST12000NM0007,12000138625024,0,82,165099056,98,0,100,2,100,0,78,60446727,99,1718,100,0,100,2,,,,,100.0,0.0,100.0,0.0,,,65.0,35.0,,,100.0,3.0,99.0,2503.0,35,35,100,0,100,0,200,0,100.0,514.0,100.0,5702416024.0,100.0,4228528258.0
2018-01-11,ZCH0773W,ST12000NM0007,12000138625024,0,81,124121672,98,0,100,2,100,0,78,63270549,99,1739,100,0,100,2,,,,,100.0,0.0,100.0,0.0,,,64.0,36.0,,,100.0,3.0,99.0,2504.0,36,36,100,0,100,0,200,0,100.0,535.0,100.0,5932956048.0,100.0,4445292234.0
2018-01-12,ZCH0773W,ST12000NM0007,12000138625024,0,81,129753424,98,0,100,2,100,0,78,66534592,98,1763,100,0,100,2,,,,,100.0,0.0,100.0,0.0,,,63.0,37.0,,,100.0,4.0,99.0,2505.0,37,37,100,0,100,0,200,0,100.0,559.0,100.0,6211064728.0,100.0,4661096618.0
2018-01-13,ZCH0773W,ST12000NM0007,12000138625024,0,82.0,173035472.0,98.0,0.0,100.0,2.0,100,0,78.0,69973372.0,98,1787,100.0,0.0,100,2,,,,,100.0,0.0,100.0,0.0,,,63.0,37.0,,,100.0,4.0,99.0,2506.0,37.0,37.0,100.0,0.0,100.0,0.0,200,0,100.0,583.0,100.0,6504464192.0,100.0,4899260562.0
2018-01-14,ZCH0773W,ST12000NM0007,12000138625024,0,82.0,144348184.0,98.0,0.0,100.0,2.0,100,0,79.0,73100216.0,98,1811,100.0,0.0,100,2,,,,,100.0,0.0,100.0,0.0,,,63.0,37.0,,,100.0,4.0,99.0,2507.0,37.0,37.0,100.0,0.0,100.0,0.0,200,0,100.0,607.0,100.0,6750169400.0,100.0,5113149530.0
2018-01-15,ZCH0773W,ST12000NM0007,12000138625024,0,82.0,156065712.0,98.0,0.0,100.0,2.0,100,0,79.0,76431277.0,98,1835,100.0,0.0,100,2,,,,,100.0,0.0,100.0,0.0,,,62.0,38.0,,,100.0,4.0,99.0,2508.0,38.0,38.0,100.0,0.0,100.0,0.0,200,0,100.0,630.0,100.0,7016856120.0,100.0,5346461834.0
2018-01-16,ZCH0773W,ST12000NM0007,12000138625024,0,83.0,201900680.0,98.0,0.0,100.0,2.0,100,0,79.0,79872326.0,98,1859,100.0,0.0,100,2,,,,,100.0,0.0,100.0,0.0,,,64.0,36.0,,,100.0,4.0,99.0,2509.0,36.0,36.0,100.0,0.0,100.0,0.0,200,0,100.0,654.0,100.0,7280710720.0,100.0,5616723594.0
2018-01-17,ZCH0773W,ST12000NM0007,12000138625024,0,83.0,189005328.0,98.0,0.0,100.0,2.0,100,0,79.0,83166645.0,98,1883,100.0,0.0,100,2,,,,,100.0,0.0,100.0,0.0,,,66.0,34.0,,,100.0,5.0,99.0,2510.0,34.0,34.0,100.0,0.0,100.0,0.0,200,0,100.0,679.0,100.0,7530234328.0,100.0,5842585954.0
2018-01-18,ZCH0773W,ST12000NM0007,12000138625024,0,81.0,137857656.0,98.0,0.0,100.0,2.0,100.0,0.0,79.0,86427379.0,98.0,1910.0,100.0,0.0,100.0,2.0,,,,,100.0,0.0,100.0,0.0,,,68.0,32.0,,,100.0,5.0,99.0,2512.0,32.0,32.0,100.0,0.0,100.0,0.0,200.0,0.0,100.0,705.0,100.0,7746702264.0,100.0,6063251610.0
2018-01-19,ZCH0773W,ST12000NM0007,12000138625024,0,80.0,97163504.0,98.0,0.0,100.0,2.0,100.0,0.0,80.0,89727302.0,98.0,1935.0,100.0,0.0,100.0,2.0,,,,,100.0,0.0,100.0,0.0,,,65.0,35.0,,,100.0,5.0,99.0,2513.0,35.0,35.0,100.0,0.0,100.0,0.0,200.0,0.0,100.0,729.0,100.0,7993373640.0,100.0,6264167698.0
2018-01-20,ZCH0773W,ST12000NM0007,12000138625024,0,75.0,34825992.0,98.0,0.0,100.0,2.0,100,0,80.0,92807271.0,98,1958,100.0,0.0,100,2,,,,,100.0,0.0,100.0,0.0,,,68.0,32.0,,,100.0,5.0,99.0,2514.0,32.0,32.0,100.0,0.0,100.0,0.0,200,0,100.0,753.0,100.0,8216626200.0,100.0,6466859082.0
2018-01-21,ZCH0773W,ST12000NM0007,12000138625024,0,72.0,15694584.0,98.0,0.0,100.0,2.0,100,0,80.0,96024114.0,98,1983,100.0,0.0,100,2,,,,,100.0,0.0,100.0,0.0,,,68.0,32.0,,,100.0,5.0,99.0,2515.0,32.0,32.0,100.0,0.0,100.0,0.0,200,0,100.0,777.0,100.0,8451588952.0,100.0,6701046354.0
2018-01-22,ZCH0773W,ST12000NM0007,12000138625024,0,83.0,195428272.0,98.0,0.0,100.0,2.0,100,0,80.0,99012635.0,98,2006,100.0,0.0,100,2,,,,,100.0,0.0,100.0,0.0,,,68.0,32.0,,,100.0,5.0,99.0,2516.0,32.0,32.0,100.0,0.0,100.0,0.0,200,0,100.0,800.0,100.0,8659450968.0,100.0,6917058754.0
2018-01-23,ZCH0773W,ST12000NM0007,12000138625024,0,75.0,31739512.0,98.0,0.0,100.0,2.0,100,0,80.0,102729210.0,98,2031,100.0,0.0,100,2,,,,,100.0,0.0,100.0,0.0,,,68.0,32.0,,,100.0,5.0,99.0,2517.0,32.0,32.0,100.0,0.0,100.0,0.0,200,0,100.0,825.0,100.0,8917196112.0,100.0,7228047082.0
2018-01-24,ZCH0773W,ST12000NM0007,12000138625024,0,81.0,130420904.0,98.0,0.0,100.0,2.0,100,0,80.0,105204161.0,98,2050,100.0,0.0,100,2,,,,,100.0,0.0,100.0,0.0,,,68.0,32.0,,,100.0,5.0,99.0,2518.0,32.0,32.0,100.0,0.0,100.0,0.0,200,0,100.0,844.0,100.0,9075401960.0,100.0,7412663370.0
2018-01-25,ZCH0773W,ST12000NM0007,12000138625024,0,82.0,153869024.0,98.0,0.0,100.0,2.0,100,0,80.0,107149727.0,98,2067,100.0,0.0,100,2,,,,,100.0,0.0,100.0,0.0,,,67.0,33.0,,,100.0,5.0,99.0,2518.0,33.0,33.0,100.0,0.0,100.0,0.0,200,0,100.0,861.0,100.0,9202625680.0,100.0,7553028474.0
2018-01-26,ZCH0773W,ST12000NM0007,12000138625024,0,80.0,109797368.0,98.0,0.0,100.0,2.0,100,0,80.0,110473759.0,98,2091,100.0,0.0,100,2,,,,,100.0,0.0,100.0,0.0,,,64.0,36.0,,,100.0,5.0,99.0,2519.0,36.0,36.0,100.0,0.0,100.0,0.0,200,0,100.0,885.0,100.0,9423316832.0,100.0,7776547074.0
2018-01-27,ZCH0773W,ST12000NM0007,12000138625024,0,76.0,37295944.0,98.0,0.0,100.0,2.0,100,0,81.0,113514308.0,98,2114,100.0,0.0,100,2,,,,,100.0,0.0,100.0,0.0,,,64.0,36.0,,,100.0,5.0,99.0,2520.0,36.0,36.0,100.0,0.0,100.0,0.0,200,0,100.0,908.0,100.0,9609079904.0,100.0,8006563882.0
2018-01-28,ZCH0773W,ST12000NM0007,12000138625024,0,100.0,48016.0,98.0,0.0,100.0,2.0,100,0,81.0,116785114.0,98,2139,100.0,0.0,100,2,,,,,100.0,0.0,100.0,0.0,,,64.0,36.0,,,100.0,5.0,99.0,2521.0,36.0,36.0,100.0,0.0,100.0,0.0,200,0,100.0,933.0,100.0,9829161584.0,100.0,8237515578.0
2018-01-29,ZCH0773W,ST12000NM0007,12000138625024,0,84.0,226743568.0,98.0,0.0,100.0,2.0,100,0,81.0,118366778.0,98,2151,100.0,0.0,100,2,,,,,100.0,0.0,100.0,0.0,,,65.0,35.0,,,100.0,5.0,99.0,2522.0,35.0,35.0,100.0,0.0,100.0,0.0,200,0,100.0,945.0,100.0,9948567184.0,100.0,8344805530.0
2018-01-30,ZCH0773W,ST12000NM0007,12000138625024,0,79.0,85013472.0,98.0,0.0,100.0,2.0,100,0,81.0,124288454.0,98,2195,100.0,0.0,100,2,,,,,100.0,0.0,100.0,0.0,,,64.0,36.0,,,100.0,5.0,99.0,2524.0,36.0,36.0,100.0,0.0,100.0,0.0,200,0,100.0,988.0,100.0,10358963976.0,100.0,8769241730.0
2018-01-31,ZCH0773W,ST12000NM0007,12000138625024,0,78.0,65268520.0,98.0,0.0,100.0,2.0,100.0,0.0,81.0,127489399.0,98.0,2219.0,100.0,0.0,100.0,2.0,,,,,100.0,0.0,100.0,0.0,,,65.0,35.0,,,100.0,5.0,99.0,2525.0,35.0,35.0,100.0,0.0,100.0,0.0,200.0,0.0,100.0,1013.0,100.0,10565004048.0,100.0,9031738282.0
2018-02-01,ZCH0773W,ST12000NM0007,12000138625024,0,81.0,112398608.0,98.0,0.0,100.0,2.0,100,0,81.0,131136296.0,98,2244,100.0,0.0,100,2,,,,,100.0,0.0,100.0,0.0,,,67.0,33.0,,,100.0,5.0,99.0,2526.0,33.0,33.0,100.0,0.0,100.0,0.0,200,0,100.0,1037.0,100.0,10811791968.0,100.0,9320361834.0
2018-02-02,ZCH0773W,ST12000NM0007,12000138625024,0,79.0,72550160.0,98.0,0.0,100.0,2.0,100,0,81.0,134373298.0,98,2268,100.0,0.0,100,2,,,,,100.0,0.0,100.0,0.0,,,66.0,34.0,,,100.0,5.0,99.0,2527.0,34.0,34.0,100.0,0.0,100.0,0.0,200,0,100.0,1061.0,100.0,11031617776.0,100.0,9548969002.0
2018-02-03,ZCH0773W,ST12000NM0007,12000138625024,0,83.0,205640936.0,98.0,0.0,100.0,2.0,100,0,81.0,137371202.0,98,2292,100.0,0.0,100,2,,,,,100.0,0.0,100.0,0.0,,,65.0,35.0,,,100.0,6.0,99.0,2528.0,35.0,35.0,100.0,0.0,100.0,0.0,200,0,100.0,1085.0,100.0,11217569840.0,100.0,9740248658.0
2018-02-04,ZCH0773W,ST12000NM0007,12000138625024,0,80.0,99510680.0,98.0,0.0,100.0,2.0,100,0,81.0,140128925.0,98,2311,100.0,0.0,100,2,,,,,100.0,0.0,100.0,0.0,,,63.0,37.0,,,100.0,6.0,99.0,2529.0,37.0,37.0,100.0,0.0,100.0,0.0,200,0,100.0,1104.0,100.0,11412410248.0,100.0,9927559714.0
2018-02-05,ZCH0773W,ST12000NM0007,12000138625024,0,79.0,71274600.0,98.0,0.0,100.0,2.0,100,0,82.0,143394912.0,98,2335,100.0,0.0,100,2,,,,,100.0,0.0,100.0,0.0,,,63.0,37.0,,,100.0,6.0,99.0,2530.0,37.0,37.0,100.0,0.0,100.0,0.0,200,0,100.0,1128.0,100.0,11647167280.0,100.0,10152848210.0
2018-02-06,ZCH0773W,ST12000NM0007,12000138625024,0,80.0,104222720.0,98.0,0.0,100.0,2.0,100,0,82.0,146917212.0,98,2360,100.0,0.0,100,2,,,,,100.0,0.0,100.0,0.0,,,63.0,37.0,,,100.0,6.0,99.0,2531.0,37.0,37.0,100.0,0.0,100.0,0.0,200,0,100.0,1153.0,100.0,11907253776.0,100.0,10413991626.0
2018-02-07,ZCH0773W,ST12000NM0007,12000138625024,0,81.0,114382008.0,98.0,0.0,100.0,2.0,100,0,82.0,150352764.0,98,2384,100.0,0.0,100,2,,,,,100.0,0.0,100.0,0.0,,,63.0,37.0,,,100.0,6.0,99.0,2532.0,37.0,37.0,100.0,0.0,100.0,0.0,200,0,100.0,1176.0,100.0,12126599600.0,100.0,10693086602.0
2018-02-08,ZCH0773W,ST12000NM0007,12000138625024,0,81.0,114122456.0,98.0,0.0,100.0,2.0,100,0,82.0,153813409.0,98,2409,100.0,0.0,100,2,,,,,100.0,0.0,100.0,0.0,,,63.0,37.0,,,100.0,6.0,99.0,2534.0,37.0,37.0,100.0,0.0,100.0,0.0,200,0,100.0,1201.0,100.0,12363909744.0,100.0,10943798570.0
2018-02-09,ZCH0773W,ST12000NM0007,12000138625024,0,83,196400776,98,0,100,2,100,0,82,157518867,98,2433,100,0,100,2,,,,,100.0,0.0,100.0,0.0,,,61.0,39.0,,,100.0,6.0,99.0,2535.0,39,39,100,0,100,0,200,0,100.0,1225.0,100.0,12615353680.0,100.0,11262914346.0
2018-02-10,ZCH0773W,ST12000NM0007,12000138625024,0,77.0,49594552.0,98.0,0.0,100.0,2.0,100.0,0.0,82.0,161435584.0,98.0,2457.0,100.0,0.0,100.0,2.0,,,,,100.0,0.0,100.0,0.0,,,61.0,39.0,,,100.0,6.0,99.0,2536.0,39.0,39.0,100.0,0.0,100.0,0.0,200.0,0.0,100.0,1249.0,100.0,12895114312.0,100.0,11568769618.0
2018-02-11,ZCH0773W,ST12000NM0007,12000138625024,0,76,41986984,98,0,100,2,100,0,82,164649022,98,2480,100,0,100,2,,,,,100.0,0.0,100.0,0.0,,,60.0,40.0,,,100.0,6.0,99.0,2537.0,40,40,100,0,100,0,200,0,100.0,1272.0,100.0,13157757616.0,100.0,11786800370.0
2018-02-12,ZCH0773W,ST12000NM0007,12000138625024,0,81,126269296,98,0,100,2,100,0,82,168335830,98,2504,100,0,100,2,,,,,100.0,0.0,100.0,0.0,,,60.0,40.0,,,100.0,6.0,99.0,2538.0,40,40,100,0,100,0,200,0,100.0,1296.0,100.0,13466922328.0,100.0,12050199434.0
2018-02-13,ZCH0773W,ST12000NM0007,12000138625024,0,82,171207840,98,0,100,2,100,0,82,171708502,98,2528,100,0,100,2,,,,,100.0,0.0,100.0,0.0,,,64.0,36.0,,,100.0,6.0,99.0,2539.0,36,36,100,0,100,0,200,0,100.0,1319.0,100.0,13755804464.0,100.0,12294537514.0
2018-02-14,ZCH0773W,ST12000NM0007,12000138625024,0,81,121325088,98,0,100,2,100,0,82,174823167,98,2553,100,0,100,2,,,,,100.0,0.0,100.0,0.0,,,67.0,33.0,,,100.0,6.0,99.0,2540.0,33,33,100,0,100,0,200,0,100.0,1345.0,100.0,13963403888.0,100.0,12525336842.0
2018-02-15,ZCH0773W,ST12000NM0007,12000138625024,0,82,141400616,98,0,100,2,100,0,83,178193815,98,2575,100,0,100,2,,,,,100.0,0.0,100.0,0.0,,,66.0,34.0,,,100.0,6.0,99.0,2541.0,34,34,100,0,100,0,200,0,100.0,1367.0,100.0,14223206568.0,100.0,12773891138.0
2018-02-16,ZCH0773W,ST12000NM0007,12000138625024,0,76,36113632,98,0,100,2,100,0,83,182089469,98,2601,100,0,100,2,,,,,100.0,0.0,100.0,0.0,,,65.0,35.0,,,100.0,6.0,99.0,2542.0,35,35,100,0,100,0,200,0,100.0,1393.0,100.0,14539720728.0,100.0,13084512106.0
2018-02-17,ZCH0773W,ST12000NM0007,12000138625024,0,78,62192304,98,0,100,2,100,0,83,185507938,98,2625,100,0,100,2,,,,,100.0,0.0,100.0,0.0,,,68.0,32.0,,,100.0,6.0,99.0,2543.0,32,32,100,0,100,0,200,0,100.0,1417.0,100.0,14800097704.0,100.0,13338495298.0
2018-02-18,ZCH0773W,ST12000NM0007,12000138625024,0,81,134369088,98,0,100,2,100,0,83,189095066,97,2649,100,0,100,2,,,,,100.0,0.0,100.0,0.0,,,65.0,35.0,,,100.0,6.0,99.0,2544.0,35,35,100,0,100,0,200,0,100.0,1440.0,100.0,15045638304.0,100.0,13653413074.0
2018-02-19,ZCH0773W,ST12000NM0007,12000138625024,0,80,111645704,98,0,100,2,100,0,83,192207434,97,2672,100,0,100,2,,,,,100.0,0.0,100.0,0.0,,,64.0,36.0,,,100.0,6.0,99.0,2545.0,36,36,100,0,100,0,200,0,100.0,1464.0,100.0,15267860008.0,100.0,13896749762.0
2018-02-20,ZCH0773W,ST12000NM0007,12000138625024,0,72,14691264,98,0,100,2,100,0,83,194576344,97,2688,100,0,100,2,,,,,100.0,0.0,100.0,0.0,,,65.0,35.0,,,100.0,6.0,99.0,2546.0,35,35,100,0,100,0,200,0,100.0,1480.0,100.0,15462746344.0,100.0,14093190514.0
2018-02-21,ZCH0773W,ST12000NM0007,12000138625024,0,77,48843528,98,0,100,2,100,0,83,199523919,97,2721,100,0,100,2,,,,,100.0,0.0,100.0,0.0,,,65.0,35.0,,,100.0,6.0,99.0,2547.0,35,35,100,0,100,0,200,0,100.0,1512.0,100.0,15865131880.0,100.0,14457379410.0
2018-02-22,ZCH0773W,ST12000NM0007,12000138625024,0,75,30529440,98,0,100,2,100,0,83,202756727,97,2744,100,0,100,2,,,,,100.0,0.0,100.0,0.0,,,65.0,35.0,,,100.0,6.0,99.0,2549.0,35,35,100,0,100,0,200,0,100.0,1535.0,100.0,16070305520.0,100.0,14722173226.0
2018-02-23,ZCH0773W,ST12000NM0007,12000138625024,0,83,210503320,98,0,100,2,100,0,83,205931439,97,2767,100,0,100,2,,,,,100.0,0.0,100.0,0.0,,,67.0,33.0,,,100.0,6.0,99.0,2550.0,33,33,100,0,100,0,200,0,100.0,1558.0,100.0,16276797536.0,100.0,14939795818.0
2018-02-24,ZCH0773W,ST12000NM0007,12000138625024,0,69,7959752,98,0,100,2,100,0,83,209504371,97,2791,100,0,100,2,,,,,100.0,0.0,100.0,0.0,,,67.0,33.0,,,100.0,6.0,99.0,2551.0,33,33,100,0,100,0,200,0,100.0,1582.0,100.0,16543541440.0,100.0,15202930954.0
2018-02-25,ZCH0773W,ST12000NM0007,12000138625024,0,82,167043528,98,0,100,2,100,0,83,212610983,97,2815,100,0,100,2,,,,,100.0,0.0,100.0,0.0,,,67.0,33.0,,,100.0,6.0,99.0,2552.0,33,33,100,0,100,0,200,0,100.0,1606.0,100.0,16728434872.0,100.0,15421261986.0
2018-02-26,ZCH0773W,ST12000NM0007,12000138625024,0,83,221647312,98,0,100,2,100,0,83,216305078,97,2841,100,0,100,2,,,,,100.0,0.0,100.0,0.0,,,67.0,33.0,,,100.0,6.0,99.0,2553.0,33,33,100,0,100,0,200,0,100.0,1631.0,100.0,17013980400.0,100.0,15678601906.0
2018-02-27,ZCH0773W,ST12000NM0007,12000138625024,0,83,212923288,98,0,100,2,100,0,83,219589129,97,2864,100,0,100,2,,,,,100.0,0.0,100.0,0.0,,,69.0,31.0,,,100.0,6.0,99.0,2554.0,31,31,100,0,100,0,200,0,100.0,1654.0,100.0,17256424928.0,100.0,15915714802.0
2018-02-28,ZCH0773W,ST12000NM0007,12000138625024,0,82,143997200,98,0,100,2,100,0,83,222727549,97,2888,100,0,100,2,,,,,100.0,0.0,100.0,0.0,,,65.0,35.0,,,100.0,6.0,99.0,2555.0,35,35,100,0,100,0,200,0,100.0,1678.0,100.0,17433827896.0,100.0,16157667586.0
2018-03-01,ZCH0773W,ST12000NM0007,12000138625024,0,80,110770872,98,0,100,2,100,0,84,226061997,97,2915,100,0,100,2,,,,,100.0,0.0,100.0,0.0,,,66.0,34.0,,,100.0,6.0,99.0,2557.0,34,34,100,0,100,0,200,0,100.0,1705.0,100.0,17628675184.0,100.0,16417875594.0
2018-03-02,ZCH0773W,ST12000NM0007,12000138625024,0,79,86525800,98,0,100,2,100,0,84,229625370,97,2939,100,0,100,2,,,,,100.0,0.0,100.0,0.0,,,65.0,35.0,,,100.0,6.0,99.0,2558.0,35,35,100,0,100,0,200,0,100.0,1728.0,100.0,17814872376.0,100.0,16695715050.0
2018-03-03,ZCH0773W,ST12000NM0007,12000138625024,0,84,243551240,98,0,100,2,100,0,84,232754671,97,2962,100,0,100,2,,,,,100.0,0.0,100.0,0.0,,,65.0,35.0,,,100.0,7.0,99.0,2559.0,35,35,100,0,100,0,200,0,100.0,1752.0,100.0,17996480880.0,100.0,16915272794.0
2018-03-04,ZCH0773W,ST12000NM0007,12000138625024,0,83,220764592,98,0,100,2,100,0,84,236177859,97,2986,100,0,100,2,,,,,100.0,0.0,100.0,0.0,,,66.0,34.0,,,100.0,7.0,99.0,2560.0,34,34,100,0,100,0,200,0,100.0,1776.0,100.0,18203373072.0,100.0,17173875762.0
2018-03-05,ZCH0773W,ST12000NM0007,12000138625024,0,81,113253216,98,0,100,2,100,0,84,238989086,97,3008,100,0,100,2,,,,,100.0,0.0,100.0,0.0,,,66.0,34.0,,,100.0,8.0,99.0,2561.0,34,34,100,0,100,0,200,0,100.0,1798.0,100.0,18370612552.0,100.0,17387406482.0
2018-03-06,ZCH0773W,ST12000NM0007,12000138625024,0,82,142000600,98,0,100,2,100,0,84,240831975,97,3032,100,0,100,2,,,,,100.0,0.0,100.0,0.0,,,65.0,35.0,,,100.0,9.0,99.0,2562.0,35,35,100,0,100,0,200,0,100.0,1821.0,100.0,18421549632.0,100.0,17609357482.0
2018-03-07,ZCH0773W,ST12000NM0007,12000138625024,0,79.0,82691752.0,98.0,0.0,100.0,2.0,100.0,0.0,84.0,244055306.0,97.0,3056.0,100.0,0.0,100.0,2.0,,,,,100.0,0.0,100.0,0.0,,,62.0,38.0,,,100.0,9.0,99.0,2563.0,38.0,38.0,100.0,0.0,100.0,0.0,200.0,0.0,100.0,1845.0,100.0,18627526640.0,100.0,17832353162.0
2018-03-08,ZCH0773W,ST12000NM0007,12000138625024,0,78,59956376,98,0,100,2,100,0,84,247477997,97,3080,100,0,100,2,,,,,100.0,0.0,100.0,0.0,,,66.0,34.0,,,100.0,9.0,99.0,2564.0,34,34,100,0,100,0,200,0,100.0,1869.0,100.0,18841388400.0,100.0,18084037546.0
2018-03-09,ZCH0773W,ST12000NM0007,12000138625024,0,77,50288632,98,0,100,2,100,0,84,250848649,97,3104,100,0,100,2,,,,,100.0,0.0,100.0,0.0,,,66.0,34.0,,,100.0,9.0,99.0,2565.0,34,34,100,0,100,0,200,0,100.0,1894.0,100.0,19049702808.0,100.0,18354337026.0
2018-03-10,ZCH0773W,ST12000NM0007,12000138625024,0,83,201944584,98,0,100,2,100,0,84,253895516,97,3128,100,0,100,2,,,,,100.0,0.0,100.0,0.0,,,66.0,34.0,,,100.0,9.0,99.0,2566.0,34,34,100,0,100,0,200,0,100.0,1917.0,100.0,19222148936.0,100.0,18577687738.0
2018-03-11,ZCH0773W,ST12000NM0007,12000138625024,0,81,121000712,98,0,100,2,100,0,84,257041557,97,3152,100,0,100,2,,,,,100.0,0.0,100.0,0.0,,,66.0,34.0,,,100.0,9.0,99.0,2567.0,34,34,100,0,100,0,200,0,100.0,1941.0,100.0,19403049600.0,100.0,18804125042.0
2018-03-12,ZCH0773W,ST12000NM0007,12000138625024,0,77,46078040,98,0,100,2,100,0,84,260161307,97,3176,100,0,100,2,,,,,100.0,0.0,100.0,0.0,,,66.0,34.0,,,100.0,9.0,99.0,2568.0,34,34,100,0,100,0,200,0,100.0,1964.0,100.0,19551301784.0,100.0,19069231986.0
2018-03-13,ZCH0773W,ST12000NM0007,12000138625024,0,83,219550656,98,0,100,2,100,0,84,263294380,97,3200,100,0,100,2,,,,,100.0,0.0,100.0,0.0,,,66.0,34.0,,,100.0,9.0,99.0,2569.0,34,34,100,0,100,0,200,0,100.0,1989.0,100.0,19713885272.0,100.0,19324261746.0
2018-03-14,ZCH0773W,ST12000NM0007,12000138625024,0,84,231770608,98,0,100,2,100,0,84,266516582,97,3224,100,0,100,2,,,,,100.0,0.0,100.0,0.0,,,66.0,34.0,,,100.0,9.0,99.0,2570.0,34,34,100,0,100,0,200,0,100.0,2013.0,100.0,19887725944.0,100.0,19650922410.0
2018-03-15,ZCH0773W,ST12000NM0007,12000138625024,0,83,211751400,98,0,100,2,100,0,84,269966203,97,3250,100,0,100,2,,,,,100.0,0.0,100.0,0.0,,,66.0,34.0,,,100.0,9.0,99.0,2572.0,34,34,100,0,100,0,200,0,100.0,2038.0,100.0,20036309280.0,100.0,19970601490.0
2018-03-16,ZCH0773W,ST12000NM0007,12000138625024,0,80.0,105790640.0,98.0,0.0,100.0,2.0,100.0,0.0,84.0,273017663.0,97.0,3274.0,100.0,0.0,100.0,2.0,,,,,100.0,0.0,100.0,0.0,,,66.0,34.0,,,100.0,9.0,99.0,2573.0,34.0,34.0,100.0,0.0,100.0,0.0,200.0,0.0,100.0,2062.0,100.0,20175015160.0,100.0,20214216402.0
2018-03-17,ZCH0773W,ST12000NM0007,12000138625024,0,79,71228016,98,0,100,2,100,0,84,276267585,97,3297,100,0,100,2,,,,,100.0,0.0,100.0,0.0,,,65.0,35.0,,,100.0,9.0,99.0,2574.0,35,35,100,0,100,0,200,0,100.0,2085.0,100.0,20356743256.0,100.0,20486207226.0
2018-03-18,ZCH0773W,ST12000NM0007,12000138625024,0,84,243206408,98,0,100,2,100,0,84,279640092,97,3322,100,0,100,2,,,,,100.0,0.0,100.0,0.0,,,66.0,34.0,,,100.0,9.0,99.0,2575.0,34,34,100,0,100,0,200,0,100.0,2110.0,100.0,20550567056.0,100.0,20708502498.0
2018-03-19,ZCH0773W,ST12000NM0007,12000138625024,0,83,188429616,98,0,100,2,100,0,85,282962166,97,3345,100,0,100,2,,,,,100.0,0.0,100.0,0.0,,,66.0,34.0,,,100.0,9.0,99.0,2576.0,34,34,100,0,100,0,200,0,100.0,2134.0,100.0,20750505424.0,100.0,20942068858.0
2018-03-20,ZCH0773W,ST12000NM0007,12000138625024,0,81,124111184,98,0,100,2,100,0,85,285980540,97,3370,100,0,100,2,,,,,100.0,0.0,100.0,0.0,,,66.0,34.0,,,100.0,9.0,99.0,2577.0,34,34,100,0,100,0,200,0,100.0,2158.0,100.0,20909001336.0,100.0,21207535962.0
2018-03-21,ZCH0773W,ST12000NM0007,12000138625024,0,71,12919448,98,0,100,2,100,0,85,288842657,97,3394,100,0,100,2,,,,,100.0,0.0,100.0,0.0,,,66.0,34.0,,,100.0,9.0,99.0,2578.0,34,34,100,0,100,0,200,0,100.0,2182.0,100.0,21053677000.0,100.0,21439950042.0
2018-03-22,ZCH0773W,ST12000NM0007,12000138625024,0,83,208730464,98,0,100,2,100,0,85,291845082,97,3418,100,0,100,2,,,,,100.0,0.0,100.0,0.0,,,66.0,34.0,,,100.0,10.0,99.0,2579.0,34,34,100,0,100,0,200,0,100.0,2206.0,100.0,21224007160.0,100.0,21709571778.0
2018-03-23,ZCH0773W,ST12000NM0007,12000138625024,0,79,76771048,98,0,100,2,100,0,85,294795663,97,3442,100,0,100,2,,,,,100.0,0.0,100.0,0.0,,,66.0,34.0,,,100.0,11.0,99.0,2580.0,34,34,100,0,100,0,200,0,100.0,2230.0,100.0,21367581120.0,100.0,21922319810.0
2018-03-24,ZCH0773W,ST12000NM0007,12000138625024,0,82,154000928,98,0,100,2,100,0,85,297248186,97,3466,100,0,100,2,,,,,100.0,0.0,100.0,0.0,,,66.0,34.0,,,100.0,11.0,99.0,2581.0,34,34,100,0,100,0,200,0,100.0,2253.0,100.0,21485587816.0,100.0,22125683698.0
2018-03-25,ZCH0773W,ST12000NM0007,12000138625024,0,83,201295904,98,0,100,2,100,0,85,299465232,97,3490,100,0,100,2,,,,,100.0,0.0,100.0,0.0,,,66.0,34.0,,,100.0,11.0,99.0,2582.0,34,34,100,0,100,0,200,0,100.0,2277.0,100.0,21578240616.0,100.0,22324466546.0
2018-03-26,ZCH0773W,ST12000NM0007,12000138625024,0,71,11335232,98,0,100,2,100,0,85,301926515,96,3513,100,0,100,2,,,,,100.0,0.0,100.0,0.0,,,66.0,34.0,,,100.0,11.0,99.0,2583.0,34,34,100,0,100,0,200,0,100.0,2301.0,100.0,21678037768.0,100.0,22522990018.0
2018-03-27,ZCH0773W,ST12000NM0007,12000138625024,0,81,113015032,98,0,100,2,100,0,85,304633807,96,3538,100,0,100,2,,,,,100.0,0.0,100.0,0.0,,,66.0,34.0,,,100.0,11.0,99.0,2584.0,34,34,100,0,100,0,200,0,100.0,2325.0,100.0,21809697376.0,100.0,22737150932.0
2018-03-28,ZCH0773W,ST12000NM0007,12000138625024,0,83,212708800,98,0,100,2,100,0,85,307301369,96,3562,100,0,100,2,,,,,100.0,0.0,100.0,0.0,,,65.0,35.0,,,100.0,12.0,99.0,2585.0,35,35,100,0,100,0,200,0,100.0,2349.0,100.0,21964633992.0,100.0,22926048876.0
2018-03-29,ZCH0773W,ST12000NM0007,12000138625024,0,80,110342608,98,0,100,2,100,0,85,310275530,96,3585,100,0,100,2,,,,,100.0,0.0,100.0,0.0,,,66.0,34.0,,,100.0,12.0,99.0,2586.0,34,34,100,0,100,0,200,0,100.0,2372.0,100.0,22090450752.0,100.0,23186147356.0
2018-03-30,ZCH0773W,ST12000NM0007,12000138625024,0,83,190672632,98,0,100,2,100,0,85,312805022,96,3610,100,0,100,2,,,,,100.0,0.0,100.0,0.0,,,66.0,34.0,,,100.0,13.0,99.0,2587.0,34,34,100,0,100,0,200,0,100.0,2397.0,100.0,22208258392.0,100.0,23392810388.0
2018-03-31,ZCH0773W,ST12000NM0007,12000138625024,0,76,44484464,98,0,100,2,100,0,85,315472620,96,3633,100,0,100,2,,,,,100.0,0.0,100.0,0.0,,,66.0,34.0,,,100.0,13.0,99.0,2588.0,34,34,100,0,100,0,200,0,100.0,2420.0,100.0,22336754616.0,100.0,23606407292.0
2018-04-01,ZCH0773W,ST12000NM0007,12000138625024,0,83,219920600,98,0,100,2,100,0,85,318702476,96,3658,100,0,100,2,,,,,100.0,0.0,100.0,0.0,,,66.0,34.0,,,100.0,13.0,99.0,2589.0,34,34,100,0,100,0,200,0,100.0,2444.0,100.0,22488534624.0,100.0,23874204052.0
2018-04-02,ZCH0773W,ST12000NM0007,12000138625024,0,81,120556160,98,0,100,2,100,0,85,321730438,96,3682,100,0,100,2,,,,,100.0,0.0,100.0,0.0,,,66.0,34.0,,,100.0,13.0,99.0,2590.0,34,34,100,0,100,0,200,0,100.0,2469.0,100.0,22635898720.0,100.0,24115757156.0
2018-04-03,ZCH0773W,ST12000NM0007,12000138625024,0,74,25593432,98,0,100,2,100,0,85,324711398,96,3706,100,0,100,2,,,,,100.0,0.0,100.0,0.0,,,66.0,34.0,,,100.0,13.0,99.0,2591.0,34,34,100,0,100,0,200,0,100.0,2492.0,100.0,22797588424.0,100.0,24347386220.0
2018-04-04,ZCH0773W,ST12000NM0007,12000138625024,0,81,122018296,98,0,100,2,100,0,85,327442553,96,3729,100,0,100,2,,,,,100.0,0.0,100.0,0.0,,,66.0,34.0,,,100.0,14.0,99.0,2592.0,34,34,100,0,100,0,200,0,100.0,2516.0,100.0,22927451520.0,100.0,24558088724.0
2018-04-05,ZCH0773W,ST12000NM0007,12000138625024,0,68,6675672,98,0,100,2,100,0,85,330488509,96,3754,100,0,100,2,,,,,100.0,0.0,100.0,0.0,,,66.0,34.0,,,100.0,14.0,99.0,2593.0,34,34,100,0,100,0,200,0,100.0,2540.0,100.0,23073754744.0,100.0,24784724436.0
2018-04-06,ZCH0773W,ST12000NM0007,12000138625024,0,80,100046160,98,0,100,2,100,0,85,332999277,96,3777,100,0,100,2,,,,,100.0,0.0,100.0,0.0,,,66.0,34.0,,,100.0,14.0,99.0,2594.0,34,34,100,0,100,0,200,0,100.0,2564.0,100.0,23184816120.0,100.0,25011174340.0
2018-04-07,ZCH0773W,ST12000NM0007,12000138625024,0,84.0,229628792.0,98.0,0.0,100.0,2.0,100.0,0.0,85.0,335865797.0,96.0,3802.0,100.0,0.0,100.0,2.0,,,,,100.0,0.0,100.0,0.0,,,66.0,34.0,,,100.0,14.0,99.0,2595.0,34.0,34.0,100.0,0.0,100.0,0.0,200.0,0.0,100.0,2588.0,100.0,23327137048.0,100.0,25242576868.0
2018-04-08,ZCH0773W,ST12000NM0007,12000138625024,0,83,208305200,98,0,100,2,100,0,85,339313488,96,3830,100,0,100,2,,,,,100.0,0.0,100.0,0.0,,,66.0,34.0,,,100.0,14.0,99.0,2596.0,34,34,100,0,100,0,200,0,100.0,2616.0,100.0,23501802720.0,100.0,25534868892.0
2018-04-09,ZCH0773W,ST12000NM0007,12000138625024,0,79,71499800,98,0,100,2,100,0,85,342049371,96,3853,100,0,100,2,,,,,100.0,0.0,100.0,0.0,,,66.0,34.0,,,100.0,14.0,99.0,2597.0,34,34,100,0,100,0,200,0,100.0,2640.0,100.0,23631384432.0,100.0,25756763868.0
2018-04-10,ZCH0773W,ST12000NM0007,12000138625024,0,67,5139680,98,0,100,2,100,0,85,345071821,96,3878,100,0,100,2,,,,,100.0,0.0,100.0,0.0,,,60.0,40.0,,,100.0,15.0,99.0,2598.0,40,40,100,0,100,0,200,0,100.0,2664.0,100.0,23801210528.0,100.0,26008859340.0
2018-04-11,ZCH0773W,ST12000NM0007,12000138625024,0,81,114388464,98,0,100,2,100,0,85,347774915,96,3902,100,0,100,2,,,,,100.0,0.0,100.0,0.0,,,65.0,35.0,,,100.0,15.0,99.0,2599.0,35,35,100,0,100,0,200,0,100.0,2687.0,100.0,23939408856.0,100.0,26224050772.0
2018-04-12,ZCH0773W,ST12000NM0007,12000138625024,0,82,147918866,97,0,100,3,100,0,85,349739738,96,3919,100,0,100,2,,,,,100.0,0.0,100.0,0.0,,,65.0,35.0,,,100.0,15.0,99.0,2603.0,35,35,100,0,100,0,200,0,100.0,2705.0,100.0,24042132952.0,100.0,26398997742.0
2018-04-13,ZCH0773W,ST12000NM0007,12000138625024,0,75,28999360,96,0,100,4,100,0,85,352716181,96,3946,100,0,100,3,,,,,100.0,0.0,100.0,0.0,,,65.0,35.0,,,100.0,15.0,99.0,2607.0,35,35,100,0,100,0,200,0,100.0,2731.0,100.0,24164519120.0,100.0,26645973400.0
2018-04-14,ZCH0773W,ST12000NM0007,12000138625024,0,83,180031944,96,0,100,4,100,0,86,355626591,96,3970,100,0,100,3,,,,,100.0,0.0,100.0,0.0,,,65.0,35.0,,,100.0,15.0,99.0,2608.0,35,35,100,0,100,0,200,0,100.0,2755.0,100.0,24321925024.0,100.0,26883740720.0
2018-04-15,ZCH0773W,ST12000NM0007,12000138625024,0,80,92083744,96,0,100,4,100,0,86,358608843,96,3994,100,0,100,3,,,,,100.0,0.0,100.0,0.0,,,65.0,35.0,,,100.0,16.0,99.0,2609.0,35,35,100,0,100,0,200,0,100.0,2778.0,100.0,24472721168.0,100.0,27133278072.0
2018-04-16,ZCH0773W,ST12000NM0007,12000138625024,0,83,209220648,96,0,100,4,100,0,86,361628282,96,4018,100,0,100,3,,,,,100.0,0.0,100.0,0.0,,,65.0,35.0,,,100.0,16.0,99.0,2610.0,35,35,100,0,100,0,200,0,100.0,2803.0,100.0,24602175416.0,100.0,27365101384.0
2018-04-17,ZCH0773W,ST12000NM0007,12000138625024,0,79,78988456,96,0,100,4,100,0,86,364328899,96,4042,100,0,100,3,,,,,100.0,0.0,100.0,0.0,,,65.0,35.0,,,100.0,16.0,99.0,2611.0,35,35,100,0,100,0,200,0,100.0,2826.0,100.0,24719903080.0,100.0,27605423000.0
2018-04-18,ZCH0773W,ST12000NM0007,12000138625024,0,82,150801472,96,0,100,4,100,0,86,366832260,96,4066,100,0,100,3,,,,,100.0,0.0,100.0,0.0,,,65.0,35.0,,,100.0,16.0,99.0,2612.0,35,35,100,0,100,0,200,0,100.0,2850.0,100.0,24800819264.0,100.0,27840460544.0
2018-04-19,ZCH0773W,ST12000NM0007,12000138625024,0,69,8090568,96,0,100,4,100,0,86,369389461,96,4090,100,0,100,3,,,,,100.0,0.0,100.0,0.0,,,65.0,35.0,,,100.0,16.0,99.0,2613.0,35,35,100,0,100,0,200,0,100.0,2875.0,100.0,24894827248.0,100.0,28092023416.0
2018-04-20,ZCH0773W,ST12000NM0007,12000138625024,0,77,48619648,96,0,100,4,100,0,86,371510763,96,4114,100,0,100,3,,,,,100.0,0.0,100.0,0.0,,,66.0,34.0,,,100.0,16.0,99.0,2614.0,34,34,100,0,100,0,200,0,100.0,2898.0,100.0,24970423696.0,100.0,28301096712.0
2018-04-21,ZCH0773W,ST12000NM0007,12000138625024,0,81,137091728,96,0,100,4,100,0,86,374446207,96,4138,100,0,100,3,,,,,100.0,0.0,100.0,0.0,,,65.0,35.0,,,100.0,16.0,99.0,2615.0,35,35,100,0,100,0,200,0,100.0,2922.0,100.0,25083611936.0,100.0,28520521312.0
2018-04-22,ZCH0773W,ST12000NM0007,12000138625024,0,81,129503184,96,0,100,4,100,0,86,376766878,96,4162,100,0,100,3,,,,,100.0,0.0,100.0,0.0,,,65.0,35.0,,,100.0,16.0,99.0,2616.0,35,35,100,0,100,0,200,0,100.0,2946.0,100.0,25181048800.0,100.0,28659636560.0
2018-04-23,ZCH0773W,ST12000NM0007,12000138625024,0,71,11405648,96,0,100,4,100,0,86,379540198,96,4186,100,0,100,3,,,,,100.0,0.0,100.0,0.0,,,66.0,34.0,,,100.0,16.0,99.0,2617.0,34,34,100,0,100,0,200,0,100.0,2970.0,100.0,25302992072.0,100.0,28907877216.0
2018-04-24,ZCH0773W,ST12000NM0007,12000138625024,0,80,110693560,96,0,100,4,100,0,86,382159513,96,4210,100,0,100,3,,,,,100.0,0.0,100.0,0.0,,,65.0,35.0,,,100.0,16.0,99.0,2618.0,35,35,100,0,100,0,200,0,100.0,2994.0,100.0,25413284072.0,100.0,29141013936.0
2018-04-25,ZCH0773W,ST12000NM0007,12000138625024,0,82,173069416,96,0,100,4,100,0,86,384564594,96,4234,100,0,100,3,,,,,100.0,0.0,100.0,0.0,,,66.0,34.0,,,100.0,17.0,99.0,2619.0,34,34,100,0,100,0,200,0,100.0,3018.0,100.0,25513218224.0,100.0,29347596280.0
2018-04-26,ZCH0773W,ST12000NM0007,12000138625024,0,77,52642592,96,0,100,4,100,0,86,387253380,96,4259,100,0,100,3,,,,,100.0,0.0,100.0,0.0,,,65.0,35.0,,,100.0,17.0,99.0,2621.0,35,35,100,0,100,0,200,0,100.0,3043.0,100.0,25621203032.0,100.0,29607466296.0
2018-04-27,ZCH0773W,ST12000NM0007,12000138625024,0,81,136345032,96,0,100,4,100,0,86,390053701,96,4283,100,0,100,3,,,,,100.0,0.0,100.0,0.0,,,66.0,34.0,,,100.0,18.0,99.0,2622.0,34,34,100,0,100,0,200,0,100.0,3066.0,100.0,25725789288.0,100.0,29830723416.0
2018-04-28,ZCH0773W,ST12000NM0007,12000138625024,0,83,199160728,96,0,100,4,100,0,86,392569748,96,4307,100,0,100,3,,,,,100.0,0.0,100.0,0.0,,,66.0,34.0,,,100.0,18.0,99.0,2623.0,34,34,100,0,100,0,200,0,100.0,3091.0,100.0,25826999232.0,100.0,30036469800.0
2018-04-29,ZCH0773W,ST12000NM0007,12000138625024,0,83,180292528,96,0,100,4,100,0,86,394775124,96,4331,100,0,100,3,,,,,100.0,0.0,100.0,0.0,,,66.0,34.0,,,100.0,19.0,99.0,2624.0,34,34,100,0,100,0,200,0,100.0,3114.0,100.0,25921354432.0,100.0,30167387120.0
2018-04-30,ZCH0773W,ST12000NM0007,12000138625024,0,82,160175920,96,0,100,4,100,0,86,397189057,96,4355,100,0,100,3,,,,,100.0,0.0,100.0,0.0,,,66.0,34.0,,,100.0,19.0,99.0,2625.0,34,34,100,0,100,0,200,0,100.0,3138.0,100.0,26023054296.0,100.0,30289711280.0
2018-05-01,ZCH0773W,ST12000NM0007,12000138625024,0,83,211860168,96,0,100,4,100,0,86,399635770,96,4378,100,0,100,3,,,,,100.0,0.0,100.0,0.0,,,65.0,35.0,,,100.0,19.0,99.0,2626.0,35,35,100,0,100,0,200,0,100.0,3162.0,100.0,26118645400.0,100.0,30489945112.0
2018-05-02,ZCH0773W,ST12000NM0007,12000138625024,0,83.0,219925896.0,96.0,0.0,100.0,4.0,100.0,0.0,86.0,401967463.0,95.0,4403.0,100.0,0.0,100.0,3.0,,,,,100.0,0.0,100.0,0.0,,,66.0,34.0,,,100.0,20.0,99.0,2627.0,34.0,34.0,100.0,0.0,100.0,0.0,200.0,0.0,100.0,3186.0,100.0,26206190144.0,100.0,30654606824.0
2018-05-03,ZCH0773W,ST12000NM0007,12000138625024,0,69,8903368,96,0,100,4,100,0,86,404601993,95,4425,100,0,100,3,,,,,100.0,0.0,100.0,0.0,,,66.0,34.0,,,100.0,20.0,99.0,2628.0,34,34,100,0,100,0,200,0,100.0,3208.0,100.0,26281662632.0,100.0,30856393304.0
2018-05-04,ZCH0773W,ST12000NM0007,12000138625024,0,76,35596736,96,0,100,4,100,0,86,406782497,95,4449,100,0,100,3,,,,,100.0,0.0,100.0,0.0,,,66.0,34.0,,,100.0,21.0,99.0,2629.0,34,34,100,0,100,0,200,0,100.0,3231.0,100.0,26345883712.0,100.0,31063006248.0
2018-05-05,ZCH0773W,ST12000NM0007,12000138625024,0,79,77294416,96,0,100,4,100,0,86,409362140,95,4473,100,0,100,3,,,,,100.0,0.0,100.0,0.0,,,66.0,34.0,,,100.0,21.0,99.0,2630.0,34,34,100,0,100,0,200,0,100.0,3256.0,100.0,26441598968.0,100.0,31253129520.0
2018-05-06,ZCH0773W,ST12000NM0007,12000138625024,0,81,119545608,96,0,100,4,100,0,86,411717008,95,4497,100,0,100,3,,,,,100.0,0.0,100.0,0.0,,,66.0,34.0,,,100.0,21.0,99.0,2631.0,34,34,100,0,100,0,200,0,100.0,3279.0,100.0,26524354208.0,100.0,31456766208.0
2018-05-07,ZCH0773W,ST12000NM0007,12000138625024,0,82,149714848,96,0,100,4,100,0,86,413728029,95,4521,100,0,100,3,,,,,100.0,0.0,100.0,0.0,,,66.0,34.0,,,100.0,22.0,99.0,2632.0,34,34,100,0,100,0,200,0,100.0,3304.0,100.0,26579603856.0,100.0,31675826432.0
2018-05-08,ZCH0773W,ST12000NM0007,12000138625024,0,84,236531800,96,0,100,4,100,0,86,416051906,95,4544,100,0,100,3,,,,,100.0,0.0,100.0,0.0,,,65.0,35.0,,,100.0,23.0,99.0,2633.0,35,35,100,0,100,0,200,0,100.0,3327.0,100.0,26644181568.0,100.0,31942206304.0
2018-05-09,ZCH0773W,ST12000NM0007,12000138625024,0,79,81422144,96,0,100,4,100,0,86,418811869,95,4569,100,0,100,3,,,,,100.0,0.0,100.0,0.0,,,66.0,34.0,,,100.0,24.0,99.0,2634.0,34,34,100,0,100,0,200,0,100.0,3351.0,100.0,26718911024.0,100.0,32200648752.0
2018-05-10,ZCH0773W,ST12000NM0007,12000138625024,0,82,147383680,96,0,100,4,100,0,86,421312953,95,4593,100,0,100,3,,,,,100.0,0.0,100.0,0.0,,,65.0,35.0,,,100.0,24.0,99.0,2636.0,35,35,100,0,100,0,200,0,100.0,3375.0,100.0,26808020600.0,100.0,32421641384.0
2018-05-11,ZCH0773W,ST12000NM0007,12000138625024,0,83,212528048,96,0,100,4,100,0,86,423933844,95,4618,100,0,100,3,,,,,100.0,0.0,100.0,0.0,,,65.0,35.0,,,100.0,24.0,99.0,2637.0,35,35,100,0,100,0,200,0,100.0,3399.0,100.0,26923998480.0,100.0,32614948504.0
2018-05-12,ZCH0773W,ST12000NM0007,12000138625024,0,77,56116872,96,0,100,4,100,0,86,426689851,95,4641,100,0,100,3,,,,,100.0,0.0,100.0,0.0,,,66.0,34.0,,,100.0,25.0,99.0,2638.0,34,34,100,0,100,0,200,0,100.0,3422.0,100.0,27015283024.0,100.0,32855534336.0
2018-05-13,ZCH0773W,ST12000NM0007,12000138625024,0,80,89463184,96,0,100,4,100,0,86,429086977,95,4665,100,0,100,3,,,,,100.0,0.0,100.0,0.0,,,66.0,34.0,,,100.0,25.0,99.0,2639.0,34,34,100,0,100,0,200,0,100.0,3447.0,100.0,27084280200.0,100.0,33064024312.0
2018-05-14,ZCH0773W,ST12000NM0007,12000138625024,0,81,138034472,96,0,100,4,100,0,86,431549508,95,4689,100,0,100,3,,,,,100.0,0.0,100.0,0.0,,,66.0,34.0,,,100.0,26.0,99.0,2640.0,34,34,100,0,100,0,200,0,100.0,3470.0,100.0,27175093192.0,100.0,33265923344.0
2018-05-15,ZCH0773W,ST12000NM0007,12000138625024,0,84.0,241151184.0,96.0,0.0,100.0,4.0,100.0,0.0,86.0,434278829.0,95.0,4714.0,100.0,0.0,100.0,3.0,,,,,100.0,0.0,100.0,0.0,,,65.0,35.0,,,100.0,26.0,99.0,2641.0,35.0,35.0,100.0,0.0,100.0,0.0,200.0,0.0,100.0,3495.0,100.0,27275018264.0,100.0,33513255688.0
2018-05-16,ZCH0773W,ST12000NM0007,12000138625024,0,80,90878592,96,0,100,4,100,0,86,437222865,95,4737,100,0,100,3,,,,,100.0,0.0,100.0,0.0,,,65.0,35.0,,,100.0,26.0,99.0,2642.0,35,35,100,0,100,0,200,0,100.0,3518.0,100.0,27362649512.0,100.0,33763633280.0
2018-05-17,ZCH0773W,ST12000NM0007,12000138625024,0,84,225763088,96,0,100,4,100,0,86,440362623,95,4761,100,0,100,3,,,,,100.0,0.0,100.0,0.0,,,65.0,35.0,,,100.0,26.0,99.0,2643.0,35,35,100,0,100,0,200,0,100.0,3542.0,100.0,27463426776.0,100.0,34041881248.0
2018-05-18,ZCH0773W,ST12000NM0007,12000138625024,0,80,100743520,96,0,100,4,100,0,86,443694328,95,4790,100,0,100,3,,,,,100.0,0.0,100.0,0.0,,,65.0,35.0,,,100.0,26.0,99.0,2644.0,35,35,100,0,100,0,200,0,100.0,3570.0,100.0,27591148744.0,100.0,34277421104.0
2018-05-19,ZCH0773W,ST12000NM0007,12000138625024,0,80,109553616,96,0,100,4,100,0,86,446166495,95,4814,100,0,100,3,,,,,100.0,0.0,100.0,0.0,,,65.0,35.0,,,100.0,26.0,99.0,2645.0,35,35,100,0,100,0,200,0,100.0,3594.0,100.0,27682749080.0,100.0,34438771536.0
2018-05-20,ZCH0773W,ST12000NM0007,12000138625024,0,82,163923512,96,0,100,4,100,0,87,448683450,95,4837,100,0,100,3,,,,,100.0,0.0,100.0,0.0,,,65.0,35.0,,,100.0,27.0,99.0,2646.0,35,35,100,0,100,0,200,0,100.0,3618.0,100.0,27772417000.0,100.0,34647614360.0
2018-05-21,ZCH0773W,ST12000NM0007,12000138625024,0,77,56160616,96,0,100,4,100,0,87,451688040,95,4861,100,0,100,3,,,,,100.0,0.0,100.0,0.0,,,65.0,35.0,,,100.0,27.0,99.0,2647.0,35,35,100,0,100,0,200,0,100.0,3641.0,100.0,27860131904.0,100.0,34940418064.0
2018-05-22,ZCH0773W,ST12000NM0007,12000138625024,0,82,160135608,96,0,100,4,100,0,87,454509986,95,4886,100,0,100,3,,,,,100.0,0.0,100.0,0.0,,,65.0,35.0,,,100.0,27.0,99.0,2648.0,35,35,100,0,100,0,200,0,100.0,3666.0,100.0,27963375008.0,100.0,35185290584.0
2018-05-23,ZCH0773W,ST12000NM0007,12000138625024,0,71,11688104,96,0,100,4,100,0,87,457687437,95,4909,100,0,100,3,,,,,100.0,0.0,100.0,0.0,,,65.0,35.0,,,100.0,28.0,99.0,2649.0,35,35,100,0,100,0,200,0,100.0,3690.0,100.0,28074081272.0,100.0,35414418376.0
2018-05-24,ZCH0773W,ST12000NM0007,12000138625024,0,77,53115592,96,0,100,4,100,0,87,460114202,95,4929,100,0,100,3,,,,,100.0,0.0,100.0,0.0,,,65.0,35.0,,,100.0,29.0,99.0,2650.0,35,35,100,0,100,0,200,0,100.0,3709.0,100.0,28147691256.0,100.0,35626376720.0
2018-05-25,ZCH0773W,ST12000NM0007,12000138625024,0,80,105934928,96,0,100,4,100,0,87,462591972,95,4953,100,0,100,3,,,,,100.0,0.0,100.0,0.0,,,66.0,34.0,,,100.0,29.0,99.0,2652.0,34,34,100,0,100,0,200,0,100.0,3732.0,100.0,28233626656.0,100.0,35837401472.0
2018-05-26,ZCH0773W,ST12000NM0007,12000138625024,0,82,175040528,96,0,100,4,100,0,87,465278259,95,4977,100,0,100,3,,,,,100.0,0.0,100.0,0.0,,,66.0,34.0,,,100.0,29.0,99.0,2653.0,34,34,100,0,100,0,200,0,100.0,3756.0,100.0,28323175864.0,100.0,36061098696.0
2018-05-27,ZCH0773W,ST12000NM0007,12000138625024,0,83,222332312,96,0,100,4,100,0,87,467773574,95,5001,100,0,100,3,,,,,100.0,0.0,100.0,0.0,,,66.0,34.0,,,100.0,30.0,99.0,2654.0,34,34,100,0,100,0,200,0,100.0,3781.0,100.0,28397054760.0,100.0,36278652240.0
2018-05-28,ZCH0773W,ST12000NM0007,12000138625024,0,77,48026384,96,0,100,4,100,0,87,470372826,95,5025,100,0,100,3,,,,,100.0,0.0,100.0,0.0,,,66.0,34.0,,,100.0,31.0,99.0,2655.0,34,34,100,0,100,0,200,0,100.0,3804.0,100.0,28472747784.0,100.0,36516935288.0
2018-05-29,ZCH0773W,ST12000NM0007,12000138625024,0,81,137597176,96,0,100,4,100,0,87,473185044,95,5049,100,0,100,3,,,,,100.0,0.0,100.0,0.0,,,66.0,34.0,,,100.0,31.0,99.0,2656.0,34,34,100,0,100,0,200,0,100.0,3828.0,100.0,28564445168.0,100.0,36758949328.0
2018-05-30,ZCH0773W,ST12000NM0007,12000138625024,0,82,155780408,96,0,100,4,100,0,87,476554736,95,5073,100,0,100,3,,,,,100.0,0.0,100.0,0.0,,,66.0,34.0,,,100.0,31.0,99.0,2657.0,34,34,100,0,100,0,200,0,100.0,3851.0,100.0,28644073456.0,100.0,37185785664.0
2018-05-31,ZCH0773W,ST12000NM0007,12000138625024,0,84,237155584,96,0,100,4,100,0,87,479057910,95,5097,100,0,100,3,,,,,100.0,0.0,100.0,0.0,,,66.0,34.0,,,100.0,31.0,99.0,2659.0,34,34,100,0,100,0,200,0,100.0,3876.0,100.0,28725926480.0,100.0,37429448760.0
2018-06-01,ZCH0773W,ST12000NM0007,12000138625024,0,80,107042184,96,0,100,4,100,0,87,481930248,95,5122,100,0,100,3,,,,,100.0,0.0,100.0,0.0,,,66.0,34.0,,,100.0,32.0,99.0,2660.0,34,34,100,0,100,0,200,0,100.0,3900.0,100.0,28841300936.0,100.0,37672242304.0
2018-06-02,ZCH0773W,ST12000NM0007,12000138625024,0,69,7504328,96,0,100,4,100,0,87,485206703,95,5146,100,0,100,3,,,,,100.0,0.0,100.0,0.0,,,66.0,34.0,,,100.0,33.0,99.0,2661.0,34,34,100,0,100,0,200,0,100.0,3924.0,100.0,28972655712.0,100.0,37929631408.0
2018-06-03,ZCH0773W,ST12000NM0007,12000138625024,0,79,73714968,96,0,100,4,100,0,87,487782709,95,5169,100,0,100,3,,,,,100.0,0.0,100.0,0.0,,,66.0,34.0,,,100.0,34.0,99.0,2662.0,34,34,100,0,100,0,200,0,100.0,3948.0,100.0,29050070608.0,100.0,38162567808.0
2018-06-04,ZCH0773W,ST12000NM0007,12000138625024,0,80,105382200,96,0,100,4,100,0,87,490070076,95,5194,100,0,100,3,,,,,100.0,0.0,100.0,0.0,,,66.0,34.0,,,100.0,34.0,99.0,2663.0,34,34,100,0,100,0,200,0,100.0,3972.0,100.0,29123907296.0,100.0,38364539240.0
2018-06-05,ZCH0773W,ST12000NM0007,12000138625024,0,83,199274312,96,0,100,4,100,0,87,492839096,95,5217,100,0,100,3,,,,,100.0,0.0,100.0,0.0,,,66.0,34.0,,,100.0,34.0,99.0,2664.0,34,34,100,0,100,0,200,0,100.0,3995.0,100.0,29223281496.0,100.0,38603197912.0
2018-06-06,ZCH0773W,ST12000NM0007,12000138625024,0,64,2715504,96,0,100,4,100,0,87,495477636,95,5242,100,0,100,3,,,,,100.0,0.0,100.0,0.0,,,66.0,34.0,,,100.0,35.0,99.0,2665.0,34,34,100,0,100,0,200,0,100.0,4019.0,100.0,29293556496.0,100.0,38824645496.0
2018-06-07,ZCH0773W,ST12000NM0007,12000138625024,0,79,75652632,96,0,100,4,100,0,87,497980352,94,5266,100,0,100,3,,,,,100.0,0.0,100.0,0.0,,,66.0,34.0,,,100.0,35.0,99.0,2666.0,34,34,100,0,100,0,200,0,100.0,4044.0,100.0,29377374888.0,100.0,39057905024.0
2018-06-08,ZCH0773W,ST12000NM0007,12000138625024,0,80,95645712,96,0,100,4,100,0,87,500260277,94,5289,100,0,100,3,,,,,100.0,0.0,100.0,0.0,,,66.0,34.0,,,100.0,36.0,99.0,2667.0,34,34,100,0,100,0,200,0,100.0,4067.0,100.0,29455545160.0,100.0,39243868592.0
2018-06-09,ZCH0773W,ST12000NM0007,12000138625024,0,80,102855776,96,0,100,4,100,0,87,502587628,94,5314,100,0,100,3,,,,,100.0,0.0,100.0,0.0,,,66.0,34.0,,,100.0,36.0,99.0,2668.0,34,34,100,0,100,0,200,0,100.0,4091.0,100.0,29532418264.0,100.0,39418346704.0
2018-06-10,ZCH0773W,ST12000NM0007,12000138625024,0,81,139912848,96,0,100,4,100,0,87,505069299,94,5337,100,0,100,3,,,,,100.0,0.0,100.0,0.0,,,66.0,34.0,,,100.0,36.0,99.0,2669.0,34,34,100,0,100,0,200,0,100.0,4114.0,100.0,29617152960.0,100.0,39614809888.0
2018-06-11,ZCH0773W,ST12000NM0007,12000138625024,0,83,200012888,96,0,100,4,100,0,87,507671726,94,5362,100,0,100,3,,,,,100.0,0.0,100.0,0.0,,,66.0,34.0,,,100.0,37.0,99.0,2670.0,34,34,100,0,100,0,200,0,100.0,4139.0,100.0,29699203944.0,100.0,39836999616.0
2018-06-12,ZCH0773W,ST12000NM0007,12000138625024,0,84,241599240,96,0,100,4,100,0,87,510120980,94,5385,100,0,100,3,,,,,100.0,0.0,100.0,0.0,,,66.0,34.0,,,100.0,38.0,99.0,2671.0,34,34,100,0,100,0,200,0,100.0,4162.0,100.0,29771707912.0,100.0,40050222680.0
2018-06-13,ZCH0773W,ST12000NM0007,12000138625024,0,81,128530296,96,0,100,4,100,0,87,513476992,94,5413,100,0,100,3,,,,,100.0,0.0,100.0,0.0,,,66.0,34.0,,,100.0,39.0,99.0,2673.0,34,34,100,0,100,0,200,0,100.0,4189.0,100.0,29877274488.0,100.0,40319868448.0
2018-06-14,ZCH0773W,ST12000NM0007,12000138625024,0,84,229604976,96,0,100,4,100,0,87,516188234,94,5436,100,0,100,3,,,,,100.0,0.0,100.0,0.0,,,66.0,34.0,,,100.0,40.0,99.0,2674.0,34,34,100,0,100,0,200,0,100.0,4213.0,100.0,29970382760.0,100.0,40571975488.0
2018-06-15,ZCH0773W,ST12000NM0007,12000138625024,0,71.0,11409056.0,96.0,0.0,100.0,4.0,100.0,0.0,87.0,518564881.0,94.0,5461.0,100.0,0.0,100.0,3.0,,,,,100.0,0.0,100.0,0.0,,,66.0,34.0,,,100.0,40.0,99.0,2675.0,34.0,34.0,100.0,0.0,100.0,0.0,200.0,0.0,100.0,4237.0,100.0,30046706848.0,100.0,40765737104.0
2018-06-16,ZCH0773W,ST12000NM0007,12000138625024,0,72.0,17362592.0,96.0,0.0,100.0,4.0,100.0,0.0,87.0,520785064.0,94.0,5484.0,100.0,0.0,100.0,3.0,,,,,100.0,0.0,100.0,0.0,,,66.0,34.0,,,100.0,40.0,99.0,2676.0,34.0,34.0,100.0,0.0,100.0,0.0,200.0,0.0,100.0,4260.0,100.0,30117576480.0,100.0,40944961640.0
2018-06-17,ZCH0773W,ST12000NM0007,12000138625024,0,75.0,31285672.0,96.0,0.0,100.0,4.0,100.0,0.0,87.0,523034319.0,94.0,5509.0,100.0,0.0,100.0,3.0,,,,,100.0,0.0,100.0,0.0,,,65.0,35.0,,,100.0,41.0,99.0,2677.0,35.0,35.0,100.0,0.0,100.0,0.0,200.0,0.0,100.0,4285.0,100.0,30187987296.0,100.0,41132614600.0
2018-06-18,ZCH0773W,ST12000NM0007,12000138625024,0,78.0,62111376.0,96.0,0.0,100.0,4.0,100.0,0.0,87.0,525452297.0,94.0,5533.0,100.0,0.0,100.0,3.0,,,,,100.0,0.0,100.0,0.0,,,66.0,34.0,,,100.0,42.0,99.0,2678.0,34.0,34.0,100.0,0.0,100.0,0.0,200.0,0.0,100.0,4309.0,100.0,30267943496.0,100.0,41327624816.0
2018-06-19,ZCH0773W,ST12000NM0007,12000138625024,0,82,172621120,96,0,100,4,100,0,87,528492921,94,5557,100,0,100,3,,,,,100.0,0.0,100.0,0.0,,,66.0,34.0,,,100.0,42.0,99.0,2679.0,34,34,100,0,100,0,200,0,100.0,4332.0,100.0,30351409328.0,100.0,41598809512.0
2018-06-20,ZCH0773W,ST12000NM0007,12000138625024,0,83,209167896,96,0,100,4,100,0,87,530976857,94,5581,100,0,100,3,,,,,100.0,0.0,100.0,0.0,,,67.0,33.0,,,100.0,42.0,99.0,2680.0,33,33,100,0,100,0,200,0,100.0,4357.0,100.0,30434138672.0,100.0,41796767592.0
2018-06-21,ZCH0773W,ST12000NM0007,12000138625024,0,73,19431216,96,0,100,4,100,0,87,533532229,94,5604,100,0,100,3,,,,,100.0,0.0,100.0,0.0,,,63.0,37.0,,,100.0,42.0,99.0,2681.0,37,37,100,0,100,0,200,0,100.0,4380.0,100.0,30521027696.0,100.0,42008423192.0
2018-06-22,ZCH0773W,ST12000NM0007,12000138625024,0,77,49248112,96,0,100,4,100,0,87,535921060,94,5629,100,0,100,3,,,,,100.0,0.0,100.0,0.0,,,66.0,34.0,,,100.0,42.0,99.0,2682.0,34,34,100,0,100,0,200,0,100.0,4404.0,100.0,30602957440.0,100.0,42200450984.0
2018-06-23,ZCH0773W,ST12000NM0007,12000138625024,0,78,66335824,96,0,100,4,100,0,87,538236578,94,5653,100,0,100,3,,,,,100.0,0.0,100.0,0.0,,,67.0,33.0,,,100.0,42.0,99.0,2683.0,33,33,100,0,100,0,200,0,100.0,4428.0,100.0,30674287144.0,100.0,42390349880.0
2018-06-24,ZCH0773W,ST12000NM0007,12000138625024,0,78,61887488,96,0,100,4,100,0,87,540288727,94,5677,100,0,100,3,,,,,100.0,0.0,100.0,0.0,,,66.0,34.0,,,100.0,43.0,99.0,2684.0,34,34,100,0,100,0,200,0,100.0,4451.0,100.0,30736085992.0,100.0,42568243496.0
2018-06-25,ZCH0773W,ST12000NM0007,12000138625024,0,80,89274872,96,0,100,4,100,0,87,542757477,94,5701,100,0,100,3,,,,,100.0,0.0,100.0,0.0,,,66.0,34.0,,,100.0,43.0,99.0,2685.0,34,34,100,0,100,0,200,0,100.0,4475.0,100.0,30829744016.0,100.0,42746113648.0
2018-06-26,ZCH0773W,ST12000NM0007,12000138625024,0,81,135499280,96,0,100,4,100,0,87,545367750,94,5724,100,0,100,3,,,,,100.0,0.0,100.0,0.0,,,66.0,34.0,,,100.0,43.0,99.0,2686.0,34,34,100,0,100,0,200,0,100.0,4499.0,100.0,30889655616.0,100.0,42976567296.0
2018-06-27,ZCH0773W,ST12000NM0007,12000138625024,0,82,149446384,96,0,100,4,100,0,87,547375109,94,5749,100,0,100,3,,,,,100.0,0.0,100.0,0.0,,,67.0,33.0,,,100.0,43.0,99.0,2687.0,33,33,100,0,100,0,200,0,100.0,4523.0,100.0,30949015664.0,100.0,43175295040.0
2018-06-28,ZCH0773W,ST12000NM0007,12000138625024,0,82,149400704,96,0,100,4,100,0,87,549299824,94,5770,100,0,100,3,,,,,100.0,0.0,100.0,0.0,,,66.0,34.0,,,100.0,43.0,99.0,2688.0,34,34,100,0,100,0,200,0,100.0,4545.0,100.0,31004034768.0,100.0,43364370944.0
2018-06-29,ZCH0773W,ST12000NM0007,12000138625024,0,83,183675512,96,0,100,4,100,0,87,551636395,94,5794,100,0,100,3,,,,,100.0,0.0,100.0,0.0,,,66.0,34.0,,,100.0,44.0,99.0,2689.0,34,34,100,0,100,0,200,0,100.0,4568.0,100.0,31075314288.0,100.0,43571506912.0
2018-06-30,ZCH0773W,ST12000NM0007,12000138625024,0,83,223183248,96,0,100,4,100,0,87,554263272,94,5818,100,0,100,3,,,,,100.0,0.0,100.0,0.0,,,66.0,34.0,,,100.0,44.0,99.0,2690.0,34,34,100,0,100,0,200,0,100.0,4592.0,100.0,31164352656.0,100.0,43766116968.0
2018-07-01,ZCH0773W,ST12000NM0007,12000138625024,0,84,240998296,96,0,100,4,100,0,87,556586068,94,5842,100,0,100,3,,,,,100.0,0.0,100.0,0.0,,,66.0,34.0,,,100.0,44.0,99.0,2691.0,34,34,100,0,100,0,200,0,100.0,4616.0,100.0,31236371224.0,100.0,43956054152.0
2018-07-02,ZCH0773W,ST12000NM0007,12000138625024,0,75,32961176,96,0,100,4,100,0,87,558860957,94,5866,100,0,100,3,,,,,100.0,0.0,100.0,0.0,,,66.0,34.0,,,100.0,44.0,99.0,2692.0,34,34,100,0,100,0,200,0,100.0,4640.0,100.0,31294888768.0,100.0,44177780896.0
2018-07-03,ZCH0773W,ST12000NM0007,12000138625024,0,80,102647224,96,0,100,4,100,0,87,561576582,94,5890,100,0,100,3,,,,,100.0,0.0,100.0,0.0,,,66.0,34.0,,,100.0,44.0,99.0,2693.0,34,34,100,0,100,0,200,0,100.0,4663.0,100.0,31358648688.0,100.0,44427847656.0
2018-07-04,ZCH0773W,ST12000NM0007,12000138625024,0,81,113552256,96,0,100,4,100,0,88,563690777,94,5914,100,0,100,3,,,,,100.0,0.0,100.0,0.0,,,66.0,34.0,,,100.0,45.0,99.0,2694.0,34,34,100,0,100,0,200,0,100.0,4688.0,100.0,31425815520.0,100.0,44615726800.0
2018-07-05,ZCH0773W,ST12000NM0007,12000138625024,0,81,118196392,96,0,100,4,100,0,88,565779809,94,5938,100,0,100,3,,,,,100.0,0.0,100.0,0.0,,,67.0,33.0,,,100.0,46.0,99.0,2695.0,33,33,100,0,100,0,200,0,100.0,4711.0,100.0,31490272528.0,100.0,44800054664.0
2018-07-06,ZCH0773W,ST12000NM0007,12000138625024,0,82,155677104,96,0,100,4,100,0,88,568120991,94,5962,100,0,100,3,,,,,100.0,0.0,100.0,0.0,,,67.0,33.0,,,100.0,46.0,99.0,2696.0,33,33,100,0,100,0,200,0,100.0,4736.0,100.0,31551514576.0,100.0,45020434048.0
2018-07-07,ZCH0773W,ST12000NM0007,12000138625024,0,83,183942960,96,0,100,4,100,0,88,570422410,94,5986,100,0,100,3,,,,,100.0,0.0,100.0,0.0,,,66.0,34.0,,,100.0,47.0,99.0,2697.0,34,34,100,0,100,0,200,0,100.0,4760.0,100.0,31631567496.0,100.0,45212787848.0
2018-07-08,ZCH0773W,ST12000NM0007,12000138625024,0,83,208981856,96,0,100,4,100,0,88,572644494,94,6010,100,0,100,3,,,,,100.0,0.0,100.0,0.0,,,66.0,34.0,,,100.0,48.0,99.0,2698.0,34,34,100,0,100,0,200,0,100.0,4783.0,100.0,31715578768.0,100.0,45397956128.0
2018-07-09,ZCH0773W,ST12000NM0007,12000138625024,0,68,6570800,96,0,100,4,100,0,88,575064870,94,6034,100,0,100,3,,,,,100.0,0.0,100.0,0.0,,,66.0,34.0,,,100.0,49.0,99.0,2699.0,34,34,100,0,100,0,200,0,100.0,4807.0,100.0,31807571472.0,100.0,45591833848.0
2018-07-10,ZCH0773W,ST12000NM0007,12000138625024,0,78.0,63058112.0,96.0,0.0,100.0,4.0,100.0,0.0,88.0,577591890.0,94.0,6058.0,100.0,0.0,100.0,3.0,,,,,100.0,0.0,100.0,0.0,,,63.0,37.0,,,100.0,50.0,99.0,2700.0,37.0,37.0,100.0,0.0,100.0,0.0,200.0,0.0,100.0,4831.0,100.0,31869428840.0,100.0,45830604584.0
2018-07-11,ZCH0773W,ST12000NM0007,12000138625024,0,79,75029920,96,0,100,4,100,0,88,579800226,94,6082,100,0,100,3,,,,,100.0,0.0,100.0,0.0,,,66.0,34.0,,,100.0,51.0,99.0,2701.0,34,34,100,0,100,0,200,0,100.0,4855.0,100.0,31925607064.0,100.0,46030538824.0
2018-07-12,ZCH0773W,ST12000NM0007,12000138625024,0,79,88629816,96,0,100,4,100,0,88,581852953,94,6107,100,0,100,3,,,,,100.0,0.0,100.0,0.0,,,67.0,33.0,,,100.0,51.0,99.0,2702.0,33,33,100,0,100,0,200,0,100.0,4879.0,100.0,31980285840.0,100.0,46233600840.0
2018-07-13,ZCH0773W,ST12000NM0007,12000138625024,0,81,128034696,96,0,100,4,100,0,88,584172489,94,6131,100,0,100,3,,,,,100.0,0.0,100.0,0.0,,,66.0,34.0,,,100.0,51.0,99.0,2703.0,34,34,100,0,100,0,200,0,100.0,4904.0,100.0,32044807512.0,100.0,46452625088.0
2018-07-14,ZCH0773W,ST12000NM0007,12000138625024,0,80,111637776,96,0,100,4,100,0,88,586256076,93,6155,100,0,100,3,,,,,100.0,0.0,100.0,0.0,,,67.0,33.0,,,100.0,52.0,99.0,2704.0,33,33,100,0,100,0,200,0,100.0,4927.0,100.0,32109952592.0,100.0,46615223736.0
2018-07-15,ZCH0773W,ST12000NM0007,12000138625024,0,81,117140728,96,0,100,4,100,0,88,588423742,93,6179,100,0,100,3,,,,,100.0,0.0,100.0,0.0,,,67.0,33.0,,,100.0,52.0,99.0,2705.0,33,33,100,0,100,0,200,0,100.0,4952.0,100.0,32170941280.0,100.0,46803878736.0
2018-07-16,ZCH0773W,ST12000NM0007,12000138625024,0,82,147891824,96,0,100,4,100,0,88,590597496,93,6204,100,0,100,3,,,,,100.0,0.0,100.0,0.0,,,67.0,33.0,,,100.0,52.0,99.0,2706.0,33,33,100,0,100,0,200,0,100.0,4976.0,100.0,32239726296.0,100.0,47009985472.0
2018-07-17,ZCH0773W,ST12000NM0007,12000138625024,0,83,212232920,96,0,100,4,100,0,88,593345250,93,6227,100,0,100,3,,,,,100.0,0.0,100.0,0.0,,,67.0,33.0,,,100.0,53.0,99.0,2707.0,33,33,100,0,100,0,200,0,100.0,4999.0,100.0,32311738776.0,100.0,47246454888.0
2018-07-18,ZCH0773W,ST12000NM0007,12000138625024,0,75,29824400,96,0,100,4,100,0,88,595873053,93,6252,100,0,100,3,,,,,100.0,0.0,100.0,0.0,,,67.0,33.0,,,100.0,53.0,99.0,2708.0,33,33,100,0,100,0,200,0,100.0,5024.0,100.0,32381445456.0,100.0,47482621112.0
2018-07-19,ZCH0773W,ST12000NM0007,12000138625024,0,76,35587240,96,0,100,4,100,0,88,597998107,93,6275,100,0,100,3,,,,,100.0,0.0,100.0,0.0,,,67.0,33.0,,,100.0,53.0,99.0,2709.0,33,33,100,0,100,0,200,0,100.0,5047.0,100.0,32454011104.0,100.0,47659959040.0
2018-07-20,ZCH0773W,ST12000NM0007,12000138625024,0,78,67841512,96,0,100,4,100,0,88,600312625,93,6299,100,0,100,3,,,,,100.0,0.0,100.0,0.0,,,67.0,33.0,,,100.0,54.0,99.0,2710.0,33,33,100,0,100,0,200,0,100.0,5071.0,100.0,32537555696.0,100.0,47852809424.0
2018-07-21,ZCH0773W,ST12000NM0007,12000138625024,0,77,54650720,96,0,100,4,100,0,88,602221470,93,6323,100,0,100,3,,,,,100.0,0.0,100.0,0.0,,,67.0,33.0,,,100.0,54.0,99.0,2711.0,33,33,100,0,100,0,200,0,100.0,5094.0,100.0,32601512336.0,100.0,48019802856.0
2018-07-22,ZCH0773W,ST12000NM0007,12000138625024,0,79,71107656,96,0,100,4,100,0,88,604407242,93,6347,100,0,100,3,,,,,100.0,0.0,100.0,0.0,,,67.0,33.0,,,100.0,55.0,99.0,2712.0,33,33,100,0,100,0,200,0,100.0,5119.0,100.0,32676876064.0,100.0,48205036776.0
2018-07-23,ZCH0773W,ST12000NM0007,12000138625024,0,81,115651840,96,0,100,4,100,0,88,607160737,93,6371,100,0,100,3,,,,,100.0,0.0,100.0,0.0,,,67.0,33.0,,,100.0,55.0,99.0,2713.0,33,33,100,0,100,0,200,0,100.0,5142.0,100.0,32742538936.0,100.0,48428059016.0
2018-07-24,ZCH0773W,ST12000NM0007,12000138625024,0,81,125640280,96,0,100,4,100,0,88,609101050,93,6395,100,0,100,3,,,,,100.0,0.0,100.0,0.0,,,66.0,34.0,,,100.0,56.0,99.0,2714.0,34,34,100,0,100,0,200,0,100.0,5167.0,100.0,32796070768.0,100.0,48628656328.0
2018-07-25,ZCH0773W,ST12000NM0007,12000138625024,0,80.0,109749016.0,96.0,0.0,100.0,4.0,100.0,0.0,88.0,611118399.0,93.0,6419.0,100.0,0.0,100.0,3.0,,,,,100.0,0.0,100.0,0.0,,,64.0,36.0,,,100.0,57.0,99.0,2715.0,36.0,36.0,100.0,0.0,100.0,0.0,200.0,0.0,100.0,5190.0,100.0,32858051712.0,100.0,48794925128.0
2018-07-26,ZCH0773W,ST12000NM0007,12000138625024,0,82,154253752,96,0,100,4,100,0,88,613375026,93,6443,100,0,100,3,,,,,100.0,0.0,100.0,0.0,,,64.0,36.0,,,100.0,57.0,99.0,2717.0,36,36,100,0,100,0,200,0,100.0,5213.0,100.0,32934603904.0,100.0,49007018536.0
2018-07-27,ZCH0773W,ST12000NM0007,12000138625024,0,83,179934168,96,0,100,4,100,0,88,615710904,93,6467,100,0,100,3,,,,,100.0,0.0,100.0,0.0,,,65.0,35.0,,,100.0,57.0,99.0,2718.0,35,35,100,0,100,0,200,0,100.0,5238.0,100.0,33011963552.0,100.0,49199480056.0
2018-07-28,ZCH0773W,ST12000NM0007,12000138625024,0,83,192149960,96,0,100,4,100,0,88,618025697,93,6491,100,0,100,3,,,,,100.0,0.0,100.0,0.0,,,65.0,35.0,,,100.0,57.0,99.0,2719.0,35,35,100,0,100,0,200,0,100.0,5261.0,100.0,33086470968.0,100.0,49381329232.0
2018-07-29,ZCH0773W,ST12000NM0007,12000138625024,0,76,36620896,96,0,100,4,100,0,88,621256931,93,6515,100,0,100,3,,,,,100.0,0.0,100.0,0.0,,,65.0,35.0,,,100.0,58.0,99.0,2720.0,35,35,100,0,100,0,200,0,100.0,5285.0,100.0,33187092168.0,100.0,49613460440.0
2018-07-30,ZCH0773W,ST12000NM0007,12000138625024,0,78,63103608,96,0,100,4,100,0,88,623603225,93,6539,100,0,100,3,,,,,100.0,0.0,100.0,0.0,,,65.0,35.0,,,100.0,58.0,99.0,2721.0,35,35,100,0,100,0,200,0,100.0,5309.0,100.0,33281155808.0,100.0,49790020144.0
2018-07-31,ZCH0773W,ST12000NM0007,12000138625024,0,80,110229440,96,0,100,4,100,0,88,626162135,93,6562,100,0,100,3,,,,,100.0,0.0,100.0,0.0,,,64.0,36.0,,,100.0,58.0,99.0,2722.0,36,36,100,0,100,0,200,0,100.0,5332.0,100.0,33372243592.0,100.0,49990198960.0
2018-08-01,ZCH0773W,ST12000NM0007,12000138625024,0,81,121529744,96,0,100,4,100,0,88,628639040,93,6587,100,0,100,3,,,,,100.0,0.0,100.0,0.0,,,64.0,36.0,,,100.0,59.0,99.0,2723.0,36,36,100,0,100,0,200,0,100.0,5357.0,100.0,33460174016.0,100.0,50157709616.0
2018-08-02,ZCH0773W,ST12000NM0007,12000138625024,0,81,129795408,96,0,100,4,100,0,88,631065242,93,6611,100,0,100,3,,,,,100.0,0.0,100.0,0.0,,,65.0,35.0,,,100.0,60.0,99.0,2724.0,35,35,100,0,100,0,200,0,100.0,5380.0,100.0,33543370088.0,100.0,50326920120.0
2018-08-03,ZCH0773W,ST12000NM0007,12000138625024,0,81,133824984,96,0,100,4,100,0,88,633385444,93,6635,100,0,100,3,,,,,100.0,0.0,100.0,0.0,,,65.0,35.0,,,100.0,61.0,99.0,2725.0,35,35,100,0,100,0,200,0,100.0,5405.0,100.0,33612230552.0,100.0,50506230080.0
2018-08-04,ZCH0773W,ST12000NM0007,12000138625024,0,80,99366648,96,0,100,4,100,0,88,635118666,93,6659,100,0,100,3,,,,,100.0,0.0,100.0,0.0,,,65.0,35.0,,,100.0,61.0,99.0,2726.0,35,35,100,0,100,0,200,0,100.0,5428.0,100.0,33667444664.0,100.0,50660698336.0
2018-08-05,ZCH0773W,ST12000NM0007,12000138625024,0,82,173911520,96,0,100,4,100,0,88,638048449,93,6683,100,0,100,3,,,,,100.0,0.0,100.0,0.0,,,65.0,35.0,,,100.0,61.0,99.0,2727.0,35,35,100,0,100,0,200,0,100.0,5452.0,100.0,33754193112.0,100.0,50892635512.0
2018-08-06,ZCH0773W,ST12000NM0007,12000138625024,0,82,177140120,96,0,100,4,100,0,88,640155797,93,6707,100,0,100,3,,,,,100.0,0.0,100.0,0.0,,,65.0,35.0,,,100.0,61.0,99.0,2728.0,35,35,100,0,100,0,200,0,100.0,5476.0,100.0,33825187448.0,100.0,51069010432.0
2018-08-07,ZCH0773W,ST12000NM0007,12000138625024,0,68,6695560,96,0,100,4,100,0,88,642585322,93,6731,100,0,100,3,,,,,100.0,0.0,100.0,0.0,,,64.0,36.0,,,100.0,61.0,99.0,2729.0,36,36,100,0,100,0,200,0,100.0,5500.0,100.0,33892941016.0,100.0,51319093888.0
2018-08-08,ZCH0773W,ST12000NM0007,12000138625024,0,70,9600224,96,0,100,4,100,0,88,644704024,93,6754,100,0,100,3,,,,,100.0,0.0,100.0,0.0,,,64.0,36.0,,,100.0,61.0,99.0,2730.0,36,36,100,0,100,0,200,0,100.0,5523.0,100.0,33958819016.0,100.0,51500261216.0
2018-08-09,ZCH0773W,ST12000NM0007,12000138625024,0,100,350976,96,0,100,4,100,0,88,646804347,93,6776,100,0,100,3,,,,,100.0,0.0,100.0,0.0,,,64.0,36.0,,,100.0,61.0,99.0,2731.0,36,36,100,0,100,0,200,0,100.0,5545.0,100.0,34026840472.0,100.0,51667131240.0
2018-08-10,ZCH0773W,ST12000NM0007,12000138625024,0,76,43283928,96,0,100,4,100,0,88,649215188,93,6801,100,0,100,3,,,,,100.0,0.0,100.0,0.0,,,65.0,35.0,,,100.0,61.0,99.0,2732.0,35,35,100,0,100,0,200,0,100.0,5569.0,100.0,34108364176.0,100.0,51872681336.0
2018-08-11,ZCH0773W,ST12000NM0007,12000138625024,0,75,28841096,96,0,100,4,100,0,88,651175561,93,6825,100,0,100,3,,,,,100.0,0.0,100.0,0.0,,,65.0,35.0,,,100.0,61.0,99.0,2733.0,35,35,100,0,100,0,200,0,100.0,5593.0,100.0,34173100800.0,100.0,52037642704.0
2018-08-12,ZCH0773W,ST12000NM0007,12000138625024,0,78,61310136,96,0,100,4,100,0,88,653856603,93,6848,100,0,100,3,,,,,100.0,0.0,100.0,0.0,,,64.0,36.0,,,100.0,62.0,99.0,2734.0,36,36,100,0,100,0,200,0,100.0,5616.0,100.0,34244884936.0,100.0,52242468408.0
2018-08-13,ZCH0773W,ST12000NM0007,12000138625024,0,80,91141368,96,0,100,4,100,0,88,655846221,93,6873,100,0,100,3,,,,,100.0,0.0,100.0,0.0,,,65.0,35.0,,,100.0,63.0,99.0,2735.0,35,35,100,0,100,0,200,0,100.0,5641.0,100.0,34310350672.0,100.0,52450974552.0
2018-08-14,ZCH0773W,ST12000NM0007,12000138625024,0,82.0,160170856.0,96.0,0.0,100.0,4.0,100.0,0.0,88.0,658169289.0,93.0,6896.0,100.0,0.0,100.0,3.0,,,,,100.0,0.0,100.0,0.0,,,65.0,35.0,,,100.0,63.0,99.0,2736.0,35.0,35.0,100.0,0.0,100.0,0.0,200.0,0.0,100.0,5664.0,100.0,34400268464.0,100.0,52674226984.0
2018-08-15,ZCH0773W,ST12000NM0007,12000138625024,0,83.0,188224336.0,96.0,0.0,100.0,4.0,100.0,0.0,88.0,660471183.0,93.0,6923.0,100.0,0.0,100.0,3.0,,,,,100.0,0.0,100.0,0.0,,,65.0,35.0,,,100.0,64.0,99.0,2737.0,35.0,35.0,100.0,0.0,100.0,0.0,200.0,0.0,100.0,5690.0,100.0,34466765552.0,100.0,52879924168.0
2018-08-16,ZCH0773W,ST12000NM0007,12000138625024,0,84,240137120,96,0,100,4,100,0,88,662886129,93,6946,100,0,100,3,,,,,100.0,0.0,100.0,0.0,,,64.0,36.0,,,100.0,64.0,99.0,2738.0,36,36,100,0,100,0,200,0,100.0,5713.0,100.0,34549646768.0,100.0,53093096464.0
2018-08-17,ZCH0773W,ST12000NM0007,12000138625024,0,76,41964720,96,0,100,4,100,0,88,665018720,93,6971,100,0,100,3,,,,,100.0,0.0,100.0,0.0,,,64.0,36.0,,,100.0,65.0,99.0,2739.0,36,36,100,0,100,0,200,0,100.0,5738.0,100.0,34648896088.0,100.0,53283956152.0
2018-08-18,ZCH0773W,ST12000NM0007,12000138625024,0,80,108362480,96,0,100,4,100,0,88,667965829,93,6995,100,0,100,3,,,,,100.0,0.0,100.0,0.0,,,64.0,36.0,,,100.0,66.0,99.0,2740.0,36,36,100,0,100,0,200,0,100.0,5762.0,100.0,34760334384.0,100.0,53483056432.0
2018-08-19,ZCH0773W,ST12000NM0007,12000138625024,0,80,107401968,96,0,100,4,100,0,88,670013013,92,7018,100,0,100,3,,,,,100.0,0.0,100.0,0.0,,,64.0,36.0,,,100.0,66.0,99.0,2741.0,36,36,100,0,100,0,200,0,100.0,5785.0,100.0,34848517592.0,100.0,53638053440.0
2018-08-20,ZCH0773W,ST12000NM0007,12000138625024,0,82,170180040,96,0,100,4,100,0,88,672422924,92,7043,100,0,100,3,,,,,100.0,0.0,100.0,0.0,,,64.0,36.0,,,100.0,67.0,99.0,2742.0,36,36,100,0,100,0,200,0,100.0,5809.0,100.0,34943217096.0,100.0,53850272664.0
2018-08-21,ZCH0773W,ST12000NM0007,12000138625024,0,84,225222448,96,0,100,4,100,0,88,674856549,92,7066,100,0,100,3,,,,,100.0,0.0,100.0,0.0,,,65.0,35.0,,,100.0,68.0,99.0,2743.0,35,35,100,0,100,0,200,0,100.0,5832.0,100.0,35025719496.0,100.0,54066953488.0
2018-08-22,ZCH0773W,ST12000NM0007,12000138625024,0,76,44374544,96,0,100,4,100,0,88,677263205,92,7091,100,0,100,3,,,,,100.0,0.0,100.0,0.0,,,65.0,35.0,,,100.0,68.0,99.0,2744.0,35,35,100,0,100,0,200,0,100.0,5856.0,100.0,35118320488.0,100.0,54281786192.0
2018-08-23,ZCH0773W,ST12000NM0007,12000138625024,0,79,87513640,96,0,100,4,100,0,88,679558425,92,7114,100,0,100,3,,,,,100.0,0.0,100.0,0.0,,,65.0,35.0,,,100.0,68.0,99.0,2745.0,35,35,100,0,100,0,200,0,100.0,5879.0,100.0,35205249184.0,100.0,54482137416.0
2018-08-24,ZCH0773W,ST12000NM0007,12000138625024,0,80,92586688,96,0,100,4,100,0,88,681727841,92,7138,100,0,100,3,,,,,100.0,0.0,100.0,0.0,,,65.0,35.0,,,100.0,68.0,99.0,2746.0,35,35,100,0,100,0,200,0,100.0,5904.0,100.0,35261024784.0,100.0,54675575816.0
2018-08-25,ZCH0773W,ST12000NM0007,12000138625024,0,81,128308920,96,0,100,4,100,0,88,683801939,92,7163,100,0,100,3,,,,,100.0,0.0,100.0,0.0,,,65.0,35.0,,,100.0,69.0,99.0,2747.0,35,35,100,0,100,0,200,0,100.0,5928.0,100.0,35326853224.0,100.0,54889610256.0
2018-08-26,ZCH0773W,ST12000NM0007,12000138625024,0,82,164582208,96,0,100,4,100,0,88,685993579,92,7186,100,0,100,3,,,,,100.0,0.0,100.0,0.0,,,65.0,35.0,,,100.0,69.0,99.0,2748.0,35,35,100,0,100,0,200,0,100.0,5951.0,100.0,35403120224.0,100.0,55093757184.0
2018-08-27,ZCH0773W,ST12000NM0007,12000138625024,0,83,210307560,96,0,100,4,100,0,88,688354655,92,7211,100,0,100,3,,,,,100.0,0.0,100.0,0.0,,,65.0,35.0,,,100.0,69.0,99.0,2749.0,35,35,100,0,100,0,200,0,100.0,5975.0,100.0,35485577760.0,100.0,55301165944.0
2018-08-28,ZCH0773W,ST12000NM0007,12000138625024,0,79,73766192,96,0,100,4,100,0,88,691041434,92,7235,100,0,100,3,,,,,100.0,0.0,100.0,0.0,,,64.0,36.0,,,100.0,69.0,99.0,2750.0,36,36,100,0,100,0,200,0,100.0,5999.0,100.0,35593023992.0,100.0,55545459672.0
2018-08-29,ZCH0773W,ST12000NM0007,12000138625024,0,77,54753872,96,0,100,4,100,0,88,692828280,92,7258,100,0,100,3,,,,,100.0,0.0,100.0,0.0,,,65.0,35.0,,,100.0,69.0,99.0,2751.0,35,35,100,0,100,0,200,0,100.0,6023.0,100.0,35661753296.0,100.0,55701858696.0
2018-08-30,ZCH0773W,ST12000NM0007,12000138625024,0,82,174629456,96,0,100,4,100,0,88,695700234,92,7286,100,0,100,3,,,,,100.0,0.0,100.0,0.0,,,65.0,35.0,,,100.0,69.0,99.0,2752.0,35,35,100,0,100,0,200,0,100.0,6050.0,100.0,35775234832.0,100.0,55952393424.0
2018-08-31,ZCH0773W,ST12000NM0007,12000138625024,0,83,205872696,96,0,100,4,100,0,88,698604885,92,7310,100,0,100,3,,,,,100.0,0.0,100.0,0.0,,,66.0,34.0,,,100.0,70.0,99.0,2753.0,34,34,100,0,100,0,200,0,100.0,6074.0,100.0,35856379232.0,100.0,56146633056.0
2018-09-01,ZCH0773W,ST12000NM0007,12000138625024,0,83,179137424,96,0,100,4,100,0,88,700758914,92,7334,100,0,100,3,,,,,100.0,0.0,100.0,0.0,,,64.0,36.0,,,100.0,71.0,99.0,2754.0,36,36,100,0,100,0,200,0,100.0,6097.0,100.0,35935203360.0,100.0,56285214312.0
2018-09-02,ZCH0773W,ST12000NM0007,12000138625024,0,83,187318696,96,0,100,4,100,0,88,703178718,92,7358,100,0,100,3,,,,,100.0,0.0,100.0,0.0,,,65.0,35.0,,,100.0,71.0,99.0,2755.0,35,35,100,0,100,0,200,0,100.0,6122.0,100.0,36018904536.0,100.0,56453835160.0
2018-09-03,ZCH0773W,ST12000NM0007,12000138625024,0,82,162031208,96,0,100,4,100,0,88,705452790,92,7383,100,0,100,3,,,,,100.0,0.0,100.0,0.0,,,66.0,34.0,,,100.0,71.0,99.0,2756.0,34,34,100,0,100,0,200,0,100.0,6146.0,100.0,36088571872.0,100.0,56603020984.0
2018-09-04,ZCH0773W,ST12000NM0007,12000138625024,0,70,9744024,96,0,100,4,100,0,89,708152011,92,7406,100,0,100,3,,,,,100.0,0.0,100.0,0.0,,,66.0,34.0,,,100.0,72.0,99.0,2757.0,34,34,100,0,100,0,200,0,100.0,6169.0,100.0,36185102264.0,100.0,56842484816.0
2018-09-05,ZCH0773W,ST12000NM0007,12000138625024,0,75,28356768,96,0,100,4,100,0,89,710507148,92,7431,100,0,100,3,,,,,100.0,0.0,100.0,0.0,,,66.0,34.0,,,100.0,73.0,99.0,2758.0,34,34,100,0,100,0,200,0,100.0,6194.0,100.0,36264933496.0,100.0,57025407080.0
2018-09-06,ZCH0773W,ST12000NM0007,12000138625024,0,83,210834736,96,0,100,4,100,0,89,712235344,92,7450,100,0,100,3,,,,,100.0,0.0,100.0,0.0,,,65.0,35.0,,,100.0,73.0,99.0,2759.0,35,35,100,0,100,0,200,0,100.0,6213.0,100.0,36319804280.0,100.0,57153014264.0
2018-09-07,ZCH0773W,ST12000NM0007,12000138625024,0,83,204768088,96,0,100,4,100,0,89,714336616,92,7474,100,0,100,3,,,,,100.0,0.0,100.0,0.0,,,64.0,36.0,,,100.0,74.0,99.0,2760.0,36,36,100,0,100,0,200,0,100.0,6237.0,100.0,36384066424.0,100.0,57326826168.0
2018-09-08,ZCH0773W,ST12000NM0007,12000138625024,0,74,27671928,96,0,100,4,100,0,89,717243088,92,7498,100,0,100,3,,,,,100.0,0.0,100.0,0.0,,,65.0,35.0,,,100.0,74.0,99.0,2761.0,35,35,100,0,100,0,200,0,100.0,6260.0,100.0,36453331824.0,100.0,57568746024.0
2018-09-09,ZCH0773W,ST12000NM0007,12000138625024,0,78,60235632,96,0,100,4,100,0,89,719634201,92,7522,100,0,100,3,,,,,100.0,0.0,100.0,0.0,,,64.0,36.0,,,100.0,74.0,99.0,2762.0,36,36,100,0,100,0,200,0,100.0,6285.0,100.0,36514248576.0,100.0,57784533648.0
2018-09-10,ZCH0773W,ST12000NM0007,12000138625024,0,78,63607784,96,0,100,4,100,0,89,721669100,92,7546,100,0,100,3,,,,,100.0,0.0,100.0,0.0,,,64.0,36.0,,,100.0,74.0,99.0,2763.0,36,36,100,0,100,0,200,0,100.0,6308.0,100.0,36574330352.0,100.0,57971964704.0
2018-09-11,ZCH0773W,ST12000NM0007,12000138625024,0,79,86552232,96,0,100,4,100,0,89,723716576,92,7568,100,0,100,3,,,,,100.0,0.0,100.0,0.0,,,64.0,36.0,,,100.0,75.0,99.0,2770.0,36,36,100,0,100,0,200,0,100.0,6330.0,100.0,36642534720.0,100.0,58170845490.0
2018-09-12,ZCH0773W,ST12000NM0007,12000138625024,0,81,116514520,96,0,100,4,100,0,89,725805967,92,7593,100,0,100,3,,,,,100.0,0.0,100.0,0.0,,,64.0,36.0,,,100.0,75.0,99.0,2771.0,36,36,100,0,100,0,200,0,100.0,6354.0,100.0,36711183328.0,100.0,58376300090.0
2018-09-13,ZCH0773W,ST12000NM0007,12000138625024,0,81,127234784,96,0,100,4,100,0,89,727799454,92,7616,100,0,100,3,,,,,100.0,0.0,100.0,0.0,,,64.0,36.0,,,100.0,75.0,99.0,2772.0,36,36,100,0,100,0,200,0,100.0,6377.0,100.0,36779249880.0,100.0,58563094522.0
2018-09-14,ZCH0773W,ST12000NM0007,12000138625024,0,82,170662344,96,0,100,4,100,0,89,730407388,92,7640,100,0,100,3,,,,,100.0,0.0,100.0,0.0,,,65.0,35.0,,,100.0,75.0,99.0,2773.0,35,35,100,0,100,0,200,0,100.0,6401.0,100.0,36843357392.0,100.0,58786555482.0
2018-09-15,ZCH0773W,ST12000NM0007,12000138625024,0,82,160977248,96,0,100,4,100,0,89,732211711,92,7664,100,0,100,3,,,,,100.0,0.0,100.0,0.0,,,65.0,35.0,,,100.0,76.0,99.0,2774.0,35,35,100,0,100,0,200,0,100.0,6425.0,100.0,36897947808.0,100.0,58966420698.0
2018-09-16,ZCH0773W,ST12000NM0007,12000138625024,0,83,191883904,96,0,100,4,100,0,89,734702969,92,7692,100,0,100,3,,,,,100.0,0.0,100.0,0.0,,,65.0,35.0,,,100.0,77.0,99.0,2775.0,35,35,100,0,100,0,200,0,100.0,6453.0,100.0,36985381984.0,100.0,59154033826.0
2018-09-17,ZCH0773W,ST12000NM0007,12000138625024,0,83,206672632,96,0,100,4,100,0,89,737037918,92,7716,100,0,100,3,,,,,100.0,0.0,100.0,0.0,,,65.0,35.0,,,100.0,78.0,99.0,2776.0,35,35,100,0,100,0,200,0,100.0,6476.0,100.0,37056249184.0,100.0,59342096002.0
2018-09-18,ZCH0773W,ST12000NM0007,12000138625024,0,69,7589712,96,0,100,4,100,0,89,739570701,92,7741,100,0,100,3,,,,,100.0,0.0,100.0,0.0,,,65.0,35.0,,,100.0,78.0,99.0,2777.0,35,35,100,0,100,0,200,0,100.0,6501.0,100.0,37158003632.0,100.0,59529539978.0
2018-09-19,ZCH0773W,ST12000NM0007,12000138625024,0,74,22686576,96,0,100,4,100,0,89,741390786,92,7765,100,0,100,3,,,,,100.0,0.0,100.0,0.0,,,65.0,35.0,,,100.0,78.0,99.0,2778.0,35,35,100,0,100,0,200,0,100.0,6526.0,100.0,37228786320.0,100.0,59717994930.0
2018-09-20,ZCH0773W,ST12000NM0007,12000138625024,0,82,146164104,96,0,100,4,100,0,89,744193314,92,7789,100,0,100,3,,,,,100.0,0.0,100.0,0.0,,,63.0,37.0,,,100.0,79.0,99.0,2779.0,37,37,100,0,100,0,200,0,100.0,6549.0,100.0,37319610496.0,100.0,59994788970.0
2018-09-21,ZCH0773W,ST12000NM0007,12000138625024,0,83,182410056,96,0,100,4,100,0,89,746208282,92,7814,100,0,100,3,,,,,100.0,0.0,100.0,0.0,,,65.0,35.0,,,100.0,79.0,99.0,2780.0,35,35,100,0,100,0,200,0,100.0,6574.0,100.0,37397716872.0,100.0,60197069258.0
2018-09-22,ZCH0773W,ST12000NM0007,12000138625024,0,82,147563296,96,0,100,4,100,0,89,748124512,92,7838,100,0,100,3,,,,,100.0,0.0,100.0,0.0,,,65.0,35.0,,,100.0,80.0,99.0,2781.0,35,35,100,0,100,0,200,0,100.0,6598.0,100.0,37486694904.0,100.0,60317385098.0
2018-09-23,ZCH0773W,ST12000NM0007,12000138625024,0,79,75993048,96,0,100,4,100,0,89,749996969,92,7862,100,0,100,3,,,,,100.0,0.0,100.0,0.0,,,65.0,35.0,,,100.0,80.0,99.0,2782.0,35,35,100,0,100,0,200,0,100.0,6622.0,100.0,37567179312.0,100.0,60409471154.0
2018-09-24,ZCH0773W,ST12000NM0007,12000138625024,0,78,64209728,96,0,100,4,100,0,89,752126263,91,7885,100,0,100,3,,,,,100.0,0.0,100.0,0.0,,,65.0,35.0,,,100.0,80.0,99.0,2783.0,35,35,100,0,100,0,200,0,100.0,6645.0,100.0,37649972768.0,100.0,60559035266.0
2018-09-25,ZCH0773W,ST12000NM0007,12000138625024,0,74,22971696,96,0,100,4,100,0,89,754277741,91,7910,100,0,100,3,,,,,100.0,0.0,100.0,0.0,,,64.0,36.0,,,100.0,81.0,99.0,2784.0,36,36,100,0,100,0,200,0,100.0,6670.0,100.0,37726564440.0,100.0,60685346218.0
2018-09-26,ZCH0773W,ST12000NM0007,12000138625024,0,83,201430456,96,0,100,4,100,0,89,756025763,91,7932,100,0,100,3,,,,,100.0,0.0,100.0,0.0,,,64.0,36.0,,,100.0,81.0,99.0,2785.0,36,36,100,0,100,0,200,0,100.0,6692.0,100.0,37784644488.0,100.0,60805724930.0
2018-09-27,ZCH0773W,ST12000NM0007,12000138625024,0,67,5436768,96,0,100,4,100,0,89,758453308,91,7956,100,0,100,3,,,,,100.0,0.0,100.0,0.0,,,64.0,36.0,,,100.0,81.0,99.0,2786.0,36,36,100,0,100,0,200,0,100.0,6716.0,100.0,37866337512.0,100.0,61016319658.0
2018-09-28,ZCH0773W,ST12000NM0007,12000138625024,0,84,232274888,96,0,100,4,100,0,89,760266203,91,7976,100,0,100,3,,,,,100.0,0.0,100.0,0.0,,,63.0,37.0,,,100.0,81.0,99.0,2787.0,37,37,100,0,100,0,200,0,100.0,6736.0,100.0,37937770736.0,100.0,61171724554.0
2018-09-29,ZCH0773W,ST12000NM0007,12000138625024,0,79,78628736,96,0,100,4,100,0,89,763150902,91,8001,100,0,100,3,,,,,100.0,0.0,100.0,0.0,,,64.0,36.0,,,100.0,81.0,99.0,2788.0,36,36,100,0,100,0,200,0,100.0,6760.0,100.0,38026678160.0,100.0,61417452330.0
2018-09-30,ZCH0773W,ST12000NM0007,12000138625024,0,80,110235208,96,0,100,4,100,0,89,765325653,91,8024,100,0,100,3,,,,,100.0,0.0,100.0,0.0,,,64.0,36.0,,,100.0,82.0,99.0,2789.0,36,36,100,0,100,0,200,0,100.0,6784.0,100.0,38093040504.0,100.0,61626837122.0
2018-10-01,ZCH0773W,ST12000NM0007,12000138625024,0,81,133494832,96,0,100,4,100,0,89,767523596,91,8049,100,0,100,3,,,,,100.0,0.0,100.0,0.0,,,65.0,35.0,,,100.0,82.0,99.0,2790.0,35,35,100,0,100,0,200,0,100.0,6808.0,100.0,38157437632.0,100.0,61829840346.0
2018-10-02,ZCH0773W,ST12000NM0007,12000138625024,0,83,181674008,96,0,100,4,100,0,89,769852843,91,8072,100,0,100,3,,,,,100.0,0.0,100.0,0.0,,,65.0,35.0,,,100.0,82.0,99.0,2791.0,35,35,100,0,100,0,200,0,100.0,6832.0,100.0,38257500016.0,100.0,62022097794.0
2018-10-03,ZCH0773W,ST12000NM0007,12000138625024,0,83,214729472,96,0,100,4,100,0,89,771941755,91,8097,100,0,100,3,,,,,100.0,0.0,100.0,0.0,,,65.0,35.0,,,100.0,83.0,99.0,2792.0,35,35,100,0,100,0,200,0,100.0,6856.0,100.0,38361103216.0,100.0,62195690738.0
2018-10-04,ZCH0773W,ST12000NM0007,12000138625024,0,76.0,36849880.0,96.0,0.0,100.0,4.0,100.0,0.0,89.0,774113508.0,91.0,8120.0,100.0,0.0,100.0,3.0,,,,,100.0,0.0,100.0,0.0,,,64.0,36.0,,,100.0,84.0,99.0,2793.0,36.0,36.0,100.0,0.0,100.0,0.0,200.0,0.0,100.0,6879.0,100.0,38443632112.0,100.0,62423563618.0
2018-10-05,ZCH0773W,ST12000NM0007,12000138625024,0,74,23538512,96,0,100,4,100,0,89,776194917,91,8144,100,0,100,3,,,,,100.0,0.0,100.0,0.0,,,65.0,35.0,,,100.0,85.0,99.0,2794.0,35,35,100,0,100,0,200,0,100.0,6903.0,100.0,38523111208.0,100.0,62574914026.0
2018-10-06,ZCH0773W,ST12000NM0007,12000138625024,0,75,28340632,96,0,100,4,100,0,89,778015218,91,8168,100,0,100,3,,,,,100.0,0.0,100.0,0.0,,,65.0,35.0,,,100.0,85.0,99.0,2795.0,35,35,100,0,100,0,200,0,100.0,6927.0,100.0,38606726592.0,100.0,62740241602.0
2018-10-07,ZCH0773W,ST12000NM0007,12000138625024,0,75,33458888,96,0,100,4,100,0,89,780160734,91,8192,100,0,100,3,,,,,100.0,0.0,100.0,0.0,,,65.0,35.0,,,100.0,86.0,99.0,2796.0,35,35,100,0,100,0,200,0,100.0,6951.0,100.0,38708157632.0,100.0,62888069450.0
2018-10-08,ZCH0773W,ST12000NM0007,12000138625024,0,74,25580712,96,0,100,4,100,0,89,781974467,91,8217,100,0,100,3,,,,,100.0,0.0,100.0,0.0,,,66.0,34.0,,,100.0,86.0,99.0,2797.0,34,34,100,0,100,0,200,0,100.0,6975.0,100.0,38777454232.0,100.0,63055035370.0
2018-10-09,ZCH0773W,ST12000NM0007,12000138625024,0,76.0,35946856.0,96.0,0.0,100.0,4.0,100.0,0.0,89.0,783862669.0,91.0,8240.0,100.0,0.0,100.0,3.0,,,,,100.0,0.0,100.0,0.0,,,65.0,35.0,,,100.0,87.0,99.0,2798.0,35.0,35.0,100.0,0.0,100.0,0.0,200.0,0.0,100.0,6998.0,100.0,38857971816.0,100.0,63229024794.0
2018-10-10,ZCH0773W,ST12000NM0007,12000138625024,0,73,18801392,96,0,100,4,100,0,89,785630321,91,8264,100,0,100,3,,,,,100.0,0.0,100.0,0.0,,,65.0,35.0,,,100.0,88.0,99.0,2799.0,35,35,100,0,100,0,200,0,100.0,7023.0,100.0,38938968832.0,100.0,63375023026.0
2018-10-11,ZCH0773W,ST12000NM0007,12000138625024,0,79,78413168,96,0,100,4,100,0,89,788235293,91,8288,100,0,100,3,,,,,100.0,0.0,100.0,0.0,,,65.0,35.0,,,100.0,89.0,99.0,2800.0,35,35,100,0,100,0,200,0,100.0,7046.0,100.0,39027734776.0,100.0,63590009658.0
2018-10-12,ZCH0773W,ST12000NM0007,12000138625024,0,81,112234736,96,0,100,4,100,0,89,790556327,91,8312,100,0,100,3,,,,,100.0,0.0,100.0,0.0,,,66.0,34.0,,,100.0,90.0,99.0,2801.0,34,34,100,0,100,0,200,0,100.0,7071.0,100.0,39130114688.0,100.0,63765592042.0
2018-10-13,ZCH0773W,ST12000NM0007,12000138625024,0,80,109764880,96,0,100,4,100,0,89,792565164,91,8336,100,0,100,3,,,,,100.0,0.0,100.0,0.0,,,65.0,35.0,,,100.0,90.0,99.0,2802.0,35,35,100,0,100,0,200,0,100.0,7094.0,100.0,39206572512.0,100.0,63930805226.0
2018-10-14,ZCH0773W,ST12000NM0007,12000138625024,0,80,91851328,96,0,100,4,100,0,89,794576579,91,8360,100,0,100,3,,,,,100.0,0.0,100.0,0.0,,,65.0,35.0,,,100.0,91.0,99.0,2803.0,35,35,100,0,100,0,200,0,100.0,7118.0,100.0,39298266472.0,100.0,64065338346.0
2018-10-15,ZCH0773W,ST12000NM0007,12000138625024,0,78,67424784,96,0,100,4,100,0,89,796377368,91,8385,100,0,100,3,,,,,100.0,0.0,100.0,0.0,,,65.0,35.0,,,100.0,92.0,99.0,2804.0,35,35,100,0,100,0,200,0,100.0,7143.0,100.0,39361523600.0,100.0,64221795354.0
2018-10-16,ZCH0773W,ST12000NM0007,12000138625024,0,77,49309232,96,0,100,4,100,0,89,798214394,91,8408,100,0,100,3,,,,,100.0,0.0,100.0,0.0,,,66.0,34.0,,,100.0,93.0,99.0,2805.0,34,34,100,0,100,0,200,0,100.0,7166.0,100.0,39436438032.0,100.0,64372906130.0
2018-10-17,ZCH0773W,ST12000NM0007,12000138625024,0,80,100422336,96,0,100,4,100,0,89,800806481,91,8433,100,0,100,3,,,,,100.0,0.0,100.0,0.0,,,65.0,35.0,,,100.0,94.0,99.0,2806.0,35,35,100,0,100,0,200,0,100.0,7191.0,100.0,39518100224.0,100.0,64586497674.0
2018-10-18,ZCH0773W,ST12000NM0007,12000138625024,0,82,143649536,96,0,100,4,100,0,89,803271552,91,8461,100,0,100,3,,,,,100.0,0.0,100.0,0.0,,,65.0,35.0,,,100.0,94.0,99.0,2807.0,35,35,100,0,100,0,200,0,100.0,7219.0,100.0,39627134688.0,100.0,64764831250.0
2018-10-19,ZCH0773W,ST12000NM0007,12000138625024,0,81,134868776,96,0,100,4,100,0,89,805155914,91,8485,100,0,100,3,,,,,100.0,0.0,100.0,0.0,,,67.0,33.0,,,100.0,95.0,99.0,2808.0,33,33,100,0,100,0,200,0,100.0,7242.0,100.0,39682649240.0,100.0,64944676826.0
2018-10-20,ZCH0773W,ST12000NM0007,12000138625024,0,79,80943384,96,0,100,4,100,0,89,807034474,91,8509,100,0,100,3,,,,,100.0,0.0,100.0,0.0,,,67.0,33.0,,,100.0,96.0,99.0,2809.0,33,33,100,0,100,0,200,0,100.0,7267.0,100.0,39736789808.0,100.0,65080751530.0
2018-10-21,ZCH0773W,ST12000NM0007,12000138625024,0,79,71010672,96,0,100,4,100,0,89,809028155,91,8533,100,0,100,3,,,,,100.0,0.0,100.0,0.0,,,66.0,34.0,,,100.0,97.0,99.0,2810.0,34,34,100,0,100,0,200,0,100.0,7291.0,100.0,39792314392.0,100.0,65259434962.0
2018-10-22,ZCH0773W,ST12000NM0007,12000138625024,0,75,29442536,96,0,100,4,100,0,89,810788576,91,8557,100,0,100,3,,,,,100.0,0.0,100.0,0.0,,,67.0,33.0,,,100.0,98.0,99.0,2811.0,33,33,100,0,100,0,200,0,100.0,7314.0,100.0,39848348584.0,100.0,65405973442.0
2018-10-23,ZCH0773W,ST12000NM0007,12000138625024,0,79,85882896,96,0,100,4,100,0,89,813320883,91,8581,100,0,100,3,,,,,100.0,0.0,100.0,0.0,,,66.0,34.0,,,100.0,99.0,99.0,2812.0,34,34,100,0,100,0,200,0,100.0,7338.0,100.0,39926233784.0,100.0,65628669242.0
2018-10-24,ZCH0773W,ST12000NM0007,12000138625024,0,81,123308112,96,0,100,4,100,0,89,817351665,91,8605,100,0,100,3,,,,,100.0,0.0,100.0,0.0,,,67.0,33.0,,,100,99,99.0,2813.0,33,33,100,0,100,0,200,0,100.0,7362.0,100.0,39999583288.0,100.0,66081026410.0
2018-10-25,ZCH0773W,ST12000NM0007,12000138625024,0,81,119816472,96,0,100,4,100,0,89,819366826,91,8625,100,0,100,3,,,,,100.0,0.0,100.0,0.0,,,66.0,34.0,,,100.0,99.0,99.0,2814.0,34,34,100,0,100,0,200,0,100.0,7382.0,100.0,40074996120.0,100.0,66246262578.0
2018-10-26,ZCH0773W,ST12000NM0007,12000138625024,0,76,39924104,96,0,100,4,100,0,89,821106230,91,8649,100,0,100,3,,,,,100.0,0.0,100.0,0.0,,,67.0,33.0,,,100.0,99.0,99.0,2815.0,33,33,100,0,100,0,200,0,100.0,7406.0,100.0,40144660744.0,100.0,66340846322.0
2018-10-27,ZCH0773W,ST12000NM0007,12000138625024,0,72,17212880,96,0,100,4,100,0,89,823100437,91,8673,100,0,100,3,,,,,100.0,0.0,100.0,0.0,,,66.0,34.0,,,100.0,100.0,99.0,2816.0,34,34,100,0,100,0,200,0,100.0,7430.0,100.0,40227575592.0,100.0,66479361002.0
2018-10-28,ZCH0773W,ST12000NM0007,12000138625024,0,83,220718816,96,0,100,4,100,0,89,825025318,91,8698,100,0,100,3,,,,,100.0,0.0,100.0,0.0,,,66.0,34.0,,,100.0,100.0,99.0,2818.0,34,34,100,0,100,0,200,0,100.0,7454.0,100.0,40302372112.0,100.0,66608070418.0
2018-10-29,ZCH0773W,ST12000NM0007,12000138625024,0,84,240471432,96,0,100,4,100,0,89,827358953,91,8721,100,0,100,3,,,,,100.0,0.0,100.0,0.0,,,66.0,34.0,,,100.0,100.0,99.0,2818.0,34,34,100,0,100,0,200,0,100.0,7477.0,100.0,40384680304.0,100.0,66789655514.0
2018-10-30,ZCH0773W,ST12000NM0007,12000138625024,0,79,77406448,96,0,100,4,100,0,89,829962173,91,8745,100,0,100,3,,,,,100.0,0.0,100.0,0.0,,,66.0,34.0,,,100.0,101.0,99.0,2819.0,34,34,100,0,100,0,200,0,100.0,7501.0,100.0,40451936664.0,100.0,67047615562.0
2018-10-31,ZCH0773W,ST12000NM0007,12000138625024,0,80,90499344,96.0,0.0,100.0,4.0,100.0,0.0,89.0,832653154.0,90,8769,100.0,0.0,100,3,,,,,100.0,0.0,100.0,0.0,,,66.0,34.0,,,100.0,101.0,99.0,2820.0,34,34,100.0,0.0,100.0,0.0,200.0,0.0,100.0,7526.0,100.0,40523170024.0,100.0,67233615834.0
2018-11-01,ZCH0773W,ST12000NM0007,12000138625024,0,80,107360936,96.0,0.0,100.0,4.0,100.0,0.0,89.0,834958290.0,90,8798,100.0,0.0,100,3,,,,,100.0,0.0,100.0,0.0,,,67.0,33.0,,,100.0,103.0,99.0,2822.0,33,33,100.0,0.0,100.0,0.0,200.0,0.0,100.0,7555.0,100.0,40604383984.0,100.0,67413404290.0
2018-11-02,ZCH0773W,ST12000NM0007,12000138625024,0,81,130978992,96.0,0.0,100.0,4.0,100.0,0.0,89.0,837168985.0,90,8822,100.0,0.0,100,3,,,,,100.0,0.0,100.0,0.0,,,66.0,34.0,,,100.0,103.0,99.0,2823.0,34,34,100.0,0.0,100.0,0.0,200.0,0.0,100.0,7578.0,100.0,40698485280.0,100.0,67587061690.0
2018-11-03,ZCH0773W,ST12000NM0007,12000138625024,0,81,139597728,96.0,0.0,100.0,4.0,100.0,0.0,89.0,839489248.0,90,8846,100.0,0.0,100,3,,,,,100.0,0.0,100.0,0.0,,,66.0,34.0,,,100.0,103.0,99.0,2824.0,34,34,100.0,0.0,100.0,0.0,200.0,0.0,100.0,7602.0,100.0,40794299768.0,100.0,67744006754.0
2018-11-04,ZCH0773W,ST12000NM0007,12000138625024,0,80,97467984,96.0,0.0,100.0,4.0,100.0,0.0,89.0,841680701.0,90,8870,100.0,0.0,100,3,,,,,100.0,0.0,100.0,0.0,,,66.0,34.0,,,100.0,104.0,99.0,2825.0,34,34,100.0,0.0,100.0,0.0,200.0,0.0,100.0,7626.0,100.0,40862757464.0,100.0,67877560210.0
2018-11-05,ZCH0773W,ST12000NM0007,12000138625024,0,81,120269536,96.0,0.0,100.0,4.0,100.0,0.0,89.0,844101987.0,90,8894,100.0,0.0,100,3,,,,,100.0,0.0,100.0,0.0,,,66.0,34.0,,,100.0,104.0,99.0,2826.0,34,34,100.0,0.0,100.0,0.0,200.0,0.0,100.0,7650.0,100.0,40928322096.0,100.0,68078937802.0
2018-11-06,ZCH0773W,ST12000NM0007,12000138625024,0,83.0,199978264.0,96.0,0.0,100.0,4.0,100.0,0.0,89.0,846844167.0,90.0,8918.0,100.0,0.0,100.0,3.0,,,,,100.0,0.0,100.0,0.0,,,66.0,34.0,,,100.0,105.0,99.0,2827.0,34.0,34.0,100.0,0.0,100.0,0.0,200.0,0.0,100.0,7674.0,100.0,41017922984.0,100.0,68313186538.0
2018-11-07,ZCH0773W,ST12000NM0007,12000138625024,0,83.0,206080072.0,96.0,0.0,100.0,4.0,100.0,0.0,89.0,849104282.0,90.0,8942.0,100.0,0.0,100.0,3.0,,,,,100.0,0.0,100.0,0.0,,,66.0,34.0,,,100.0,106.0,99.0,2828.0,34.0,34.0,100.0,0.0,100.0,0.0,200.0,0.0,100.0,7698.0,100.0,41100110584.0,100.0,68481241378.0
2018-11-08,ZCH0773W,ST12000NM0007,12000138625024,0,84.0,242851712.0,96.0,0.0,100.0,4.0,100.0,0.0,89.0,851836117.0,90.0,8966.0,100.0,0.0,100.0,3.0,,,,,100.0,0.0,100.0,0.0,,,67.0,33.0,,,100.0,106.0,99.0,2829.0,33.0,33.0,100.0,0.0,100.0,0.0,200.0,0.0,100.0,7721.0,100.0,41171420544.0,100.0,68690844154.0
2018-11-09,ZCH0773W,ST12000NM0007,12000138625024,0,67,5355752,96.0,0.0,100.0,4.0,100.0,0.0,89.0,853773271.0,90,8989,100.0,0.0,100,3,,,,,100.0,0.0,100.0,0.0,,,66.0,34.0,,,100.0,107.0,99.0,2830.0,34,34,100.0,0.0,100.0,0.0,200.0,0.0,100.0,7745.0,100.0,41239381616.0,100.0,68873668546.0
2018-11-10,ZCH0773W,ST12000NM0007,12000138625024,0,83,221892784,96.0,0.0,100.0,4.0,100.0,0.0,89.0,855592877.0,90,9013,100.0,0.0,100,3,,,,,100.0,0.0,100.0,0.0,,,66.0,34.0,,,100.0,107.0,99.0,2831.0,34,34,100.0,0.0,100.0,0.0,200.0,0.0,100.0,7768.0,100.0,41303794984.0,100.0,69025792210.0
2018-11-11,ZCH0773W,ST12000NM0007,12000138625024,0,83,208298928,96.0,0.0,100.0,4.0,100.0,0.0,89.0,857635541.0,90,9037,100.0,0.0,100,3,,,,,100.0,0.0,100.0,0.0,,,66.0,34.0,,,100.0,107.0,99.0,2832.0,34,34,100.0,0.0,100.0,0.0,200.0,0.0,100.0,7792.0,100.0,41371319464.0,100.0,69188814546.0
2018-11-12,ZCH0773W,ST12000NM0007,12000138625024,0,84,240656304,96.0,0.0,100.0,4.0,100.0,0.0,89.0,860008256.0,90,9061,100.0,0.0,100,3,,,,,100.0,0.0,100.0,0.0,,,66.0,34.0,,,100.0,107.0,99.0,2833.0,34,34,100.0,0.0,100.0,0.0,200.0,0.0,100.0,7816.0,100.0,41442609872.0,100.0,69394022514.0
2018-11-13,ZCH0773W,ST12000NM0007,12000138625024,0,77,50015216,96.0,0.0,100.0,4.0,100.0,0.0,89.0,862540407.0,90,9085,100.0,0.0,100,3,,,,,100.0,0.0,100.0,0.0,,,66.0,34.0,,,100.0,108.0,99.0,2834.0,34,34,100.0,0.0,100.0,0.0,200.0,0.0,100.0,7840.0,100.0,41529803984.0,100.0,69604468682.0
2018-11-14,ZCH0773W,ST12000NM0007,12000138625024,0,76,42805240,96.0,0.0,100.0,4.0,100.0,0.0,89.0,864749274.0,90,9109,100.0,0.0,100,3,,,,,100.0,0.0,100.0,0.0,,,66.0,34.0,,,100.0,109.0,99.0,2835.0,34,34,100.0,0.0,100.0,0.0,200.0,0.0,100.0,7864.0,100.0,41595227536.0,100.0,69775975834.0
2018-11-15,ZCH0773W,ST12000NM0007,12000138625024,0,79,82696808,96.0,0.0,100.0,4.0,100.0,0.0,89.0,867145936.0,90,9133,100.0,0.0,100,3,,,,,100.0,0.0,100.0,0.0,,,66.0,34.0,,,100.0,109.0,99.0,2836.0,34,34,100.0,0.0,100.0,0.0,200.0,0.0,100.0,7888.0,100.0,41669765752.0,100.0,69985469818.0
2018-11-16,ZCH0773W,ST12000NM0007,12000138625024,0,79,83831392,96.0,0.0,100.0,4.0,100.0,0.0,89.0,869377316.0,90,9157,100.0,0.0,100,3,,,,,100.0,0.0,100.0,0.0,,,65.0,35.0,,,100.0,110.0,99.0,2837.0,35,35,100.0,0.0,100.0,0.0,200.0,0.0,100.0,7911.0,100.0,41748619696.0,100.0,70151891258.0
2018-11-17,ZCH0773W,ST12000NM0007,12000138625024,0,79.0,83526920.0,96.0,0.0,100.0,4.0,100.0,0.0,89.0,871670502.0,90.0,9181.0,100.0,0.0,100.0,3.0,,,,,100.0,0.0,100.0,0.0,,,66.0,34.0,,,100.0,111.0,99.0,2838.0,34.0,34.0,100.0,0.0,100.0,0.0,200.0,0.0,100.0,7935.0,100.0,41815606056.0,100.0,70328741082.0
2018-11-18,ZCH0773W,ST12000NM0007,12000138625024,0,76,37796656,96.0,0.0,100.0,4.0,100.0,0.0,89.0,873472811.0,90,9205,100.0,0.0,100,3,,,,,100.0,0.0,100.0,0.0,,,66.0,34.0,,,100.0,112.0,99.0,2839.0,34,34,100.0,0.0,100.0,0.0,200.0,0.0,100.0,7959.0,100.0,41878540376.0,100.0,70464217210.0
2018-11-19,ZCH0773W,ST12000NM0007,12000138625024,0,77,49746456,96.0,0.0,100.0,4.0,100.0,0.0,89.0,875895741.0,90,9229,100.0,0.0,100,3,,,,,100.0,0.0,100.0,0.0,,,66.0,34.0,,,100.0,113.0,99.0,2840.0,34,34,100.0,0.0,100.0,0.0,200.0,0.0,100.0,7984.0,100.0,41961666304.0,100.0,70637181842.0
2018-11-20,ZCH0773W,ST12000NM0007,12000138625024,0,80,103394624,96.0,0.0,100.0,4.0,100.0,0.0,89.0,878587857.0,90,9253,100.0,0.0,100,3,,,,,100.0,0.0,100.0,0.0,,,65.0,35.0,,,100.0,114.0,99.0,2841.0,35,35,100.0,0.0,100.0,0.0,200.0,0.0,100.0,8007.0,100.0,42053148424.0,100.0,70843488922.0
2018-11-21,ZCH0773W,ST12000NM0007,12000138625024,0,80,91961824,96.0,0.0,100.0,4.0,100.0,0.0,89.0,880727880.0,90,9277,100.0,0.0,100,3,,,,,100.0,0.0,100.0,0.0,,,65.0,35.0,,,100.0,114.0,99.0,2842.0,35,35,100.0,0.0,100.0,0.0,200.0,0.0,100.0,8031.0,100.0,42118861720.0,100.0,71010483466.0
2018-11-22,ZCH0773W,ST12000NM0007,12000138625024,0,81,120245048,96.0,0.0,100.0,4.0,100.0,0.0,89.0,883322762.0,90,9302,100.0,0.0,100,3,,,,,100.0,0.0,100.0,0.0,,,66.0,34.0,,,100.0,114.0,99.0,2843.0,34,34,100.0,0.0,100.0,0.0,200.0,0.0,100.0,8055.0,100.0,42205993416.0,100.0,71195775666.0
2018-11-23,ZCH0773W,ST12000NM0007,12000138625024,0,80,96728200,96.0,0.0,100.0,4.0,100.0,0.0,89.0,885258335.0,90,9325,100.0,0.0,100,3,,,,,100.0,0.0,100.0,0.0,,,66.0,34.0,,,100.0,115.0,99.0,2844.0,34,34,100.0,0.0,100.0,0.0,200.0,0.0,100.0,8078.0,100.0,42261788752.0,100.0,71360604178.0
2018-11-24,ZCH0773W,ST12000NM0007,12000138625024,0,80,106784416,96.0,0.0,100.0,4.0,100.0,0.0,89.0,887934503.0,90,9349,100.0,0.0,100,3,,,,,100.0,0.0,100.0,0.0,,,66.0,34.0,,,100.0,115.0,99.0,2845.0,34,34,100.0,0.0,100.0,0.0,200.0,0.0,100.0,8102.0,100.0,42318316616.0,100.0,71558273162.0
2018-11-25,ZCH0773W,ST12000NM0007,12000138625024,0,80,106189168,96.0,0.0,100.0,4.0,100.0,0.0,89.0,889999416.0,90,9373,100.0,0.0,100,3,,,,,100.0,0.0,100.0,0.0,,,66.0,34.0,,,100.0,116.0,99.0,2846.0,34,34,100.0,0.0,100.0,0.0,200.0,0.0,100.0,8127.0,100.0,42382028424.0,100.0,71738106746.0
2018-11-26,ZCH0773W,ST12000NM0007,12000138625024,0,80,105566912,96.0,0.0,100.0,4.0,100.0,0.0,90.0,892003535.0,90,9397,100.0,0.0,100,3,,,,,100.0,0.0,100.0,0.0,,,66.0,34.0,,,100.0,117.0,99.0,2847.0,34,34,100.0,0.0,100.0,0.0,200.0,0.0,100.0,8150.0,100.0,42454348000.0,100.0,71909305714.0
2018-11-27,ZCH0773W,ST12000NM0007,12000138625024,0,82,167814488,96.0,0.0,100.0,4.0,100.0,0.0,90.0,894640099.0,90,9421,100.0,0.0,100,3,,,,,100.0,0.0,100.0,0.0,,,66.0,34.0,,,100.0,118.0,99.0,2848.0,34,34,100.0,0.0,100.0,0.0,200.0,0.0,100.0,8174.0,100.0,42531580048.0,100.0,72138461898.0
2018-11-28,ZCH0773W,ST12000NM0007,12000138625024,0,83,189007208,96.0,0.0,100.0,4.0,100.0,0.0,90.0,897035368.0,90,9445,100.0,0.0,100,3,,,,,100.0,0.0,100.0,0.0,,,66.0,34.0,,,100.0,119.0,99.0,2849.0,34,34,100.0,0.0,100.0,0.0,200.0,0.0,100.0,8198.0,100.0,42619267048.0,100.0,72316108402.0
2018-11-29,ZCH0773W,ST12000NM0007,12000138625024,0,83,191921512,96.0,0.0,100.0,4.0,100.0,0.0,90.0,899206203.0,90,9468,100.0,0.0,100,3,,,,,100.0,0.0,100.0,0.0,,,66.0,34.0,,,100.0,120.0,99.0,2850.0,34,34,100.0,0.0,100.0,0.0,200.0,0.0,100.0,8221.0,100.0,42677340368.0,100.0,72505090074.0
2018-11-30,ZCH0773W,ST12000NM0007,12000138625024,0,82,160852992,96.0,0.0,100.0,4.0,100.0,0.0,90.0,901137814.0,90,9492,100.0,0.0,100,3,,,,,100.0,0.0,100.0,0.0,,,66.0,34.0,,,100.0,120.0,99.0,2851.0,34,34,100.0,0.0,100.0,0.0,200.0,0.0,100.0,8245.0,100.0,42731344672.0,100.0,72664157994.0
2018-12-01,ZCH0773W,ST12000NM0007,12000138625024,0,81,140008640,96.0,0.0,100.0,4.0,100.0,0.0,90.0,903227064.0,90,9516,100.0,0.0,100,3,,,,,100.0,0.0,100.0,0.0,,,66.0,34.0,,,100.0,121.0,99.0,2852.0,34,34,100.0,0.0,100.0,0.0,200.0,0.0,100.0,8269.0,100.0,42792713272.0,100.0,72826085746.0
2018-12-02,ZCH0773W,ST12000NM0007,12000138625024,0,82,163020352,96.0,0.0,100.0,4.0,100.0,0.0,90.0,905835542.0,90,9540,100.0,0.0,100,3,,,,,100.0,0.0,100.0,0.0,,,66.0,34.0,,,100.0,122.0,99.0,2853.0,34,34,100.0,0.0,100.0,0.0,200.0,0.0,100.0,8293.0,100.0,42851237280.0,100.0,73034714250.0
2018-12-03,ZCH0773W,ST12000NM0007,12000138625024,0,81,135549016,96.0,0.0,100.0,4.0,100.0,0.0,90.0,907700859.0,90,9564,100.0,0.0,100,3,,,,,100.0,0.0,100.0,0.0,,,66.0,34.0,,,100.0,123.0,99.0,2854.0,34,34,100.0,0.0,100.0,0.0,200.0,0.0,100.0,8317.0,100.0,42909865560.0,100.0,73192755322.0
2018-12-04,ZCH0773W,ST12000NM0007,12000138625024,0,83,214151336,96.0,0.0,100.0,4.0,100.0,0.0,90.0,910602122.0,90,9588,100.0,0.0,100,3,,,,,100.0,0.0,100.0,0.0,,,66.0,34.0,,,100.0,124.0,99.0,2855.0,34,34,100.0,0.0,100.0,0.0,200.0,0.0,100.0,8340.0,100.0,42993721232.0,100.0,73431642602.0
2018-12-05,ZCH0773W,ST12000NM0007,12000138625024,0,69.0,8055824.0,96.0,0.0,100.0,4.0,100.0,0.0,90.0,913441974.0,90.0,9612.0,100.0,0.0,100.0,3.0,,,,,100.0,0.0,100.0,0.0,,,65.0,35.0,,,100.0,124.0,99.0,2855.0,35.0,35.0,100.0,0.0,100.0,0.0,200.0,0.0,100.0,8364.0,100.0,43081819824.0,100.0,73625729922.0
2018-12-06,ZCH0773W,ST12000NM0007,12000138625024,0,78,67975920,96.0,0.0,100.0,4.0,100.0,0.0,90.0,916527477.0,89,9638,100.0,0.0,100,3,,,,,100.0,0.0,100.0,0.0,,,66.0,34.0,,,100.0,124.0,99.0,2857.0,34,34,100.0,0.0,100.0,0.0,200.0,0.0,100.0,8390.0,100.0,43171022032.0,100.0,73840588442.0
2018-12-07,ZCH0773W,ST12000NM0007,12000138625024,0,72,17004968,96.0,0.0,100.0,4.0,100.0,0.0,90.0,918287330.0,89,9661,100.0,0.0,100,3,,,,,100.0,0.0,100.0,0.0,,,66.0,34.0,,,100.0,124.0,99.0,2858.0,34,34,100.0,0.0,100.0,0.0,200.0,0.0,100.0,8413.0,100.0,43231361560.0,100.0,73973418706.0
2018-12-08,ZCH0773W,ST12000NM0007,12000138625024,0,84,225302136,96.0,0.0,100.0,4.0,100.0,0.0,90.0,920428941.0,89,9686,100.0,0.0,100,3,,,,,100.0,0.0,100.0,0.0,,,66.0,34.0,,,100.0,124.0,99.0,2859.0,34,34,100.0,0.0,100.0,0.0,200.0,0.0,100.0,8438.0,100.0,43300979552.0,100.0,74112097882.0
2018-12-09,ZCH0773W,ST12000NM0007,12000138625024,0,83,187695992,96.0,0.0,100.0,4.0,100.0,0.0,90.0,922519600.0,89,9709,100.0,0.0,100,3,,,,,100.0,0.0,100.0,0.0,,,66.0,34.0,,,100.0,125.0,99.0,2860.0,34,34,100.0,0.0,100.0,0.0,200.0,0.0,100.0,8461.0,100.0,43392262096.0,100.0,74227349938.0
2018-12-10,ZCH0773W,ST12000NM0007,12000138625024,0,70,9574384,96.0,0.0,100.0,4.0,100.0,0.0,90.0,925632734.0,89,9732,100.0,0.0,100,3,,,,,100.0,0.0,100.0,0.0,,,66.0,34.0,,,100.0,125.0,99.0,2860.0,34,34,100.0,0.0,100.0,0.0,200.0,0.0,100.0,8484.0,100.0,43494057560.0,100.0,74435714378.0
2018-12-11,ZCH0773W,ST12000NM0007,12000138625024,0,80,101884448,96.0,0.0,100.0,4.0,100.0,0.0,90.0,928567035.0,89,9757,100.0,0.0,100,3,,,,,100.0,0.0,100.0,0.0,,,65.0,35.0,,,100.0,126.0,99.0,2862.0,35,35,100.0,0.0,100.0,0.0,200.0,0.0,100.0,8509.0,100.0,43592916704.0,100.0,74673306026.0
2018-12-12,ZCH0773W,ST12000NM0007,12000138625024,0,81,135115344,96.0,0.0,100.0,4.0,100.0,0.0,90.0,931336532.0,89,9782,100.0,0.0,100,3,,,,,100.0,0.0,100.0,0.0,,,65.0,35.0,,,100.0,126.0,99.0,2863.0,35,35,100.0,0.0,100.0,0.0,200.0,0.0,100.0,8533.0,100.0,43695054240.0,100.0,74848540026.0
2018-12-13,ZCH0773W,ST12000NM0007,12000138625024,0,81,136692776,96.0,0.0,100.0,4.0,100.0,0.0,90.0,934059905.0,89,9805,100.0,0.0,100,3,,,,,100.0,0.0,100.0,0.0,,,65.0,35.0,,,100.0,126.0,99.0,2864.0,35,35,100.0,0.0,100.0,0.0,200.0,0.0,100.0,8557.0,100.0,43775151600.0,100.0,75014161122.0
2018-12-14,ZCH0773W,ST12000NM0007,12000138625024,0,82,146927256,96.0,0.0,100.0,4.0,100.0,0.0,90.0,936358060.0,89,9829,100.0,0.0,100,3,,,,,100.0,0.0,100.0,0.0,,,65.0,35.0,,,100.0,127.0,99.0,2865.0,35,35,100.0,0.0,100.0,0.0,200.0,0.0,100.0,8581.0,100.0,43853808272.0,100.0,75189879594.0
2018-12-15,ZCH0773W,ST12000NM0007,12000138625024,0,82,153787296,96.0,0.0,100.0,4.0,100.0,0.0,90.0,938428885.0,89,9853,100.0,0.0,100,3,,,,,100.0,0.0,100.0,0.0,,,65.0,35.0,,,100.0,127.0,99.0,2865.0,35,35,100.0,0.0,100.0,0.0,200.0,0.0,100.0,8605.0,100.0,43931864944.0,100.0,75362824122.0
2018-12-16,ZCH0773W,ST12000NM0007,12000138625024,0,81,136553824,96.0,0.0,100.0,4.0,100.0,0.0,90.0,940377793.0,89,9877,100.0,0.0,100,3,,,,,100.0,0.0,100.0,0.0,,,65.0,35.0,,,100.0,128.0,99.0,2866.0,35,35,100.0,0.0,100.0,0.0,200.0,0.0,100.0,8629.0,100.0,43984290864.0,100.0,75537305418.0
2018-12-17,ZCH0773W,ST12000NM0007,12000138625024,0,82,173338040,96.0,0.0,100.0,4.0,100.0,0.0,90.0,943153860.0,89,9902,100.0,0.0,100,3,,,,,100.0,0.0,100.0,0.0,,,64.0,36.0,,,100.0,129.0,99.0,2867.0,36,36,100.0,0.0,100.0,0.0,200.0,0.0,100.0,8653.0,100.0,44059290504.0,100.0,75743230722.0
2018-12-18,ZCH0773W,ST12000NM0007,12000138625024,0,83,221629328,96.0,0.0,100.0,4.0,100.0,0.0,90.0,945960836.0,89,9926,100.0,0.0,100,3,,,,,100.0,0.0,100.0,0.0,,,65.0,35.0,,,100.0,129.0,99.0,2868.0,35,35,100.0,0.0,100.0,0.0,200.0,0.0,100.0,8677.0,100.0,44133958168.0,100.0,75960995050.0
2018-12-19,ZCH0773W,ST12000NM0007,12000138625024,0,78,60251960,96.0,0.0,100.0,4.0,100.0,0.0,90.0,948363005.0,89,9949,100.0,0.0,100,3,,,,,100.0,0.0,100.0,0.0,,,65.0,35.0,,,100.0,130.0,99.0,2869.0,35,35,100.0,0.0,100.0,0.0,200.0,0.0,100.0,8700.0,100.0,44213862112.0,100.0,76207995570.0
2018-12-20,ZCH0773W,ST12000NM0007,12000138625024,0,79,73302608,96.0,0.0,100.0,4.0,100.0,0.0,90.0,950871728.0,89,9973,100.0,0.0,100,3,,,,,100.0,0.0,100.0,0.0,,,65.0,35.0,,,100.0,130.0,99.0,2870.0,35,35,100.0,0.0,100.0,0.0,200.0,0.0,100.0,8724.0,100.0,44285065720.0,100.0,76393983242.0
2018-12-21,ZCH0773W,ST12000NM0007,12000138625024,0,79,80543168,96.0,0.0,100.0,4.0,100.0,0.0,90.0,953549710.0,89,9997,100.0,0.0,100,3,,,,,100.0,0.0,100.0,0.0,,,64.0,36.0,,,100.0,131.0,99.0,2871.0,36,36,100.0,0.0,100.0,0.0,200.0,0.0,100.0,8748.0,100.0,44344132184.0,100.0,76586298026.0
2018-12-22,ZCH0773W,ST12000NM0007,12000138625024,0,79,80620384,96.0,0.0,100.0,4.0,100.0,0.0,90.0,955846523.0,89,10021,100.0,0.0,100,3,,,,,100.0,0.0,100.0,0.0,,,65.0,35.0,,,100.0,131.0,99.0,2872.0,35,35,100.0,0.0,100.0,0.0,200.0,0.0,100.0,8771.0,100.0,44404269816.0,100.0,76770378674.0
2018-12-23,ZCH0773W,ST12000NM0007,12000138625024,0,80,104098968,96.0,0.0,100.0,4.0,100.0,0.0,90.0,957870472.0,89,10045,100.0,0.0,100,3,,,,,100.0,0.0,100.0,0.0,,,64.0,36.0,,,100.0,132.0,99.0,2873.0,36,36,100.0,0.0,100.0,0.0,200.0,0.0,100.0,8795.0,100.0,44465407016.0,100.0,76976860890.0
2018-12-24,ZCH0773W,ST12000NM0007,12000138625024,0,81,112934640,96.0,0.0,100.0,4.0,100.0,0.0,90.0,960103430.0,89,10069,100.0,0.0,100,3,,,,,100.0,0.0,100.0,0.0,,,64.0,36.0,,,100.0,132.0,99.0,2874.0,36,36,100.0,0.0,100.0,0.0,200.0,0.0,100.0,8819.0,100.0,44538171656.0,100.0,77157072554.0
2018-12-25,ZCH0773W,ST12000NM0007,12000138625024,0,82,150472208,96.0,0.0,100.0,4.0,100.0,0.0,90.0,962480451.0,89,10094,100.0,0.0,100,3,,,,,100.0,0.0,100.0,0.0,,,65.0,35.0,,,100.0,132.0,99.0,2875.0,35,35,100.0,0.0,100.0,0.0,200.0,0.0,100.0,8844.0,100.0,44610144840.0,100.0,77366777922.0
2018-12-26,ZCH0773W,ST12000NM0007,12000138625024,0,83,186794648,96.0,0.0,100.0,4.0,100.0,0.0,90.0,964667095.0,89,10118,100.0,0.0,100,3,,,,,100.0,0.0,100.0,0.0,,,63.0,37.0,,,100.0,133.0,99.0,2877.0,37,37,100.0,0.0,100.0,0.0,200.0,0.0,100.0,8868.0,100.0,44675361872.0,100.0,77582024090.0
2018-12-27,ZCH0773W,ST12000NM0007,12000138625024,0,83,184737080,96.0,0.0,100.0,4.0,100.0,0.0,90.0,967189292.0,89,10141,100.0,0.0,100,3,,,,,100.0,0.0,100.0,0.0,,,64.0,36.0,,,100.0,133.0,99.0,2877.0,36,36,100.0,0.0,100.0,0.0,200.0,0.0,100.0,8891.0,100.0,44753853456.0,100.0,77745615634.0
2018-12-28,ZCH0773W,ST12000NM0007,12000138625024,0,82,176021624,96.0,0.0,100.0,4.0,100.0,0.0,90.0,969046637.0,89,10165,100.0,0.0,100,3,,,,,100.0,0.0,100.0,0.0,,,64.0,36.0,,,100.0,133.0,99.0,2879.0,36,36,100.0,0.0,100.0,0.0,200.0,0.0,100.0,8915.0,100.0,44817584304.0,100.0,77917310154.0
2018-12-29,ZCH0773W,ST12000NM0007,12000138625024,0,83,183313440,96.0,0.0,100.0,4.0,100.0,0.0,90.0,971449695.0,89,10191,100.0,0.0,100,3,,,,,100.0,0.0,100.0,0.0,,,65.0,35.0,,,100.0,134.0,99.0,2880.0,35,35,100.0,0.0,100.0,0.0,200.0,0.0,100.0,8940.0,100.0,44887128688.0,100.0,78099198906.0
2018-12-30,ZCH0773W,ST12000NM0007,12000138625024,0,83,190227592,96.0,0.0,100.0,4.0,100.0,0.0,90.0,973817546.0,89,10215,100.0,0.0,100,3,,,,,100.0,0.0,100.0,0.0,,,65.0,35.0,,,100.0,135.0,99.0,2881.0,35,35,100.0,0.0,100.0,0.0,200.0,0.0,100.0,8964.0,100.0,44969194264.0,100.0,78268188210.0
2018-12-31,ZCH0773W,ST12000NM0007,12000138625024,0,82,150442584,96.0,0.0,100.0,4.0,100.0,0.0,90.0,975766824.0,89,10239,100.0,0.0,100,3,,,,,100.0,0.0,100.0,0.0,,,65.0,35.0,,,100.0,135.0,99.0,2882.0,35,35,100.0,0.0,100.0,0.0,200.0,0.0,100.0,8988.0,100.0,45032513136.0,100.0,78409225042.0
