2018-01-06,ZJV00A5X,ST12000NM0007,12000138625024,0,81,134230688,99,0,100,1,100,0,62,1658707,100,71,100,0,100,1,,,,,100.0,0.0,100.0,0.0,,,70.0,30.0,,,100.0,0.0,100.0,108.0,30,30,100,0,100,0,200,0,100.0,23.0,100.0,599362104.0,100.0,267292234.0
2018-01-07,ZJV00A5X,ST12000NM0007,12000138625024,0,82,153277466,99,0,100,1,100,0,63,1854527,100,95,100,0,100,1,,,,,100.0,0.0,100.0,0.0,,,70.0,30.0,,,100.0,1.0,100.0,109.0,30,30,100,0,100,0,200,0,100.0,47.0,100.0,618179880.0,100.0,267521236.0
2018-01-08,ZJV00A5X,ST12000NM0007,12000138625024,0,73,21981088,99,0,100,1,100,0,65,2830731,100,123,100,0,100,1,,,,,100.0,0.0,100.0,0.0,,,67.0,33.0,,,100.0,2.0,100.0,110.0,33,33,100,0,100,0,200,0,100.0,75.0,100.0,679881424.0,100.0,318663966.0
2018-01-09,ZJV00A5X,ST12000NM0007,12000138625024,0,77,53284664,99,0,100,1,100,0,68,5837817,100,147,100,0,100,1,,,,,100.0,0.0,100.0,0.0,,,67.0,33.0,,,100.0,2.0,100.0,111.0,33,33,100,0,100,0,200,0,100.0,99.0,100.0,951587384.0,100.0,566543134.0
2018-01-10,ZJV00A5X,ST12000NM0007,12000138625024,0,81,120039096,99,0,100,1,100,0,69,8821237,100,168,100,0,100,1,,,,,100.0,0.0,100.0,0.0,,,67.0,33.0,,,100.0,2.0,100.0,111.0,33,33,100,0,100,0,200,0,100.0,120.0,100.0,1236552160.0,100.0,836614630.0
2018-01-11,ZJV00A5X,ST12000NM0007,12000138625024,0,77,45693664,99,0,100,1,100,0,71,11508350,100,188,100,0,100,1,,,,,100.0,0.0,100.0,0.0,,,66.0,34.0,,,100.0,2.0,100.0,112.0,34,34,100,0,100,0,200,0,100.0,140.0,100.0,1431036880.0,100.0,1056066190.0
2018-01-12,ZJV00A5X,ST12000NM0007,12000138625024,0,83,195068480,99,0,100,1,100,0,72,15100741,100,211,100,0,100,1,,,,,100.0,0.0,100.0,0.0,,,66.0,34.0,,,100.0,2.0,100.0,113.0,34,34,100,0,100,0,200,0,100.0,163.0,100.0,1762703456.0,100.0,1362055846.0
2018-01-13,ZJV00A5X,ST12000NM0007,12000138625024,0,73.0,18010824.0,99.0,0.0,100.0,1.0,100,0,72.0,16931312.0,100,224,100.0,0.0,100,1,,,,,100.0,0.0,100.0,0.0,,,64.0,36.0,,,100.0,2.0,100.0,114.0,36.0,36.0,100.0,0.0,100.0,0.0,200,0,100.0,175.0,100.0,1927039984.0,100.0,1508943158.0
2018-01-14,ZJV00A5X,ST12000NM0007,12000138625024,0,83.0,204931544.0,99.0,0.0,100.0,1.0,100,0,73.0,22186025.0,100,259,100.0,0.0,100,1,,,,,100.0,0.0,100.0,0.0,,,66.0,34.0,,,100.0,2.0,100.0,115.0,34.0,34.0,100.0,0.0,100.0,0.0,200,0,100.0,211.0,100.0,2428714536.0,100.0,1926611630.0
2018-01-15,ZJV00A5X,ST12000NM0007,12000138625024,0,83.0,184996856.0,99.0,0.0,100.0,1.0,100,0,74.0,26072967.0,100,284,100.0,0.0,100,1,,,,,100.0,0.0,100.0,0.0,,,65.0,35.0,,,100.0,2.0,100.0,116.0,35.0,35.0,100.0,0.0,100.0,0.0,200,0,100.0,235.0,100.0,2804075640.0,100.0,2263738406.0
2018-01-16,ZJV00A5X,ST12000NM0007,12000138625024,0,80.0,101299616.0,99.0,0.0,100.0,1.0,100,0,75.0,29749454.0,100,308,100.0,0.0,100,1,,,,,100.0,0.0,100.0,0.0,,,66.0,34.0,,,100.0,2.0,100.0,117.0,34.0,34.0,100.0,0.0,100.0,0.0,200,0,100.0,259.0,100.0,3142156344.0,100.0,2574382614.0
2018-01-17,ZJV00A5X,ST12000NM0007,12000138625024,0,82.0,159554896.0,99.0,0.0,100.0,1.0,100,0,75.0,31471821.0,100,319,100.0,0.0,100,1,,,,,100.0,0.0,100.0,0.0,,,64.0,36.0,,,100.0,2.0,100.0,118.0,36.0,36.0,100.0,0.0,100.0,0.0,200,0,100.0,271.0,100.0,3297186792.0,100.0,2721748246.0
2018-01-18,ZJV00A5X,ST12000NM0007,12000138625024,0,77.0,49056296.0,99.0,0.0,100.0,1.0,100.0,0.0,76.0,37725375.0,100.0,360.0,100.0,0.0,100.0,1.0,,,,,100.0,0.0,100.0,0.0,,,66.0,34.0,,,100.0,2.0,100.0,120.0,34.0,34.0,100.0,0.0,100.0,0.0,200.0,0.0,100.0,312.0,100.0,3870071352.0,100.0,3259069102.0
2018-01-19,ZJV00A5X,ST12000NM0007,12000138625024,0,83.0,211580480.0,99.0,0.0,100.0,1.0,100.0,0.0,76.0,41330433.0,100.0,384.0,100.0,0.0,100.0,1.0,,,,,100.0,0.0,100.0,0.0,,,66.0,34.0,,,100.0,2.0,100.0,121.0,34.0,34.0,100.0,0.0,100.0,0.0,200.0,0.0,100.0,335.0,100.0,4201275480.0,100.0,3578670646.0
2018-01-20,ZJV00A5X,ST12000NM0007,12000138625024,0,82.0,155468280.0,99.0,0.0,100.0,1.0,100,0,77.0,45113720.0,100,408,100.0,0.0,100,1,,,,,100.0,0.0,100.0,0.0,,,66.0,34.0,,,100.0,2.0,100.0,122.0,34.0,34.0,100.0,0.0,100.0,0.0,200,0,100.0,359.0,100.0,4552550184.0,100.0,3903705694.0
2018-01-21,ZJV00A5X,ST12000NM0007,12000138625024,0,100.0,1152808.0,99.0,0.0,100.0,1.0,100,0,77.0,46936167.0,100,420,100.0,0.0,100,1,,,,,100.0,0.0,100.0,0.0,,,66.0,34.0,,,100.0,2.0,100.0,123.0,34.0,34.0,100.0,0.0,100.0,0.0,200,0,100.0,371.0,100.0,4723293416.0,100.0,4066928406.0
2018-01-22,ZJV00A5X,ST12000NM0007,12000138625024,0,80.0,94118616.0,99.0,0.0,100.0,1.0,100,0,77.0,52728806.0,100,457,100.0,0.0,100,1,,,,,100.0,0.0,100.0,0.0,,,66.0,34.0,,,100.0,2.0,100.0,124.0,34.0,34.0,100.0,0.0,100.0,0.0,200,0,100.0,407.0,100.0,5258739808.0,100.0,4601011142.0
2018-01-23,ZJV00A5X,ST12000NM0007,12000138625024,0,84.0,230398032.0,99.0,0.0,100.0,1.0,100,0,78.0,56263731.0,100,479,100.0,0.0,100,1,,,,,100.0,0.0,100.0,0.0,,,66.0,34.0,,,100.0,2.0,100.0,125.0,34.0,34.0,100.0,0.0,100.0,0.0,200,0,100.0,430.0,100.0,5573777840.0,100.0,4910533910.0
2018-01-24,ZJV00A5X,ST12000NM0007,12000138625024,0,83.0,213075480.0,99.0,0.0,100.0,1.0,100,0,78.0,60268996.0,100,505,100.0,0.0,100,1,,,,,100.0,0.0,100.0,0.0,,,67.0,33.0,,,100.0,2.0,100.0,127.0,33.0,33.0,100.0,0.0,100.0,0.0,200,0,100.0,455.0,100.0,5938694392.0,100.0,5260717054.0
2018-01-25,ZJV00A5X,ST12000NM0007,12000138625024,0,81.0,120398376.0,99.0,0.0,100.0,1.0,100,0,78.0,63908470.0,100,528,100.0,0.0,100,1,,,,,100.0,0.0,100.0,0.0,,,67.0,33.0,,,100.0,2.0,100.0,127.0,33.0,33.0,100.0,0.0,100.0,0.0,200,0,100.0,478.0,100.0,6254262896.0,100.0,5584893822.0
2018-01-26,ZJV00A5X,ST12000NM0007,12000138625024,0,80.0,92512712.0,99.0,0.0,100.0,1.0,100,0,78.0,67744087.0,100,551,100.0,0.0,100,1,,,,,100.0,0.0,100.0,0.0,,,67.0,33.0,,,100.0,2.0,100.0,128.0,33.0,33.0,100.0,0.0,100.0,0.0,200,0,100.0,501.0,100.0,6607644384.0,100.0,5936048942.0
2018-01-27,ZJV00A5X,ST12000NM0007,12000138625024,0,75.0,28876728.0,99.0,0.0,100.0,1.0,100,0,79.0,71551017.0,100,575,100.0,0.0,100,1,,,,,100.0,0.0,100.0,0.0,,,67.0,33.0,,,100.0,2.0,100.0,129.0,33.0,33.0,100.0,0.0,100.0,0.0,200,0,100.0,525.0,100.0,6953474472.0,100.0,6259005438.0
2018-01-28,ZJV00A5X,ST12000NM0007,12000138625024,0,83.0,219631096.0,99.0,0.0,100.0,1.0,100,0,79.0,75537825.0,100,600,100.0,0.0,100,1,,,,,100.0,0.0,100.0,0.0,,,67.0,33.0,,,100.0,2.0,100.0,131.0,33.0,33.0,100.0,0.0,100.0,0.0,200,0,100.0,550.0,100.0,7306208696.0,100.0,6585307478.0
2018-01-29,ZJV00A5X,ST12000NM0007,12000138625024,0,81.0,131042536.0,99.0,0.0,100.0,1.0,100,0,79.0,79352778.0,100,624,100.0,0.0,100,1,,,,,100.0,0.0,100.0,0.0,,,67.0,33.0,,,100.0,2.0,100.0,132.0,33.0,33.0,100.0,0.0,100.0,0.0,200,0,100.0,574.0,100.0,7635042016.0,100.0,6900308150.0
2018-01-30,ZJV00A5X,ST12000NM0007,12000138625024,0,82.0,171310792.0,99.0,0.0,100.0,1.0,100,0,79.0,82473329.0,100,643,100.0,0.0,100,1,,,,,100.0,0.0,100.0,0.0,,,67.0,33.0,,,100.0,2.0,100.0,132.0,33.0,33.0,100.0,0.0,100.0,0.0,200,0,100.0,593.0,100.0,7909275008.0,100.0,7154624814.0
2018-01-31,ZJV00A5X,ST12000NM0007,12000138625024,0,79.0,81869360.0,99.0,0.0,100.0,1.0,100.0,0.0,79.0,86315432.0,100.0,667.0,100.0,0.0,100.0,1.0,,,,,100.0,0.0,100.0,0.0,,,67.0,33.0,,,100.0,2.0,100.0,133.0,33.0,33.0,100.0,0.0,100.0,0.0,200.0,0.0,100.0,617.0,100.0,8232692408.0,100.0,7474188734.0
2018-02-01,ZJV00A5X,ST12000NM0007,12000138625024,0,76.0,35800472.0,99.0,0.0,100.0,1.0,100,0,80.0,90267891.0,100,691,100.0,0.0,100,1,,,,,100.0,0.0,100.0,0.0,,,66.0,34.0,,,100.0,2.0,100.0,134.0,34.0,34.0,100.0,0.0,100.0,0.0,200,0,100.0,640.0,100.0,8593646480.0,100.0,7799587870.0
2018-02-02,ZJV00A5X,ST12000NM0007,12000138625024,0,83.0,211643456.0,99.0,0.0,100.0,1.0,100,0,80.0,94159238.0,100,715,100.0,0.0,100,1,,,,,100.0,0.0,100.0,0.0,,,66.0,34.0,,,100.0,2.0,100.0,135.0,34.0,34.0,100.0,0.0,100.0,0.0,200,0,100.0,664.0,100.0,8942232552.0,100.0,8115126222.0
2018-02-03,ZJV00A5X,ST12000NM0007,12000138625024,0,82.0,169520344.0,99.0,0.0,100.0,1.0,100,0,80.0,98037513.0,100,738,100.0,0.0,100,1,,,,,100.0,0.0,100.0,0.0,,,66.0,34.0,,,100.0,2.0,100.0,136.0,34.0,34.0,100.0,0.0,100.0,0.0,200,0,100.0,688.0,100.0,9290833976.0,100.0,8456823774.0
2018-02-04,ZJV00A5X,ST12000NM0007,12000138625024,0,82.0,150113248.0,99.0,0.0,100.0,1.0,100,0,80.0,103358468.0,100,770,100.0,0.0,100,1,,,,,100.0,0.0,100.0,0.0,,,67.0,33.0,,,100.0,2.0,100.0,138.0,33.0,33.0,100.0,0.0,100.0,0.0,200,0,100.0,720.0,100.0,9765134176.0,100.0,8939679550.0
2018-02-05,ZJV00A5X,ST12000NM0007,12000138625024,0,81.0,117828168.0,99.0,0.0,100.0,1.0,100,0,80.0,107293099.0,100,795,100.0,0.0,100,1,,,,,100.0,0.0,100.0,0.0,,,66.0,34.0,,,100.0,2.0,100.0,139.0,34.0,34.0,100.0,0.0,100.0,0.0,200,0,100.0,744.0,100.0,10100066712.0,100.0,9304884110.0
2018-02-06,ZJV00A5X,ST12000NM0007,12000138625024,0,83.0,208829120.0,99.0,0.0,100.0,1.0,100,0,80.0,111872824.0,100,821,100.0,0.0,100,1,,,,,100.0,0.0,100.0,0.0,,,66.0,34.0,,,100.0,2.0,100.0,140.0,34.0,34.0,100.0,0.0,100.0,0.0,200,0,100.0,770.0,100.0,10525126968.0,100.0,9703247222.0
2018-02-07,ZJV00A5X,ST12000NM0007,12000138625024,0,83.0,222489216.0,99.0,0.0,100.0,1.0,100,0,81.0,114932926.0,100,846,100.0,0.0,100,1,,,,,100.0,0.0,100.0,0.0,,,66.0,34.0,,,100.0,3.0,100.0,141.0,34.0,34.0,100.0,0.0,100.0,0.0,200,0,100.0,795.0,100.0,10726746464.0,100.0,10003569350.0
2018-02-08,ZJV00A5X,ST12000NM0007,12000138625024,0,82.0,151917560.0,99.0,0.0,100.0,1.0,100,0,81.0,118823460.0,100,870,100.0,0.0,100,1,,,,,100.0,0.0,100.0,0.0,,,66.0,34.0,,,100.0,3.0,100.0,142.0,34.0,34.0,100.0,0.0,100.0,0.0,200,0,100.0,819.0,100.0,11055482280.0,100.0,10336684062.0
2018-02-09,ZJV00A5X,ST12000NM0007,12000138625024,0,82,163275288,99,0,100,1,100,0,81,123029662,99,894,100,0,100,1,,,,,100.0,0.0,100.0,0.0,,,66.0,34.0,,,100.0,3.0,100.0,143.0,34,34,100,0,100,0,200,0,100.0,843.0,100.0,11439019536.0,100.0,10696927046.0
2018-02-10,ZJV00A5X,ST12000NM0007,12000138625024,0,78.0,70614936.0,99.0,0.0,100.0,1.0,100.0,0.0,81.0,126776479.0,99.0,918.0,100.0,0.0,100.0,1.0,,,,,100.0,0.0,100.0,0.0,,,66.0,34.0,,,100.0,4.0,100.0,144.0,34.0,34.0,100.0,0.0,100.0,0.0,200.0,0.0,100.0,867.0,100.0,11764903360.0,100.0,11010805862.0
2018-02-11,ZJV00A5X,ST12000NM0007,12000138625024,0,69,7312608,99,0,100,1,100,0,81,130645903,99,942,100,0,100,1,,,,,100.0,0.0,100.0,0.0,,,61.0,39.0,,,100.0,4.0,100.0,145.0,39,39,100,0,100,0,200,0,100.0,891.0,100.0,12084340992.0,100.0,11360488830.0
2018-02-12,ZJV00A5X,ST12000NM0007,12000138625024,0,81,125941336,99,0,100,1,100,0,81,134209015,99,966,100,0,100,1,,,,,100.0,0.0,100.0,0.0,,,65.0,35.0,,,100.0,4.0,100.0,146.0,35,35,100,0,100,0,200,0,100.0,915.0,100.0,12360935024.0,100.0,11690804942.0
2018-02-13,ZJV00A5X,ST12000NM0007,12000138625024,0,84,227429712,99,0,100,1,100,0,81,137727337,99,989,100,0,100,1,,,,,100.0,0.0,100.0,0.0,,,66.0,34.0,,,100.0,4.0,100.0,147.0,34,34,100,0,100,0,200,0,100.0,937.0,100.0,12622014336.0,100.0,12019495502.0
2018-02-14,ZJV00A5X,ST12000NM0007,12000138625024,0,83,215404464,99,0,100,1,100,0,82,141697948,99,1013,100,0,100,1,,,,,100.0,0.0,100.0,0.0,,,66.0,34.0,,,100.0,4.0,100.0,148.0,34,34,100,0,100,0,200,0,100.0,961.0,100.0,12955412240.0,100.0,12406494502.0
2018-02-15,ZJV00A5X,ST12000NM0007,12000138625024,0,70,9949192,99,0,100,1,100,0,82,145879112,99,1038,100,0,100,1,,,,,100.0,0.0,100.0,0.0,,,65.0,35.0,,,100.0,4.0,100.0,149.0,35,35,100,0,100,0,200,0,100.0,986.0,100.0,13303410000.0,100.0,12829604478.0
2018-02-16,ZJV00A5X,ST12000NM0007,12000138625024,0,83,213787488,99,0,100,1,100,0,82,149795940,99,1062,100,0,100,1,,,,,100.0,0.0,100.0,0.0,,,65.0,35.0,,,100.0,4.0,100.0,150.0,35,35,100,0,100,0,200,0,100.0,1010.0,100.0,13609231048.0,100.0,13215903734.0
2018-02-17,ZJV00A5X,ST12000NM0007,12000138625024,0,82,142512648,99,0,100,1,100,0,82,153612843,99,1086,100,0,100,1,,,,,100.0,0.0,100.0,0.0,,,66.0,34.0,,,100.0,4.0,100.0,151.0,34,34,100,0,100,0,200,0,100.0,1034.0,100.0,13910861200.0,100.0,13575420990.0
2018-02-18,ZJV00A5X,ST12000NM0007,12000138625024,0,80,109099208,99,0,100,1,100,0,82,157539876,99,1111,100,0,100,1,,,,,100.0,0.0,100.0,0.0,,,66.0,34.0,,,100.0,4.0,100.0,152.0,34,34,100,0,100,0,200,0,100.0,1059.0,100.0,14213215384.0,100.0,13972075518.0
2018-02-19,ZJV00A5X,ST12000NM0007,12000138625024,0,75,30183296,99,0,100,1,100,0,82,161188490,99,1133,100,0,100,1,,,,,100.0,0.0,100.0,0.0,,,66.0,34.0,,,100.0,4.0,100.0,153.0,34,34,100,0,100,0,200,0,100.0,1081.0,100.0,14492961872.0,100.0,14345835454.0
2018-02-20,ZJV00A5X,ST12000NM0007,12000138625024,0,83,207921776,99,0,100,1,100,0,82,165055588,99,1157,100,0,100,1,,,,,100.0,0.0,100.0,0.0,,,66.0,34.0,,,100.0,4.0,100.0,154.0,34,34,100,0,100,0,200,0,100.0,1105.0,100.0,14793556224.0,100.0,14711261574.0
2018-02-21,ZJV00A5X,ST12000NM0007,12000138625024,0,80,100345512,99,0,100,1,100,0,82,168796625,99,1182,100,0,100,1,,,,,100.0,0.0,100.0,0.0,,,65.0,35.0,,,100.0,4.0,100.0,155.0,35,35,100,0,100,0,200,0,100.0,1130.0,100.0,15078109984.0,100.0,15051553926.0
2018-02-22,ZJV00A5X,ST12000NM0007,12000138625024,0,80,90446936,99,0,100,1,100,0,82,171806212,99,1204,100,0,100,1,,,,,100.0,0.0,100.0,0.0,,,66.0,34.0,,,100.0,5.0,100.0,156.0,34,34,100,0,100,0,200,0,100.0,1152.0,100.0,15298281592.0,100.0,15309765246.0
2018-02-23,ZJV00A5X,ST12000NM0007,12000138625024,0,83,186820016,99,0,100,1,100,0,82,175426142,99,1228,100,0,100,1,,,,,100.0,0.0,100.0,0.0,,,65.0,35.0,,,100.0,5.0,100.0,157.0,35,35,100,0,100,0,200,0,100.0,1175.0,100.0,15574639768.0,100.0,15618061718.0
2018-02-24,ZJV00A5X,ST12000NM0007,12000138625024,0,82,174657720,99,0,100,1,100,0,83,178482174,99,1252,100,0,100,1,,,,,100.0,0.0,100.0,0.0,,,66.0,34.0,,,100.0,5.0,100.0,158.0,34,34,100,0,100,0,200,0,100.0,1199.0,100.0,15751465896.0,100.0,15917354966.0
2018-02-25,ZJV00A5X,ST12000NM0007,12000138625024,0,81,116794616,99,0,100,1,100,0,83,181408238,99,1275,100,0,100,1,,,,,100.0,0.0,100.0,0.0,,,66.0,34.0,,,100.0,5.0,100.0,159.0,34,34,100,0,100,0,200,0,100.0,1222.0,100.0,15930427000.0,100.0,16168812454.0
2018-02-26,ZJV00A5X,ST12000NM0007,12000138625024,0,71,12511424,99,0,100,1,100,0,83,185171615,99,1299,100,0,100,1,,,,,100.0,0.0,100.0,0.0,,,66.0,34.0,,,100.0,5.0,100.0,160.0,34,34,100,0,100,0,200,0,100.0,1246.0,100.0,16241361080.0,100.0,16486017406.0
2018-02-27,ZJV00A5X,ST12000NM0007,12000138625024,0,82,152713528,99,0,100,1,100,0,83,188923530,99,1323,100,0,100,1,,,,,100.0,0.0,100.0,0.0,,,66.0,34.0,,,100.0,5.0,100.0,161.0,34,34,100,0,100,0,200,0,100.0,1270.0,100.0,16561456624.0,100.0,16794405566.0
2018-02-28,ZJV00A5X,ST12000NM0007,12000138625024,0,77,55660936,99,0,100,1,100,0,83,192727924,99,1348,100,0,100,1,,,,,100.0,0.0,100.0,0.0,,,66.0,34.0,,,100.0,5.0,100.0,162.0,34,34,100,0,100,0,200,0,100.0,1295.0,100.0,16866334280.0,100.0,17124897758.0
2018-03-01,ZJV00A5X,ST12000NM0007,12000138625024,0,76,39649304,99,0,100,1,100,0,83,195529866,99,1366,100,0,100,1,,,,,100.0,0.0,100.0,0.0,,,66.0,34.0,,,100.0,5.0,100.0,162.0,34,34,100,0,100,0,200,0,100.0,1313.0,100.0,17085930424.0,100.0,17377571486.0
2018-03-02,ZJV00A5X,ST12000NM0007,12000138625024,0,83,206183688,99,0,100,1,100,0,83,199286114,99,1390,100,0,100,1,,,,,100.0,0.0,100.0,0.0,,,66.0,34.0,,,100.0,5.0,100.0,163.0,34,34,100,0,100,0,200,0,100.0,1337.0,100.0,17406076680.0,100.0,17712241862.0
2018-03-03,ZJV00A5X,ST12000NM0007,12000138625024,0,75,30622880,99,0,100,1,100,0,83,202820670,99,1415,100,0,100,1,,,,,100.0,0.0,100.0,0.0,,,65.0,35.0,,,100.0,5.0,100.0,164.0,35,35,100,0,100,0,200,0,100.0,1361.0,100.0,17679741704.0,100.0,17995438406.0
2018-03-04,ZJV00A5X,ST12000NM0007,12000138625024,0,79,76301408,99,0,100,1,100,0,83,206337706,99,1439,100,0,100,1,,,,,100.0,0.0,100.0,0.0,,,66.0,34.0,,,100.0,5.0,100.0,165.0,34,34,100,0,100,0,200,0,100.0,1386.0,100.0,17927225144.0,100.0,18281914878.0
2018-03-05,ZJV00A5X,ST12000NM0007,12000138625024,0,82,166611336,99,0,100,1,100,0,83,209922788,99,1463,100,0,100,1,,,,,100.0,0.0,100.0,0.0,,,66.0,34.0,,,100.0,5.0,100.0,166.0,34,34,100,0,100,0,200,0,100.0,1410.0,100.0,18200734968.0,100.0,18586996870.0
2018-03-06,ZJV00A5X,ST12000NM0007,12000138625024,0,84,240529456,99,0,100,1,100,0,83,213638154,99,1491,100,0,100,1,,,,,100.0,0.0,100.0,0.0,,,66.0,34.0,,,100.0,5.0,100.0,168.0,34,34,100,0,100,0,200,0,100.0,1437.0,100.0,18437854560.0,100.0,18912076950.0
2018-03-07,ZJV00A5X,ST12000NM0007,12000138625024,0,77.0,45514376.0,99.0,0.0,100.0,1.0,100.0,0.0,83.0,217143076.0,99.0,1515.0,100.0,0.0,100.0,1.0,,,,,100.0,0.0,100.0,0.0,,,66.0,34.0,,,100.0,5.0,100.0,169.0,34.0,34.0,100.0,0.0,100.0,0.0,200.0,0.0,100.0,1461.0,100.0,18698020936.0,100.0,19189317662.0
2018-03-08,ZJV00A5X,ST12000NM0007,12000138625024,0,81,117589976,99,0,100,1,100,0,83,220655496,99,1539,100,0,100,1,,,,,100.0,0.0,100.0,0.0,,,67.0,33.0,,,100.0,5.0,100.0,170.0,33,33,100,0,100,0,200,0,100.0,1485.0,100.0,18957939760.0,100.0,19489756206.0
2018-03-09,ZJV00A5X,ST12000NM0007,12000138625024,0,83,205243448,99,0,100,1,100,0,84,224544701,99,1565,100,0,100,1,,,,,100.0,0.0,100.0,0.0,,,66.0,34.0,,,100.0,5.0,100.0,171.0,34,34,100,0,100,0,200,0,100.0,1511.0,100.0,19239396120.0,100.0,19784234870.0
2018-03-10,ZJV00A5X,ST12000NM0007,12000138625024,0,71,14007032,99,0,100,1,100,0,84,228207114,99,1590,100,0,100,1,,,,,100.0,0.0,100.0,0.0,,,66.0,34.0,,,100.0,5.0,100.0,172.0,34,34,100,0,100,0,200,0,100.0,1536.0,100.0,19511851568.0,100.0,20052965286.0
2018-03-11,ZJV00A5X,ST12000NM0007,12000138625024,0,84,238059784,99,0,100,1,100,0,84,231727524,99,1614,100,0,100,1,,,,,100.0,0.0,100.0,0.0,,,66.0,34.0,,,100.0,5.0,100.0,173.0,34,34,100,0,100,0,200,0,100.0,1560.0,100.0,19715088096.0,100.0,20317922158.0
2018-03-12,ZJV00A5X,ST12000NM0007,12000138625024,0,83,220991160,99,0,100,1,100,0,84,235081655,99,1638,100,0,100,1,,,,,100.0,0.0,100.0,0.0,,,66.0,34.0,,,100.0,5.0,100.0,174.0,34,34,100,0,100,0,200,0,100.0,1583.0,100.0,19942635168.0,100.0,20561587894.0
2018-03-13,ZJV00A5X,ST12000NM0007,12000138625024,0,70,11174096,99,0,100,1,100,0,84,238561726,99,1661,100,0,100,1,,,,,100.0,0.0,100.0,0.0,,,66.0,34.0,,,100.0,5.0,100.0,175.0,34,34,100,0,100,0,200,0,100.0,1607.0,100.0,20209963456.0,100.0,20816864886.0
2018-03-14,ZJV00A5X,ST12000NM0007,12000138625024,0,79,80116496,99,0,100,1,100,0,84,242002100,99,1685,100,0,100,1,,,,,100.0,0.0,100.0,0.0,,,66.0,34.0,,,100.0,5.0,100.0,176.0,34,34,100,0,100,0,200,0,100.0,1631.0,100.0,20482810144.0,100.0,21101242118.0
2018-03-15,ZJV00A5X,ST12000NM0007,12000138625024,0,80,98823592,99,0,100,1,100,0,84,245581558,99,1710,100,0,100,1,,,,,100.0,0.0,100.0,0.0,,,66.0,34.0,,,100.0,5.0,100.0,177.0,34,34,100,0,100,0,200,0,100.0,1656.0,100.0,20724754944.0,100.0,21366286150.0
2018-03-16,ZJV00A5X,ST12000NM0007,12000138625024,0,79.0,88920080.0,99.0,0.0,100.0,1.0,100.0,0.0,84.0,248916365.0,99.0,1734.0,100.0,0.0,100.0,1.0,,,,,100.0,0.0,100.0,0.0,,,66.0,34.0,,,100.0,5.0,100.0,178.0,34.0,34.0,100.0,0.0,100.0,0.0,200.0,0.0,100.0,1680.0,100.0,20947794384.0,100.0,21621624670.0
2018-03-17,ZJV00A5X,ST12000NM0007,12000138625024,0,78,65773112,99,0,100,1,100,0,84,252118495,98,1758,100,0,100,1,,,,,100.0,0.0,100.0,0.0,,,65.0,35.0,,,100.0,5.0,100.0,179.0,35,35,100,0,100,0,200,0,100.0,1703.0,100.0,21161036440.0,100.0,21873517262.0
2018-03-18,ZJV00A5X,ST12000NM0007,12000138625024,0,81,130208528,99,0,100,1,100,0,84,255829247,98,1783,100,0,100,1,,,,,100.0,0.0,100.0,0.0,,,65.0,35.0,,,100.0,5.0,100.0,180.0,35,35,100,0,100,0,200,0,100.0,1728.0,100.0,21425114440.0,100.0,22162156014.0
2018-03-19,ZJV00A5X,ST12000NM0007,12000138625024,0,80,107198888,99,0,100,1,100,0,84,259091400,98,1805,100,0,100,1,,,,,100.0,0.0,100.0,0.0,,,66.0,34.0,,,100.0,5.0,100.0,181.0,34,34,100,0,100,0,200,0,100.0,1750.0,100.0,21658818112.0,100.0,22393724182.0
2018-03-20,ZJV00A5X,ST12000NM0007,12000138625024,0,81,125163960,99,0,100,1,100,0,84,262580091,98,1829,100,0,100,1,,,,,100.0,0.0,100.0,0.0,,,66.0,34.0,,,100.0,5.0,100.0,182.0,34,34,100,0,100,0,200,0,100.0,1774.0,100.0,21884313624.0,100.0,22674475294.0
2018-03-21,ZJV00A5X,ST12000NM0007,12000138625024,0,81,116403496,99,0,100,1,100,0,84,265981318,98,1854,100,0,100,1,,,,,100.0,0.0,100.0,0.0,,,65.0,35.0,,,100.0,5.0,100.0,183.0,35,35,100,0,100,0,200,0,100.0,1799.0,100.0,22112059344.0,100.0,22926250814.0
2018-03-22,ZJV00A5X,ST12000NM0007,12000138625024,0,82,145356728,99,0,100,1,100,0,84,269445362,98,1878,100,0,100,1,,,,,100.0,0.0,100.0,0.0,,,66.0,34.0,,,100.0,5.0,100.0,184.0,34,34,100,0,100,0,200,0,100.0,1823.0,100.0,22377847576.0,100.0,23177697310.0
2018-03-23,ZJV00A5X,ST12000NM0007,12000138625024,0,82,145055464,99,0,100,1,100,0,84,273128747,98,1901,100,0,100,1,,,,,100.0,0.0,100.0,0.0,,,66.0,34.0,,,100.0,5.0,100.0,185.0,34,34,100,0,100,0,200,0,100.0,1846.0,100.0,22620835032.0,100.0,23422690126.0
2018-03-24,ZJV00A5X,ST12000NM0007,12000138625024,0,83,201507824,99,0,100,1,100,0,84,276790236,98,1927,100,0,100,1,,,,,100.0,0.0,100.0,0.0,,,66.0,34.0,,,100.0,5.0,100.0,186.0,34,34,100,0,100,0,200,0,100.0,1871.0,100.0,22893629136.0,100.0,23694629862.0
2018-03-25,ZJV00A5X,ST12000NM0007,12000138625024,0,83,192347568,99,0,100,1,100,0,84,280201420,98,1951,100,0,100,1,,,,,100.0,0.0,100.0,0.0,,,66.0,34.0,,,100.0,5.0,100.0,187.0,34,34,100,0,100,0,200,0,100.0,1895.0,100.0,23125246208.0,100.0,23942134070.0
2018-03-26,ZJV00A5X,ST12000NM0007,12000138625024,0,81,138300664,99,0,100,1,100,0,85,283256721,98,1974,100,0,100,1,,,,,100.0,0.0,100.0,0.0,,,66.0,34.0,,,100.0,5.0,100.0,188.0,34,34,100,0,100,0,200,0,100.0,1919.0,100.0,23291043328.0,100.0,24210571790.0
2018-03-27,ZJV00A5X,ST12000NM0007,12000138625024,0,81,130006576,99,0,100,1,100,0,85,286743670,98,1998,100,0,100,1,,,,,100.0,0.0,100.0,0.0,,,66.0,34.0,,,100.0,5.0,100.0,189.0,34,34,100,0,100,0,200,0,100.0,1942.0,100.0,23527067688.0,100.0,24454534974.0
2018-03-28,ZJV00A5X,ST12000NM0007,12000138625024,0,78,61790800,99,0,100,1,100,0,85,289958297,98,2022,100,0,100,1,,,,,100.0,0.0,100.0,0.0,,,66.0,34.0,,,100.0,5.0,100.0,190.0,34,34,100,0,100,0,200,0,100.0,1966.0,100.0,23689312088.0,100.0,24712356134.0
2018-03-29,ZJV00A5X,ST12000NM0007,12000138625024,0,77,46793824,99,0,100,1,100,0,85,293465584,98,2046,100,0,100,1,,,,,100.0,0.0,100.0,0.0,,,66.0,34.0,,,100.0,5.0,100.0,191.0,34,34,100,0,100,0,200,0,100.0,1990.0,100.0,23905961432.0,100.0,24968991718.0
2018-03-30,ZJV00A5X,ST12000NM0007,12000138625024,0,77,45087328,99,0,100,1,100,0,85,297030330,98,2069,100,0,100,1,,,,,100.0,0.0,100.0,0.0,,,66.0,34.0,,,100.0,5.0,100.0,192.0,34,34,100,0,100,0,200,0,100.0,2013.0,100.0,24144977952.0,100.0,25216550230.0
2018-03-31,ZJV00A5X,ST12000NM0007,12000138625024,0,77,52813968,99,0,100,1,100,0,85,300793916,98,2095,100,0,100,1,,,,,100.0,0.0,100.0,0.0,,,66.0,34.0,,,100.0,5.0,100.0,193.0,34,34,100,0,100,0,200,0,100.0,2039.0,100.0,24377975664.0,100.0,25479560654.0
2018-04-01,ZJV00A5X,ST12000NM0007,12000138625024,0,100,2215472,99,0,100,1,100,0,85,304229713,98,2119,100,0,100,1,,,,,100.0,0.0,100.0,0.0,,,66.0,34.0,,,100.0,5.0,100.0,194.0,34,34,100,0,100,0,200,0,100.0,2063.0,100.0,24562580584.0,100.0,25732638726.0
2018-04-02,ZJV00A5X,ST12000NM0007,12000138625024,0,81,136813712,99,0,100,1,100,0,85,307383063,98,2141,100,0,100,1,,,,,100.0,0.0,100.0,0.0,,,66.0,34.0,,,100.0,5.0,100.0,195.0,34,34,100,0,100,0,200,0,100.0,2085.0,100.0,24724839072.0,100.0,25949119526.0
2018-04-03,ZJV00A5X,ST12000NM0007,12000138625024,0,83,217463586,98,0,100,2,100,0,85,310100935,98,2163,100,0,100,1,,,,,100.0,0.0,100.0,0.0,,,66.0,34.0,,,100.0,5.0,100.0,198.0,34,34,100,0,100,0,200,0,100.0,2107.0,100.0,24855609976.0,100.0,26143139256.0
2018-04-04,ZJV00A5X,ST12000NM0007,12000138625024,0,83,192495144,98,0,100,2,100,0,85,313878032,98,2187,100,0,100,1,,,,,100.0,0.0,100.0,0.0,,,66.0,34.0,,,100.0,5.0,100.0,199.0,34,34,100,0,100,0,200,0,100.0,2131.0,100.0,25054229992.0,100.0,26407832400.0
2018-04-05,ZJV00A5X,ST12000NM0007,12000138625024,0,82,174289392,98,0,100,2,100,0,85,317424775,98,2212,100,0,100,1,,,,,100.0,0.0,100.0,0.0,,,67.0,33.0,,,100.0,5.0,100.0,200.0,33,33,100,0,100,0,200,0,100.0,2155.0,100.0,25263619464.0,100.0,26668518536.0
2018-04-06,ZJV00A5X,ST12000NM0007,12000138625024,0,83,182487936,98,0,100,2,100,0,85,321012395,98,2235,100,0,100,1,,,,,100.0,0.0,100.0,0.0,,,67.0,33.0,,,100.0,5.0,100.0,201.0,33,33,100,0,100,0,200,0,100.0,2178.0,100.0,25509817064.0,100.0,26918801216.0
2018-04-07,ZJV00A5X,ST12000NM0007,12000138625024,0,83.0,187152680.0,98.0,0.0,100.0,2.0,100.0,0.0,85.0,324788453.0,98.0,2260.0,100.0,0.0,100.0,1.0,,,,,100.0,0.0,100.0,0.0,,,67.0,33.0,,,100.0,5.0,100.0,202.0,33.0,33.0,100.0,0.0,100.0,0.0,200.0,0.0,100.0,2203.0,100.0,25767754040.0,100.0,27153810328.0
2018-04-08,ZJV00A5X,ST12000NM0007,12000138625024,0,81,129385024,98,0,100,2,100,0,85,328273334,98,2284,100,0,100,1,,,,,100.0,0.0,100.0,0.0,,,68.0,32.0,,,100.0,5.0,100.0,203.0,32,32,100,0,100,0,200,0,100.0,2228.0,100.0,25974808816.0,100.0,27377269552.0
2018-04-09,ZJV00A5X,ST12000NM0007,12000138625024,0,100,555984,98,0,100,2,100,0,85,331185409,98,2308,100,0,100,1,,,,,100.0,0.0,100.0,0.0,,,67.0,33.0,,,100.0,6.0,100.0,204.0,33,33,100,0,100,0,200,0,100.0,2251.0,100.0,26108747320.0,100.0,27602783616.0
2018-04-10,ZJV00A5X,ST12000NM0007,12000138625024,0,83,192456848,98,0,100,2,100,0,85,334637187,98,2331,100,0,100,1,,,,,100.0,0.0,100.0,0.0,,,67.0,33.0,,,100.0,7.0,100.0,205.0,33,33,100,0,100,0,200,0,100.0,2274.0,100.0,26281118200.0,100.0,27866454368.0
2018-04-11,ZJV00A5X,ST12000NM0007,12000138625024,0,82,157115648,98,0,100,2,100,0,85,338160716,98,2356,100,0,100,1,,,,,100.0,0.0,100.0,0.0,,,68.0,32.0,,,100.0,7.0,100.0,206.0,32,32,100,0,100,0,200,0,100.0,2299.0,100.0,26456081480.0,100.0,28144431304.0
2018-04-12,ZJV00A5X,ST12000NM0007,12000138625024,0,76,41278624,98,0,100,2,100,0,85,341210414,98,2383,100,0,100,1,,,,,100.0,0.0,100.0,0.0,,,68.0,32.0,,,100.0,7.0,100.0,208.0,32,32,100,0,100,0,200,0,100.0,2325.0,100.0,26585311112.0,100.0,28387646080.0
2018-04-13,ZJV00A5X,ST12000NM0007,12000138625024,0,82,162556536,98,0,100,2,100,0,85,344311229,98,2406,100,0,100,1,,,,,100.0,0.0,100.0,0.0,,,68.0,32.0,,,100.0,7.0,100.0,209.0,32,32,100,0,100,0,200,0,100.0,2349.0,100.0,26753471712.0,100.0,28584904040.0
2018-04-14,ZJV00A5X,ST12000NM0007,12000138625024,0,82,144925656,98,0,100,2,100,0,85,348031962,98,2431,100,0,100,1,,,,,100.0,0.0,100.0,0.0,,,67.0,33.0,,,100.0,7.0,100.0,210.0,33,33,100,0,100,0,200,0,100.0,2373.0,100.0,26981565416.0,100.0,28827461400.0
2018-04-15,ZJV00A5X,ST12000NM0007,12000138625024,0,77,48836744,98,0,100,2,100,0,85,351164733,98,2455,100,0,100,1,,,,,100.0,0.0,100.0,0.0,,,68.0,32.0,,,100.0,7.0,100.0,211.0,32,32,100,0,100,0,200,0,100.0,2397.0,100.0,27132533896.0,100.0,29068685472.0
2018-04-16,ZJV00A5X,ST12000NM0007,12000138625024,0,83,184427320,98,0,100,2,100,0,85,354268693,98,2478,100,0,100,1,,,,,100.0,0.0,100.0,0.0,,,67.0,33.0,,,100.0,7.0,100.0,212.0,33,33,100,0,100,0,200,0,100.0,2420.0,100.0,27306782688.0,100.0,29274168144.0
2018-04-17,ZJV00A5X,ST12000NM0007,12000138625024,0,82,149881136,98,0,100,2,100,0,86,358033939,98,2502,100,0,100,1,,,,,100.0,0.0,100.0,0.0,,,68.0,32.0,,,100.0,7.0,100.0,213.0,32,32,100,0,100,0,200,0,100.0,2443.0,100.0,27522996992.0,100.0,29511689536.0
2018-04-18,ZJV00A5X,ST12000NM0007,12000138625024,0,79,80355400,98,0,100,2,100,0,86,361355980,98,2525,100,0,100,1,,,,,100.0,0.0,100.0,0.0,,,68.0,32.0,,,100.0,7.0,100.0,214.0,32,32,100,0,100,0,200,0,100.0,2467.0,100.0,27723295720.0,100.0,29730146360.0
2018-04-19,ZJV00A5X,ST12000NM0007,12000138625024,0,84,239031112,98,0,100,2,100,0,86,364699193,98,2549,100,0,100,1,,,,,100.0,0.0,100.0,0.0,,,68.0,32.0,,,100.0,7.0,100.0,215.0,32,32,100,0,100,0,200,0,100.0,2491.0,100.0,27919507496.0,100.0,29936751336.0
2018-04-20,ZJV00A5X,ST12000NM0007,12000138625024,0,75,30955744,98,0,100,2,100,0,86,367302760,98,2574,100,0,100,1,,,,,100.0,0.0,100.0,0.0,,,69.0,31.0,,,100.0,7.0,100.0,216.0,31,31,100,0,100,0,200,0,100.0,2516.0,100.0,28039499320.0,100.0,30096965616.0
2018-04-21,ZJV00A5X,ST12000NM0007,12000138625024,0,81,139661576,98,0,100,2,100,0,86,370179152,98,2599,100,0,100,1,,,,,100.0,0.0,100.0,0.0,,,67.0,33.0,,,100.0,7.0,100.0,217.0,33,33,100,0,100,0,200,0,100.0,2540.0,100.0,28170019000.0,100.0,30319292736.0
2018-04-22,ZJV00A5X,ST12000NM0007,12000138625024,0,72,14382704,98,0,100,2,100,0,86,373260306,98,2622,100,0,100,1,,,,,100.0,0.0,100.0,0.0,,,68.0,32.0,,,100.0,7.0,100.0,218.0,32,32,100,0,100,0,200,0,100.0,2564.0,100.0,28330892312.0,100.0,30521421960.0
2018-04-23,ZJV00A5X,ST12000NM0007,12000138625024,0,82,154214208,98,0,100,2,100,0,86,376556941,97,2647,100,0,100,1,,,,,100.0,0.0,100.0,0.0,,,69.0,31.0,,,100.0,7.0,100.0,219.0,31,31,100,0,100,0,200,0,100.0,2588.0,100.0,28503108336.0,100.0,30733178248.0
2018-04-24,ZJV00A5X,ST12000NM0007,12000138625024,0,77,48766016,98,0,100,2,100,0,86,379791764,97,2671,100,0,100,1,,,,,100.0,0.0,100.0,0.0,,,69.0,31.0,,,100.0,7.0,100.0,220.0,31,31,100,0,100,0,200,0,100.0,2612.0,100.0,28683365368.0,100.0,30935754648.0
2018-04-25,ZJV00A5X,ST12000NM0007,12000138625024,0,83,182902976,98,0,100,2,100,0,86,383016780,97,2695,100,0,100,1,,,,,100.0,0.0,100.0,0.0,,,67.0,33.0,,,100.0,7.0,100.0,221.0,33,33,100,0,100,0,200,0,100.0,2636.0,100.0,28856838304.0,100.0,31140559344.0
2018-04-26,ZJV00A5X,ST12000NM0007,12000138625024,0,77,55886664,98,0,100,2,100,0,86,386166838,97,2719,100,0,100,1,,,,,100.0,0.0,100.0,0.0,,,67.0,33.0,,,100.0,7.0,100.0,222.0,33,33,100,0,100,0,200,0,100.0,2660.0,100.0,29018825296.0,100.0,31339837504.0
2018-04-27,ZJV00A5X,ST12000NM0007,12000138625024,0,81,113354136,98,0,100,2,100,0,86,388978927,97,2742,100,0,100,1,,,,,100.0,0.0,100.0,0.0,,,67.0,33.0,,,100.0,7.0,100.0,223.0,33,33,100,0,100,0,200,0,100.0,2683.0,100.0,29158952048.0,100.0,31501318856.0
2018-04-28,ZJV00A5X,ST12000NM0007,12000138625024,0,83,197808856,98,0,100,2,100,0,86,392011322,97,2765,100,0,100,1,,,,,100.0,0.0,100.0,0.0,,,67.0,33.0,,,100.0,7.0,100.0,224.0,33,33,100,0,100,0,200,0,100.0,2706.0,100.0,29295936736.0,100.0,31692929568.0
2018-04-29,ZJV00A5X,ST12000NM0007,12000138625024,0,79,78186648,98,0,100,2,100,0,86,395214064,97,2789,100,0,100,1,,,,,100.0,0.0,100.0,0.0,,,67.0,33.0,,,100.0,7.0,100.0,225.0,33,33,100,0,100,0,200,0,100.0,2730.0,100.0,29452704888.0,100.0,31904820864.0
2018-04-30,ZJV00A5X,ST12000NM0007,12000138625024,0,83,189072616,98,0,100,2,100,0,86,398391810,97,2813,100,0,100,1,,,,,100.0,0.0,100.0,0.0,,,67.0,33.0,,,100.0,7.0,100.0,226.0,33,33,100,0,100,0,200,0,100.0,2754.0,100.0,29589109536.0,100.0,32123442952.0
2018-05-01,ZJV00A5X,ST12000NM0007,12000138625024,0,77,48698360,98,0,100,2,100,0,86,401843925,97,2837,100,0,100,1,,,,,100.0,0.0,100.0,0.0,,,67.0,33.0,,,100.0,7.0,100.0,227.0,33,33,100,0,100,0,200,0,100.0,2778.0,100.0,29721758464.0,100.0,32338701032.0
2018-05-02,ZJV00A5X,ST12000NM0007,12000138625024,0,83.0,217304144.0,98.0,0.0,100.0,2.0,100.0,0.0,86.0,405171481.0,97.0,2861.0,100.0,0.0,100.0,1.0,,,,,100.0,0.0,100.0,0.0,,,68.0,32.0,,,100.0,7.0,100.0,228.0,32.0,32.0,100.0,0.0,100.0,0.0,200.0,0.0,100.0,2802.0,100.0,29883338648.0,100.0,32589867368.0
2018-05-03,ZJV00A5X,ST12000NM0007,12000138625024,0,79,82752392,98,0,100,2,100,0,86,408239321,97,2886,100,0,100,1,,,,,100.0,0.0,100.0,0.0,,,68.0,32.0,,,100.0,7.0,100.0,230.0,32,32,100,0,100,0,200,0,100.0,2826.0,100.0,30025172672.0,100.0,32801763088.0
2018-05-04,ZJV00A5X,ST12000NM0007,12000138625024,0,100,2189304,98,0,100,2,100,0,86,411590239,97,2910,100,0,100,1,,,,,100.0,0.0,100.0,0.0,,,68.0,32.0,,,100.0,7.0,100.0,231.0,32,32,100,0,100,0,200,0,100.0,2851.0,100.0,30208314304.0,100.0,33026339664.0
2018-05-05,ZJV00A5X,ST12000NM0007,12000138625024,0,80,105010520,98,0,100,2,100,0,86,414744660,97,2935,100,0,100,1,,,,,100.0,0.0,100.0,0.0,,,67.0,33.0,,,100.0,7.0,100.0,232.0,33,33,100,0,100,0,200,0,100.0,2875.0,100.0,30365244920.0,100.0,33216370960.0
2018-05-06,ZJV00A5X,ST12000NM0007,12000138625024,0,74,23938016,98,0,100,2,100,0,86,418154815,97,2959,100,0,100,1,,,,,100.0,0.0,100.0,0.0,,,67.0,33.0,,,100.0,7.0,100.0,233.0,33,33,100,0,100,0,200,0,100.0,2899.0,100.0,30555715280.0,100.0,33433109592.0
2018-05-07,ZJV00A5X,ST12000NM0007,12000138625024,0,81,126810608,98,0,100,2,100,0,86,421318864,97,2983,100,0,100,1,,,,,100.0,0.0,100.0,0.0,,,67.0,33.0,,,100.0,7.0,100.0,234.0,33,33,100,0,100,0,200,0,100.0,2923.0,100.0,30720472448.0,100.0,33615365736.0
2018-05-08,ZJV00A5X,ST12000NM0007,12000138625024,0,84,225447272,98,0,100,2,100,0,86,424509386,97,3007,100,0,100,1,,,,,100.0,0.0,100.0,0.0,,,67.0,33.0,,,100.0,7.0,100.0,235.0,33,33,100,0,100,0,200,0,100.0,2947.0,100.0,30860023008.0,100.0,33818592560.0
2018-05-09,ZJV00A5X,ST12000NM0007,12000138625024,0,80,107471432,98,0,100,2,100,0,86,427872032,97,3030,100,0,100,1,,,,,100.0,0.0,100.0,0.0,,,66.0,34.0,,,100.0,7.0,100.0,236.0,34,34,100,0,100,0,200,0,100.0,2970.0,100.0,30965439888.0,100.0,34083481160.0
2018-05-10,ZJV00A5X,ST12000NM0007,12000138625024,0,80,89410808,98,0,100,2,100,0,86,430027404,97,3047,100,0,100,1,,,,,100.0,0.0,100.0,0.0,,,67.0,33.0,,,100.0,7.0,100.0,237.0,33,33,100,0,100,0,200,0,100.0,2987.0,100.0,31046560312.0,100.0,34228440920.0
2018-05-11,ZJV00A5X,ST12000NM0007,12000138625024,0,82,173889312,98,0,100,2,100,0,86,432969498,97,3071,100,0,100,1,,,,,100.0,0.0,100.0,0.0,,,67.0,33.0,,,100.0,7.0,100.0,238.0,33,33,100,0,100,0,200,0,100.0,3010.0,100.0,31148662816.0,100.0,34454957824.0
2018-05-12,ZJV00A5X,ST12000NM0007,12000138625024,0,75,30946112,98,0,100,2,100,0,86,436036820,97,3096,100,0,100,1,,,,,100.0,0.0,100.0,0.0,,,67.0,33.0,,,100.0,8.0,100.0,240.0,33,33,100,0,100,0,200,0,100.0,3035.0,100.0,31279190808.0,100.0,34669768272.0
2018-05-13,ZJV00A5X,ST12000NM0007,12000138625024,0,78,70754832,98,0,100,2,100,0,86,439003318,97,3119,100,0,100,1,,,,,100.0,0.0,100.0,0.0,,,67.0,33.0,,,100.0,8.0,100.0,241.0,33,33,100,0,100,0,200,0,100.0,3058.0,100.0,31396373888.0,100.0,34836534552.0
2018-05-14,ZJV00A5X,ST12000NM0007,12000138625024,0,82,162239408,98,0,100,2,100,0,86,442049333,97,3144,100,0,100,1,,,,,100.0,0.0,100.0,0.0,,,67.0,33.0,,,100.0,8.0,100.0,242.0,33,33,100,0,100,0,200,0,100.0,3082.0,100.0,31518793208.0,100.0,35049740632.0
2018-05-15,ZJV00A5X,ST12000NM0007,12000138625024,0,83.0,214338736.0,98.0,0.0,100.0,2.0,100.0,0.0,86.0,444782790.0,97.0,3167.0,100.0,0.0,100.0,1.0,,,,,100.0,0.0,100.0,0.0,,,67.0,33.0,,,100.0,8.0,100.0,243.0,33.0,33.0,100.0,0.0,100.0,0.0,200.0,0.0,100.0,3106.0,100.0,31639174224.0,100.0,35225599648.0
2018-05-16,ZJV00A5X,ST12000NM0007,12000138625024,0,77,55571008,98,0,100,2,100,0,87,447686481,97,3192,100,0,100,1,,,,,100.0,0.0,100.0,0.0,,,67.0,33.0,,,100.0,8.0,100.0,244.0,33,33,100,0,100,0,200,0,100.0,3130.0,100.0,31750173200.0,100.0,35444114480.0
2018-05-17,ZJV00A5X,ST12000NM0007,12000138625024,0,82,164582240,98,0,100,2,100,0,87,451273259,97,3223,100,0,100,1,,,,,100.0,0.0,100.0,0.0,,,67.0,33.0,,,100.0,8.0,100.0,247.0,33,33,100,0,100,0,200,0,100.0,3161.0,100.0,31874951752.0,100.0,35672487968.0
2018-05-18,ZJV00A5X,ST12000NM0007,12000138625024,0,83,198386928,98,0,100,2,100,0,87,453947403,97,3246,100,0,100,1,,,,,100.0,0.0,100.0,0.0,,,67.0,33.0,,,100.0,9.0,100.0,248.0,33,33,100,0,100,0,200,0,100.0,3185.0,100.0,31971494680.0,100.0,35853890472.0
2018-05-19,ZJV00A5X,ST12000NM0007,12000138625024,0,71,14097048,98,0,100,2,100,0,87,456887265,97,3271,100,0,100,1,,,,,100.0,0.0,100.0,0.0,,,67.0,33.0,,,100.0,9.0,100.0,249.0,33,33,100,0,100,0,200,0,100.0,3209.0,100.0,32077603056.0,100.0,36051773728.0
2018-05-20,ZJV00A5X,ST12000NM0007,12000138625024,0,76,39303848,98,0,100,2,100,0,87,459743195,97,3294,100,0,100,1,,,,,100.0,0.0,100.0,0.0,,,67.0,33.0,,,100.0,9.0,100.0,250.0,33,33,100,0,100,0,200,0,100.0,3232.0,100.0,32147731488.0,100.0,36250992808.0
2018-05-21,ZJV00A5X,ST12000NM0007,12000138625024,0,79,77316936,98,0,100,2,100,0,87,462434718,97,3319,100,0,100,1,,,,,100.0,0.0,100.0,0.0,,,67.0,33.0,,,100.0,9.0,100.0,251.0,33,33,100,0,100,0,200,0,100.0,3257.0,100.0,32254198168.0,100.0,36426679888.0
2018-05-22,ZJV00A5X,ST12000NM0007,12000138625024,0,80,101769856,98,0,100,2,100,0,87,465005778,97,3342,100,0,100,1,,,,,100.0,0.0,100.0,0.0,,,67.0,33.0,,,100.0,9.0,100.0,252.0,33,33,100,0,100,0,200,0,100.0,3280.0,100.0,32359802432.0,100.0,36589669240.0
2018-05-23,ZJV00A5X,ST12000NM0007,12000138625024,0,82,155755296,98,0,100,2,100,0,87,467983947,97,3367,100,0,100,1,,,,,100.0,0.0,100.0,0.0,,,67.0,33.0,,,100.0,10.0,100.0,253.0,33,33,100,0,100,0,200,0,100.0,3304.0,100.0,32470407112.0,100.0,36777190632.0
2018-05-24,ZJV00A5X,ST12000NM0007,12000138625024,0,83,192701112,98,0,100,2,100,0,87,470595439,97,3390,100,0,100,1,,,,,100.0,0.0,100.0,0.0,,,67.0,33.0,,,100.0,11.0,100.0,254.0,33,33,100,0,100,0,200,0,100.0,3328.0,100.0,32569328208.0,100.0,36959356232.0
2018-05-25,ZJV00A5X,ST12000NM0007,12000138625024,0,84,237143520,98,0,100,2,100,0,87,473434521,97,3415,100,0,100,1,,,,,100.0,0.0,100.0,0.0,,,67.0,33.0,,,100.0,11.0,100.0,255.0,33,33,100,0,100,0,200,0,100.0,3352.0,100.0,32669806240.0,100.0,37147461504.0
2018-05-26,ZJV00A5X,ST12000NM0007,12000138625024,0,82,165052832,98,0,100,2,100,0,87,475184423,97,3431,100,0,100,1,,,,,100.0,0.0,100.0,0.0,,,67.0,33.0,,,100.0,11.0,100.0,256.0,33,33,100,0,100,0,200,0,100.0,3369.0,100.0,32716566016.0,100.0,37272751776.0
2018-05-27,ZJV00A5X,ST12000NM0007,12000138625024,0,83,205084032,98,0,100,2,100,0,87,478085737,97,3458,100,0,100,1,,,,,100.0,0.0,100.0,0.0,,,67.0,33.0,,,100.0,11.0,100.0,258.0,33,33,100,0,100,0,200,0,100.0,3395.0,100.0,32808625328.0,100.0,37464864304.0
2018-05-28,ZJV00A5X,ST12000NM0007,12000138625024,0,70,9460400,98,0,100,2,100,0,87,481016319,97,3482,100,0,100,1,,,,,100.0,0.0,100.0,0.0,,,67.0,33.0,,,100.0,11.0,100.0,259.0,33,33,100,0,100,0,200,0,100.0,3419.0,100.0,32913023864.0,100.0,37653123736.0
2018-05-29,ZJV00A5X,ST12000NM0007,12000138625024,0,69,8862152,98,0,100,2,100,0,87,483655011,96,3507,100,0,100,1,,,,,100.0,0.0,100.0,0.0,,,67.0,33.0,,,100.0,11.0,100.0,260.0,33,33,100,0,100,0,200,0,100.0,3443.0,100.0,32990998728.0,100.0,37818691320.0
2018-05-30,ZJV00A5X,ST12000NM0007,12000138625024,0,74,23505944,98,0,100,2,100,0,87,486707644,96,3530,100,0,100,1,,,,,100.0,0.0,100.0,0.0,,,67.0,33.0,,,100.0,11.0,100.0,261.0,33,33,100,0,100,0,200,0,100.0,3467.0,100.0,33067512848.0,100.0,38000961656.0
2018-05-31,ZJV00A5X,ST12000NM0007,12000138625024,0,73,19983552,98,0,100,2,100,0,87,489204353,96,3554,100,0,100,1,,,,,100.0,0.0,100.0,0.0,,,67.0,33.0,,,100.0,11.0,100.0,262.0,33,33,100,0,100,0,200,0,100.0,3490.0,100.0,33143322136.0,100.0,38165771032.0
2018-06-01,ZJV00A5X,ST12000NM0007,12000138625024,0,73,18392536,98,0,100,2,100,0,87,491821330,96,3577,100,0,100,1,,,,,100.0,0.0,100.0,0.0,,,67.0,33.0,,,100.0,11.0,100.0,263.0,33,33,100,0,100,0,200,0,100.0,3514.0,100.0,33239568928.0,100.0,38312073864.0
2018-06-02,ZJV00A5X,ST12000NM0007,12000138625024,0,78,62966000,98,0,100,2,100,0,87,494664831,96,3601,100,0,100,1,,,,,100.0,0.0,100.0,0.0,,,67.0,33.0,,,100.0,11.0,100.0,264.0,33,33,100,0,100,0,200,0,100.0,3537.0,100.0,33340549824.0,100.0,38499807256.0
2018-06-03,ZJV00A5X,ST12000NM0007,12000138625024,0,78,66795048,98,0,100,2,100,0,87,497404585,96,3626,100,0,100,1,,,,,100.0,0.0,100.0,0.0,,,67.0,33.0,,,100.0,11.0,100.0,265.0,33,33,100,0,100,0,200,0,100.0,3562.0,100.0,33418797216.0,100.0,38669529608.0
2018-06-04,ZJV00A5X,ST12000NM0007,12000138625024,0,79,81671848,98,0,100,2,100,0,87,500038428,96,3649,100,0,100,1,,,,,100.0,0.0,100.0,0.0,,,67.0,33.0,,,100.0,11.0,100.0,266.0,33,33,100,0,100,0,200,0,100.0,3585.0,100.0,33501811632.0,100.0,38845532816.0
2018-06-05,ZJV00A5X,ST12000NM0007,12000138625024,0,79,79540424,98,0,100,2,100,0,87,502535003,96,3674,100,0,100,1,,,,,100.0,0.0,100.0,0.0,,,67.0,33.0,,,100.0,11.0,100.0,267.0,33,33,100,0,100,0,200,0,100.0,3609.0,100.0,33571061336.0,100.0,39018292320.0
2018-06-06,ZJV00A5X,ST12000NM0007,12000138625024,0,83,203724896,98,0,100,2,100,0,87,506633505,96,3698,100,0,100,1,,,,,100.0,0.0,100.0,0.0,,,67.0,33.0,,,100.0,11.0,100.0,268.0,33,33,100,0,100,0,200,0,100.0,3633.0,100.0,33672920464.0,100.0,39284758344.0
2018-06-07,ZJV00A5X,ST12000NM0007,12000138625024,0,72,17594712,98,0,100,2,100,0,87,509650961,96,3721,100,0,100,1,,,,,100.0,0.0,100.0,0.0,,,67.0,33.0,,,100.0,11.0,100.0,269.0,33,33,100,0,100,0,200,0,100.0,3656.0,100.0,33780191544.0,100.0,39479638808.0
2018-06-08,ZJV00A5X,ST12000NM0007,12000138625024,0,76,39136456,98,0,100,2,100,0,87,512554319,96,3746,100,0,100,1,,,,,100.0,0.0,100.0,0.0,,,67.0,33.0,,,100.0,11.0,100.0,270.0,33,33,100,0,100,0,200,0,100.0,3680.0,100.0,33879120336.0,100.0,39646392464.0
2018-06-09,ZJV00A5X,ST12000NM0007,12000138625024,0,81,114499224,98,0,100,2,100,0,87,515656694,96,3770,100,0,100,1,,,,,100.0,0.0,100.0,0.0,,,67.0,33.0,,,100.0,11.0,100.0,271.0,33,33,100,0,100,0,200,0,100.0,3705.0,100.0,33963365120.0,100.0,39881651136.0
2018-06-10,ZJV00A5X,ST12000NM0007,12000138625024,0,80,98657296,98,0,100,2,100,0,87,518044960,96,3793,100,0,100,1,,,,,100.0,0.0,100.0,0.0,,,68.0,32.0,,,100.0,12.0,100.0,272.0,32,32,100,0,100,0,200,0,100.0,3728.0,100.0,34028014072.0,100.0,40045300960.0
2018-06-11,ZJV00A5X,ST12000NM0007,12000138625024,0,80,110529072,98,0,100,2,100,0,87,520837188,96,3818,100,0,100,1,,,,,100.0,0.0,100.0,0.0,,,67.0,33.0,,,100.0,13.0,100.0,273.0,33,33,100,0,100,0,200,0,100.0,3752.0,100.0,34099327640.0,100.0,40229999912.0
2018-06-12,ZJV00A5X,ST12000NM0007,12000138625024,0,81,139393408,98,0,100,2,100,0,87,523647145,96,3841,100,0,100,1,,,,,100.0,0.0,100.0,0.0,,,67.0,33.0,,,100.0,14.0,100.0,274.0,33,33,100,0,100,0,200,0,100.0,3776.0,100.0,34190118968.0,100.0,40412213632.0
2018-06-13,ZJV00A5X,ST12000NM0007,12000138625024,0,81,117197712,98,0,100,2,100,0,87,526000062,96,3863,100,0,100,1,,,,,100.0,0.0,100.0,0.0,,,67.0,33.0,,,100.0,15.0,100.0,275.0,33,33,100,0,100,0,200,0,100.0,3797.0,100.0,34257569632.0,100.0,40566708192.0
2018-06-14,ZJV00A5X,ST12000NM0007,12000138625024,0,83,185054320,98,0,100,2,100,0,87,529246392,96,3887,100,0,100,1,,,,,100.0,0.0,100.0,0.0,,,64.0,36.0,,,100.0,15.0,100.0,276.0,36,36,100,0,100,0,200,0,100.0,3821.0,100.0,34342311792.0,100.0,40793963272.0
2018-06-15,ZJV00A5X,ST12000NM0007,12000138625024,0,84.0,233933360.0,98.0,0.0,100.0,2.0,100.0,0.0,87.0,532193871.0,96.0,3912.0,100.0,0.0,100.0,1.0,,,,,100.0,0.0,100.0,0.0,,,65.0,35.0,,,100.0,15.0,100.0,278.0,35.0,35.0,100.0,0.0,100.0,0.0,200.0,0.0,100.0,3846.0,100.0,34416712888.0,100.0,41012581888.0
2018-06-16,ZJV00A5X,ST12000NM0007,12000138625024,0,81.0,137337728.0,98.0,0.0,100.0,2.0,100.0,0.0,87.0,535990156.0,96.0,3937.0,100.0,0.0,100.0,1.0,,,,,100.0,0.0,100.0,0.0,,,66.0,34.0,,,100.0,16.0,100.0,279.0,34.0,34.0,100.0,0.0,100.0,0.0,200.0,0.0,100.0,3871.0,100.0,34608559752.0,100.0,41212420944.0
2018-06-17,ZJV00A5X,ST12000NM0007,12000138625024,0,82.0,169059456.0,98.0,0.0,100.0,2.0,100.0,0.0,87.0,539159824.0,96.0,3961.0,100.0,0.0,100.0,1.0,,,,,100.0,0.0,100.0,0.0,,,67.0,33.0,,,100.0,17.0,100.0,280.0,33.0,33.0,100.0,0.0,100.0,0.0,200.0,0.0,100.0,3895.0,100.0,34678624088.0,100.0,41418219016.0
2018-06-18,ZJV00A5X,ST12000NM0007,12000138625024,0,81.0,137223544.0,98.0,0.0,100.0,2.0,100.0,0.0,87.0,541525855.0,96.0,3984.0,100.0,0.0,100.0,1.0,,,,,100.0,0.0,100.0,0.0,,,67.0,33.0,,,100.0,18.0,100.0,281.0,33.0,33.0,100.0,0.0,100.0,0.0,200.0,0.0,100.0,3918.0,100.0,34749605792.0,100.0,41559542136.0
2018-06-19,ZJV00A5X,ST12000NM0007,12000138625024,0,83,199589952,98,0,100,2,100,0,87,544551292,96,4009,100,0,100,1,,,,,100.0,0.0,100.0,0.0,,,67.0,33.0,,,100.0,19.0,100.0,282.0,33,33,100,0,100,0,200,0,100.0,3942.0,100.0,34869418808.0,100.0,41746236280.0
2018-06-20,ZJV00A5X,ST12000NM0007,12000138625024,0,83,200668952,98,0,100,2,100,0,87,547150054,96,4031,100,0,100,1,,,,,100.0,0.0,100.0,0.0,,,67.0,33.0,,,100.0,20.0,100.0,283.0,33,33,100,0,100,0,200,0,100.0,3965.0,100.0,34937606024.0,100.0,41923268912.0
2018-06-21,ZJV00A5X,ST12000NM0007,12000138625024,0,80,112164816,98,0,100,2,100,0,87,550556897,96,4056,100,0,100,1,,,,,100.0,0.0,100.0,0.0,,,67.0,33.0,,,100.0,20.0,100.0,284.0,33,33,100,0,100,0,200,0,100.0,3989.0,100.0,34998411256.0,100.0,42262240880.0
2018-06-22,ZJV00A5X,ST12000NM0007,12000138625024,0,81,140581800,98,0,100,2,100,0,87,553235084,96,4080,100,0,100,1,,,,,100.0,0.0,100.0,0.0,,,68.0,32.0,,,100.0,20.0,100.0,285.0,32,32,100,0,100,0,200,0,100.0,4014.0,100.0,35061207240.0,100.0,42472002512.0
2018-06-23,ZJV00A5X,ST12000NM0007,12000138625024,0,82,150738376,98,0,100,2,100,0,87,555846812,96,4103,100,0,100,1,,,,,100.0,0.0,100.0,0.0,,,67.0,33.0,,,100.0,20.0,100.0,286.0,33,33,100,0,100,0,200,0,100.0,4036.0,100.0,35131397232.0,100.0,42656109728.0
2018-06-24,ZJV00A5X,ST12000NM0007,12000138625024,0,81,138137488,98,0,100,2,100,0,87,558360125,96,4127,100,0,100,1,,,,,100.0,0.0,100.0,0.0,,,67.0,33.0,,,100.0,20.0,100.0,287.0,33,33,100,0,100,0,200,0,100.0,4060.0,100.0,35197388256.0,100.0,42821658448.0
2018-06-25,ZJV00A5X,ST12000NM0007,12000138625024,0,82,148970776,98,0,100,2,100,0,87,561024884,96,4152,100,0,100,1,,,,,100.0,0.0,100.0,0.0,,,67.0,33.0,,,100.0,21.0,100.0,288.0,33,33,100,0,100,0,200,0,100.0,4085.0,100.0,35267275040.0,100.0,43006745584.0
2018-06-26,ZJV00A5X,ST12000NM0007,12000138625024,0,81,121814456,98,0,100,2,100,0,88,563463989,96,4174,100,0,100,1,,,,,100.0,0.0,100.0,0.0,,,68.0,32.0,,,100.0,21.0,100.0,289.0,32,32,100,0,100,0,200,0,100.0,4107.0,100.0,35339096392.0,100.0,43151908648.0
2018-06-27,ZJV00A5X,ST12000NM0007,12000138625024,0,82,146936112,98,0,100,2,100,0,88,566409086,96,4199,100,0,100,1,,,,,100.0,0.0,100.0,0.0,,,68.0,32.0,,,100.0,21.0,100.0,290.0,32,32,100,0,100,0,200,0,100.0,4132.0,100.0,35432442744.0,100.0,43327824584.0
2018-06-28,ZJV00A5X,ST12000NM0007,12000138625024,0,83,180689000,98,0,100,2,100,0,88,569299680,96,4222,100,0,100,1,,,,,100.0,0.0,100.0,0.0,,,67.0,33.0,,,100.0,21.0,100.0,291.0,33,33,100,0,100,0,200,0,100.0,4155.0,100.0,35515426712.0,100.0,43522734160.0
2018-06-29,ZJV00A5X,ST12000NM0007,12000138625024,0,83,217429536,98,0,100,2,100,0,88,572703749,96,4248,100,0,100,1,,,,,100.0,0.0,100.0,0.0,,,68.0,32.0,,,100.0,21.0,100.0,292.0,32,32,100,0,100,0,200,0,100.0,4180.0,100.0,35587651944.0,100.0,43731390224.0
2018-06-30,ZJV00A5X,ST12000NM0007,12000138625024,0,76,39816168,98,0,100,2,100,0,88,576015909,96,4277,100,0,100,1,,,,,100.0,0.0,100.0,0.0,,,67.0,33.0,,,100.0,21.0,100.0,294.0,33,33,100,0,100,0,200,0,100.0,4209.0,100.0,35683118264.0,100.0,43946591960.0
2018-07-01,ZJV00A5X,ST12000NM0007,12000138625024,0,72,15924792,98,0,100,2,100,0,88,578583152,96,4300,100,0,100,1,,,,,100.0,0.0,100.0,0.0,,,67.0,33.0,,,100.0,21.0,100.0,295.0,33,33,100,0,100,0,200,0,100.0,4232.0,100.0,35757326784.0,100.0,44092632728.0
2018-07-02,ZJV00A5X,ST12000NM0007,12000138625024,0,80,98351304,98,0,100,2,100,0,88,581880571,96,4324,100,0,100,1,,,,,100.0,0.0,100.0,0.0,,,67.0,33.0,,,100.0,21.0,100.0,296.0,33,33,100,0,100,0,200,0,100.0,4256.0,100.0,35859381816.0,100.0,44317144888.0
2018-07-03,ZJV00A5X,ST12000NM0007,12000138625024,0,79,79003128,98,0,100,2,100,0,88,584515803,96,4349,100,0,100,1,,,,,100.0,0.0,100.0,0.0,,,67.0,33.0,,,100.0,21.0,100.0,297.0,33,33,100,0,100,0,200,0,100.0,4280.0,100.0,35937374768.0,100.0,44463944472.0
2018-07-04,ZJV00A5X,ST12000NM0007,12000138625024,0,79,88746448,98,0,100,2,100,0,88,587426372,96,4372,100,0,100,1,,,,,100.0,0.0,100.0,0.0,,,67.0,33.0,,,100.0,21.0,100.0,298.0,33,33,100,0,100,0,200,0,100.0,4304.0,100.0,36016890800.0,100.0,44638312576.0
2018-07-05,ZJV00A5X,ST12000NM0007,12000138625024,0,80,100943168,98,0,100,2,100,0,88,590240093,95,4396,100,0,100,1,,,,,100.0,0.0,100.0,0.0,,,67.0,33.0,,,100.0,22.0,100.0,299.0,33,33,100,0,100,0,200,0,100.0,4327.0,100.0,36108154808.0,100.0,44803385960.0
2018-07-06,ZJV00A5X,ST12000NM0007,12000138625024,0,81,140762952,98,0,100,2,100,0,88,593697082,95,4420,100,0,100,1,,,,,100.0,0.0,100.0,0.0,,,68.0,32.0,,,100.0,23.0,100.0,300.0,32,32,100,0,100,0,200,0,100.0,4352.0,100.0,36225704840.0,100.0,44969796384.0
2018-07-07,ZJV00A5X,ST12000NM0007,12000138625024,0,83,182328320,98,0,100,2,100,0,88,596729692,95,4444,100,0,100,1,,,,,100.0,0.0,100.0,0.0,,,67.0,33.0,,,100.0,23.0,100.0,301.0,33,33,100,0,100,0,200,0,100.0,4375.0,100.0,36313242320.0,100.0,45167965160.0
2018-07-08,ZJV00A5X,ST12000NM0007,12000138625024,0,84,235005920,98,0,100,2,100,0,88,599977258,95,4468,100,0,100,1,,,,,100.0,0.0,100.0,0.0,,,67.0,33.0,,,100.0,23.0,100.0,302.0,33,33,100,0,100,0,200,0,100.0,4400.0,100.0,36421848088.0,100.0,45356177656.0
2018-07-09,ZJV00A5X,ST12000NM0007,12000138625024,0,84,226092752,98,0,100,2,100,0,88,602672506,95,4492,100,0,100,1,,,,,100.0,0.0,100.0,0.0,,,67.0,33.0,,,100.0,24.0,100.0,303.0,33,33,100,0,100,0,200,0,100.0,4423.0,100.0,36504931720.0,100.0,45508321512.0
2018-07-10,ZJV00A5X,ST12000NM0007,12000138625024,0,82.0,168793192.0,98.0,0.0,100.0,2.0,100.0,0.0,88.0,605142997.0,95.0,4517.0,100.0,0.0,100.0,1.0,,,,,100.0,0.0,100.0,0.0,,,67.0,33.0,,,100.0,24.0,100.0,304.0,33.0,33.0,100.0,0.0,100.0,0.0,200.0,0.0,100.0,4448.0,100.0,36583909608.0,100.0,45616184816.0
2018-07-11,ZJV00A5X,ST12000NM0007,12000138625024,0,78,60159056,98,0,100,2,100,0,88,608744869,95,4541,100,0,100,1,,,,,100.0,0.0,100.0,0.0,,,67.0,33.0,,,100.0,24.0,100.0,305.0,33,33,100,0,100,0,200,0,100.0,4472.0,100.0,36707760112.0,100.0,45871981544.0
2018-07-12,ZJV00A5X,ST12000NM0007,12000138625024,0,79,71650376,98,0,100,2,100,0,88,611528316,95,4565,100,0,100,1,,,,,100.0,0.0,100.0,0.0,,,67.0,33.0,,,100.0,24.0,100.0,306.0,33,33,100,0,100,0,200,0,100.0,4496.0,100.0,36778209248.0,100.0,46057164480.0
2018-07-13,ZJV00A5X,ST12000NM0007,12000138625024,0,81,113079288,98,0,100,2,100,0,88,614368348,95,4586,100,0,100,1,,,,,100.0,0.0,100.0,0.0,,,67.0,33.0,,,100.0,24.0,100.0,308.0,33,33,100,0,100,0,200,0,100.0,4517.0,100.0,36855374824.0,100.0,46265568464.0
2018-07-14,ZJV00A5X,ST12000NM0007,12000138625024,0,82,165611024,98,0,100,2,100,0,88,617568451,95,4611,100,0,100,1,,,,,100.0,0.0,100.0,0.0,,,67.0,33.0,,,100.0,25.0,100.0,309.0,33,33,100,0,100,0,200,0,100.0,4541.0,100.0,36936007696.0,100.0,46481608056.0
2018-07-15,ZJV00A5X,ST12000NM0007,12000138625024,0,83,185086040,98,0,100,2,100,0,88,620561046,95,4635,100,0,100,1,,,,,100.0,0.0,100.0,0.0,,,67.0,33.0,,,100.0,25.0,100.0,310.0,33,33,100,0,100,0,200,0,100.0,4565.0,100.0,37021955232.0,100.0,46659276216.0
2018-07-16,ZJV00A5X,ST12000NM0007,12000138625024,0,100,2377000,98,0,100,2,100,0,88,623707370,95,4659,100,0,100,1,,,,,100.0,0.0,100.0,0.0,,,67.0,33.0,,,100.0,25.0,100.0,311.0,33,33,100,0,100,0,200,0,100.0,4588.0,100.0,37123190760.0,100.0,46863613040.0
2018-07-17,ZJV00A5X,ST12000NM0007,12000138625024,0,81,122980464,98,0,100,2,100,0,88,627752263,95,4683,100,0,100,1,,,,,100.0,0.0,100.0,0.0,,,67.0,33.0,,,100.0,25.0,100.0,312.0,33,33,100,0,100,0,200,0,100.0,4613.0,100.0,37247996056.0,100.0,47103551952.0
2018-07-18,ZJV00A5X,ST12000NM0007,12000138625024,0,84,242365720,98,0,100,2,100,0,88,631237127,95,4707,100,0,100,1,,,,,100.0,0.0,100.0,0.0,,,67.0,33.0,,,100.0,26.0,100.0,313.0,33,33,100,0,100,0,200,0,100.0,4637.0,100.0,37324249360.0,100.0,47390824632.0
2018-07-19,ZJV00A5X,ST12000NM0007,12000138625024,0,100,1988184,98,0,100,2,100,0,88,634003963,95,4731,100,0,100,1,,,,,100.0,0.0,100.0,0.0,,,67.0,33.0,,,100.0,26.0,100.0,314.0,33,33,100,0,100,0,200,0,100.0,4660.0,100.0,37408454552.0,100.0,47554523696.0
2018-07-20,ZJV00A5X,ST12000NM0007,12000138625024,0,77,45208552,98,0,100,2,100,0,88,637084213,95,4755,100,0,100,1,,,,,100.0,0.0,100.0,0.0,,,67.0,33.0,,,100.0,26.0,100.0,315.0,33,33,100,0,100,0,200,0,100.0,4684.0,100.0,37508153144.0,100.0,47742186312.0
2018-07-21,ZJV00A5X,ST12000NM0007,12000138625024,0,80,101805984,98,0,100,2,100,0,88,640322340,95,4779,100,0,100,1,,,,,100.0,0.0,100.0,0.0,,,67.0,33.0,,,100.0,26.0,100.0,316.0,33,33,100,0,100,0,200,0,100.0,4708.0,100.0,37597767360.0,100.0,47953310200.0
2018-07-22,ZJV00A5X,ST12000NM0007,12000138625024,0,80,111093456,98,0,100,2,100,0,88,643173658,95,4803,100,0,100,1,,,,,100.0,0.0,100.0,0.0,,,68.0,32.0,,,100.0,26.0,100.0,317.0,32,32,100,0,100,0,200,0,100.0,4732.0,100.0,37681734344.0,100.0,48122771328.0
2018-07-23,ZJV00A5X,ST12000NM0007,12000138625024,0,81,115185440,98,0,100,2,100,0,88,645960081,95,4827,100,0,100,1,,,,,100.0,0.0,100.0,0.0,,,67.0,33.0,,,100.0,26.0,100.0,318.0,33,33,100,0,100,0,200,0,100.0,4756.0,100.0,37766351144.0,100.0,48286387232.0
2018-07-24,ZJV00A5X,ST12000NM0007,12000138625024,0,81,125002016,98,0,100,2,100,0,88,648804209,95,4851,100,0,100,1,,,,,100.0,0.0,100.0,0.0,,,67.0,33.0,,,100.0,26.0,100.0,319.0,33,33,100,0,100,0,200,0,100.0,4779.0,100.0,37862437792.0,100.0,48444258080.0
2018-07-25,ZJV00A5X,ST12000NM0007,12000138625024,0,82.0,164065760.0,98.0,0.0,100.0,2.0,100.0,0.0,88.0,651830247.0,95.0,4875.0,100.0,0.0,100.0,1.0,,,,,100.0,0.0,100.0,0.0,,,67.0,33.0,,,100.0,27.0,100.0,320.0,33.0,33.0,100.0,0.0,100.0,0.0,200.0,0.0,100.0,4804.0,100.0,37963603912.0,100.0,48626296360.0
2018-07-26,ZJV00A5X,ST12000NM0007,12000138625024,0,82,153724728,98,0,100,2,100,0,88,654376941,95,4899,100,0,100,1,,,,,100.0,0.0,100.0,0.0,,,67.0,33.0,,,100.0,28.0,100.0,321.0,33,33,100,0,100,0,200,0,100.0,4827.0,100.0,38037471960.0,100.0,48786227960.0
2018-07-27,ZJV00A5X,ST12000NM0007,12000138625024,0,81,140034416,98,0,100,2,100,0,88,656933070,95,4923,100,0,100,1,,,,,100.0,0.0,100.0,0.0,,,67.0,33.0,,,100.0,29.0,100.0,322.0,33,33,100,0,100,0,200,0,100.0,4852.0,100.0,38118307016.0,100.0,48935843272.0
2018-07-28,ZJV00A5X,ST12000NM0007,12000138625024,0,82,161820512,98,0,100,2,100,0,88,660188701,95,4947,100,0,100,1,,,,,100.0,0.0,100.0,0.0,,,67.0,33.0,,,100.0,29.0,100.0,325.0,33,33,100,0,100,0,200,0,100.0,4875.0,100.0,38181803848.0,100.0,49138273192.0
2018-07-29,ZJV00A5X,ST12000NM0007,12000138625024,0,82,155358456,98,0,100,2,100,0,88,662723862,95,4971,100,0,100,1,,,,,100.0,0.0,100.0,0.0,,,68.0,32.0,,,100.0,30.0,100.0,326.0,32,32,100,0,100,0,200,0,100.0,4899.0,100.0,38237444912.0,100.0,49320310720.0
2018-07-30,ZJV00A5X,ST12000NM0007,12000138625024,0,81,121462480,98,0,100,2,100,0,88,665273812,95,4995,100,0,100,1,,,,,100.0,0.0,100.0,0.0,,,67.0,33.0,,,100.0,30.0,100.0,327.0,33,33,100,0,100,0,200,0,100.0,4923.0,100.0,38301954888.0,100.0,49466045600.0
2018-07-31,ZJV00A5X,ST12000NM0007,12000138625024,0,79,78650168,98,0,100,2,100,0,88,667786401,95,5019,100,0,100,1,,,,,100.0,0.0,100.0,0.0,,,68.0,32.0,,,100.0,31.0,100.0,328.0,32,32,100,0,100,0,200,0,100.0,4946.0,100.0,38370330568.0,100.0,49598998608.0
2018-08-01,ZJV00A5X,ST12000NM0007,12000138625024,0,78,60994992,98,0,100,2,100,0,88,670329210,95,5042,100,0,100,1,,,,,100.0,0.0,100.0,0.0,,,67.0,33.0,,,100.0,32.0,100.0,329.0,33,33,100,0,100,0,200,0,100.0,4970.0,100.0,38435419184.0,100.0,49760395464.0
2018-08-02,ZJV00A5X,ST12000NM0007,12000138625024,0,84,232519640,98,0,100,2,100,0,88,672582955,95,5067,100,0,100,1,,,,,100.0,0.0,100.0,0.0,,,67.0,33.0,,,100.0,32.0,100.0,330.0,33,33,100,0,100,0,200,0,100.0,4994.0,100.0,38504479576.0,100.0,49862859720.0
2018-08-03,ZJV00A5X,ST12000NM0007,12000138625024,0,82,168040032,98,0,100,2,100,0,88,674881167,95,5091,100,0,100,1,,,,,100.0,0.0,100.0,0.0,,,68.0,32.0,,,100.0,32.0,100.0,331.0,32,32,100,0,100,0,200,0,100.0,5018.0,100.0,38573557520.0,100.0,49973443168.0
2018-08-04,ZJV00A5X,ST12000NM0007,12000138625024,0,82,155743296,98,0,100,2,100,0,88,677530340,95,5115,100,0,100,1,,,,,100.0,0.0,100.0,0.0,,,67.0,33.0,,,100.0,32.0,100.0,332.0,33,33,100,0,100,0,200,0,100.0,5042.0,100.0,38637492712.0,100.0,50141351936.0
2018-08-05,ZJV00A5X,ST12000NM0007,12000138625024,0,82,151428416,98,0,100,2,100,0,88,680127525,95,5139,100,0,100,1,,,,,100.0,0.0,100.0,0.0,,,67.0,33.0,,,100.0,32.0,100.0,333.0,33,33,100,0,100,0,200,0,100.0,5067.0,100.0,38706245296.0,100.0,50312425312.0
2018-08-06,ZJV00A5X,ST12000NM0007,12000138625024,0,81,119006896,98,0,100,2,100,0,88,682544601,95,5163,100,0,100,1,,,,,100.0,0.0,100.0,0.0,,,68.0,32.0,,,100.0,33.0,100.0,334.0,32,32,100,0,100,0,200,0,100.0,5090.0,100.0,38777035296.0,100.0,50453354440.0
2018-08-07,ZJV00A5X,ST12000NM0007,12000138625024,0,79,84016112,98,0,100,2,100,0,88,685093016,95,5187,100,0,100,1,,,,,100.0,0.0,100.0,0.0,,,68.0,32.0,,,100.0,34.0,100.0,335.0,32,32,100,0,100,0,200,0,100.0,5114.0,100.0,38866124128.0,100.0,50573415568.0
2018-08-08,ZJV00A5X,ST12000NM0007,12000138625024,0,81,113172112,98,0,100,2,100,0,88,688458922,95,5211,100,0,100,1,,,,,100.0,0.0,100.0,0.0,,,68.0,32.0,,,100.0,34.0,100.0,336.0,32,32,100,0,100,0,200,0,100.0,5138.0,100.0,38942416920.0,100.0,50770419552.0
2018-08-09,ZJV00A5X,ST12000NM0007,12000138625024,0,80,91526672,98,0,100,2,100,0,88,690962921,95,5235,100,0,100,1,,,,,100.0,0.0,100.0,0.0,,,67.0,33.0,,,100.0,35.0,100.0,337.0,33,33,100,0,100,0,200,0,100.0,5162.0,100.0,39019210656.0,100.0,50916121232.0
2018-08-10,ZJV00A5X,ST12000NM0007,12000138625024,0,78,59752728,98,0,100,2,100,0,88,693586792,94,5259,100,0,100,1,,,,,100.0,0.0,100.0,0.0,,,67.0,33.0,,,100.0,36.0,100.0,339.0,33,33,100,0,100,0,200,0,100.0,5185.0,100.0,39104430936.0,100.0,51043267768.0
2018-08-11,ZJV00A5X,ST12000NM0007,12000138625024,0,79,71624952,98,0,100,2,100,0,88,696510824,94,5283,100,0,100,1,,,,,100.0,0.0,100.0,0.0,,,67.0,33.0,,,100.0,37.0,100.0,340.0,33,33,100,0,100,0,200,0,100.0,5209.0,100.0,39191969160.0,100.0,51211742400.0
2018-08-12,ZJV00A5X,ST12000NM0007,12000138625024,0,79,76853440,98,0,100,2,100,0,88,699312435,94,5307,100,0,100,1,,,,,100.0,0.0,100.0,0.0,,,67.0,33.0,,,100.0,38.0,100.0,341.0,33,33,100,0,100,0,200,0,100.0,5233.0,100.0,39278656976.0,100.0,51374423736.0
2018-08-13,ZJV00A5X,ST12000NM0007,12000138625024,0,80,93442280,98,0,100,2,100,0,88,702026446,94,5331,100,0,100,1,,,,,100.0,0.0,100.0,0.0,,,67.0,33.0,,,100.0,38.0,100.0,342.0,33,33,100,0,100,0,200,0,100.0,5257.0,100.0,39355995960.0,100.0,51557814408.0
2018-08-14,ZJV00A5X,ST12000NM0007,12000138625024,0,79.0,75030392.0,98.0,0.0,100.0,2.0,100.0,0.0,88.0,704464587.0,94.0,5354.0,100.0,0.0,100.0,1.0,,,,,100.0,0.0,100.0,0.0,,,68.0,32.0,,,100.0,39.0,100.0,343.0,32.0,32.0,100.0,0.0,100.0,0.0,200.0,0.0,100.0,5280.0,100.0,39424601592.0,100.0,51714937576.0
2018-08-15,ZJV00A5X,ST12000NM0007,12000138625024,0,80.0,109256584.0,98.0,0.0,100.0,2.0,100.0,0.0,88.0,707447750.0,94.0,5379.0,100.0,0.0,100.0,1.0,,,,,100.0,0.0,100.0,0.0,,,68.0,32.0,,,100.0,39.0,100.0,344.0,32.0,32.0,100.0,0.0,100.0,0.0,200.0,0.0,100.0,5305.0,100.0,39501103304.0,100.0,51916802688.0
2018-08-16,ZJV00A5X,ST12000NM0007,12000138625024,0,82,155761440,98,0,100,2,100,0,89,711121195,94,5406,100,0,100,1,,,,,100.0,0.0,100.0,0.0,,,68.0,32.0,,,100.0,39.0,100.0,345.0,32,32,100,0,100,0,200,0,100.0,5332.0,100.0,39602380696.0,100.0,52106170912.0
2018-08-17,ZJV00A5X,ST12000NM0007,12000138625024,0,82,147197552,98,0,100,2,100,0,89,713771648,94,5431,100,0,100,1,,,,,100.0,0.0,100.0,0.0,,,67.0,33.0,,,100.0,40.0,100.0,346.0,33,33,100,0,100,0,200,0,100.0,5357.0,100.0,39688373880.0,100.0,52255754576.0
2018-08-18,ZJV00A5X,ST12000NM0007,12000138625024,0,83,199216592,98,0,100,2,100,0,89,717020222,94,5454,100,0,100,1,,,,,100.0,0.0,100.0,0.0,,,67.0,33.0,,,100.0,40.0,100.0,347.0,33,33,100,0,100,0,200,0,100.0,5380.0,100.0,39787851360.0,100.0,52452436968.0
2018-08-19,ZJV00A5X,ST12000NM0007,12000138625024,0,83,221778704,98,0,100,2,100,0,89,719862512,94,5479,100,0,100,1,,,,,100.0,0.0,100.0,0.0,,,67.0,33.0,,,100.0,40.0,100.0,348.0,33,33,100,0,100,0,200,0,100.0,5405.0,100.0,39870510592.0,100.0,52636480480.0
2018-08-20,ZJV00A5X,ST12000NM0007,12000138625024,0,84,242522312,98,0,100,2,100,0,89,722775248,94,5503,100,0,100,1,,,,,100.0,0.0,100.0,0.0,,,68.0,32.0,,,100.0,40.0,100.0,349.0,32,32,100,0,100,0,200,0,100.0,5429.0,100.0,39963019488.0,100.0,52808855896.0
2018-08-21,ZJV00A5X,ST12000NM0007,12000138625024,0,83,222565552,98,0,100,2,100,0,89,725336325,94,5527,100,0,100,1,,,,,100.0,0.0,100.0,0.0,,,67.0,33.0,,,100.0,40.0,100.0,350.0,33,33,100,0,100,0,200,0,100.0,5452.0,100.0,40042297600.0,100.0,52953761664.0
2018-08-22,ZJV00A5X,ST12000NM0007,12000138625024,0,76,38599280,98,0,100,2,100,0,89,728455533,94,5550,100,0,100,1,,,,,100.0,0.0,100.0,0.0,,,67.0,33.0,,,100.0,41.0,100.0,351.0,33,33,100,0,100,0,200,0,100.0,5476.0,100.0,40128642456.0,100.0,53171731968.0
2018-08-23,ZJV00A5X,ST12000NM0007,12000138625024,0,79,82869344,98,0,100,2,100,0,89,731353583,94,5574,100,0,100,1,,,,,100.0,0.0,100.0,0.0,,,67.0,33.0,,,100.0,41.0,100.0,352.0,33,33,100,0,100,0,200,0,100.0,5499.0,100.0,40202710688.0,100.0,53386074432.0
2018-08-24,ZJV00A5X,ST12000NM0007,12000138625024,0,82,144035048,98,0,100,2,100,0,89,734372691,94,5599,100,0,100,1,,,,,100.0,0.0,100.0,0.0,,,67.0,33.0,,,100.0,41.0,100.0,353.0,33,33,100,0,100,0,200,0,100.0,5524.0,100.0,40270957648.0,100.0,53623133856.0
2018-08-25,ZJV00A5X,ST12000NM0007,12000138625024,0,84,226493824,98,0,100,2,100,0,89,737591232,94,5623,100,0,100,1,,,,,100.0,0.0,100.0,0.0,,,67.0,33.0,,,100.0,41.0,100.0,354.0,33,33,100,0,100,0,200,0,100.0,5548.0,100.0,40329681536.0,100.0,53891009416.0
2018-08-26,ZJV00A5X,ST12000NM0007,12000138625024,0,76,38293024,98,0,100,2,100,0,89,740336286,94,5646,100,0,100,1,,,,,100.0,0.0,100.0,0.0,,,67.0,33.0,,,100.0,41.0,100.0,355.0,33,33,100,0,100,0,200,0,100.0,5571.0,100.0,40375245824.0,100.0,54145525880.0
2018-08-27,ZJV00A5X,ST12000NM0007,12000138625024,0,80,101156880,98,0,100,2,100,0,89,743418158,94,5670,100,0,100,1,,,,,100.0,0.0,100.0,0.0,,,68.0,32.0,,,100.0,41.0,100.0,356.0,32,32,100,0,100,0,200,0,100.0,5595.0,100.0,40454293200.0,100.0,54373483056.0
2018-08-28,ZJV00A5X,ST12000NM0007,12000138625024,0,80,111214408,98,0,100,2,100,0,89,746079143,94,5695,100,0,100,1,,,,,100.0,0.0,100.0,0.0,,,67.0,33.0,,,100.0,41.0,100.0,357.0,33,33,100,0,100,0,200,0,100.0,5620.0,100.0,40534854808.0,100.0,54547119664.0
2018-08-29,ZJV00A5X,ST12000NM0007,12000138625024,0,83,214524648,98,0,100,2,100,0,89,749697932,94,5719,100,0,100,1,,,,,100.0,0.0,100.0,0.0,,,66.0,34.0,,,100.0,41.0,100.0,358.0,34,34,100,0,100,0,200,0,100.0,5644.0,100.0,40635333112.0,100.0,54794092288.0
2018-08-30,ZJV00A5X,ST12000NM0007,12000138625024,0,82,165985720,98,0,100,2,100,0,89,751876958,94,5736,100,0,100,1,,,,,100.0,0.0,100.0,0.0,,,68.0,32.0,,,100.0,41.0,100.0,359.0,32,32,100,0,100,0,200,0,100.0,5661.0,100.0,40698841360.0,100.0,54926185752.0
2018-08-31,ZJV00A5X,ST12000NM0007,12000138625024,0,83,209823536,98,0,100,2,100,0,89,754737142,94,5760,100,0,100,1,,,,,100.0,0.0,100.0,0.0,,,68.0,32.0,,,100.0,41.0,100.0,360.0,32,32,100,0,100,0,200,0,100.0,5685.0,100.0,40788883456.0,100.0,55124122136.0
2018-09-01,ZJV00A5X,ST12000NM0007,12000138625024,0,83,220692120,98,0,100,2,100,0,89,757302357,94,5785,100,0,100,1,,,,,100.0,0.0,100.0,0.0,,,68.0,32.0,,,100.0,41.0,100.0,361.0,32,32,100,0,100,0,200,0,100.0,5709.0,100.0,40870130736.0,100.0,55297884128.0
2018-09-02,ZJV00A5X,ST12000NM0007,12000138625024,0,74,22544856,98,0,100,2,100,0,89,760091824,94,5808,100,0,100,1,,,,,100.0,0.0,100.0,0.0,,,67.0,33.0,,,100.0,41.0,100.0,362.0,33,33,100,0,100,0,200,0,100.0,5733.0,100.0,40975117376.0,100.0,55483031824.0
2018-09-03,ZJV00A5X,ST12000NM0007,12000138625024,0,74,27064520,93,0,100,6,100,0,89,762470993,94,5834,100,0,100,5,,,,,100.0,0.0,100.0,0.0,,,70.0,30.0,,,100.0,41.0,100.0,368.0,30,30,100,0,100,0,200,0,100.0,5758.0,100.0,41037410976.0,100.0,55669398598.0
2018-09-04,ZJV00A5X,ST12000NM0007,12000138625024,0,72,14923400,93,0,100,6,100,0,89,764631113,94,5857,100,0,100,5,,,,,100.0,0.0,100.0,0.0,,,69.0,31.0,,,100.0,41.0,100.0,369.0,31,31,100,0,100,0,200,0,100.0,5781.0,100.0,41101951336.0,100.0,55836857814.0
2018-09-05,ZJV00A5X,ST12000NM0007,12000138625024,0,77,52123520,93,0,100,6,100,0,89,767057053,94,5881,100,0,100,5,,,,,100.0,0.0,100.0,0.0,,,70.0,30.0,,,100.0,42.0,100.0,370.0,30,30,100,0,100,0,200,0,100.0,5805.0,100.0,41161288576.0,100.0,56058861342.0
2018-09-06,ZJV00A5X,ST12000NM0007,12000138625024,0,80,90258672,93,0,100,6,100,0,89,770081126,94,5909,100,0,100,5,,,,,100.0,0.0,100.0,0.0,,,70.0,30.0,,,100.0,42.0,100.0,371.0,30,30,100,0,100,0,200,0,100.0,5833.0,100.0,41252325640.0,100.0,56250100086.0
2018-09-07,ZJV00A5X,ST12000NM0007,12000138625024,0,73,20267928,93,0,100,6,100,0,89,771677620,94,5926,100,0,100,5,,,,,100.0,0.0,100.0,0.0,,,71.0,29.0,,,100.0,43.0,100.0,372.0,29,29,100,0,100,0,200,0,100.0,5849.0,100.0,41304129088.0,100.0,56372446694.0
2018-09-08,ZJV00A5X,ST12000NM0007,12000138625024,0,82,154093322,91,0,100,7,100,0,89,775295395,94,5958,100,0,100,6,,,,,100.0,0.0,100.0,0.0,,,70.0,30.0,,,100.0,44.0,100.0,374.0,30,30,100,0,100,0,200,0,100.0,5881.0,100.0,41403544184.0,100.0,56650997872.0
2018-09-09,ZJV00A5X,ST12000NM0007,12000138625024,0,82,148770648,91,0,100,7,100,0,89,777372898,94,5981,100,0,100,6,,,,,100.0,0.0,100.0,0.0,,,69.0,31.0,,,100.0,44.0,100.0,375.0,31,31,100,0,100,0,200,0,100.0,5904.0,100.0,41453687648.0,100.0,56839672808.0
2018-09-10,ZJV00A5X,ST12000NM0007,12000138625024,0,82,176616120,91,0,100,7,100,0,89,779754899,94,6005,100,0,100,6,,,,,100.0,0.0,100.0,0.0,,,70.0,30.0,,,100.0,44.0,100.0,376.0,30,30,100,0,100,0,200,0,100.0,5929.0,100.0,41505118296.0,100.0,57060228312.0
2018-09-11,ZJV00A5X,ST12000NM0007,12000138625024,0,84,236926024,91,0,100,7,100,0,89,782921037,94,6029,100,0,100,6,,,,,100.0,0.0,100.0,0.0,,,70.0,30.0,,,100.0,44.0,100.0,377.0,30,30,100,0,100,0,200,0,100.0,5952.0,100.0,41571040384.0,100.0,57298756824.0
2018-09-12,ZJV00A5X,ST12000NM0007,12000138625024,0,80,95154416,91,0,100,7,100,0,89,785891193,94,6053,100,0,100,6,,,,,100.0,0.0,100.0,0.0,,,70.0,30.0,,,100.0,44.0,100.0,378.0,30,30,100,0,100,0,200,0,100.0,5976.0,100.0,41640780168.0,100.0,57575526768.0
2018-09-13,ZJV00A5X,ST12000NM0007,12000138625024,0,81,128034448,91,0,100,7,100,0,89,788291519,94,6073,100,0,100,6,,,,,100.0,0.0,100.0,0.0,,,70.0,30.0,,,100.0,44.0,100.0,379.0,30,30,100,0,100,0,200,0,100.0,5996.0,100.0,41729620928.0,100.0,57763706856.0
2018-09-14,ZJV00A5X,ST12000NM0007,12000138625024,0,82,153847104,91,0,100,7,100,0,89,790707780,94,6096,100,0,100,6,,,,,100.0,0.0,100.0,0.0,,,65.0,35.0,,,100.0,44.0,100.0,379.0,35,35,100,0,100,0,200,0,100.0,6019.0,100.0,41795579712.0,100.0,57967701576.0
2018-09-15,ZJV00A5X,ST12000NM0007,12000138625024,0,83,221642904,91,0,100,7,100,0,89,793729295,94,6121,100,0,100,6,,,,,100.0,0.0,100.0,0.0,,,66.0,34.0,,,100.0,44.0,100.0,381.0,34,34,100,0,100,0,200,0,100.0,6043.0,100.0,41890489528.0,100.0,58184730376.0
2018-09-16,ZJV00A5X,ST12000NM0007,12000138625024,0,71,11985512,91,0,100,7,100,0,89,796362439,93,6144,100,0,100,6,,,,,100.0,0.0,100.0,0.0,,,66.0,34.0,,,100.0,44.0,100.0,381.0,34,34,100,0,100,0,200,0,100.0,6067.0,100.0,41975711688.0,100.0,58378132328.0
2018-09-17,ZJV00A5X,ST12000NM0007,12000138625024,0,76,41241720,91,0,100,7,100,0,89,798874964,93,6168,100,0,100,6,,,,,100.0,0.0,100.0,0.0,,,66.0,34.0,,,100.0,44.0,100.0,383.0,34,34,100,0,100,0,200,0,100.0,6091.0,100.0,42040062584.0,100.0,58587178272.0
2018-09-18,ZJV00A5X,ST12000NM0007,12000138625024,0,79,89115808,91,0,100,7,100,0,89,801444851,93,6193,100,0,100,6,,,,,100.0,0.0,100.0,0.0,,,68.0,32.0,,,100.0,45.0,100.0,384.0,32,32,100,0,100,0,200,0,100.0,6115.0,100.0,42110179272.0,100.0,58809076320.0
2018-09-19,ZJV00A5X,ST12000NM0007,12000138625024,0,82,174436064,91,0,100,7,100,0,89,804436965,93,6217,100,0,100,6,,,,,100.0,0.0,100.0,0.0,,,67.0,33.0,,,100.0,45.0,100.0,385.0,33,33,100,0,100,0,200,0,100.0,6139.0,100.0,42183660176.0,100.0,59065056544.0
2018-09-20,ZJV00A5X,ST12000NM0007,12000138625024,0,74,25556784,91,0,100,7,100,0,89,808098160,93,6241,100,0,100,6,,,,,100.0,0.0,100.0,0.0,,,68.0,32.0,,,100.0,46.0,100.0,386.0,32,32,100,0,100,0,200,0,100.0,6163.0,100.0,42279170984.0,100.0,59308947880.0
2018-09-21,ZJV00A5X,ST12000NM0007,12000138625024,0,79,88079952,91,0,100,7,100,0,89,811064443,93,6264,100,0,100,6,,,,,100.0,0.0,100.0,0.0,,,68.0,32.0,,,100.0,46.0,100.0,387.0,32,32,100,0,100,0,200,0,100.0,6186.0,100.0,42368539824.0,100.0,59526242840.0
2018-09-22,ZJV00A5X,ST12000NM0007,12000138625024,0,81,119492640,91,0,100,7,100,0,89,813794432,93,6288,100,0,100,6,,,,,100.0,0.0,100.0,0.0,,,68.0,32.0,,,100.0,47.0,100.0,388.0,32,32,100,0,100,0,200,0,100.0,6209.0,100.0,42448576768.0,100.0,59721759224.0
2018-09-23,ZJV00A5X,ST12000NM0007,12000138625024,0,83,220288928,91,0,100,7,100,0,89,816848547,93,6316,100,0,100,6,,,,,100.0,0.0,100.0,0.0,,,68.0,32.0,,,100.0,47.0,100.0,389.0,32,32,100,0,100,0,200,0,100.0,6237.0,100.0,42527325808.0,100.0,59987947464.0
2018-09-24,ZJV00A5X,ST12000NM0007,12000138625024,0,72,15857552,91,0,100,7,100,0,89,819445030,93,6340,100,0,100,6,,,,,100.0,0.0,100.0,0.0,,,68.0,32.0,,,100.0,48.0,100.0,390.0,32,32,100,0,100,0,200,0,100.0,6261.0,100.0,42612455736.0,100.0,60186667968.0
2018-09-25,ZJV00A5X,ST12000NM0007,12000138625024,0,80,94214136,91,0,100,7,100,0,89,822375868,93,6363,100,0,100,6,,,,,100.0,0.0,100.0,0.0,,,68.0,32.0,,,100.0,48.0,100.0,391.0,32,32,100,0,100,0,200,0,100.0,6284.0,100.0,42717984088.0,100.0,60403636880.0
2018-09-26,ZJV00A5X,ST12000NM0007,12000138625024,0,82,161787800,91,0,100,7,100,0,89,825396083,93,6388,100,0,100,6,,,,,100.0,0.0,100.0,0.0,,,68.0,32.0,,,100.0,48.0,100.0,392.0,32,32,100,0,100,0,200,0,100.0,6309.0,100.0,42782762768.0,100.0,60650572968.0
2018-09-27,ZJV00A5X,ST12000NM0007,12000138625024,0,84,225373552,91,0,100,7,100,0,89,828175084,93,6412,100,0,100,6,,,,,100.0,0.0,100.0,0.0,,,68.0,32.0,,,100.0,49.0,100.0,393.0,32,32,100,0,100,0,200,0,100.0,6333.0,100.0,42872042760.0,100.0,60869019536.0
2018-09-28,ZJV00A5X,ST12000NM0007,12000138625024,0,83,189385112,91,0,100,7,100,0,89,830078159,93,6430,100,0,100,6,,,,,100.0,0.0,100.0,0.0,,,69.0,31.0,,,100.0,50.0,100.0,394.0,31,31,100,0,100,0,200,0,100.0,6351.0,100.0,42910251704.0,100.0,61038962856.0
2018-09-29,ZJV00A5X,ST12000NM0007,12000138625024,0,82,153147088,91,0,100,7,100,0,89,832011641,93,6453,100,0,100,6,,,,,100.0,0.0,100.0,0.0,,,67.0,33.0,,,100.0,50.0,100.0,395.0,33,33,100,0,100,0,200,0,100.0,6374.0,100.0,42920568264.0,100.0,61236548952.0
2018-09-30,ZJV00A5X,ST12000NM0007,12000138625024,0,80,106198328,91,0,100,7,100,0,89,834093488,93,6477,100,0,100,6,,,,,100.0,0.0,100.0,0.0,,,68.0,32.0,,,100.0,51.0,100.0,396.0,32,32,100,0,100,0,200,0,100.0,6398.0,100.0,42928539632.0,100.0,61425769536.0
2018-10-01,ZJV00A5X,ST12000NM0007,12000138625024,0,81,138567944,91,0,100,7,100,0,89,838989024,93,6501,100,0,100,6,,,,,100.0,0.0,100.0,0.0,,,68.0,32.0,,,100.0,51.0,100.0,397.0,32,32,100,0,100,0,200,0,100.0,6422.0,100.0,43172323240.0,100.0,61702636960.0
2018-10-02,ZJV00A5X,ST12000NM0007,12000138625024,0,66,4314376,91,0,100,7,100,0,89,844890379,93,6524,100,0,100,6,,,,,100.0,0.0,100.0,0.0,,,67.0,33.0,,,100.0,51.0,100.0,398.0,33,33,100,0,100,0,200,0,100.0,6445.0,100.0,43480424424.0,100.0,61992704456.0
2018-10-03,ZJV00A5X,ST12000NM0007,12000138625024,0,80,97667800,91,0,100,7,100,0,89,850784855,93,6549,100,0,100,6,,,,,100.0,0.0,100.0,0.0,,,67.0,33.0,,,100.0,51.0,100.0,399.0,33,33,100,0,100,0,200,0,100.0,6469.0,100.0,43785181120.0,100.0,62269582688.0
2018-10-04,ZJV00A5X,ST12000NM0007,12000138625024,0,81.0,131923824.0,91.0,0.0,100.0,7.0,100.0,0.0,89.0,856879967.0,93.0,6574.0,100.0,0.0,100.0,6.0,,,,,100.0,0.0,100.0,0.0,,,67.0,33.0,,,100.0,52.0,100.0,400.0,33.0,33.0,100.0,0.0,100.0,0.0,200.0,0.0,100.0,6495.0,100.0,44026983560.0,100.0,62550317856.0
2018-10-05,ZJV00A5X,ST12000NM0007,12000138625024,0,76,38499056,91,0,100,7,100,0,89,861443761,93,6597,100,0,100,6,,,,,100.0,0.0,100.0,0.0,,,67.0,33.0,,,100.0,53.0,100.0,401.0,33,33,100,0,100,0,200,0,100.0,6517.0,100.0,44200516736.0,100.0,62771641400.0
2018-10-06,ZJV00A5X,ST12000NM0007,12000138625024,0,82,172656168,91,0,100,7,100,0,89,866143283,93,6621,100,0,100,6,,,,,100.0,0.0,100.0,0.0,,,67.0,33.0,,,100.0,53.0,100.0,402.0,33,33,100,0,100,0,200,0,100.0,6541.0,100.0,44396390744.0,100.0,62954065272.0
2018-10-07,ZJV00A5X,ST12000NM0007,12000138625024,0,82,154421008,91,0,100,7,100,0,89,871468603,93,6646,100,0,100,6,,,,,100.0,0.0,100.0,0.0,,,67.0,33.0,,,100.0,53.0,100.0,403.0,33,33,100,0,100,0,200,0,100.0,6566.0,100.0,44609941720.0,100.0,63210560912.0
2018-10-08,ZJV00A5X,ST12000NM0007,12000138625024,0,81,113633464,91,0,100,7,100,0,89,876095593,93,6668,100,0,100,6,,,,,100.0,0.0,100.0,0.0,,,67.0,33.0,,,100.0,53.0,100.0,404.0,33,33,100,0,100,0,200,0,100.0,6588.0,100.0,44851071816.0,100.0,63416924784.0
2018-10-09,ZJV00A5X,ST12000NM0007,12000138625024,0,81.0,129640760.0,91.0,0.0,100.0,7.0,100.0,0.0,89.0,881814358.0,93.0,6694.0,100.0,0.0,100.0,6.0,,,,,100.0,0.0,100.0,0.0,,,67.0,33.0,,,100.0,53.0,100.0,405.0,33.0,33.0,100.0,0.0,100.0,0.0,200.0,0.0,100.0,6614.0,100.0,45092017104.0,100.0,63680268224.0
2018-10-10,ZJV00A5X,ST12000NM0007,12000138625024,0,83,198815464,91,0,100,7,100,0,89,885907581,93,6716,100,0,100,6,,,,,100.0,0.0,100.0,0.0,,,67.0,33.0,,,100.0,53.0,100.0,406.0,33,33,100,0,100,0,200,0,100.0,6636.0,100.0,45169342152.0,100.0,63916258512.0
2018-10-11,ZJV00A5X,ST12000NM0007,12000138625024,0,83,184277552,91,0,100,7,100,0,89,889442006,93,6740,100,0,100,6,,,,,100.0,0.0,100.0,0.0,,,68.0,32.0,,,100.0,54.0,100.0,407.0,32,32,100,0,100,0,200,0,100.0,6659.0,100.0,45180845008.0,100.0,64134358440.0
2018-10-12,ZJV00A5X,ST12000NM0007,12000138625024,0,82,162733840,91,0,100,7,100,0,90,891902753,93,6764,100,0,100,6,,,,,100.0,0.0,100.0,0.0,,,68.0,32.0,,,100.0,55.0,100.0,408.0,32,32,100,0,100,0,200,0,100.0,6684.0,100.0,45186171416.0,100.0,64351628952.0
2018-10-13,ZJV00A5X,ST12000NM0007,12000138625024,0,80,98137728,91,0,100,7,100,0,90,894209960,93,6789,100,0,100,6,,,,,100.0,0.0,100.0,0.0,,,68.0,32.0,,,100.0,56.0,100.0,409.0,32,32,100,0,100,0,200,0,100.0,6708.0,100.0,45198145152.0,100.0,64519199744.0
2018-10-14,ZJV00A5X,ST12000NM0007,12000138625024,0,77,51092344,91,0,100,7,100,0,90,895590940,93,6813,100,0,100,6,,,,,100.0,0.0,100.0,0.0,,,68.0,32.0,,,100.0,57.0,100.0,410.0,32,32,100,0,100,0,200,0,100.0,6733.0,100.0,45203690976.0,100.0,64710749280.0
2018-10-15,ZJV00A5X,ST12000NM0007,12000138625024,0,75,29278648,91,0,100,7,100,0,90,897393437,93,6838,100,0,100,6,,,,,100.0,0.0,100.0,0.0,,,69.0,31.0,,,100.0,57.0,100.0,411.0,31,31,100,0,100,0,200,0,100.0,6757.0,100.0,45210684792.0,100.0,64926082400.0
2018-10-16,ZJV00A5X,ST12000NM0007,12000138625024,0,83,206674640,91,0,100,7,100,0,90,898775001,93,6862,100,0,100,6,,,,,100.0,0.0,100.0,0.0,,,69.0,31.0,,,100.0,57.0,100.0,412.0,31,31,100,0,100,0,200,0,100.0,6781.0,100.0,45217704856.0,100.0,65096458328.0
2018-10-17,ZJV00A5X,ST12000NM0007,12000138625024,0,82,147933336,91,0,100,7,100,0,90,900905437,93,6885,100,0,100,6,,,,,100.0,0.0,100.0,0.0,,,69.0,31.0,,,100.0,58.0,100.0,413.0,31,31,100,0,100,0,200,0,100.0,6804.0,100.0,45229646712.0,100.0,65269915864.0
2018-10-18,ZJV00A5X,ST12000NM0007,12000138625024,0,82,158198816,91,0,100,7,100,0,90,903710754,93,6914,100,0,100,6,,,,,100.0,0.0,100.0,0.0,,,69.0,31.0,,,100.0,59.0,100.0,414.0,31,31,100,0,100,0,200,0,100.0,6832.0,100.0,45248065368.0,100.0,65505903528.0
2018-10-19,ZJV00A5X,ST12000NM0007,12000138625024,0,80,92946960,91,0,100,7,100,0,90,905740223,93,6938,100,0,100,6,,,,,100.0,0.0,100.0,0.0,,,69.0,31.0,,,100.0,60.0,100.0,415.0,31,31,100,0,100,0,200,0,100.0,6856.0,100.0,45265162320.0,100.0,65667695408.0
2018-10-20,ZJV00A5X,ST12000NM0007,12000138625024,0,78,64944264,91,0,100,7,100,0,90,908345159,93,6961,100,0,100,6,,,,,100.0,0.0,100.0,0.0,,,68.0,32.0,,,100.0,61.0,100.0,416.0,32,32,100,0,100,0,200,0,100.0,6880.0,100.0,45283784928.0,100.0,65865211016.0
2018-10-21,ZJV00A5X,ST12000NM0007,12000138625024,0,100,1464968,91,0,100,7,100,0,90,909848386,93,6985,100,0,100,6,,,,,100.0,0.0,100.0,0.0,,,69.0,31.0,,,100.0,62.0,100.0,417.0,31,31,100,0,100,0,200,0,100.0,6904.0,100.0,45293863152.0,100.0,66035794176.0
2018-10-22,ZJV00A5X,ST12000NM0007,12000138625024,0,83,187659112,91,0,100,7,100,0,90,911455789,92,7010,100,0,100,6,,,,,100.0,0.0,100.0,0.0,,,69.0,31.0,,,100.0,62.0,100.0,418.0,31,31,100,0,100,0,200,0,100.0,6928.0,100.0,45303791480.0,100.0,66212059992.0
2018-10-23,ZJV00A5X,ST12000NM0007,12000138625024,0,82,171503096,91,0,100,7,100,0,90,913538626,92,7034,100,0,100,6,,,,,100.0,0.0,100.0,0.0,,,68.0,32.0,,,100.0,63.0,100.0,419.0,32,32,100,0,100,0,200,0,100.0,6952.0,100.0,45349850192.0,100.0,66393986064.0
2018-10-25,ZJV00A5X,ST12000NM0007,12000138625024,0,84,227929232,91,0,100,7,100,0,90,919144394,92,7081,100,0,100,6,,,,,100.0,0.0,100.0,0.0,,,68.0,32.0,,,100.0,65.0,100.0,421.0,32,32,100,0,100,0,200,0,100.0,6999.0,100.0,45495706168.0,100.0,66792837696.0
2018-10-26,ZJV00A5X,ST12000NM0007,12000138625024,0,75,29825024,91,0,100,7,100,0,90,922147999,92,7105,100,0,100,6,,,,,100.0,0.0,100.0,0.0,,,68.0,32.0,,,100.0,66.0,100.0,422.0,32,32,100,0,100,0,200,0,100.0,7023.0,100.0,45595017608.0,100.0,66983703528.0
2018-10-27,ZJV00A5X,ST12000NM0007,12000138625024,0,76,36406960,91,0,100,7,100,0,90,925248911,92,7129,100,0,100,6,,,,,100.0,0.0,100.0,0.0,,,68.0,32.0,,,100.0,66.0,100.0,423.0,32,32,100,0,100,0,200,0,100.0,7047.0,100.0,45665506720.0,100.0,67163937056.0
2018-10-28,ZJV00A5X,ST12000NM0007,12000138625024,0,79,73119288,91,0,100,7,100,0,90,927894194,92,7154,100,0,100,6,,,,,100.0,0.0,100.0,0.0,,,68.0,32.0,,,100.0,66.0,100.0,424.0,32,32,100,0,100,0,200,0,100.0,7071.0,100.0,45735596528.0,100.0,67374700320.0
2018-10-29,ZJV00A5X,ST12000NM0007,12000138625024,0,79,72507208,91,0,100,7,100,0,90,930200428,92,7177,100,0,100,6,,,,,100.0,0.0,100.0,0.0,,,68.0,32.0,,,100.0,66.0,100.0,425.0,32,32,100,0,100,0,200,0,100.0,7095.0,100.0,45797964904.0,100.0,67555860800.0
2018-10-30,ZJV00A5X,ST12000NM0007,12000138625024,0,80,100412376,91,0,100,7,100,0,90,932834464,92,7202,100,0,100,6,,,,,100.0,0.0,100.0,0.0,,,68.0,32.0,,,100.0,67.0,100.0,426.0,32,32,100,0,100,0,200,0,100.0,7119.0,100.0,45870541784.0,100.0,67755329808.0
2018-10-31,ZJV00A5X,ST12000NM0007,12000138625024,0,81,121230536,91.0,0.0,100.0,7.0,100.0,0.0,90.0,936479518.0,92,7225,100.0,0.0,100,6,,,,,100.0,0.0,100.0,0.0,,,67.0,33.0,,,100.0,67.0,100.0,427.0,33,33,100.0,0.0,100.0,0.0,200.0,0.0,100.0,7142.0,100.0,45941602424.0,100.0,67949227960.0
2018-11-01,ZJV00A5X,ST12000NM0007,12000138625024,0,82,147459400,91.0,0.0,100.0,7.0,100.0,0.0,90.0,939292256.0,92,7246,100.0,0.0,100,6,,,,,100.0,0.0,100.0,0.0,,,70.0,30.0,,,100.0,68.0,100.0,428.0,30,30,100.0,0.0,100.0,0.0,200.0,0.0,100.0,7163.0,100.0,46010193808.0,100.0,68151006288.0
2018-11-02,ZJV00A5X,ST12000NM0007,12000138625024,0,82,145542736,91.0,0.0,100.0,7.0,100.0,0.0,90.0,941539714.0,92,7271,100.0,0.0,100,6,,,,,100.0,0.0,100.0,0.0,,,67.0,33.0,,,100.0,68.0,100.0,429.0,33,33,100.0,0.0,100.0,0.0,200.0,0.0,100.0,7188.0,100.0,46076557904.0,100.0,68326866304.0
2018-11-03,ZJV00A5X,ST12000NM0007,12000138625024,0,83,180360184,91.0,0.0,100.0,7.0,100.0,0.0,90.0,944953530.0,92,7295,100.0,0.0,100,6,,,,,100.0,0.0,100.0,0.0,,,67.0,33.0,,,100.0,68.0,100.0,430.0,33,33,100.0,0.0,100.0,0.0,200.0,0.0,100.0,7212.0,100.0,46163030928.0,100.0,68519351512.0
2018-11-04,ZJV00A5X,ST12000NM0007,12000138625024,0,82,164730472,91.0,0.0,100.0,7.0,100.0,0.0,90.0,947310733.0,92,7318,100.0,0.0,100,6,,,,,100.0,0.0,100.0,0.0,,,68.0,32.0,,,100.0,69.0,100.0,431.0,32,32,100.0,0.0,100.0,0.0,200.0,0.0,100.0,7235.0,100.0,46230073744.0,100.0,68680819728.0
2018-11-05,ZJV00A5X,ST12000NM0007,12000138625024,0,83,213174136,91.0,0.0,100.0,7.0,100.0,0.0,90.0,949871703.0,92,7343,100.0,0.0,100,6,,,,,100.0,0.0,100.0,0.0,,,68.0,32.0,,,100.0,70.0,100.0,432.0,32,32,100.0,0.0,100.0,0.0,200.0,0.0,100.0,7260.0,100.0,46320724872.0,100.0,68882753200.0
2018-11-06,ZJV00A5X,ST12000NM0007,12000138625024,0,83.0,213026832.0,91.0,0.0,100.0,7.0,100.0,0.0,90.0,952421994.0,92.0,7367.0,100.0,0.0,100.0,6.0,,,,,100.0,0.0,100.0,0.0,,,68.0,32.0,,,100.0,71.0,100.0,433.0,32.0,32.0,100.0,0.0,100.0,0.0,200.0,0.0,100.0,7284.0,100.0,46380908864.0,100.0,69066562720.0
2018-11-07,ZJV00A5X,ST12000NM0007,12000138625024,0,84.0,227659080.0,91.0,0.0,100.0,7.0,100.0,0.0,90.0,955105435.0,92.0,7391.0,100.0,0.0,100.0,6.0,,,,,100.0,0.0,100.0,0.0,,,67.0,33.0,,,100.0,71.0,100.0,434.0,33.0,33.0,100.0,0.0,100.0,0.0,200.0,0.0,100.0,7308.0,100.0,46451078800.0,100.0,69255165800.0
2018-11-08,ZJV00A5X,ST12000NM0007,12000138625024,0,80.0,91385008.0,91.0,0.0,100.0,7.0,100.0,0.0,90.0,959075735.0,92.0,7420.0,100.0,0.0,100.0,6.0,,,,,100.0,0.0,100.0,0.0,,,69.0,31.0,,,100.0,71.0,100.0,435.0,31.0,31.0,100.0,0.0,100.0,0.0,200.0,0.0,100.0,7336.0,100.0,46544097248.0,100.0,69514154864.0
2018-11-09,ZJV00A5X,ST12000NM0007,12000138625024,0,78,68485784,91.0,0.0,100.0,7.0,100.0,0.0,90.0,961845706.0,92,7444,100.0,0.0,100,6,,,,,100.0,0.0,100.0,0.0,,,68.0,32.0,,,100.0,71.0,100.0,436.0,32,32,100.0,0.0,100.0,0.0,200.0,0.0,100.0,7360.0,100.0,46605210008.0,100.0,69674283520.0
2018-11-10,ZJV00A5X,ST12000NM0007,12000138625024,0,78,56486584,91.0,0.0,100.0,7.0,100.0,0.0,90.0,964990727.0,92,7467,100.0,0.0,100,6,,,,,100.0,0.0,100.0,0.0,,,69.0,31.0,,,100.0,72.0,100.0,437.0,31,31,100.0,0.0,100.0,0.0,200.0,0.0,100.0,7384.0,100.0,46667494904.0,100.0,69844140208.0
2018-11-11,ZJV00A5X,ST12000NM0007,12000138625024,0,79,71476176,91.0,0.0,100.0,7.0,100.0,0.0,90.0,967551073.0,92,7492,100.0,0.0,100,6,,,,,100.0,0.0,100.0,0.0,,,68.0,32.0,,,100.0,72.0,100.0,438.0,32,32,100.0,0.0,100.0,0.0,200.0,0.0,100.0,7408.0,100.0,46741469848.0,100.0,70029295784.0
2018-11-12,ZJV00A5X,ST12000NM0007,12000138625024,0,73,18452560,91.0,0.0,100.0,7.0,100.0,0.0,90.0,969753581.0,92,7516,100.0,0.0,100,6,,,,,100.0,0.0,100.0,0.0,,,68.0,32.0,,,100.0,72.0,100.0,439.0,32,32,100.0,0.0,100.0,0.0,200.0,0.0,100.0,7432.0,100.0,46792878272.0,100.0,70169004408.0
2018-11-13,ZJV00A5X,ST12000NM0007,12000138625024,0,70,8991032,91.0,0.0,100.0,7.0,100.0,0.0,90.0,972443201.0,92,7540,100.0,0.0,100,6,,,,,100.0,0.0,100.0,0.0,,,68.0,32.0,,,100.0,72.0,100.0,440.0,32,32,100.0,0.0,100.0,0.0,200.0,0.0,100.0,7456.0,100.0,46856841768.0,100.0,70339720192.0
2018-11-14,ZJV00A5X,ST12000NM0007,12000138625024,0,77,51419944,91.0,0.0,100.0,7.0,100.0,0.0,90.0,976208987.0,92,7563,100.0,0.0,100,6,,,,,100.0,0.0,100.0,0.0,,,67.0,33.0,,,100.0,73.0,100.0,441.0,33,33,100.0,0.0,100.0,0.0,200.0,0.0,100.0,7479.0,100.0,46926103992.0,100.0,70557027512.0
2018-11-15,ZJV00A5X,ST12000NM0007,12000138625024,0,78,68137672,91.0,0.0,100.0,7.0,100.0,0.0,90.0,978721275.0,92,7587,100.0,0.0,100,6,,,,,100.0,0.0,100.0,0.0,,,68.0,32.0,,,100.0,73.0,100.0,442.0,32,32,100.0,0.0,100.0,0.0,200.0,0.0,100.0,7504.0,100.0,47006454144.0,100.0,70737536048.0
2018-11-16,ZJV00A5X,ST12000NM0007,12000138625024,0,75,34089696,91.0,0.0,100.0,7.0,100.0,0.0,90.0,980933425.0,92,7611,100.0,0.0,100,6,,,,,100.0,0.0,100.0,0.0,,,68.0,32.0,,,100.0,74.0,100.0,443.0,32,32,100.0,0.0,100.0,0.0,200.0,0.0,100.0,7527.0,100.0,47075170608.0,100.0,70878912344.0
2018-11-17,ZJV00A5X,ST12000NM0007,12000138625024,0,84.0,238449024.0,91.0,0.0,100.0,7.0,100.0,0.0,90.0,983884581.0,92.0,7636.0,100.0,0.0,100.0,6.0,,,,,100.0,0.0,100.0,0.0,,,68.0,32.0,,,100.0,75.0,100.0,444.0,32.0,32.0,100.0,0.0,100.0,0.0,200.0,0.0,100.0,7552.0,100.0,47136515744.0,100.0,71021926536.0
2018-11-18,ZJV00A5X,ST12000NM0007,12000138625024,0,83,183573560,91.0,0.0,100.0,7.0,100.0,0.0,90.0,986000932.0,92,7660,100.0,0.0,100,6,,,,,100.0,0.0,100.0,0.0,,,68.0,32.0,,,100.0,75.0,100.0,445.0,32,32,100.0,0.0,100.0,0.0,200.0,0.0,100.0,7576.0,100.0,47189375760.0,100.0,71158331920.0
2018-11-19,ZJV00A5X,ST12000NM0007,12000138625024,0,82,150990168,91.0,0.0,100.0,7.0,100.0,0.0,90.0,988206461.0,92,7683,100.0,0.0,100,6,,,,,100.0,0.0,100.0,0.0,,,68.0,32.0,,,100.0,75.0,100.0,446.0,32,32,100.0,0.0,100.0,0.0,200.0,0.0,100.0,7599.0,100.0,47247704248.0,100.0,71311560992.0
2018-11-20,ZJV00A5X,ST12000NM0007,12000138625024,0,80,99035736,91.0,0.0,100.0,7.0,100.0,0.0,90.0,990319947.0,92,7708,100.0,0.0,100,6,,,,,100.0,0.0,100.0,0.0,,,68.0,32.0,,,100.0,75.0,100.0,447.0,32,32,100.0,0.0,100.0,0.0,200.0,0.0,100.0,7624.0,100.0,47305008288.0,100.0,71446443456.0
2018-11-21,ZJV00A5X,ST12000NM0007,12000138625024,0,82,155820704,91.0,0.0,100.0,7.0,100.0,0.0,90.0,993749826.0,92,7731,100.0,0.0,100,6,,,,,100.0,0.0,100.0,0.0,,,68.0,32.0,,,100.0,76.0,100.0,448.0,32,32,100.0,0.0,100.0,0.0,200.0,0.0,100.0,7647.0,100.0,47383472624.0,100.0,71668904752.0
2018-11-22,ZJV00A5X,ST12000NM0007,12000138625024,0,82,168509840,91.0,0.0,100.0,7.0,100.0,0.0,90.0,996554130.0,92,7756,100.0,0.0,100,6,,,,,100.0,0.0,100.0,0.0,,,64.0,36.0,,,100.0,77.0,100.0,449.0,36,36,100.0,0.0,100.0,0.0,200.0,0.0,100.0,7672.0,100.0,47442262520.0,100.0,71866944744.0
2018-11-23,ZJV00A5X,ST12000NM0007,12000138625024,0,81,114093304,91.0,0.0,100.0,7.0,100.0,0.0,90.0,998492077.0,92,7779,100.0,0.0,100,6,,,,,100.0,0.0,100.0,0.0,,,68.0,32.0,,,100.0,77.0,100.0,450.0,32,32,100.0,0.0,100.0,0.0,200.0,0.0,100.0,7695.0,100.0,47481202528.0,100.0,72017728840.0
2018-11-24,ZJV00A5X,ST12000NM0007,12000138625024,0,78,69192424,91.0,0.0,100.0,7.0,100.0,0.0,61.0,1388846.0,92,7803,100.0,0.0,100,6,,,,,100.0,0.0,100.0,0.0,,,68.0,32.0,,,100.0,77.0,100.0,451.0,32,32,100.0,0.0,100.0,0.0,200.0,0.0,100.0,7720.0,100.0,47526063720.0,100.0,72172107736.0
2018-11-25,ZJV00A5X,ST12000NM0007,12000138625024,0,71,13601944,91.0,0.0,100.0,7.0,100.0,0.0,65.0,3341073.0,92,7828,100.0,0.0,100,6,,,,,100.0,0.0,100.0,0.0,,,68.0,32.0,,,100.0,77.0,100.0,452.0,32,32,100.0,0.0,100.0,0.0,200.0,0.0,100.0,7743.0,100.0,47558639456.0,100.0,72328082248.0
2018-11-26,ZJV00A5X,ST12000NM0007,12000138625024,0,74,23873944,91.0,0.0,100.0,7.0,100.0,0.0,68.0,6339389.0,92,7851,100.0,0.0,100,6,,,,,100.0,0.0,100.0,0.0,,,67.0,33.0,,,100.0,77.0,100.0,453.0,33,33,100.0,0.0,100.0,0.0,200.0,0.0,100.0,7767.0,100.0,47610181248.0,100.0,72530953120.0
2018-11-27,ZJV00A5X,ST12000NM0007,12000138625024,0,65,3115520,91.0,0.0,100.0,7.0,100.0,0.0,69.0,8591575.0,92,7876,100.0,0.0,100,6,,,,,100.0,0.0,100.0,0.0,,,68.0,32.0,,,100.0,78.0,100.0,454.0,32,32,100.0,0.0,100.0,0.0,200.0,0.0,100.0,7791.0,100.0,47663383984.0,100.0,72701132728.0
2018-11-28,ZJV00A5X,ST12000NM0007,12000138625024,0,83,189890930,90.0,0.0,100.0,8.0,100.0,0.0,71.0,11276619.0,91,7897,100.0,0.0,100,7,,,,,100.0,0.0,100.0,0.0,,,67.0,33.0,,,100.0,79.0,100.0,457.0,33,33,100.0,0.0,100.0,0.0,200.0,0.0,100.0,7813.0,100.0,47719301464.0,100.0,72831990658.0
2018-11-29,ZJV00A5X,ST12000NM0007,12000138625024,0,83,212358384,90.0,0.0,100.0,8.0,100.0,0.0,71.0,14072348.0,91,7921,100.0,0.0,100,7,,,,,100.0,0.0,100.0,0.0,,,70.0,30.0,,,100.0,79.0,100.0,458.0,30,30,100.0,0.0,100.0,0.0,200.0,0.0,100.0,7836.0,100.0,47773838344.0,100.0,73044061858.0
2018-11-30,ZJV00A5X,ST12000NM0007,12000138625024,0,83,183744040,90.0,0.0,100.0,8.0,100.0,0.0,72.0,16251897.0,91,7944,100.0,0.0,100,7,,,,,100.0,0.0,100.0,0.0,,,70.0,30.0,,,100.0,79.0,100.0,459.0,30,30,100.0,0.0,100.0,0.0,200.0,0.0,100.0,7860.0,100.0,47833852808.0,100.0,73199573898.0
2018-12-01,ZJV00A5X,ST12000NM0007,12000138625024,0,82,163333992,90.0,0.0,100.0,8.0,100.0,0.0,73.0,19586261.0,91,7968,100.0,0.0,100,7,,,,,100.0,0.0,100.0,0.0,,,71.0,29.0,,,100.0,80.0,100.0,460.0,29,29,100.0,0.0,100.0,0.0,200.0,0.0,100.0,7884.0,100.0,47923367712.0,100.0,73333789850.0
2018-12-02,ZJV00A5X,ST12000NM0007,12000138625024,0,81,133469232,90.0,0.0,100.0,8.0,100.0,0.0,73.0,21810812.0,91,7992,100.0,0.0,100,7,,,,,100.0,0.0,100.0,0.0,,,71.0,29.0,,,100.0,80.0,100.0,461.0,29,29,100.0,0.0,100.0,0.0,200.0,0.0,100.0,7908.0,100.0,47975961408.0,100.0,73495472162.0
2018-12-03,ZJV00A5X,ST12000NM0007,12000138625024,0,82,172045144,90.0,0.0,100.0,8.0,100.0,0.0,74.0,24350573.0,91,8017,100.0,0.0,100,7,,,,,100.0,0.0,100.0,0.0,,,70.0,30.0,,,100.0,81.0,100.0,462.0,30,30,100.0,0.0,100.0,0.0,200.0,0.0,100.0,7932.0,100.0,48061011008.0,100.0,73693139146.0
2018-12-04,ZJV00A5X,ST12000NM0007,12000138625024,0,82,169008464,90.0,0.0,100.0,8.0,100.0,0.0,74.0,26705048.0,91,8041,100.0,0.0,100,7,,,,,100.0,0.0,100.0,0.0,,,70.0,30.0,,,100.0,82.0,100.0,463.0,30,30,100.0,0.0,100.0,0.0,200.0,0.0,100.0,7956.0,100.0,48124650992.0,100.0,73870603314.0
2018-12-05,ZJV00A5X,ST12000NM0007,12000138625024,0,82.0,167439984.0,90.0,0.0,100.0,8.0,100.0,0.0,75.0,29463540.0,91.0,8064.0,100.0,0.0,100.0,7.0,,,,,100.0,0.0,100.0,0.0,,,70.0,30.0,,,100.0,83.0,100.0,464.0,30.0,30.0,100.0,0.0,100.0,0.0,200.0,0.0,100.0,7979.0,100.0,48184060360.0,100.0,74053766978.0
2018-12-06,ZJV00A5X,ST12000NM0007,12000138625024,0,74,26602400,90.0,0.0,100.0,8.0,100.0,0.0,75.0,32921497.0,91,8093,100.0,0.0,100,7,,,,,100.0,0.0,100.0,0.0,,,71.0,29.0,,,100.0,83.0,100.0,465.0,29,29,100.0,0.0,100.0,0.0,200.0,0.0,100.0,8008.0,100.0,48271156520.0,100.0,74314114594.0
2018-12-07,ZJV00A5X,ST12000NM0007,12000138625024,0,71,14025104,90.0,0.0,100.0,8.0,100.0,0.0,75.0,35041379.0,91,8117,100.0,0.0,100,7,,,,,100.0,0.0,100.0,0.0,,,71.0,29.0,,,100.0,84.0,100.0,466.0,29,29,100.0,0.0,100.0,0.0,200.0,0.0,100.0,8032.0,100.0,48325369536.0,100.0,74491464946.0
2018-12-08,ZJV00A5X,ST12000NM0007,12000138625024,0,76,36135792,90.0,0.0,100.0,8.0,100.0,0.0,76.0,38331045.0,91,8141,100.0,0.0,100,7,,,,,100.0,0.0,100.0,0.0,,,71.0,29.0,,,100.0,85.0,100.0,467.0,29,29,100.0,0.0,100.0,0.0,200.0,0.0,100.0,8056.0,100.0,48398845784.0,100.0,74684240106.0
2018-12-09,ZJV00A5X,ST12000NM0007,12000138625024,0,75,28932672,90.0,0.0,100.0,8.0,100.0,0.0,76.0,40502210.0,91,8165,100.0,0.0,100,7,,,,,100.0,0.0,100.0,0.0,,,71.0,29.0,,,100.0,85.0,100.0,468.0,29,29,100.0,0.0,100.0,0.0,200.0,0.0,100.0,8080.0,100.0,48458843888.0,100.0,74861179546.0
2018-12-10,ZJV00A5X,ST12000NM0007,12000138625024,0,75,29555872,90.0,0.0,100.0,8.0,100.0,0.0,76.0,42897264.0,91,8189,100.0,0.0,100,7,,,,,100.0,0.0,100.0,0.0,,,70.0,30.0,,,100.0,86.0,100.0,469.0,30,30,100.0,0.0,100.0,0.0,200.0,0.0,100.0,8104.0,100.0,48530411736.0,100.0,75034375914.0
2018-12-11,ZJV00A5X,ST12000NM0007,12000138625024,0,76,35539200,90.0,0.0,100.0,8.0,100.0,0.0,77.0,45460074.0,91,8214,100.0,0.0,100,7,,,,,100.0,0.0,100.0,0.0,,,71.0,29.0,,,100.0,86.0,100.0,470.0,29,29,100.0,0.0,100.0,0.0,200.0,0.0,100.0,8128.0,100.0,48611474488.0,100.0,75203437602.0
2018-12-12,ZJV00A5X,ST12000NM0007,12000138625024,0,80,92242336,90.0,0.0,100.0,8.0,100.0,0.0,77.0,48810164.0,91,8238,100.0,0.0,100,7,,,,,100.0,0.0,100.0,0.0,,,71.0,29.0,,,100.0,86.0,100.0,471.0,29,29,100.0,0.0,100.0,0.0,200.0,0.0,100.0,8152.0,100.0,48687248824.0,100.0,75428507042.0
2018-12-13,ZJV00A5X,ST12000NM0007,12000138625024,0,77,52952768,90.0,0.0,100.0,8.0,100.0,0.0,77.0,50713948.0,91,8261,100.0,0.0,100,7,,,,,100.0,0.0,100.0,0.0,,,69.0,31.0,,,100.0,87.0,100.0,472.0,31,31,100.0,0.0,100.0,0.0,200.0,0.0,100.0,8175.0,100.0,48730888352.0,100.0,75589719066.0
2018-12-14,ZJV00A5X,ST12000NM0007,12000138625024,0,78,59023488,90.0,0.0,100.0,8.0,100.0,0.0,77.0,52808506.0,91,8285,100.0,0.0,100,7,,,,,100.0,0.0,100.0,0.0,,,70.0,30.0,,,100.0,87.0,100.0,473.0,30,30,100.0,0.0,100.0,0.0,200.0,0.0,100.0,8199.0,100.0,48778931848.0,100.0,75791886970.0
2018-12-15,ZJV00A5X,ST12000NM0007,12000138625024,0,79,75844032,90.0,0.0,100.0,8.0,100.0,0.0,78.0,56541728.0,91,8309,100.0,0.0,100,7,,,,,100.0,0.0,100.0,0.0,,,69.0,31.0,,,100.0,87.0,100.0,474.0,31,31,100.0,0.0,100.0,0.0,200.0,0.0,100.0,8223.0,100.0,48842107592.0,100.0,75989672482.0
2018-12-16,ZJV00A5X,ST12000NM0007,12000138625024,0,80,95970288,90.0,0.0,100.0,8.0,100.0,0.0,78.0,58896111.0,91,8334,100.0,0.0,100,7,,,,,100.0,0.0,100.0,0.0,,,69.0,31.0,,,100.0,88.0,100.0,475.0,31,31,100.0,0.0,100.0,0.0,200.0,0.0,100.0,8247.0,100.0,48912452064.0,100.0,76183594994.0
2018-12-17,ZJV00A5X,ST12000NM0007,12000138625024,0,80,94242072,90.0,0.0,100.0,8.0,100.0,0.0,78.0,61089710.0,91,8358,100.0,0.0,100,7,,,,,100.0,0.0,100.0,0.0,,,70.0,30.0,,,100.0,89.0,100.0,476.0,30,30,100.0,0.0,100.0,0.0,200.0,0.0,100.0,8272.0,100.0,48969801800.0,100.0,76368657754.0
2018-12-18,ZJV00A5X,ST12000NM0007,12000138625024,0,79,70964784,90.0,0.0,100.0,8.0,100.0,0.0,78.0,63217076.0,91,8381,100.0,0.0,100,7,,,,,100.0,0.0,100.0,0.0,,,69.0,31.0,,,100.0,89.0,100.0,477.0,31,31,100.0,0.0,100.0,0.0,200.0,0.0,100.0,8295.0,100.0,49020551888.0,100.0,76538771298.0
2018-12-19,ZJV00A5X,ST12000NM0007,12000138625024,0,80,99782840,90.0,0.0,100.0,8.0,100.0,0.0,78.0,66796105.0,91,8405,100.0,0.0,100,7,,,,,100.0,0.0,100.0,0.0,,,69.0,31.0,,,100.0,89.0,100.0,478.0,31,31,100.0,0.0,100.0,0.0,200.0,0.0,100.0,8319.0,100.0,49091953032.0,100.0,76740328850.0
2018-12-20,ZJV00A5X,ST12000NM0007,12000138625024,0,80,89352752,90.0,0.0,100.0,8.0,100.0,0.0,78.0,68854570.0,91,8429,100.0,0.0,100,7,,,,,100.0,0.0,100.0,0.0,,,69.0,31.0,,,100.0,90.0,100.0,479.0,31,31,100.0,0.0,100.0,0.0,200.0,0.0,100.0,8342.0,100.0,49141916472.0,100.0,76924075970.0
2018-12-21,ZJV00A5X,ST12000NM0007,12000138625024,0,79,77513048,90.0,0.0,100.0,8.0,100.0,0.0,79.0,70998203.0,91,8454,100.0,0.0,100,7,,,,,100.0,0.0,100.0,0.0,,,69.0,31.0,,,100.0,91.0,100.0,480.0,31,31,100.0,0.0,100.0,0.0,200.0,0.0,100.0,8367.0,100.0,49197124384.0,100.0,77101168986.0
2018-12-22,ZJV00A5X,ST12000NM0007,12000138625024,0,80,97004488,90.0,0.0,100.0,8.0,100.0,0.0,79.0,74334628.0,91,8477,100.0,0.0,100,7,,,,,100.0,0.0,100.0,0.0,,,69.0,31.0,,,100.0,91.0,100.0,481.0,31,31,100.0,0.0,100.0,0.0,200.0,0.0,100.0,8390.0,100.0,49267111936.0,100.0,77294813506.0
2018-12-23,ZJV00A5X,ST12000NM0007,12000138625024,0,81,123513704,90.0,0.0,100.0,8.0,100.0,0.0,79.0,77008949.0,91,8501,100.0,0.0,100,7,,,,,100.0,0.0,100.0,0.0,,,69.0,31.0,,,100.0,91.0,100.0,482.0,31,31,100.0,0.0,100.0,0.0,200.0,0.0,100.0,8414.0,100.0,49355262064.0,100.0,77477313226.0
2018-12-24,ZJV00A5X,ST12000NM0007,12000138625024,0,80,109616976,90.0,0.0,100.0,8.0,100.0,0.0,79.0,79344283.0,91,8525,100.0,0.0,100,7,,,,,100.0,0.0,100.0,0.0,,,69.0,31.0,,,100.0,91.0,100.0,483.0,31,31,100.0,0.0,100.0,0.0,200.0,0.0,100.0,8439.0,100.0,49414002952.0,100.0,77648816314.0
2018-12-25,ZJV00A5X,ST12000NM0007,12000138625024,0,81,140257912,90.0,0.0,100.0,8.0,100.0,0.0,79.0,81737599.0,91,8549,100.0,0.0,100,7,,,,,100.0,0.0,100.0,0.0,,,69.0,31.0,,,100.0,92.0,100.0,484.0,31,31,100.0,0.0,100.0,0.0,200.0,0.0,100.0,8462.0,100.0,49494451568.0,100.0,77843149306.0
2018-12-26,ZJV00A5X,ST12000NM0007,12000138625024,0,83,190308800,90.0,0.0,100.0,8.0,100.0,0.0,79.0,84955533.0,91,8574,100.0,0.0,100,7,,,,,100.0,0.0,100.0,0.0,,,69.0,31.0,,,100.0,92.0,100.0,485.0,31,31,100.0,0.0,100.0,0.0,200.0,0.0,100.0,8486.0,100.0,49551874136.0,100.0,78079918306.0
2018-12-27,ZJV00A5X,ST12000NM0007,12000138625024,0,83,186056728,90.0,0.0,100.0,8.0,100.0,0.0,79.0,87044077.0,91,8597,100.0,0.0,100,7,,,,,100.0,0.0,100.0,0.0,,,69.0,31.0,,,100.0,92.0,100.0,486.0,31,31,100.0,0.0,100.0,0.0,200.0,0.0,100.0,8510.0,100.0,49605005184.0,100.0,78266675842.0
2018-12-28,ZJV00A5X,ST12000NM0007,12000138625024,0,83,199639304,90.0,0.0,100.0,8.0,100.0,0.0,80.0,89496466.0,91,8621,100.0,0.0,100,7,,,,,100.0,0.0,100.0,0.0,,,69.0,31.0,,,100.0,92.0,100.0,487.0,31,31,100.0,0.0,100.0,0.0,200.0,0.0,100.0,8534.0,100.0,49650158984.0,100.0,78479245266.0
2018-12-29,ZJV00A5X,ST12000NM0007,12000138625024,0,83,218334512,90.0,0.0,100.0,8.0,100.0,0.0,80.0,92690699.0,91,8645,100.0,0.0,100,7,,,,,100.0,0.0,100.0,0.0,,,69.0,31.0,,,100.0,93.0,100.0,488.0,31,31,100.0,0.0,100.0,0.0,200.0,0.0,100.0,8558.0,100.0,49722487712.0,100.0,78669752682.0
2018-12-30,ZJV00A5X,ST12000NM0007,12000138625024,0,83,220703600,90.0,0.0,100.0,8.0,100.0,0.0,80.0,95489661.0,91,8670,100.0,0.0,100,7,,,,,100.0,0.0,100.0,0.0,,,70.0,30.0,,,100.0,93.0,100.0,489.0,30,30,100.0,0.0,100.0,0.0,200.0,0.0,100.0,8582.0,100.0,49778411544.0,100.0,78860339018.0
2018-12-31,ZJV00A5X,ST12000NM0007,12000138625024,0,83,206936232,90.0,0.0,100.0,8.0,100.0,0.0,80.0,97716997.0,91,8693,100.0,0.0,100,7,,,,,100.0,0.0,100.0,0.0,,,70.0,30.0,,,100.0,93.0,100.0,490.0,30,30,100.0,0.0,100.0,0.0,200.0,0.0,100.0,8606.0,100.0,49826702176.0,100.0,79042421706.0
