2018-01-01,S301NKTA,ST4000DM000,4000787030016,0,117,134143632,92,0,100,10,100,16,90,939890670,78,19589,100,0,100,9,100.0,0.0,100.0,0.0,95.0,5.0,100.0,0.0,100.0,0.0,66.0,34.0,100.0,0.0,100.0,0.0,97.0,7925.0,34,34,100,0,100,0,200,0,100.0,19489.0,100.0,44228980464.0,100.0,61446421686.0
2018-01-02,S301NKTA,ST4000DM000,4000787030016,0,117,161947960,92,0,100,10,100,16,90,941345337,78,19613,100,0,100,9,100.0,0.0,100.0,0.0,95.0,5.0,100.0,0.0,100.0,0.0,65.0,35.0,100.0,0.0,100.0,0.0,97.0,7925.0,35,35,100,0,100,0,200,0,100.0,19513.0,100.0,44262011984.0,100.0,61540307922.0
2018-01-03,S301NKTA,ST4000DM000,4000787030016,0,116,101888984,92,0,100,10,100,16,90,943096946,78,19637,100,0,100,9,100.0,0.0,100.0,0.0,95.0,5.0,100.0,0.0,100.0,0.0,66.0,34.0,100.0,0.0,100.0,0.0,97.0,7925.0,34,34,100,0,100,0,200,0,100.0,19537.0,100.0,44316060056.0,100.0,61654110362.0
2018-01-04,S301NKTA,ST4000DM000,4000787030016,0,117,154755344,92,0,100,10,100,16,90,943959481,78,19654,100,0,100,9,100.0,0.0,100.0,0.0,95.0,5.0,100.0,0.0,100.0,0.0,66.0,34.0,100.0,0.0,100.0,0.0,97.0,7925.0,34,34,100,0,100,0,200,0,100.0,19553.0,100.0,44341002968.0,100.0,61733160251.0
2018-01-05,S301NKTA,ST4000DM000,4000787030016,0,116.0,104408816.0,92.0,0.0,100.0,10.0,100.0,16.0,90.0,945690381.0,78.0,19677.0,100.0,0.0,100.0,9.0,100.0,0.0,100.0,0.0,95.0,5.0,100.0,0.0,100.0,0.0,65.0,35.0,100.0,0.0,100.0,0.0,97.0,7927.0,35.0,35.0,100.0,0.0,100.0,0.0,200.0,0.0,100.0,19577.0,100.0,44365928232.0,100.0,61870748522.0
2018-01-06,S301NKTA,ST4000DM000,4000787030016,0,116,117190624,92,0,100,10,100,16,90,947440225,78,19702,100,0,100,9,100.0,0.0,100.0,0.0,95.0,5.0,100.0,0.0,100.0,0.0,79.0,21.0,100.0,0.0,100.0,0.0,97.0,7927.0,21,21,100,0,100,0,200,0,100.0,19601.0,100.0,44401169568.0,100.0,62012083519.0
2018-01-07,S301NKTA,ST4000DM000,4000787030016,0,117,160878672,92,0,100,10,100,16,90,948208433,78,19713,100,0,100,9,100.0,0.0,100.0,0.0,95.0,5.0,100.0,0.0,100.0,0.0,79.0,21.0,100.0,0.0,100.0,0.0,97.0,7927.0,21,21,100,0,100,0,200,0,100.0,19613.0,100.0,44418397808.0,100.0,62079311795.0
2018-01-08,S301NKTA,ST4000DM000,4000787030016,0,117,120932912,92,0,100,10,100,16,90,951775693,78,19749,100,0,100,9,100.0,0.0,100.0,0.0,95.0,5.0,100.0,0.0,100.0,0.0,79.0,21.0,100.0,0.0,100.0,0.0,97.0,7927.0,21,21,100,0,100,0,200,0,100.0,19649.0,100.0,44480489656.0,100.0,62285220971.0
2018-01-09,S301NKTA,ST4000DM000,4000787030016,0,114,61875712,92,0,100,10,100,16,90,953349233,78,19774,100,0,100,9,100.0,0.0,100.0,0.0,95.0,5.0,100.0,0.0,100.0,0.0,79.0,21.0,100.0,0.0,100.0,0.0,97.0,7927.0,21,21,100,0,100,0,200,0,100.0,19673.0,100.0,44507673288.0,100.0,62419890136.0
2018-01-10,S301NKTA,ST4000DM000,4000787030016,0,117,120431888,92,0,100,10,100,16,90,955526752,78,19801,100,0,100,9,100.0,0.0,100.0,0.0,95.0,5.0,100.0,0.0,100.0,0.0,79.0,21.0,100.0,0.0,100.0,0.0,97.0,7927.0,21,21,100,0,100,0,200,0,100.0,19701.0,100.0,44542168792.0,100.0,62525173278.0
2018-01-11,S301NKTA,ST4000DM000,4000787030016,0,117,146711168,92,0,100,10,100,16,90,957901117,78,19831,100,0,100,9,100.0,0.0,100.0,0.0,95.0,5.0,100.0,0.0,100.0,0.0,79.0,21.0,100.0,0.0,100.0,0.0,97.0,7932.0,21,21,100,0,100,0,200,0,100.0,19731.0,100.0,44550625288.0,100.0,62698682511.0
2018-01-12,S301NKTA,ST4000DM000,4000787030016,0,118,178951336,92,0,100,10,100,16,90,958591212,78,19843,100,0,100,9,100.0,0.0,100.0,0.0,95.0,5.0,100.0,0.0,100.0,0.0,78.0,22.0,100.0,0.0,100.0,0.0,97.0,7932.0,22,22,100,0,100,0,200,0,100.0,19742.0,100.0,44555979104.0,100.0,62764873894.0
2018-01-13,S301NKTA,ST4000DM000,4000787030016,0,117.0,121863144.0,92.0,0.0,100.0,10.0,100,16,90.0,960126631.0,78,19879,100.0,0.0,100,9,100.0,0.0,100.0,0.0,95.0,5.0,100.0,0.0,100.0,0.0,78.0,22.0,100.0,0.0,100.0,0.0,97.0,7932.0,22.0,22.0,100.0,0.0,100.0,0.0,200,0,100.0,19778.0,100.0,44567669528.0,100.0,62936042746.0
2018-01-14,S301NKTA,ST4000DM000,4000787030016,0,118.0,178784296.0,92.0,0.0,100.0,10.0,100,16,90.0,963035849.0,78,19903,100.0,0.0,100,9,100.0,0.0,100.0,0.0,95.0,5.0,100.0,0.0,100.0,0.0,78.0,22.0,100.0,0.0,100.0,0.0,97.0,7932.0,22.0,22.0,100.0,0.0,100.0,0.0,200,0,100.0,19802.0,100.0,44576115616.0,100.0,63034915991.0
2018-01-15,S301NKTA,ST4000DM000,4000787030016,0,107.0,14361776.0,92.0,0.0,100.0,10.0,100,16,90.0,963922565.0,78,19927,100.0,0.0,100,9,100.0,0.0,100.0,0.0,95.0,5.0,100.0,0.0,100.0,0.0,78.0,22.0,100.0,0.0,100.0,0.0,97.0,7932.0,22.0,22.0,100.0,0.0,100.0,0.0,200,0,100.0,19826.0,100.0,44578287224.0,100.0,63131429407.0
2018-01-16,S301NKTA,ST4000DM000,4000787030016,0,119.0,201527696.0,92.0,0.0,100.0,10.0,100,16,90.0,965060414.0,78,19951,100.0,0.0,100,9,100.0,0.0,100.0,0.0,95.0,5.0,100.0,0.0,100.0,0.0,79.0,21.0,100.0,0.0,100.0,0.0,97.0,7950.0,21.0,21.0,100.0,0.0,100.0,0.0,200,0,100.0,19851.0,100.0,44581297008.0,100.0,63239348253.0
2018-01-17,S301NKTA,ST4000DM000,4000787030016,0,117.0,147384272.0,92.0,0.0,100.0,10.0,100,16,90.0,966260280.0,78,19975,100.0,0.0,100,9,100.0,0.0,100.0,0.0,95.0,5.0,100.0,0.0,100.0,0.0,80.0,20.0,100.0,0.0,100.0,0.0,97.0,7950.0,20.0,20.0,100.0,0.0,100.0,0.0,200,0,100.0,19875.0,100.0,44587674400.0,100.0,63339146728.0
2018-01-18,S301NKTA,ST4000DM000,4000787030016,0,119.0,233614640.0,92.0,0.0,100.0,10.0,100.0,16.0,90.0,967002537.0,78.0,19989.0,100.0,0.0,100.0,9.0,100.0,0.0,100.0,0.0,95.0,5.0,100.0,0.0,100.0,0.0,80.0,20.0,100.0,0.0,100.0,0.0,97.0,7950.0,20.0,20.0,100.0,0.0,100.0,0.0,200.0,0.0,100.0,19889.0,100.0,44590203208.0,100.0,63424843521.0
2018-01-19,S301NKTA,ST4000DM000,4000787030016,0,114.0,81179328.0,92.0,0.0,100.0,10.0,100.0,16.0,90.0,969012446.0,78.0,20014.0,100.0,0.0,100.0,9.0,100.0,0.0,100.0,0.0,95.0,5.0,100.0,0.0,100.0,0.0,80.0,20.0,100.0,0.0,100.0,0.0,97.0,7951.0,20.0,20.0,100.0,0.0,100.0,0.0,200.0,0.0,100.0,19913.0,100.0,44596968736.0,100.0,63569550040.0
2018-01-20,S301NKTA,ST4000DM000,4000787030016,0,119.0,214625592.0,92.0,0.0,100.0,10.0,100,16,90.0,970794721.0,78,20038,100.0,0.0,100,9,100.0,0.0,100.0,0.0,95.0,5.0,100.0,0.0,100.0,0.0,80.0,20.0,100.0,0.0,100.0,0.0,97.0,7951.0,20.0,20.0,100.0,0.0,100.0,0.0,200,0,100.0,19937.0,100.0,44602965904.0,100.0,63748843075.0
2018-01-21,S301NKTA,ST4000DM000,4000787030016,0,118.0,190296376.0,92.0,0.0,100.0,10.0,100,16,90.0,973031322.0,78,20062,100.0,0.0,100,9,100.0,0.0,100.0,0.0,95.0,5.0,100.0,0.0,100.0,0.0,79.0,21.0,100.0,0.0,100.0,0.0,97.0,7951.0,21.0,21.0,100.0,0.0,100.0,0.0,200,0,100.0,19961.0,100.0,44611160216.0,100.0,63894609751.0
2018-01-22,S301NKTA,ST4000DM000,4000787030016,0,119.0,205712152.0,92.0,0.0,100.0,10.0,100,16,90.0,974575760.0,78,20086,100.0,0.0,100,9,100.0,0.0,100.0,0.0,95.0,5.0,100.0,0.0,100.0,0.0,79.0,21.0,100.0,0.0,100.0,0.0,97.0,7951.0,21.0,21.0,100.0,0.0,100.0,0.0,200,0,100.0,19985.0,100.0,44616040520.0,100.0,64033151060.0
2018-01-23,S301NKTA,ST4000DM000,4000787030016,0,118.0,195924104.0,92.0,0.0,100.0,10.0,100,16,90.0,976063167.0,78,20110,100.0,0.0,100,9,100.0,0.0,100.0,0.0,95.0,5.0,100.0,0.0,100.0,0.0,80.0,20.0,100.0,0.0,100.0,0.0,97.0,7953.0,20.0,20.0,100.0,0.0,100.0,0.0,200,0,100.0,20009.0,100.0,44622841408.0,100.0,64168566601.0
2018-01-24,S301NKTA,ST4000DM000,4000787030016,0,117.0,162879024.0,92.0,0.0,100.0,10.0,100,16,90.0,977727011.0,78,20142,100.0,0.0,100,9,100.0,0.0,100.0,0.0,95.0,5.0,100.0,0.0,100.0,0.0,80.0,20.0,100.0,0.0,100.0,0.0,97.0,7953.0,20.0,20.0,100.0,0.0,100.0,0.0,200,0,100.0,20041.0,100.0,44637745816.0,100.0,64372465916.0
2018-01-25,S301NKTA,ST4000DM000,4000787030016,0,120.0,241733624.0,92.0,0.0,100.0,10.0,100,16,90.0,978460659.0,77,20166,100.0,0.0,100,9,100.0,0.0,100.0,0.0,95.0,5.0,100.0,0.0,100.0,0.0,81.0,19.0,100.0,0.0,100.0,0.0,97.0,7953.0,19.0,19.0,100.0,0.0,100.0,0.0,200,0,100.0,20065.0,100.0,44651327072.0,100.0,64536535647.0
2018-01-26,S301NKTA,ST4000DM000,4000787030016,0,117.0,164486088.0,92.0,0.0,100.0,10.0,100,16,90.0,978807616.0,77,20189,100.0,0.0,100,9,100.0,0.0,100.0,0.0,95.0,5.0,100.0,0.0,100.0,0.0,80.0,20.0,100.0,0.0,100.0,0.0,97.0,7955.0,20.0,20.0,100.0,0.0,100.0,0.0,200,0,100.0,20089.0,100.0,44657579192.0,100.0,64638468930.0
2018-01-27,S301NKTA,ST4000DM000,4000787030016,0,116.0,111593712.0,92.0,0.0,100.0,10.0,100,16,90.0,980561014.0,77,20214,100.0,0.0,100,9,100.0,0.0,100.0,0.0,95.0,5.0,100.0,0.0,100.0,0.0,81.0,19.0,100.0,0.0,100.0,0.0,97.0,7955.0,19.0,19.0,100.0,0.0,100.0,0.0,200,0,100.0,20113.0,100.0,44667053456.0,100.0,64831582849.0
2018-01-28,S301NKTA,ST4000DM000,4000787030016,0,117.0,134631232.0,92.0,0.0,100.0,10.0,100,16,90.0,981923201.0,77,20238,100.0,0.0,100,9,100.0,0.0,100.0,0.0,95.0,5.0,100.0,0.0,100.0,0.0,80.0,20.0,100.0,0.0,100.0,0.0,97.0,7955.0,20.0,20.0,100.0,0.0,100.0,0.0,200,0,100.0,20137.0,100.0,44673849136.0,100.0,65008448182.0
2018-01-29,S301NKTA,ST4000DM000,4000787030016,0,117.0,123224576.0,92.0,0.0,100.0,10.0,100,16,90.0,982499718.0,77,20262,100.0,0.0,100,9,100.0,0.0,100.0,0.0,95.0,5.0,100.0,0.0,100.0,0.0,80.0,20.0,100.0,0.0,100.0,0.0,97.0,7955.0,20.0,20.0,100.0,0.0,100.0,0.0,200,0,100.0,20161.0,100.0,44678625272.0,100.0,65184708632.0
2018-01-30,S301NKTA,ST4000DM000,4000787030016,0,116.0,108953936.0,92.0,0.0,100.0,10.0,100,16,90.0,983667457.0,77,20287,100.0,0.0,100,9,100.0,0.0,100.0,0.0,95.0,5.0,100.0,0.0,100.0,0.0,80.0,20.0,100.0,0.0,100.0,0.0,97.0,7962.0,20.0,20.0,100.0,0.0,100.0,0.0,200,0,100.0,20186.0,100.0,44686295720.0,100.0,65329707459.0
2018-01-31,S301NKTA,ST4000DM000,4000787030016,0,117.0,162715000.0,92.0,0.0,100.0,10.0,100.0,16.0,90.0,984236997.0,77.0,20311.0,100.0,0.0,100.0,9.0,100.0,0.0,100.0,0.0,95.0,5.0,100.0,0.0,100.0,0.0,80.0,20.0,100.0,0.0,100.0,0.0,97.0,7962.0,20.0,20.0,100.0,0.0,100.0,0.0,200.0,0.0,100.0,20210.0,100.0,44692859072.0,100.0,65506389513.0
2018-02-01,S301NKTA,ST4000DM000,4000787030016,0,115.0,88027160.0,92.0,0.0,100.0,10.0,100,16,90.0,985171747.0,77,20335,100.0,0.0,100,9,100.0,0.0,100.0,0.0,95.0,5.0,100.0,0.0,100.0,0.0,79.0,21.0,100.0,0.0,100.0,0.0,97.0,7962.0,21.0,21.0,100.0,0.0,100.0,0.0,200,0,100.0,20234.0,100.0,44701828208.0,100.0,65694568636.0
2018-02-02,S301NKTA,ST4000DM000,4000787030016,0,111.0,33316736.0,92.0,0.0,100.0,10.0,100,16,90.0,986128408.0,77,20359,100.0,0.0,100,9,100.0,0.0,100.0,0.0,95.0,5.0,100.0,0.0,100.0,0.0,80.0,20.0,100.0,0.0,100.0,0.0,97.0,7962.0,20.0,20.0,100.0,0.0,100.0,0.0,200,0,100.0,20258.0,100.0,44707288568.0,100.0,65867623037.0
2018-02-03,S301NKTA,ST4000DM000,4000787030016,0,111.0,35619112.0,92.0,0.0,100.0,10.0,100,16,90.0,987064932.0,77,20383,100.0,0.0,100,9,100.0,0.0,100.0,0.0,95.0,5.0,100.0,0.0,100.0,0.0,79.0,21.0,100.0,0.0,100.0,0.0,97.0,7962.0,21.0,21.0,100.0,0.0,100.0,0.0,200,0,100.0,20283.0,100.0,44709991440.0,100.0,66049118034.0
2018-02-04,S301NKTA,ST4000DM000,4000787030016,0,120.0,236873608.0,92.0,0.0,100.0,10.0,100,16,90.0,988774690.0,77,20403,100.0,0.0,100,9,100.0,0.0,100.0,0.0,95.0,5.0,100.0,0.0,100.0,0.0,79.0,21.0,100.0,0.0,100.0,0.0,97.0,7962.0,21.0,21.0,100.0,0.0,100.0,0.0,200,0,100.0,20302.0,100.0,44716066664.0,100.0,66212554381.0
2018-02-05,S301NKTA,ST4000DM000,4000787030016,0,118.0,193279984.0,92.0,0.0,100.0,10.0,100,16,90.0,989741890.0,77,20427,100.0,0.0,100,9,100.0,0.0,100.0,0.0,95.0,5.0,100.0,0.0,100.0,0.0,79.0,21.0,100.0,0.0,100.0,0.0,97.0,7962.0,21.0,21.0,100.0,0.0,100.0,0.0,200,0,100.0,20326.0,100.0,44720410288.0,100.0,66359812206.0
2018-02-06,S301NKTA,ST4000DM000,4000787030016,0,119.0,226067776.0,92.0,0.0,100.0,10.0,100,16,90.0,991203392.0,77,20451,100.0,0.0,100,9,100.0,0.0,100.0,0.0,95.0,5.0,100.0,0.0,100.0,0.0,80.0,20.0,100.0,0.0,100.0,0.0,97.0,7962.0,20.0,20.0,100.0,0.0,100.0,0.0,200,0,100.0,20350.0,100.0,44725199184.0,100.0,66515165939.0
2018-02-07,S301NKTA,ST4000DM000,4000787030016,0,114.0,59597216.0,92.0,0.0,100.0,10.0,100,16,90.0,993849925.0,77,20476,100.0,0.0,100,9,100.0,0.0,100.0,0.0,95.0,5.0,100.0,0.0,100.0,0.0,80.0,20.0,100.0,0.0,100.0,0.0,97.0,7963.0,20.0,20.0,100.0,0.0,100.0,0.0,200,0,100.0,20375.0,100.0,44731597152.0,100.0,66639554508.0
2018-02-08,S301NKTA,ST4000DM000,4000787030016,0,117.0,135089600.0,92.0,0.0,100.0,10.0,100,16,90.0,995580789.0,77,20500,100.0,0.0,100,9,100.0,0.0,100.0,0.0,95.0,5.0,100.0,0.0,100.0,0.0,79.0,21.0,100.0,0.0,100.0,0.0,97.0,7966.0,21.0,21.0,100.0,0.0,100.0,0.0,200,0,100.0,20399.0,100.0,44735450232.0,100.0,66798653994.0
2018-02-09,S301NKTA,ST4000DM000,4000787030016,0,118,188028784,92,0,100,10,100,16,90,996629514,77,20524,100,0,100,9,100.0,0.0,100.0,0.0,95.0,5.0,100.0,0.0,100.0,0.0,79.0,21.0,100.0,0.0,100.0,0.0,97.0,7966.0,21,21,100,0,100,0,200,0,100.0,20423.0,100.0,44739337376.0,100.0,66966385611.0
2018-02-10,S301NKTA,ST4000DM000,4000787030016,0,103.0,5798856.0,92.0,0.0,100.0,10.0,100.0,16.0,90.0,999386582.0,77.0,20548.0,100.0,0.0,100.0,9.0,100.0,0.0,100.0,0.0,95.0,5.0,100.0,0.0,100.0,0.0,79.0,21.0,100.0,0.0,100.0,0.0,97.0,7966.0,21.0,21.0,100.0,0.0,100.0,0.0,200.0,0.0,100.0,20447.0,100.0,44745602608.0,100.0,67538071747.0
2018-02-11,S301NKTA,ST4000DM000,4000787030016,0,114,75802232,92,0,100,10,100,16,66,3966281,77,20572,100,0,100,9,100.0,0.0,100.0,0.0,95.0,5.0,100.0,0.0,100.0,0.0,80.0,20.0,100.0,0.0,100.0,0.0,97.0,7966.0,20,20,100,0,100,0,200,0,100.0,20471.0,100.0,44755281424.0,100.0,68689571954.0
2018-02-12,S301NKTA,ST4000DM000,4000787030016,0,114,59294232,92,0,100,10,100,16,69,8666320,77,20596,100,0,100,9,100.0,0.0,100.0,0.0,95.0,5.0,100.0,0.0,100.0,0.0,80.0,20.0,100.0,0.0,100.0,0.0,97.0,7966.0,20,20,100,0,100,0,200,0,100.0,20495.0,100.0,44760538664.0,100.0,69412133740.0
2018-02-13,S301NKTA,ST4000DM000,4000787030016,0,119,206687656,92,0,100,10,100,16,71,13573909,77,20621,100,0,100,9,100.0,0.0,100.0,0.0,95.0,5.0,100.0,0.0,100.0,0.0,79.0,21.0,100.0,0.0,100.0,0.0,97.0,7966.0,21,21,100,0,100,0,200,0,100.0,20520.0,100.0,44765329456.0,100.0,69969487093.0
2018-02-14,S301NKTA,ST4000DM000,4000787030016,0,114,61952280,92,0,100,10,100,16,72,17647271,77,20644,100,0,100,9,100.0,0.0,100.0,0.0,95.0,5.0,100.0,0.0,100.0,0.0,80.0,20.0,100.0,0.0,100.0,0.0,97.0,7966.0,20,20,100,0,100,0,200,0,100.0,20543.0,100.0,44769893384.0,100.0,70505769041.0
2018-02-15,S301NKTA,ST4000DM000,4000787030016,0,119,217247776,92,0,100,10,100,16,73,21810894,77,20668,100,0,100,9,100.0,0.0,100.0,0.0,95.0,5.0,100.0,0.0,100.0,0.0,79.0,21.0,100.0,0.0,100.0,0.0,97.0,7966.0,21,21,100,0,100,0,200,0,100.0,20567.0,100.0,44774652600.0,100.0,70990205882.0
2018-02-16,S301NKTA,ST4000DM000,4000787030016,0,118,194598152,92,0,100,10,100,16,74,26219982,77,20692,100,0,100,9,100.0,0.0,100.0,0.0,95.0,5.0,100.0,0.0,100.0,0.0,80.0,20.0,100.0,0.0,100.0,0.0,97.0,7966.0,20,20,100,0,100,0,200,0,100.0,20591.0,100.0,44781086248.0,100.0,71505500706.0
2018-02-17,S301NKTA,ST4000DM000,4000787030016,0,110,26568184,92,0,100,10,100,16,75,31401306,77,20717,100,0,100,9,100.0,0.0,100.0,0.0,95.0,5.0,100.0,0.0,100.0,0.0,80.0,20.0,100.0,0.0,100.0,0.0,97.0,7966.0,20,20,100,0,100,0,200,0,100.0,20616.0,100.0,44787880416.0,100.0,72100475917.0
2018-02-18,S301NKTA,ST4000DM000,4000787030016,0,114,66836584,92,0,100,10,100,16,75,36609981,77,20741,100,0,100,9,100.0,0.0,100.0,0.0,95.0,5.0,100.0,0.0,100.0,0.0,80.0,20.0,100.0,0.0,100.0,0.0,97.0,7966.0,20,20,100,0,100,0,200,0,100.0,20640.0,100.0,44793932792.0,100.0,72689229907.0
2018-02-19,S301NKTA,ST4000DM000,4000787030016,0,115,96981792,92,0,100,10,100,16,75,41586126,77,20765,100,0,100,9,100.0,0.0,100.0,0.0,95.0,5.0,100.0,0.0,100.0,0.0,79.0,21.0,100.0,0.0,100.0,0.0,97.0,7966.0,21,21,100,0,100,0,200,0,100.0,20664.0,100.0,44800063712.0,100.0,73276639522.0
2018-02-20,S301NKTA,ST4000DM000,4000787030016,0,111,37852704,92,0,100,10,100,16,76,46187735,77,20788,100,0,100,9,100.0,0.0,100.0,0.0,95.0,5.0,100.0,0.0,100.0,0.0,79.0,21.0,100.0,0.0,100.0,0.0,97.0,7966.0,21,21,100,0,100,0,200,0,100.0,20687.0,100.0,44805573008.0,100.0,73750992127.0
2018-02-21,S301NKTA,ST4000DM000,4000787030016,0,107,13716512,92,0,100,10,100,16,77,50334039,77,20812,100,0,100,9,100.0,0.0,100.0,0.0,95.0,5.0,100.0,0.0,100.0,0.0,79.0,21.0,100.0,0.0,100.0,0.0,97.0,7966.0,21,21,100,0,100,0,200,0,100.0,20711.0,100.0,44810569560.0,100.0,74187803400.0
2018-02-22,S301NKTA,ST4000DM000,4000787030016,0,115,88900112,92,0,100,10,100,16,77,54184287,77,20836,100,0,100,9,100.0,0.0,100.0,0.0,95.0,5.0,100.0,0.0,100.0,0.0,80.0,20.0,100.0,0.0,100.0,0.0,97.0,7969.0,20,20,100,0,100,0,200,0,100.0,20735.0,100.0,44817552928.0,100.0,74530724056.0
2018-02-23,S301NKTA,ST4000DM000,4000787030016,0,117,152926256,92,0,100,10,100,16,77,58434917,77,20860,100,0,100,9,100.0,0.0,100.0,0.0,95.0,5.0,100.0,0.0,100.0,0.0,79.0,21.0,100.0,0.0,100.0,0.0,97.0,7969.0,21,21,100,0,100,0,200,0,100.0,20759.0,100.0,44823688016.0,100.0,74858357463.0
2018-02-24,S301NKTA,ST4000DM000,4000787030016,0,118,188323432,92,0,100,10,100,16,78,62044980,77,20884,100,0,100,9,100.0,0.0,100.0,0.0,95.0,5.0,100.0,0.0,100.0,0.0,80.0,20.0,100.0,0.0,100.0,0.0,97.0,7969.0,20,20,100,0,100,0,200,0,100.0,20782.0,100.0,44835195448.0,100.0,75057245342.0
2018-02-25,S301NKTA,ST4000DM000,4000787030016,0,118,185222440,92,0,100,10,100,16,78,63918996,77,20908,100,0,100,9,100.0,0.0,100.0,0.0,95.0,5.0,100.0,0.0,100.0,0.0,79.0,21.0,100.0,0.0,100.0,0.0,97.0,7969.0,21,21,100,0,100,0,200,0,100.0,20807.0,100.0,44839828296.0,100.0,75230287374.0
2018-02-26,S301NKTA,ST4000DM000,4000787030016,0,118,169631072,92,0,100,10,100,16,78,65056361,77,20932,100,0,100,9,100.0,0.0,100.0,0.0,95.0,5.0,100.0,0.0,100.0,0.0,79.0,21.0,100.0,0.0,100.0,0.0,97.0,7969.0,21,21,100,0,100,0,200,0,100.0,20831.0,100.0,44844119576.0,100.0,75376014435.0
2018-02-27,S301NKTA,ST4000DM000,4000787030016,0,117,135251064,92,0,100,10,100,16,78,66274333,77,20956,100,0,100,9,100.0,0.0,100.0,0.0,95.0,5.0,100.0,0.0,100.0,0.0,79.0,21.0,100.0,0.0,100.0,0.0,97.0,7974.0,21,21,100,0,100,0,200,0,100.0,20855.0,100.0,44849269384.0,100.0,75509127285.0
2018-02-28,S301NKTA,ST4000DM000,4000787030016,0,115,91502312,92,0,100,10,100,16,78,67539376,77,20980,100,0,100,9,100.0,0.0,100.0,0.0,95.0,5.0,100.0,0.0,100.0,0.0,79.0,21.0,100.0,0.0,100.0,0.0,97.0,7974.0,21,21,100,0,100,0,200,0,100.0,20879.0,100.0,44856030416.0,100.0,75606672492.0
2018-03-01,S301NKTA,ST4000DM000,4000787030016,0,117,129000720,92,0,100,10,100,16,78,68740645,77,21006,100,0,100,9,100.0,0.0,100.0,0.0,95.0,5.0,100.0,0.0,100.0,0.0,79.0,21.0,100.0,0.0,100.0,0.0,97.0,7978.0,21,21,100,0,100,0,200,0,100.0,20905.0,100.0,44858864456.0,100.0,75747134427.0
2018-03-02,S301NKTA,ST4000DM000,4000787030016,0,118,199870584,92,0,100,10,100,16,78,70084464,76,21030,100,0,100,9,100.0,0.0,100.0,0.0,95.0,5.0,100.0,0.0,100.0,0.0,79.0,21.0,100.0,0.0,100.0,0.0,97.0,7978.0,21,21,100,0,100,0,200,0,100.0,20929.0,100.0,44864226912.0,100.0,75853958988.0
2018-03-03,S301NKTA,ST4000DM000,4000787030016,0,113,53290584,92,0,100,10,100,16,78,71157603,76,21055,100,0,100,9,100.0,0.0,100.0,0.0,95.0,5.0,100.0,0.0,100.0,0.0,79.0,21.0,100.0,0.0,100.0,0.0,97.0,7978.0,21,21,100,0,100,0,200,0,100.0,20954.0,100.0,44875737992.0,100.0,76016403564.0
2018-03-04,S301NKTA,ST4000DM000,4000787030016,0,110,25922272,92,0,100,10,100,16,78,73068601,76,21078,100,0,100,9,100.0,0.0,100.0,0.0,95.0,5.0,100.0,0.0,100.0,0.0,80.0,20.0,100.0,0.0,100.0,0.0,97.0,7978.0,20,20,100,0,100,0,200,0,100.0,20977.0,100.0,44888053352.0,100.0,76169296328.0
2018-03-05,S301NKTA,ST4000DM000,4000787030016,0,117,130589672,92,0,100,10,100,16,78,74197641,76,21102,100,0,100,9,100.0,0.0,100.0,0.0,95.0,5.0,100.0,0.0,100.0,0.0,80.0,20.0,100.0,0.0,100.0,0.0,97.0,7978.0,20,20,100,0,100,0,200,0,100.0,21001.0,100.0,44909710912.0,100.0,76310615879.0
2018-03-06,S301NKTA,ST4000DM000,4000787030016,0,120,242419680,92,0,100,10,100,16,78,74864724,76,21128,100,0,100,9,100.0,0.0,100.0,0.0,95.0,5.0,100.0,0.0,100.0,0.0,80.0,20.0,100.0,0.0,100.0,0.0,97.0,7980.0,20,20,100,0,100,0,200,0,100.0,21027.0,100.0,44922452872.0,100.0,76379220021.0
2018-03-07,S301NKTA,ST4000DM000,4000787030016,0,102.0,4557864.0,92.0,0.0,100.0,10.0,100.0,16.0,78.0,75675656.0,76.0,21152.0,100.0,0.0,100.0,9.0,100.0,0.0,100.0,0.0,95.0,5.0,100.0,0.0,100.0,0.0,79.0,21.0,100.0,0.0,100.0,0.0,97.0,7980.0,21.0,21.0,100.0,0.0,100.0,0.0,200.0,0.0,100.0,21051.0,100.0,44935656440.0,100.0,76467501248.0
2018-03-08,S301NKTA,ST4000DM000,4000787030016,0,119,221392536,92,0,100,10,100,16,78,76796713,76,21172,100,0,100,9,100.0,0.0,100.0,0.0,95.0,5.0,100.0,0.0,100.0,0.0,80.0,20.0,100.0,0.0,100.0,0.0,97.0,7980.0,20,20,100,0,100,0,200,0,100.0,21071.0,100.0,44944801112.0,100.0,76594943731.0
2018-03-09,S301NKTA,ST4000DM000,4000787030016,0,114,75076312,92,0,100,10,100,16,78,77603506,76,21196,100,0,100,9,100.0,0.0,100.0,0.0,95.0,5.0,100.0,0.0,100.0,0.0,80.0,20.0,100.0,0.0,100.0,0.0,97.0,7982.0,20,20,100,0,100,0,200,0,100.0,21095.0,100.0,44952883072.0,100.0,76698996497.0
2018-03-10,S301NKTA,ST4000DM000,4000787030016,0,118,181218264,92,0,100,10,100,16,78,78512110,76,21220,100,0,100,9,100.0,0.0,100.0,0.0,95.0,5.0,100.0,0.0,100.0,0.0,80.0,20.0,100.0,0.0,100.0,0.0,97.0,7982.0,20,20,100,0,100,0,200,0,100.0,21119.0,100.0,44959395832.0,100.0,76821727679.0
2018-03-11,S301NKTA,ST4000DM000,4000787030016,0,107,13405528,92,0,100,10,100,16,78,81904633,76,21244,100,0,100,9,100.0,0.0,100.0,0.0,95.0,5.0,100.0,0.0,100.0,0.0,79.0,21.0,100.0,0.0,100.0,0.0,97.0,7982.0,21,21,100,0,100,0,200,0,100.0,21143.0,100.0,44977437472.0,100.0,76981419642.0
2018-03-12,S301NKTA,ST4000DM000,4000787030016,0,119,226736272,92,0,100,10,100,16,78,82900516,76,21268,100,0,100,9,100.0,0.0,100.0,0.0,95.0,5.0,100.0,0.0,100.0,0.0,80.0,20.0,100.0,0.0,100.0,0.0,97.0,7982.0,20,20,100,0,100,0,200,0,100.0,21167.0,100.0,44988955336.0,100.0,77095405966.0
2018-03-13,S301NKTA,ST4000DM000,4000787030016,0,116,113803784,92,0,100,10,100,16,79,84355687,76,21292,100,0,100,9,100.0,0.0,100.0,0.0,95.0,5.0,100.0,0.0,100.0,0.0,80.0,20.0,100.0,0.0,100.0,0.0,97.0,7982.0,20,20,100,0,100,0,200,0,100.0,21191.0,100.0,45013124592.0,100.0,77212799584.0
2018-03-14,S301NKTA,ST4000DM000,4000787030016,0,113,57779456,92,0,100,10,100,16,79,85989550,76,21316,100,0,100,9,100.0,0.0,100.0,0.0,95.0,5.0,100.0,0.0,100.0,0.0,81.0,19.0,100.0,0.0,100.0,0.0,97.0,7982.0,19,19,100,0,100,0,200,0,100.0,21215.0,100.0,45026313744.0,100.0,77343849532.0
2018-03-15,S301NKTA,ST4000DM000,4000787030016,0,109,22888584,92,0,100,11,100,16,79,87063454,76,21342,100,0,100,10,100.0,0.0,100.0,0.0,95.0,5.0,100.0,0.0,100.0,0.0,80.0,20.0,100.0,0.0,100.0,0.0,97.0,7993.0,20,20,100,0,100,0,200,0,100.0,21241.0,100.0,45038835576.0,100.0,77485156694.0
2018-03-16,S301NKTA,ST4000DM000,4000787030016,0,114.0,63954488.0,92.0,0.0,100.0,11.0,100.0,24.0,79.0,87716739.0,76.0,21366.0,100.0,0.0,100.0,10.0,100.0,0.0,100.0,0.0,95.0,5.0,100.0,0.0,100.0,0.0,80.0,20.0,100.0,0.0,100.0,0.0,97.0,7993.0,20.0,20.0,100.0,8.0,100.0,8.0,200.0,0.0,100.0,21265.0,100.0,45049078888.0,100.0,77659120694.0
2018-03-17,S301NKTA,ST4000DM000,4000787030016,0,118,178475120,92,0,100,11,100,24,79,88364020,76,21390,100,0,100,10,100.0,0.0,100.0,0.0,93.0,7.0,100.0,0.0,100.0,0.0,80.0,20.0,100.0,0.0,100.0,0.0,97.0,7993.0,20,20,100,32,100,32,200,0,100.0,21289.0,100.0,45059313896.0,100.0,77821667765.0
2018-03-18,S301NKTA,ST4000DM000,4000787030016,0,111,39552200,92,0,100,12,100,24,79,89950026,76,21410,100,0,100,11,100.0,0.0,100.0,0.0,93.0,7.0,100.0,0.0,100.0,0.0,81.0,19.0,100.0,0.0,100.0,0.0,97.0,7996.0,19,19,100,16,100,16,200,0,100.0,21309.0,100.0,45077350272.0,100.0,77991111757.0
2018-03-19,S301NKTA,ST4000DM000,4000787030016,0,116,105905872,92,0,100,12,100,24,79,90600670,76,21434,100,0,100,11,100.0,0.0,100.0,0.0,93.0,7.0,100.0,0.0,100.0,0.0,81.0,19.0,100.0,0.0,100.0,0.0,97.0,7996.0,19,19,100,16,100,16,200,0,100.0,21333.0,100.0,45087519944.0,100.0,78157787214.0
2018-03-20,S301NKTA,ST4000DM000,4000787030016,0,108,17946208,92,0,100,12,100,24,79,91441013,76,21458,100,0,100,11,100.0,0.0,100.0,0.0,93.0,7.0,100.0,0.0,100.0,0.0,81.0,19.0,100.0,0.0,100.0,0.0,97.0,7996.0,19,19,100,16,100,16,200,0,100.0,21357.0,100.0,45097424472.0,100.0,78303049202.0
2018-03-21,S301NKTA,ST4000DM000,4000787030016,0,118,170790384,92,0,100,12,100,24,79,92626582,76,21482,100,0,100,11,100.0,0.0,100.0,0.0,93.0,7.0,100.0,0.0,100.0,0.0,80.0,20.0,100.0,0.0,100.0,0.0,97.0,7996.0,20,20,100,16,100,16,200,0,100.0,21381.0,100.0,45111061112.0,100.0,78442674965.0
2018-03-22,S301NKTA,ST4000DM000,4000787030016,0,117,125900768,92,0,100,12,100,24,79,93242210,76,21506,100,0,100,11,100.0,0.0,100.0,0.0,93.0,7.0,100.0,0.0,100.0,0.0,80.0,20.0,100.0,0.0,100.0,0.0,97.0,7996.0,20,20,100,16,100,16,200,0,100.0,21405.0,100.0,45123313192.0,100.0,78612906570.0
2018-03-23,S301NKTA,ST4000DM000,4000787030016,0,101,3403016,92,0,100,12,100,24,79,93998129,76,21530,100,0,100,11,100.0,0.0,100.0,0.0,93.0,7.0,100.0,0.0,100.0,0.0,80.0,20.0,100.0,0.0,100.0,0.0,97.0,7996.0,20,20,100,16,100,16,200,0,100.0,21428.0,100.0,45132532624.0,100.0,78813520369.0
2018-03-24,S301NKTA,ST4000DM000,4000787030016,1,111,142320057,92,0,100,12,100,24,79,95003725,76,21554,100,0,100,11,100.0,0.0,100.0,0.0,92.0,8.0,100.0,0.0,100.0,0.0,81.0,19.0,100.0,0.0,100.0,0.0,97.0,7996.0,19,19,100,40,100,40,200,0,100.0,21452.0,100.0,45150821520.0,100.0,78977906910.0
