2018-01-01,Z3015L2F,ST4000DM000,4000787030016,0,118,195817344,92,0,100,9,100,0,88,754664105,63,32741,100,0,100,9,99.0,1.0,100.0,0.0,100.0,0.0,100.0,0.0,100.0,0.0,81.0,19.0,100.0,0.0,100.0,0.0,89.0,22946.0,19,19,100,0,100,0,200,0,100.0,32541.0,100.0,26390489292.0,100.0,149427730190.0
2018-01-02,Z3015L2F,ST4000DM000,4000787030016,0,118,197834480,92,0,100,9,100,0,88,755485613,63,32765,100,0,100,9,99.0,1.0,100.0,0.0,100.0,0.0,100.0,0.0,100.0,0.0,80.0,20.0,100.0,0.0,100.0,0.0,89.0,22948.0,20,20,100,0,100,0,200,0,100.0,32565.0,100.0,26393227044.0,100.0,149461113261.0
2018-01-03,Z3015L2F,ST4000DM000,4000787030016,0,118,176502048,92,0,100,9,100,0,88,756302024,63,32789,100,0,100,9,99.0,1.0,100.0,0.0,100.0,0.0,100.0,0.0,100.0,0.0,80.0,20.0,100.0,0.0,100.0,0.0,89.0,22948.0,20,20,100,0,100,0,200,0,100.0,32590.0,100.0,26395733870.0,100.0,149496043617.0
2018-01-04,Z3015L2F,ST4000DM000,4000787030016,0,116,102898952,92,0,100,9,100,0,88,757082745,63,32813,100,0,100,9,99.0,1.0,100.0,0.0,100.0,0.0,100.0,0.0,100.0,0.0,81.0,19.0,100.0,0.0,100.0,0.0,89.0,22950.0,19,19,100,0,100,0,200,0,100.0,32613.0,100.0,26397867366.0,100.0,149527494255.0
2018-01-05,Z3015L2F,ST4000DM000,4000787030016,0,107.0,13908216.0,92.0,0.0,100.0,9.0,100.0,0.0,88.0,757857787.0,63.0,32837.0,100.0,0.0,100.0,9.0,99.0,1.0,100.0,0.0,100.0,0.0,100.0,0.0,100.0,0.0,80.0,20.0,100.0,0.0,100.0,0.0,89.0,22950.0,20.0,20.0,100.0,0.0,100.0,0.0,200.0,0.0,100.0,32637.0,100.0,26400020222.0,100.0,149559239091.0
2018-01-06,Z3015L2F,ST4000DM000,4000787030016,0,119,209758984,92,0,100,9,100,0,88,758642145,63,32860,100,0,100,9,99.0,1.0,100.0,0.0,100.0,0.0,100.0,0.0,100.0,0.0,81.0,19.0,100.0,0.0,100.0,0.0,89.0,22950.0,19,19,100,0,100,0,200,0,100.0,32661.0,100.0,26402159528.0,100.0,149593027429.0
2018-01-07,Z3015L2F,ST4000DM000,4000787030016,0,118,170166176,92,0,100,9,100,0,88,759435694,63,32885,100,0,100,9,99.0,1.0,100.0,0.0,100.0,0.0,100.0,0.0,100.0,0.0,81.0,19.0,100.0,0.0,100.0,0.0,89.0,22950.0,19,19,100,0,100,0,200,0,100.0,32685.0,100.0,26404380012.0,100.0,149627252456.0
2018-01-08,Z3015L2F,ST4000DM000,4000787030016,0,110,25231520,92,0,100,9,100,0,88,760171146,63,32909,100,0,100,9,99.0,1.0,100.0,0.0,100.0,0.0,100.0,0.0,100.0,0.0,81.0,19.0,100.0,0.0,100.0,0.0,89.0,22950.0,19,19,100,0,100,0,200,0,100.0,32709.0,100.0,26406458846.0,100.0,149661507544.0
2018-01-09,Z3015L2F,ST4000DM000,4000787030016,0,117,119266488,92,0,100,9,100,0,88,760918948,63,32932,100,0,100,9,99.0,1.0,100.0,0.0,100.0,0.0,100.0,0.0,100.0,0.0,81.0,19.0,100.0,0.0,100.0,0.0,89.0,22951.0,19,19,100,0,100,0,200,0,100.0,32733.0,100.0,26408582728.0,100.0,149695267187.0
2018-01-10,Z3015L2F,ST4000DM000,4000787030016,0,112,47185584,92,0,100,9,100,0,88,761701775,63,32957,100,0,100,9,99.0,1.0,100.0,0.0,100.0,0.0,100.0,0.0,100.0,0.0,81.0,19.0,100.0,0.0,100.0,0.0,89.0,22951.0,19,19,100,0,100,0,200,0,100.0,32758.0,100.0,26410799576.0,100.0,149728470354.0
2018-01-11,Z3015L2F,ST4000DM000,4000787030016,0,118,189139648,92,0,100,9,100,0,88,762130485,63,32971,100,0,100,9,99.0,1.0,100.0,0.0,100.0,0.0,100.0,0.0,100.0,0.0,82.0,18.0,100.0,0.0,100.0,0.0,89.0,22951.0,18,18,100,0,100,0,200,0,100.0,32771.0,100.0,26411978184.0,100.0,149748835327.0
2018-01-12,Z3015L2F,ST4000DM000,4000787030016,0,119,231932480,92,0,100,9,100,0,88,763090533,63,32995,100,0,100,9,99.0,1.0,100.0,0.0,100.0,0.0,100.0,0.0,100.0,0.0,82.0,18.0,100.0,0.0,100.0,0.0,89.0,22951.0,18,18,100,0,100,0,200,0,100.0,32795.0,100.0,26415017258.0,100.0,149790116523.0
2018-01-13,Z3015L2F,ST4000DM000,4000787030016,0,117.0,127235352.0,92.0,0.0,100.0,9.0,100,0,88.0,764000738.0,63,33022,100.0,0.0,100,9,99.0,1.0,100.0,0.0,100.0,0.0,100.0,0.0,100.0,0.0,81.0,19.0,100.0,0.0,100.0,0.0,89.0,22951.0,19.0,19.0,100.0,0.0,100.0,0.0,200,0,100.0,32823.0,100.0,26417961306.0,100.0,149833209851.0
2018-01-14,Z3015L2F,ST4000DM000,4000787030016,0,118.0,188665280.0,92.0,0.0,100.0,9.0,100,0,88.0,765089711.0,63,33046,100.0,0.0,100,9,99.0,1.0,100.0,0.0,100.0,0.0,100.0,0.0,100.0,0.0,80.0,20.0,100.0,0.0,100.0,0.0,89.0,22951.0,20.0,20.0,100.0,0.0,100.0,0.0,200,0,100.0,32847.0,100.0,26421119890.0,100.0,149874585437.0
2018-01-15,Z3015L2F,ST4000DM000,4000787030016,0,117.0,159929920.0,92.0,0.0,100.0,9.0,100,0,88.0,765895837.0,63,33071,100.0,0.0,100,9,99.0,1.0,100.0,0.0,100.0,0.0,100.0,0.0,100.0,0.0,80.0,20.0,100.0,0.0,100.0,0.0,89.0,22951.0,20.0,20.0,100.0,0.0,100.0,0.0,200,0,100.0,32871.0,100.0,26423350100.0,100.0,149911443375.0
2018-01-16,Z3015L2F,ST4000DM000,4000787030016,0,117.0,127271944.0,92.0,0.0,100.0,9.0,100,0,88.0,766708914.0,63,33094,100.0,0.0,100,9,99.0,1.0,100.0,0.0,100.0,0.0,100.0,0.0,100.0,0.0,80.0,20.0,100.0,0.0,100.0,0.0,89.0,22960.0,20.0,20.0,100.0,0.0,100.0,0.0,200,0,100.0,32895.0,100.0,26425497892.0,100.0,149944564769.0
2018-01-17,Z3015L2F,ST4000DM000,4000787030016,0,113.0,56008360.0,92.0,0.0,100.0,9.0,100,0,88.0,767478593.0,63,33118,100.0,0.0,100,9,99.0,1.0,100.0,0.0,100.0,0.0,100.0,0.0,100.0,0.0,81.0,19.0,100.0,0.0,100.0,0.0,89.0,22960.0,19.0,19.0,100.0,0.0,100.0,0.0,200,0,100.0,32919.0,100.0,26427605988.0,100.0,149979124865.0
2018-01-18,Z3015L2F,ST4000DM000,4000787030016,0,110.0,25873512.0,92.0,0.0,100.0,9.0,100.0,0.0,88.0,768272281.0,63.0,33143.0,100.0,0.0,100.0,9.0,99.0,1.0,100.0,0.0,100.0,0.0,100.0,0.0,100.0,0.0,81.0,19.0,100.0,0.0,100.0,0.0,89.0,22960.0,19.0,19.0,100.0,0.0,100.0,0.0,200.0,0.0,100.0,32943.0,100.0,26429759426.0,100.0,150015515452.0
2018-01-19,Z3015L2F,ST4000DM000,4000787030016,0,100.0,3135320.0,92.0,0.0,100.0,9.0,100.0,0.0,88.0,769331301.0,63.0,33167.0,100.0,0.0,100.0,9.0,99.0,1.0,100.0,0.0,100.0,0.0,100.0,0.0,100.0,0.0,81.0,19.0,100.0,0.0,100.0,0.0,89.0,22967.0,19.0,19.0,100.0,0.0,100.0,0.0,200.0,0.0,100.0,32968.0,100.0,26432734394.0,100.0,150062120878.0
2018-01-20,Z3015L2F,ST4000DM000,4000787030016,0,119.0,207442648.0,92.0,0.0,100.0,9.0,100,0,88.0,770123612.0,63,33191,100.0,0.0,100,9,99.0,1.0,100.0,0.0,100.0,0.0,100.0,0.0,100.0,0.0,81.0,19.0,100.0,0.0,100.0,0.0,89.0,22967.0,19.0,19.0,100.0,0.0,100.0,0.0,200,0,100.0,32992.0,100.0,26434922958.0,100.0,150095170559.0
2018-01-21,Z3015L2F,ST4000DM000,4000787030016,0,118.0,193811544.0,92.0,0.0,100.0,9.0,100,0,88.0,770927543.0,63,33215,100.0,0.0,100,9,99.0,1.0,100.0,0.0,100.0,0.0,100.0,0.0,100.0,0.0,80.0,20.0,100.0,0.0,100.0,0.0,89.0,22967.0,20.0,20.0,100.0,0.0,100.0,0.0,200,0,100.0,33015.0,100.0,26437259574.0,100.0,150133729564.0
2018-01-22,Z3015L2F,ST4000DM000,4000787030016,0,117.0,149016384.0,92.0,0.0,100.0,9.0,100,0,88.0,771722880.0,63,33239,100.0,0.0,100,9,99.0,1.0,100.0,0.0,100.0,0.0,100.0,0.0,100.0,0.0,81.0,19.0,100.0,0.0,100.0,0.0,89.0,22994.0,19.0,19.0,100.0,0.0,100.0,0.0,200,0,100.0,33039.0,100.0,26439430514.0,100.0,150165921218.0
2018-01-23,Z3015L2F,ST4000DM000,4000787030016,0,118.0,185984576.0,92.0,0.0,100.0,10.0,100,0,88.0,772932365.0,63,33263,100.0,0.0,100,10,99.0,1.0,100.0,0.0,100.0,0.0,100.0,0.0,100.0,0.0,83.0,17.0,100.0,0.0,100.0,0.0,89.0,23035.0,17.0,17.0,100.0,0.0,100.0,0.0,200,0,100.0,33064.0,100.0,26442611404.0,100.0,150207974440.0
2018-01-24,Z3015L2F,ST4000DM000,4000787030016,0,118.0,187446064.0,92.0,0.0,100.0,10.0,100,0,88.0,773743274.0,63,33287,100.0,0.0,100,10,99.0,1.0,100.0,0.0,100.0,0.0,100.0,0.0,100.0,0.0,82.0,18.0,100.0,0.0,100.0,0.0,89.0,23037.0,18.0,18.0,100.0,0.0,100.0,0.0,200,0,100.0,33087.0,100.0,26444779962.0,100.0,150240514577.0
2018-01-25,Z3015L2F,ST4000DM000,4000787030016,0,118.0,173746480.0,92.0,0.0,100.0,10.0,100,0,88.0,774568091.0,62,33311,100.0,0.0,100,10,99.0,1.0,100.0,0.0,100.0,0.0,100.0,0.0,100.0,0.0,82.0,18.0,100.0,0.0,100.0,0.0,89.0,23041.0,18.0,18.0,100.0,0.0,100.0,0.0,200,0,100.0,33111.0,100.0,26447121950.0,100.0,150268782765.0
2018-01-26,Z3015L2F,ST4000DM000,4000787030016,0,119.0,206084184.0,92.0,0.0,100.0,10.0,100,0,88.0,775417590.0,62,33335,100.0,0.0,100,10,99.0,1.0,100.0,0.0,100.0,0.0,100.0,0.0,100.0,0.0,82.0,18.0,100.0,0.0,100.0,0.0,89.0,23041.0,18.0,18.0,100.0,0.0,100.0,0.0,200,0,100.0,33136.0,100.0,26450049990.0,100.0,150302679772.0
2018-01-27,Z3015L2F,ST4000DM000,4000787030016,0,119.0,202900016.0,92.0,0.0,100.0,10.0,100,0,88.0,776235453.0,62,33359,100.0,0.0,100,10,99.0,1.0,100.0,0.0,100.0,0.0,100.0,0.0,100.0,0.0,82.0,18.0,100.0,0.0,100.0,0.0,89.0,23041.0,18.0,18.0,100.0,0.0,100.0,0.0,200,0,100.0,33159.0,100.0,26452225120.0,100.0,150331026660.0
2018-01-28,Z3015L2F,ST4000DM000,4000787030016,0,117.0,137998224.0,92.0,0.0,100.0,10.0,100,0,88.0,776899331.0,62,33383,100.0,0.0,100,10,99.0,1.0,100.0,0.0,100.0,0.0,100.0,0.0,100.0,0.0,82.0,18.0,100.0,0.0,100.0,0.0,89.0,23044.0,18.0,18.0,100.0,0.0,100.0,0.0,200,0,100.0,33183.0,100.0,26454424532.0,100.0,150360235618.0
2018-01-29,Z3015L2F,ST4000DM000,4000787030016,0,111.0,34097048.0,92.0,0.0,100.0,10.0,100,0,88.0,777631148.0,62,33407,100.0,0.0,100,10,99.0,1.0,100.0,0.0,100.0,0.0,100.0,0.0,100.0,0.0,82.0,18.0,100.0,0.0,100.0,0.0,89.0,23044.0,18.0,18.0,100.0,0.0,100.0,0.0,200,0,100.0,33207.0,100.0,26456369150.0,100.0,150395021320.0
2018-01-30,Z3015L2F,ST4000DM000,4000787030016,0,108.0,16387928.0,92.0,0.0,100.0,10.0,100,0,88.0,778421749.0,62,33429,100.0,0.0,100,10,99.0,1.0,100.0,0.0,100.0,0.0,100.0,0.0,100.0,0.0,82.0,18.0,100.0,0.0,100.0,0.0,89.0,23044.0,18.0,18.0,100.0,0.0,100.0,0.0,200,0,100.0,33229.0,100.0,26458461502.0,100.0,150425498451.0
2018-01-31,Z3015L2F,ST4000DM000,4000787030016,0,119.0,223130168.0,92.0,0.0,100.0,10.0,100.0,0.0,88.0,779599659.0,62.0,33453.0,100.0,0.0,100.0,10.0,99.0,1.0,100.0,0.0,100.0,0.0,100.0,0.0,100.0,0.0,82.0,18.0,100.0,0.0,100.0,0.0,89.0,23044.0,18.0,18.0,100.0,0.0,100.0,0.0,200.0,0.0,100.0,33253.0,100.0,26461531774.0,100.0,150469028930.0
2018-02-01,Z3015L2F,ST4000DM000,4000787030016,0,111.0,40284064.0,92.0,0.0,100.0,10.0,100,0,88.0,780577554.0,62,33477,100.0,0.0,100,10,99.0,1.0,100.0,0.0,100.0,0.0,100.0,0.0,100.0,0.0,82.0,18.0,100.0,0.0,100.0,0.0,89.0,23044.0,18.0,18.0,100.0,0.0,100.0,0.0,200,0,100.0,33277.0,100.0,26464390588.0,100.0,150507948620.0
2018-02-02,Z3015L2F,ST4000DM000,4000787030016,0,111.0,40159344.0,92.0,0.0,100.0,10.0,100,0,88.0,781389935.0,62,33501,100.0,0.0,100,10,99.0,1.0,100.0,0.0,100.0,0.0,100.0,0.0,100.0,0.0,83.0,17.0,100.0,0.0,100.0,0.0,89.0,23044.0,17.0,17.0,100.0,0.0,100.0,0.0,200,0,100.0,33301.0,100.0,26466579630.0,100.0,150541370440.0
2018-02-03,Z3015L2F,ST4000DM000,4000787030016,0,113.0,57755288.0,92.0,0.0,100.0,10.0,100,0,88.0,782210210.0,62,33525,100.0,0.0,100,10,99.0,1.0,100.0,0.0,100.0,0.0,100.0,0.0,100.0,0.0,82.0,18.0,100.0,0.0,100.0,0.0,89.0,23056.0,18.0,18.0,100.0,0.0,100.0,0.0,200,0,100.0,33325.0,100.0,26468775866.0,100.0,150577170780.0
2018-02-04,Z3015L2F,ST4000DM000,4000787030016,0,119.0,216938152.0,92.0,0.0,100.0,10.0,100,0,88.0,783302676.0,62,33557,100.0,0.0,100,10,99.0,1.0,100.0,0.0,100.0,0.0,100.0,0.0,100.0,0.0,82.0,18.0,100.0,0.0,100.0,0.0,89.0,23056.0,18.0,18.0,100.0,0.0,100.0,0.0,200,0,100.0,33357.0,100.0,26471726368.0,100.0,150619646491.0
2018-02-05,Z3015L2F,ST4000DM000,4000787030016,0,119.0,203027712.0,92.0,0.0,100.0,10.0,100,0,88.0,784117523.0,62,33581,100.0,0.0,100,10,99.0,1.0,100.0,0.0,100.0,0.0,100.0,0.0,100.0,0.0,82.0,18.0,100.0,0.0,100.0,0.0,89.0,23056.0,18.0,18.0,100.0,0.0,100.0,0.0,200,0,100.0,33381.0,100.0,26473910812.0,100.0,150651896123.0
2018-02-06,Z3015L2F,ST4000DM000,4000787030016,0,105.0,9897480.0,92.0,0.0,100.0,10.0,100,0,88.0,784963003.0,62,33605,100.0,0.0,100,10,99.0,1.0,100.0,0.0,100.0,0.0,100.0,0.0,100.0,0.0,83.0,17.0,100.0,0.0,100.0,0.0,89.0,23056.0,17.0,17.0,100.0,0.0,100.0,0.0,200,0,100.0,33405.0,100.0,26476248584.0,100.0,150688106527.0
2018-02-07,Z3015L2F,ST4000DM000,4000787030016,0,115.0,94908736.0,92.0,0.0,100.0,10.0,100,0,88.0,785821396.0,62,33629,100.0,0.0,100,10,99.0,1.0,100.0,0.0,100.0,0.0,100.0,0.0,100.0,0.0,82.0,18.0,100.0,0.0,100.0,0.0,89.0,23056.0,18.0,18.0,100.0,0.0,100.0,0.0,200,0,100.0,33429.0,100.0,26478722334.0,100.0,150722011513.0
2018-02-08,Z3015L2F,ST4000DM000,4000787030016,0,115.0,93009160.0,92.0,0.0,100.0,10.0,100,0,88.0,786635376.0,62,33653,100.0,0.0,100,10,99.0,1.0,100.0,0.0,100.0,0.0,100.0,0.0,100.0,0.0,82.0,18.0,100.0,0.0,100.0,0.0,89.0,23056.0,18.0,18.0,100.0,0.0,100.0,0.0,200,0,100.0,33453.0,100.0,26481383650.0,100.0,150756329668.0
2018-02-09,Z3015L2F,ST4000DM000,4000787030016,0,113,55722488,92,0,100,10,100,0,88,787446076,62,33677,100,0,100,10,99.0,1.0,100.0,0.0,100.0,0.0,100.0,0.0,100.0,0.0,82.0,18.0,100.0,0.0,100.0,0.0,89.0,23056.0,18,18,100,0,100,0,200,0,100.0,33478.0,100.0,26483893010.0,100.0,150787172347.0
2018-02-10,Z3015L2F,ST4000DM000,4000787030016,0,114.0,59351112.0,92.0,0.0,100.0,10.0,100.0,0.0,88.0,788273656.0,62.0,33701.0,100.0,0.0,100.0,10.0,99.0,1.0,100.0,0.0,100.0,0.0,100.0,0.0,100.0,0.0,82.0,18.0,100.0,0.0,100.0,0.0,89.0,23056.0,18.0,18.0,100.0,0.0,100.0,0.0,200.0,0.0,100.0,33501.0,100.0,26486158434.0,100.0,150820676418.0
2018-02-11,Z3015L2F,ST4000DM000,4000787030016,0,109,21429952,92,0,100,10,100,0,88,789074837,62,33725,100,0,100,10,99.0,1.0,100.0,0.0,100.0,0.0,100.0,0.0,100.0,0.0,82.0,18.0,100.0,0.0,100.0,0.0,89.0,23056.0,18,18,100,0,100,0,200,0,100.0,33525.0,100.0,26488333308.0,100.0,150852334708.0
2018-02-12,Z3015L2F,ST4000DM000,4000787030016,0,117,158728992,92,0,100,10,100,0,88,789833483,62,33749,100,0,100,10,99.0,1.0,100.0,0.0,100.0,0.0,100.0,0.0,100.0,0.0,82.0,18.0,100.0,0.0,100.0,0.0,89.0,23056.0,18,18,100,0,100,0,200,0,100.0,33549.0,100.0,26490393302.0,100.0,150884406895.0
2018-02-13,Z3015L2F,ST4000DM000,4000787030016,0,117,155870048,92,0,100,10,100,0,88,790642950,62,33773,100,0,100,10,99.0,1.0,100.0,0.0,100.0,0.0,100.0,0.0,100.0,0.0,82.0,18.0,100.0,0.0,100.0,0.0,89.0,23056.0,18,18,100,0,100,0,200,0,100.0,33573.0,100.0,26492710748.0,100.0,150921249985.0
2018-02-14,Z3015L2F,ST4000DM000,4000787030016,0,116,103717848,92,0,100,10,100,0,88,791421592,62,33797,100,0,100,10,99.0,1.0,100.0,0.0,100.0,0.0,100.0,0.0,100.0,0.0,83.0,17.0,100.0,0.0,100.0,0.0,89.0,23056.0,17,17,100,0,100,0,200,0,100.0,33597.0,100.0,26494990788.0,100.0,150955225493.0
2018-02-15,Z3015L2F,ST4000DM000,4000787030016,0,117,122291392,92,0,100,10,100,0,88,792262186,62,33821,100,0,100,10,99.0,1.0,100.0,0.0,100.0,0.0,100.0,0.0,100.0,0.0,82.0,18.0,100.0,0.0,100.0,0.0,89.0,23056.0,18,18,100,0,100,0,200,0,100.0,33621.0,100.0,26497412000.0,100.0,150985853703.0
2018-02-16,Z3015L2F,ST4000DM000,4000787030016,0,114,60673104,92,0,100,10,100,0,88,793066500,62,33845,100,0,100,10,99.0,1.0,100.0,0.0,100.0,0.0,100.0,0.0,100.0,0.0,83.0,17.0,100.0,0.0,100.0,0.0,89.0,23117.0,17,17,100,0,100,0,200,0,100.0,33645.0,100.0,26499494302.0,100.0,151019412989.0
2018-02-17,Z3015L2F,ST4000DM000,4000787030016,0,111,29457984,92,0,100,10,100,0,88,793873981,62,33869,100,0,100,10,99.0,1.0,100.0,0.0,100.0,0.0,100.0,0.0,100.0,0.0,83.0,17.0,100.0,0.0,100.0,0.0,89.0,23117.0,17,17,100,0,100,0,200,0,100.0,33669.0,100.0,26501798366.0,100.0,151052850592.0
2018-02-18,Z3015L2F,ST4000DM000,4000787030016,0,119,215221840,92,0,100,10,100,0,88,794658071,62,33893,100,0,100,10,99.0,1.0,100.0,0.0,100.0,0.0,100.0,0.0,100.0,0.0,82.0,18.0,100.0,0.0,100.0,0.0,89.0,23117.0,18,18,100,0,100,0,200,0,100.0,33693.0,100.0,26504022356.0,100.0,151086462469.0
2018-02-19,Z3015L2F,ST4000DM000,4000787030016,0,108,17572152,92,0,100,10,100,0,88,795498115,62,33917,100,0,100,10,99.0,1.0,100.0,0.0,100.0,0.0,100.0,0.0,100.0,0.0,83.0,17.0,100.0,0.0,100.0,0.0,89.0,23117.0,17,17,100,0,100,0,200,0,100.0,33717.0,100.0,26506575664.0,100.0,151124262592.0
2018-02-20,Z3015L2F,ST4000DM000,4000787030016,0,118,170605176,92,0,100,10,100,0,88,796253700,62,33941,100,0,100,10,99.0,1.0,100.0,0.0,100.0,0.0,100.0,0.0,100.0,0.0,83.0,17.0,100.0,0.0,100.0,0.0,89.0,23128.0,17,17,100,0,100,0,200,0,100.0,33741.0,100.0,26508616596.0,100.0,151161827023.0
2018-02-21,Z3015L2F,ST4000DM000,4000787030016,0,117,151427504,92,0,100,10,100,0,88,797054720,62,33965,100,0,100,10,99.0,1.0,100.0,0.0,100.0,0.0,100.0,0.0,100.0,0.0,82.0,18.0,100.0,0.0,100.0,0.0,89.0,23128.0,18,18,100,0,100,0,200,0,100.0,33765.0,100.0,26510916532.0,100.0,151197290190.0
2018-02-22,Z3015L2F,ST4000DM000,4000787030016,0,118,184908352,92,0,100,10,100,0,88,797895194,62,33989,100,0,100,10,99.0,1.0,100.0,0.0,100.0,0.0,100.0,0.0,100.0,0.0,82.0,18.0,100.0,0.0,100.0,0.0,89.0,23128.0,18,18,100,0,100,0,200,0,100.0,33789.0,100.0,26513154034.0,100.0,151228864520.0
2018-02-23,Z3015L2F,ST4000DM000,4000787030016,0,119,215421528,92,0,100,10,100,0,88,798734732,62,34013,100,0,100,10,99.0,1.0,100.0,0.0,100.0,0.0,100.0,0.0,100.0,0.0,82.0,18.0,100.0,0.0,100.0,0.0,89.0,23128.0,18,18,100,0,100,0,200,0,100.0,33813.0,100.0,26515545332.0,100.0,151260289015.0
2018-02-24,Z3015L2F,ST4000DM000,4000787030016,0,117,146355032,92,0,100,10,100,0,88,799513352,62,34037,100,0,100,10,99.0,1.0,100.0,0.0,100.0,0.0,100.0,0.0,100.0,0.0,82.0,18.0,100.0,0.0,100.0,0.0,89.0,23128.0,18,18,100,0,100,0,200,0,100.0,33837.0,100.0,26517775744.0,100.0,151294817969.0
2018-02-25,Z3015L2F,ST4000DM000,4000787030016,0,117,158585312,92,0,100,10,100,0,88,800343167,62,34061,100,0,100,10,99.0,1.0,100.0,0.0,100.0,0.0,100.0,0.0,100.0,0.0,82.0,18.0,100.0,0.0,100.0,0.0,89.0,23128.0,18,18,100,0,100,0,200,0,100.0,33861.0,100.0,26519988034.0,100.0,151327797118.0
2018-02-26,Z3015L2F,ST4000DM000,4000787030016,0,118,188909872,92,0,100,10,100,0,88,801183525,62,34085,100,0,100,10,99.0,1.0,100.0,0.0,100.0,0.0,100.0,0.0,100.0,0.0,82.0,18.0,100.0,0.0,100.0,0.0,89.0,23128.0,18,18,100,0,100,0,200,0,100.0,33885.0,100.0,26522325522.0,100.0,151364031377.0
2018-02-27,Z3015L2F,ST4000DM000,4000787030016,0,118,188275264,92,0,100,10,100,0,88,802001661,62,34109,100,0,100,10,99.0,1.0,100.0,0.0,100.0,0.0,100.0,0.0,100.0,0.0,82.0,18.0,100.0,0.0,100.0,0.0,89.0,23128.0,18,18,100,0,100,0,200,0,100.0,33909.0,100.0,26524519976.0,100.0,151397663995.0
2018-02-28,Z3015L2F,ST4000DM000,4000787030016,0,118,197139960,92,0,100,10,100,0,88,802826404,62,34133,100,0,100,10,99.0,1.0,100.0,0.0,100.0,0.0,100.0,0.0,100.0,0.0,83.0,17.0,100.0,0.0,100.0,0.0,89.0,23128.0,17,17,100,0,100,0,200,0,100.0,33933.0,100.0,26527119750.0,100.0,151431448877.0
2018-03-01,Z3015L2F,ST4000DM000,4000787030016,0,116,113496224,92,0,100,10,100,0,88,803409295,62,34149,100,0,100,10,99.0,1.0,100.0,0.0,100.0,0.0,100.0,0.0,100.0,0.0,82.0,18.0,100.0,0.0,100.0,0.0,89.0,23128.0,18,18,100,0,100,0,200,0,100.0,33950.0,100.0,26528689916.0,100.0,151459347810.0
2018-03-02,Z3015L2F,ST4000DM000,4000787030016,0,114,74926688,92,0,100,10,100,0,88,804560528,61,34174,100,0,100,10,99.0,1.0,100.0,0.0,100.0,0.0,100.0,0.0,100.0,0.0,82.0,18.0,100.0,0.0,100.0,0.0,89.0,23128.0,18,18,100,0,100,0,200,0,100.0,33974.0,100.0,26531469390.0,100.0,151508158013.0
2018-03-03,Z3015L2F,ST4000DM000,4000787030016,0,109,22333184,91,0,100,11,100,0,88,805192712,61,34201,100,0,100,11,99.0,1.0,100.0,0.0,100.0,0.0,100.0,0.0,100.0,0.0,83.0,17.0,100.0,0.0,100.0,0.0,89.0,23739.0,17,17,100,0,100,0,200,0,100.0,33999.0,100.0,26533101696.0,100.0,151541339048.0
2018-03-04,Z3015L2F,ST4000DM000,4000787030016,0,114,62615784,91,0,100,11,100,0,88,805279555,61,34225,100,0,100,11,99.0,1.0,100.0,0.0,100.0,0.0,100.0,0.0,100.0,0.0,83.0,17.0,100.0,0.0,100.0,0.0,88.0,24852.0,17,17,100,0,100,0,200,0,100.0,34019.0,100.0,26533218256.0,100.0,151568678251.0
2018-03-05,Z3015L2F,ST4000DM000,4000787030016,0,116,102918904,91,0,100,11,100,0,89,805364616,61,34249,100,0,100,11,99.0,1.0,100.0,0.0,100.0,0.0,100.0,0.0,100.0,0.0,83.0,17.0,100.0,0.0,100.0,0.0,87.0,26033.0,17,17,100,0,100,0,200,0,100.0,34038.0,100.0,26533334816.0,100.0,151602729597.0
2018-03-06,Z3015L2F,ST4000DM000,4000787030016,0,117,145604424,91,0,100,11,100,0,89,805452702,61,34273,100,0,100,11,99.0,1.0,100.0,0.0,100.0,0.0,100.0,0.0,100.0,0.0,83.0,17.0,100.0,0.0,100.0,0.0,87.0,27161.0,17,17,100,0,100,0,200,0,100.0,34058.0,100.0,26533455036.0,100.0,151637031382.0
2018-03-07,Z3015L2F,ST4000DM000,4000787030016,0,118.0,183657720.0,91.0,0.0,100.0,11.0,100.0,0.0,89.0,805540691.0,61.0,34298.0,100.0,0.0,100.0,11.0,99.0,1.0,100.0,0.0,100.0,0.0,100.0,0.0,100.0,0.0,83.0,17.0,100.0,0.0,100.0,0.0,86.0,28381.0,17.0,17.0,100.0,0.0,100.0,0.0,200.0,0.0,100.0,34079.0,100.0,26533575296.0,100.0,151668341543.0
2018-03-08,Z3015L2F,ST4000DM000,4000787030016,0,119,213693872,91,0,100,11,100,0,89,805612194,61,34318,100,0,100,11,99.0,1.0,100.0,0.0,100.0,0.0,100.0,0.0,100.0,0.0,83.0,17.0,100.0,0.0,100.0,0.0,86.0,29353.0,17,17,100,0,100,0,200,0,100.0,34095.0,100.0,26533672896.0,100.0,151692508951.0
2018-03-09,Z3015L2F,ST4000DM000,4000787030016,0,104,7213416,91,0,100,11,100,0,89,805696764,61,34342,100,0,100,11,99.0,1.0,100.0,0.0,100.0,0.0,100.0,0.0,100.0,0.0,83.0,17.0,100.0,0.0,100.0,0.0,85.0,30545.0,17,17,100,0,100,0,200,0,100.0,34114.0,100.0,26533789696.0,100.0,151726214671.0
2018-03-10,Z3015L2F,ST4000DM000,4000787030016,0,112,48122752,91,0,100,11,100,0,89,805782136,61,34366,100,0,100,11,99.0,1.0,100.0,0.0,100.0,0.0,100.0,0.0,100.0,0.0,83.0,17.0,100.0,0.0,100.0,0.0,85.0,31631.0,17,17,100,0,100,0,200,0,100.0,34134.0,100.0,26533906276.0,100.0,151759985855.0
2018-03-11,Z3015L2F,ST4000DM000,4000787030016,0,115,88690216,91,0,100,11,100,0,89,805869569,61,34390,100,0,100,11,99.0,1.0,100.0,0.0,100.0,0.0,100.0,0.0,100.0,0.0,83.0,17.0,100.0,0.0,100.0,0.0,84.0,32793.0,17,17,100,0,100,0,200,0,100.0,34155.0,100.0,26534026586.0,100.0,151795480991.0
2018-03-12,Z3015L2F,ST4000DM000,4000787030016,0,117,131945800,91,0,100,11,100,0,89,805955635,61,34414,100,0,100,11,99.0,1.0,100.0,0.0,100.0,0.0,100.0,0.0,100.0,0.0,83.0,17.0,100.0,0.0,100.0,0.0,84.0,33935.0,17,17,100,0,100,0,200,0,100.0,34174.0,100.0,26534143036.0,100.0,151828560889.0
2018-03-13,Z3015L2F,ST4000DM000,4000787030016,0,118,174896376,91,0,100,11,100,0,89,806041315,61,34438,100,0,100,11,99.0,1.0,100.0,0.0,100.0,0.0,100.0,0.0,100.0,0.0,83.0,17.0,100.0,0.0,100.0,0.0,83.0,35100.0,17,17,100,0,100,0,200,0,100.0,34194.0,100.0,26534259626.0,100.0,151863877899.0
2018-03-14,Z3015L2F,ST4000DM000,4000787030016,0,119,214286456,91,0,100,11,100,0,89,806126463,61,34462,100,0,100,11,99.0,1.0,100.0,0.0,100.0,0.0,100.0,0.0,100.0,0.0,83.0,17.0,100.0,0.0,100.0,0.0,82.0,36307.0,17,17,100,0,100,0,200,0,100.0,34213.0,100.0,26534376076.0,100.0,151896508812.0
2018-03-15,Z3015L2F,ST4000DM000,4000787030016,0,109,23722472,91,0,100,11,100,0,89,806239252,61,34493,100,0,100,11,99.0,1.0,100.0,0.0,100.0,0.0,100.0,0.0,100.0,0.0,83.0,17.0,100.0,0.0,100.0,0.0,82.0,37773.0,17,17,100,0,100,0,200,0,100.0,34239.0,100.0,26534530396.0,100.0,151941488997.0
2018-03-16,Z3015L2F,ST4000DM000,4000787030016,0,114.0,62812848.0,91.0,0.0,100.0,11.0,100.0,0.0,89.0,806324246.0,61.0,34517.0,100.0,0.0,100.0,11.0,99.0,1.0,100.0,0.0,100.0,0.0,100.0,0.0,100.0,0.0,83.0,17.0,100.0,0.0,100.0,0.0,81.0,39006.0,17.0,17.0,100.0,0.0,100.0,0.0,200.0,0.0,100.0,34259.0,100.0,26534646916.0,100.0,151975031829.0
2018-03-17,Z3015L2F,ST4000DM000,4000787030016,0,116,105412712,91,0,100,11,100,0,89,806412579,61,34541,100,0,100,11,99.0,1.0,100.0,0.0,100.0,0.0,100.0,0.0,100.0,0.0,84.0,16.0,100.0,0.0,100.0,0.0,80.0,40198.0,16,16,100,0,100,0,200,0,100.0,34279.0,100.0,26534767116.0,100.0,152009024735.0
2018-03-18,Z3015L2F,ST4000DM000,4000787030016,0,117,145739456,91,0,100,11,100,0,89,806498263,61,34565,100,0,100,11,99.0,1.0,100.0,0.0,100.0,0.0,100.0,0.0,100.0,0.0,84.0,16.0,100.0,0.0,100.0,0.0,80.0,41339.0,16,16,100,0,100,0,200,0,100.0,34299.0,100.0,26534883606.0,100.0,152041779912.0
2018-03-19,Z3015L2F,ST4000DM000,4000787030016,0,118,190890136,91,0,100,11,100,0,89,806584592,61,34589,100,0,100,11,99.0,1.0,100.0,0.0,100.0,0.0,100.0,0.0,100.0,0.0,84.0,16.0,100.0,0.0,100.0,0.0,79.0,42465.0,16,16,100,0,100,0,200,0,100.0,34319.0,100.0,26535000166.0,100.0,152076103533.0
2018-03-20,Z3015L2F,ST4000DM000,4000787030016,0,119,230290368,91,0,100,11,100,0,89,806671949,61,34613,100,0,100,11,99.0,1.0,100.0,0.0,100.0,0.0,100.0,0.0,100.0,0.0,83.0,17.0,100.0,0.0,100.0,0.0,79.0,43683.0,17,17,100,0,100,0,200,0,100.0,34339.0,100.0,26535120436.0,100.0,152110476490.0
2018-03-21,Z3015L2F,ST4000DM000,4000787030016,0,110,26465992,91,0,100,11,100,0,89,806757083,61,34637,100,0,100,11,99.0,1.0,100.0,0.0,100.0,0.0,100.0,0.0,100.0,0.0,83.0,17.0,100.0,0.0,100.0,0.0,78.0,44836.0,17,17,100,0,100,0,200,0,100.0,34358.0,100.0,26535236976.0,100.0,152144021132.0
2018-03-22,Z3015L2F,ST4000DM000,4000787030016,0,118,188481032,91,0,100,11,100,0,89,806925473,61,34661,100,0,100,11,99.0,1.0,100.0,0.0,100.0,0.0,100.0,0.0,100.0,0.0,83.0,17.0,100.0,0.0,100.0,0.0,78.0,45837.0,17,17,100,0,100,0,200,0,100.0,34379.0,100.0,26535353366.0,100.0,152177823683.0
2018-03-23,Z3015L2F,ST4000DM000,4000787030016,0,119,227486400,91,0,100,11,100,0,89,807010079,61,34685,100,0,100,11,99.0,1.0,100.0,0.0,100.0,0.0,100.0,0.0,100.0,0.0,83.0,17.0,100.0,0.0,100.0,0.0,77.0,47003.0,17,17,100,0,100,0,200,0,100.0,34398.0,100.0,26535469976.0,100.0,152212379782.0
2018-03-24,Z3015L2F,ST4000DM000,4000787030016,0,109,24321368,91,0,100,11,100,0,89,807098070,61,34709,100,0,100,11,99.0,1.0,100.0,0.0,100.0,0.0,100.0,0.0,100.0,0.0,83.0,17.0,100.0,0.0,100.0,0.0,76.0,48187.0,17,17,100,0,100,0,200,0,100.0,34418.0,100.0,26535590216.0,100.0,152246209347.0
2018-03-25,Z3015L2F,ST4000DM000,4000787030016,0,114,64592520,91,0,100,11,100,0,89,807183202,61,34733,100,0,100,11,99.0,1.0,100.0,0.0,100.0,0.0,100.0,0.0,100.0,0.0,83.0,17.0,100.0,0.0,100.0,0.0,76.0,49374.0,17,17,100,0,100,0,200,0,100.0,34438.0,100.0,26535706736.0,100.0,152279910950.0
2018-03-26,Z3015L2F,ST4000DM000,4000787030016,0,116,103512832,91,0,100,11,100,0,89,807268035,61,34757,100,0,100,11,99.0,1.0,100.0,0.0,100.0,0.0,100.0,0.0,100.0,0.0,83.0,17.0,100.0,0.0,100.0,0.0,75.0,50598.0,17,17,100,0,100,0,200,0,100.0,34457.0,100.0,26535823276.0,100.0,152313315566.0
2018-03-27,Z3015L2F,ST4000DM000,4000787030016,0,117,140982184,91,0,100,11,100,0,89,807355145,61,34781,100,0,100,11,99.0,1.0,100.0,0.0,100.0,0.0,100.0,0.0,100.0,0.0,82.0,18.0,100.0,0.0,100.0,0.0,75.0,51820.0,18,18,100,0,100,0,200,0,100.0,34477.0,100.0,26535943496.0,100.0,152346374392.0
2018-03-28,Z3015L2F,ST4000DM000,4000787030016,0,118,186562240,91,0,100,11,100,0,89,807441788,61,34805,100,0,100,11,99.0,1.0,100.0,0.0,100.0,0.0,100.0,0.0,100.0,0.0,83.0,17.0,100.0,0.0,100.0,0.0,74.0,52937.0,17,17,100,0,100,0,200,0,100.0,34497.0,100.0,26536059996.0,100.0,152380394298.0
2018-03-29,Z3015L2F,ST4000DM000,4000787030016,0,119,226114864,91,0,100,11,100,0,89,807526700,61,34829,100,0,100,11,99.0,1.0,100.0,0.0,100.0,0.0,100.0,0.0,100.0,0.0,83.0,17.0,100.0,0.0,100.0,0.0,73.0,54098.0,17,17,100,0,100,0,200,0,100.0,34517.0,100.0,26536176696.0,100.0,152414234226.0
2018-03-30,Z3015L2F,ST4000DM000,4000787030016,0,108,18040008,91,0,100,11,100,0,89,807611087,61,34853,100,0,100,11,99.0,1.0,100.0,0.0,100.0,0.0,100.0,0.0,100.0,0.0,83.0,17.0,100.0,0.0,100.0,0.0,73.0,55248.0,17,17,100,0,100,0,200,0,100.0,34537.0,100.0,26536293166.0,100.0,152446029714.0
2018-03-31,Z3015L2F,ST4000DM000,4000787030016,0,113,55774640,91,0,100,11,100,0,89,807695345,61,34877,100,0,100,11,99.0,1.0,100.0,0.0,100.0,0.0,100.0,0.0,100.0,0.0,82.0,18.0,100.0,0.0,100.0,0.0,72.0,56464.0,18,18,100,0,100,0,200,0,100.0,34556.0,100.0,26536409626.0,100.0,152479614763.0
2018-04-01,Z3015L2F,ST4000DM000,4000787030016,0,115,97112576,91,0,100,11,100,0,89,807783072,61,34901,100,0,100,11,99.0,1.0,100.0,0.0,100.0,0.0,100.0,0.0,100.0,0.0,83.0,17.0,100.0,0.0,100.0,0.0,72.0,57671.0,17,17,100,0,100,0,200,0,100.0,34576.0,100.0,26536529936.0,100.0,152514175540.0
2018-04-02,Z3015L2F,ST4000DM000,4000787030016,0,117,133349368,91,0,100,11,100,0,89,807867522,61,34925,100,0,100,11,99.0,1.0,100.0,0.0,100.0,0.0,100.0,0.0,100.0,0.0,83.0,17.0,100.0,0.0,100.0,0.0,71.0,58833.0,17,17,100,0,100,0,200,0,100.0,34596.0,100.0,26536646416.0,100.0,152545818788.0
2018-04-03,Z3015L2F,ST4000DM000,4000787030016,0,118,174079008,91,0,100,11,100,0,89,807952278,61,34949,100,0,100,11,99.0,1.0,100.0,0.0,100.0,0.0,100.0,0.0,100.0,0.0,83.0,17.0,100.0,0.0,100.0,0.0,70.0,60052.0,17,17,100,0,100,0,200,0,100.0,34615.0,100.0,26536762946.0,100.0,152581074813.0
2018-04-04,Z3015L2F,ST4000DM000,4000787030016,0,119,214022840,91,0,100,11,100,0,89,808037952,61,34972,100,0,100,11,99.0,1.0,100.0,0.0,100.0,0.0,100.0,0.0,100.0,0.0,83.0,17.0,100.0,0.0,100.0,0.0,70.0,61216.0,17,17,100,0,100,0,200,0,100.0,34635.0,100.0,26536879396.0,100.0,152612982672.0
2018-04-05,Z3015L2F,ST4000DM000,4000787030016,0,105,10092968,91,0,100,11,100,0,89,808125795,61,34997,100,0,100,11,99.0,1.0,100.0,0.0,100.0,0.0,100.0,0.0,100.0,0.0,83.0,17.0,100.0,0.0,100.0,0.0,69.0,62390.0,17,17,100,0,100,0,200,0,100.0,34655.0,100.0,26536999746.0,100.0,152648091048.0
2018-04-06,Z3015L2F,ST4000DM000,4000787030016,0,112,48274168,91,0,100,11,100,0,89,808210463,61,35021,100,0,100,11,99.0,1.0,100.0,0.0,100.0,0.0,100.0,0.0,100.0,0.0,82.0,18.0,100.0,0.0,100.0,0.0,69.0,63585.0,18,18,100,0,100,0,200,0,100.0,34674.0,100.0,26537116306.0,100.0,152681419169.0
2018-04-07,Z3015L2F,ST4000DM000,4000787030016,0,115.0,86182976.0,91.0,0.0,100.0,11.0,100.0,0.0,89.0,808295153.0,60.0,35045.0,100.0,0.0,100.0,11.0,99.0,1.0,100.0,0.0,100.0,0.0,100.0,0.0,100.0,0.0,82.0,18.0,100.0,0.0,100.0,0.0,68.0,64784.0,18.0,18.0,100.0,0.0,100.0,0.0,200.0,0.0,100.0,34694.0,100.0,26537232716.0,100.0,152713895129.0
2018-04-08,Z3015L2F,ST4000DM000,4000787030016,0,117,125297528,91,0,100,11,100,0,89,808382887,60,35069,100,0,100,11,99.0,1.0,100.0,0.0,100.0,0.0,100.0,0.0,100.0,0.0,83.0,17.0,100.0,0.0,100.0,0.0,68.0,65979.0,17,17,100,0,100,0,200,0,100.0,34714.0,100.0,26537352936.0,100.0,152747314465.0
2018-04-09,Z3015L2F,ST4000DM000,4000787030016,0,117,163670320,91,0,100,11,100,0,89,808467407,60,35093,100,0,100,11,99.0,1.0,100.0,0.0,100.0,0.0,100.0,0.0,100.0,0.0,83.0,17.0,100.0,0.0,100.0,0.0,67.0,67124.0,17,17,100,0,100,0,200,0,100.0,34734.0,100.0,26537469456.0,100.0,152780956681.0
2018-04-10,Z3015L2F,ST4000DM000,4000787030016,0,118,201094336,91,0,100,11,100,0,89,808551778,60,35117,100,0,100,11,99.0,1.0,100.0,0.0,100.0,0.0,100.0,0.0,100.0,0.0,83.0,17.0,100.0,0.0,100.0,0.0,66.0,68220.0,17,17,100,0,100,0,200,0,100.0,34754.0,100.0,26537585936.0,100.0,152814452473.0
2018-04-11,Z3015L2F,ST4000DM000,4000787030016,0,120,239791312,91,0,100,11,100,0,89,808638762,60,35141,100,0,100,11,99.0,1.0,100.0,0.0,100.0,0.0,100.0,0.0,100.0,0.0,83.0,17.0,100.0,0.0,100.0,0.0,66.0,69483.0,17,17,100,0,100,0,200,0,100.0,34774.0,100.0,26537706226.0,100.0,152849194809.0
2018-04-12,Z3015L2F,ST4000DM000,4000787030016,0,111,32842208,91,0,100,11,100,0,89,808723230,60,35165,100,0,100,11,99.0,1.0,100.0,0.0,100.0,0.0,100.0,0.0,100.0,0.0,83.0,17.0,100.0,0.0,100.0,0.0,65.0,70670.0,17,17,100,0,100,0,200,0,100.0,34793.0,100.0,26537822886.0,100.0,152882672497.0
2018-04-13,Z3015L2F,ST4000DM000,4000787030016,0,114,72349448,91,0,100,11,100,0,89,808808543,60,35189,100,0,100,11,99.0,1.0,100.0,0.0,100.0,0.0,100.0,0.0,100.0,0.0,83.0,17.0,100.0,0.0,100.0,0.0,65.0,71871.0,17,17,100,0,100,0,200,0,100.0,34813.0,100.0,26537939356.0,100.0,152915246281.0
2018-04-14,Z3015L2F,ST4000DM000,4000787030016,0,116,112649112,91,0,100,11,100,0,89,808895910,60,35213,100,0,100,11,99.0,1.0,100.0,0.0,100.0,0.0,100.0,0.0,100.0,0.0,83.0,17.0,100.0,0.0,100.0,0.0,64.0,73069.0,17,17,100,0,100,0,200,0,100.0,34832.0,100.0,26538059706.0,100.0,152950556817.0
2018-04-15,Z3015L2F,ST4000DM000,4000787030016,0,117,148932136,91,0,100,11,100,0,89,808980206,60,35237,100,0,100,11,99.0,1.0,100.0,0.0,100.0,0.0,100.0,0.0,100.0,0.0,83.0,17.0,100.0,0.0,100.0,0.0,63.0,74191.0,17,17,100,0,100,0,200,0,100.0,34852.0,100.0,26538176156.0,100.0,152982919185.0
2018-04-16,Z3015L2F,ST4000DM000,4000787030016,0,118,189146264,91,0,100,11,100,0,89,809064924,60,35261,100,0,100,11,99.0,1.0,100.0,0.0,100.0,0.0,100.0,0.0,100.0,0.0,83.0,17.0,100.0,0.0,100.0,0.0,63.0,75401.0,17,17,100,0,100,0,200,0,100.0,34871.0,100.0,26538292766.0,100.0,153018227929.0
2018-04-17,Z3015L2F,ST4000DM000,4000787030016,0,120,236947624,91,0,100,11,100,0,89,809154716,60,35285,100,0,100,11,99.0,1.0,100.0,0.0,100.0,0.0,100.0,0.0,100.0,0.0,83.0,17.0,100.0,0.0,100.0,0.0,62.0,76549.0,17,17,100,0,100,0,200,0,100.0,34892.0,100.0,26538413026.0,100.0,153052554137.0
2018-04-18,Z3015L2F,ST4000DM000,4000787030016,0,111,33738472,91,0,100,11,100,0,89,809240029,60,35309,100,0,100,11,99.0,1.0,100.0,0.0,100.0,0.0,100.0,0.0,100.0,0.0,83.0,17.0,100.0,0.0,100.0,0.0,62.0,77688.0,17,17,100,0,100,0,200,0,100.0,34911.0,100.0,26538529466.0,100.0,153086977465.0
2018-04-19,Z3015L2F,ST4000DM000,4000787030016,0,114,70356136,91,0,100,11,100,0,89,809324440,60,35333,100,0,100,11,99.0,1.0,100.0,0.0,100.0,0.0,100.0,0.0,100.0,0.0,83.0,17.0,100.0,0.0,100.0,0.0,61.0,78885.0,17,17,100,0,100,0,200,0,100.0,34930.0,100.0,26538645896.0,100.0,153119128001.0
2018-04-20,Z3015L2F,ST4000DM000,4000787030016,0,116,109616624,91,0,100,11,100,0,89,809411411,60,35357,100,0,100,11,99.0,1.0,100.0,0.0,100.0,0.0,100.0,0.0,100.0,0.0,82.0,18.0,100.0,0.0,100.0,0.0,60.0,80076.0,18,18,100,0,100,0,200,0,100.0,34950.0,100.0,26538765986.0,100.0,153154301753.0
2018-04-21,Z3015L2F,ST4000DM000,4000787030016,0,117,145758192,91,0,100,11,100,0,89,809493874,60,35381,100,0,100,11,99.0,1.0,100.0,0.0,100.0,0.0,100.0,0.0,100.0,0.0,83.0,17.0,100.0,0.0,100.0,0.0,60.0,81276.0,17,17,100,0,100,0,200,0,100.0,34969.0,100.0,26538879696.0,100.0,153186121481.0
2018-04-22,Z3015L2F,ST4000DM000,4000787030016,0,118,183690176,91,0,100,11,100,0,89,809573209,60,35405,100,0,100,11,99.0,1.0,100.0,0.0,100.0,0.0,100.0,0.0,100.0,0.0,82.0,18.0,100.0,0.0,100.0,0.0,59.0,82556.0,18,18,100,0,100,0,200,0,100.0,34988.0,100.0,26538989296.0,100.0,153220022817.0
2018-04-23,Z3015L2F,ST4000DM000,4000787030016,0,119,226752944,91,0,100,11,100,0,89,809661274,60,35430,100,0,100,11,99.0,1.0,100.0,0.0,100.0,0.0,100.0,0.0,100.0,0.0,81.0,19.0,100.0,0.0,100.0,0.0,59.0,83735.0,19,19,100,0,100,0,200,0,100.0,35008.0,100.0,26539109606.0,100.0,153255174146.0
2018-04-24,Z3015L2F,ST4000DM000,4000787030016,0,108,19675088,91,0,100,11,100,0,89,809745756,60,35453,100,0,100,11,99.0,1.0,100.0,0.0,100.0,0.0,100.0,0.0,100.0,0.0,81.0,19.0,100.0,0.0,100.0,0.0,58.0,84925.0,19,19,100,0,100,0,200,0,100.0,35028.0,100.0,26539226146.0,100.0,153288498660.0
2018-04-25,Z3015L2F,ST4000DM000,4000787030016,0,113,57718424,91,0,100,11,100,0,89,809830279,60,35477,100,0,100,11,99.0,1.0,100.0,0.0,100.0,0.0,100.0,0.0,100.0,0.0,82.0,18.0,100.0,0.0,100.0,0.0,57.0,86102.0,18,18,100,0,100,0,200,0,100.0,35047.0,100.0,26539342646.0,100.0,153322088638.0
2018-04-26,Z3015L2F,ST4000DM000,4000787030016,0,115,94284224,91,0,100,11,100,0,89,809914608,60,35501,100,0,100,11,99.0,1.0,100.0,0.0,100.0,0.0,100.0,0.0,100.0,0.0,82.0,18.0,100.0,0.0,100.0,0.0,57.0,87252.0,18,18,100,0,100,0,200,0,100.0,35067.0,100.0,26539459096.0,100.0,153354575686.0
2018-04-27,Z3015L2F,ST4000DM000,4000787030016,0,117,132268992,91,0,100,11,100,0,89,809996903,60,35524,100,0,100,11,99.0,1.0,100.0,0.0,100.0,0.0,100.0,0.0,100.0,0.0,82.0,18.0,100.0,0.0,100.0,0.0,56.0,88405.0,18,18,100,0,100,0,200,0,100.0,35086.0,100.0,26539572006.0,100.0,153386665919.0
2018-04-28,Z3015L2F,ST4000DM000,4000787030016,0,118,171571824,91,0,100,11,100,0,89,810081676,60,35548,100,0,100,11,99.0,1.0,100.0,0.0,100.0,0.0,100.0,0.0,100.0,0.0,82.0,18.0,100.0,0.0,100.0,0.0,56.0,89583.0,18,18,100,0,100,0,200,0,100.0,35105.0,100.0,26539688466.0,100.0,153420653655.0
2018-04-29,Z3015L2F,ST4000DM000,4000787030016,0,119,209474696,91,0,100,11,100,0,89,810166096,60,35572,100,0,100,11,99.0,1.0,100.0,0.0,100.0,0.0,100.0,0.0,100.0,0.0,82.0,18.0,100.0,0.0,100.0,0.0,55.0,90776.0,18,18,100,0,100,0,200,0,100.0,35124.0,100.0,26539804966.0,100.0,153454711367.0
2018-04-30,Z3015L2F,ST4000DM000,4000787030016,0,107,13241000,91,0,100,11,100,0,89,810255709,60,35596,100,0,100,11,99.0,1.0,100.0,0.0,100.0,0.0,100.0,0.0,100.0,0.0,82.0,18.0,100.0,0.0,100.0,0.0,55.0,91892.0,18,18,100,0,100,0,200,0,100.0,35145.0,100.0,26539925236.0,100.0,153490443138.0
2018-05-01,Z3015L2F,ST4000DM000,4000787030016,0,113,56979672,91,0,100,11,100,0,89,810342104,60,35620,100,0,100,11,99.0,1.0,100.0,0.0,100.0,0.0,100.0,0.0,100.0,0.0,82.0,18.0,100.0,0.0,100.0,0.0,54.0,93047.0,18,18,100,0,100,0,200,0,100.0,35164.0,100.0,26540041626.0,100.0,153523755628.0
2018-05-02,Z3015L2F,ST4000DM000,4000787030016,0,115.0,94662912.0,91.0,0.0,100.0,11.0,100.0,0.0,89.0,810426420.0,60.0,35644.0,100.0,0.0,100.0,11.0,99.0,1.0,100.0,0.0,100.0,0.0,100.0,0.0,100.0,0.0,82.0,18.0,100.0,0.0,100.0,0.0,53.0,94229.0,18.0,18.0,100.0,0.0,100.0,0.0,200.0,0.0,100.0,35184.0,100.0,26540158146.0,100.0,153557644124.0
2018-05-03,Z3015L2F,ST4000DM000,4000787030016,0,117,137064640,91,0,100,11,100,0,89,810516790,60,35669,100,0,100,11,99.0,1.0,100.0,0.0,100.0,0.0,100.0,0.0,100.0,0.0,82.0,18.0,100.0,0.0,100.0,0.0,53.0,95492.0,18,18,100,0,100,0,200,0,100.0,35204.0,100.0,26540282406.0,100.0,153594335205.0
2018-05-04,Z3015L2F,ST4000DM000,4000787030016,0,118,174937440,91,0,100,11,100,0,89,810603743,60,35694,100,0,100,11,99.0,1.0,100.0,0.0,100.0,0.0,100.0,0.0,100.0,0.0,82.0,18.0,100.0,0.0,100.0,0.0,52.0,96758.0,18,18,100,0,100,0,200,0,100.0,35224.0,100.0,26540402606.0,100.0,153628189781.0
2018-05-05,Z3015L2F,ST4000DM000,4000787030016,0,119,215301160,91,0,100,11,100,0,89,810688614,60,35717,100,0,100,11,99.0,1.0,100.0,0.0,100.0,0.0,100.0,0.0,100.0,0.0,82.0,18.0,100.0,0.0,100.0,0.0,52.0,97910.0,18,18,100,0,100,0,200,0,100.0,35243.0,100.0,26540519106.0,100.0,153662350008.0
2018-05-06,Z3015L2F,ST4000DM000,4000787030016,0,106,10929416,91,0,100,11,100,0,89,810773416,60,35741,100,0,100,11,99.0,1.0,100.0,0.0,100.0,0.0,100.0,0.0,100.0,0.0,82.0,18.0,100.0,0.0,100.0,0.0,51.0,99051.0,18,18,100,0,100,0,200,0,100.0,35263.0,100.0,26540635626.0,100.0,153696391514.0
2018-05-07,Z3015L2F,ST4000DM000,4000787030016,0,112,49127584,91,0,100,11,100,0,89,810860542,60,35766,100,0,100,11,99.0,1.0,100.0,0.0,100.0,0.0,100.0,0.0,100.0,0.0,82.0,18.0,100.0,0.0,100.0,0.0,50.0,100280.0,18,18,100,0,100,0,200,0,100.0,35283.0,100.0,26540755846.0,100.0,153729933434.0
2018-05-08,Z3015L2F,ST4000DM000,4000787030016,0,115,89865232,91,0,100,11,100,0,89,810945529,60,35789,100,0,100,11,99.0,1.0,100.0,0.0,100.0,0.0,100.0,0.0,100.0,0.0,82.0,18.0,100.0,0.0,100.0,0.0,50.0,101445.0,18,18,100,0,100,0,200,0,100.0,35302.0,100.0,26540872286.0,100.0,153764142179.0
2018-05-09,Z3015L2F,ST4000DM000,4000787030016,0,117,127386424,91,0,100,11,100,0,89,811029789,60,35813,100,0,100,11,99.0,1.0,100.0,0.0,100.0,0.0,100.0,0.0,100.0,0.0,82.0,18.0,100.0,0.0,100.0,0.0,49.0,102670.0,18,18,100,0,100,0,200,0,100.0,35321.0,100.0,26540988766.0,100.0,153797805467.0
2018-05-10,Z3015L2F,ST4000DM000,4000787030016,0,117,154234416,91,0,100,11,100,0,89,811089712,60,35830,100,0,100,11,99.0,1.0,100.0,0.0,100.0,0.0,100.0,0.0,100.0,0.0,82.0,18.0,100.0,0.0,100.0,0.0,49.0,103537.0,18,18,100,0,100,0,200,0,100.0,35334.0,100.0,26541071476.0,100.0,153821617700.0
2018-05-11,Z3015L2F,ST4000DM000,4000787030016,0,118,190299640,91,0,100,11,100,0,89,811174227,60,35854,100,0,100,11,99.0,1.0,100.0,0.0,100.0,0.0,100.0,0.0,100.0,0.0,82.0,18.0,100.0,0.0,100.0,0.0,48.0,104774.0,18,18,100,0,100,0,200,0,100.0,35354.0,100.0,26541188086.0,100.0,153853504476.0
2018-05-12,Z3015L2F,ST4000DM000,4000787030016,0,119,230269072,91,0,100,11,100,0,89,811259275,60,35878,100,0,100,11,99.0,1.0,100.0,0.0,100.0,0.0,100.0,0.0,100.0,0.0,82.0,18.0,100.0,0.0,100.0,0.0,48.0,105983.0,18,18,100,0,100,0,200,0,100.0,35373.0,100.0,26541304626.0,100.0,153887072791.0
2018-05-13,Z3015L2F,ST4000DM000,4000787030016,0,110,26027400,91,0,100,11,100,0,89,811346696,60,35902,100,0,100,11,99.0,1.0,100.0,0.0,100.0,0.0,100.0,0.0,100.0,0.0,82.0,18.0,100.0,0.0,100.0,0.0,47.0,107141.0,18,18,100,0,100,0,200,0,100.0,35394.0,100.0,26541424896.0,100.0,153921952904.0
2018-05-14,Z3015L2F,ST4000DM000,4000787030016,0,114,62774680,91,0,100,11,100,0,89,811431396,59,35926,100,0,100,11,99.0,1.0,100.0,0.0,100.0,0.0,100.0,0.0,100.0,0.0,82.0,18.0,100.0,0.0,100.0,0.0,46.0,108312.0,18,18,100,0,100,0,200,0,100.0,35414.0,100.0,26541541326.0,100.0,153953919512.0
2018-05-15,Z3015L2F,ST4000DM000,4000787030016,0,115.0,100061880.0,91.0,0.0,100.0,11.0,100.0,0.0,89.0,811515813.0,59.0,35950.0,100.0,0.0,100.0,11.0,99.0,1.0,100.0,0.0,100.0,0.0,100.0,0.0,100.0,0.0,82.0,18.0,100.0,0.0,100.0,0.0,46.0,109469.0,18.0,18.0,100.0,0.0,100.0,0.0,200.0,0.0,100.0,35433.0,100.0,26541657826.0,100.0,153987294120.0
2018-05-16,Z3015L2F,ST4000DM000,4000787030016,0,117,154750672,91,0,100,11,100,0,89,811606661,59,35974,100,0,100,11,99.0,1.0,100.0,0.0,100.0,0.0,100.0,0.0,100.0,0.0,82.0,18.0,100.0,0.0,100.0,0.0,45.0,110672.0,18,18,100,0,100,0,200,0,100.0,35454.0,100.0,26541778076.0,100.0,154023781908.0
2018-05-17,Z3015L2F,ST4000DM000,4000787030016,0,119,206283720,91,0,100,11,100,0,89,811716527,59,36005,100,0,100,11,99.0,1.0,100.0,0.0,100.0,0.0,100.0,0.0,100.0,0.0,82.0,18.0,100.0,0.0,100.0,0.0,44.0,112129.0,18,18,100,0,100,0,200,0,100.0,35479.0,100.0,26541928686.0,100.0,154066984556.0
2018-05-18,Z3015L2F,ST4000DM000,4000787030016,0,120,242015608,91,0,100,11,100,0,89,811800903,59,36029,100,0,100,11,99.0,1.0,100.0,0.0,100.0,0.0,100.0,0.0,100.0,0.0,82.0,18.0,100.0,0.0,100.0,0.0,44.0,113263.0,18,18,100,0,100,0,200,0,100.0,35499.0,100.0,26542045116.0,100.0,154098925812.0
2018-05-19,Z3015L2F,ST4000DM000,4000787030016,0,111,40878520,91,0,100,11,100,0,89,811889218,59,36054,100,0,100,11,99.0,1.0,100.0,0.0,100.0,0.0,100.0,0.0,100.0,0.0,82.0,18.0,100.0,0.0,100.0,0.0,43.0,114413.0,18,18,100,0,100,0,200,0,100.0,35520.0,100.0,26542165426.0,100.0,154134097877.0
2018-05-20,Z3015L2F,ST4000DM000,4000787030016,0,114,77246728,91,0,100,11,100,0,89,811973561,59,36077,100,0,100,11,99.0,1.0,100.0,0.0,100.0,0.0,100.0,0.0,100.0,0.0,82.0,18.0,100.0,0.0,100.0,0.0,43.0,115623.0,18,18,100,0,100,0,200,0,100.0,35539.0,100.0,26542281836.0,100.0,154166330697.0
2018-05-21,Z3015L2F,ST4000DM000,4000787030016,0,117,119488784,91,0,100,11,100,0,89,812059257,59,36101,100,0,100,11,99.0,1.0,100.0,0.0,100.0,0.0,100.0,0.0,100.0,0.0,82.0,18.0,100.0,0.0,100.0,0.0,42.0,116761.0,18,18,100,0,100,0,200,0,100.0,35559.0,100.0,26542398316.0,100.0,154200331972.0
2018-05-22,Z3015L2F,ST4000DM000,4000787030016,0,119,222360184,91,0,100,11,100,0,89,812180847,59,36125,100,0,100,11,99.0,1.0,100.0,0.0,100.0,0.0,100.0,0.0,100.0,0.0,81.0,19.0,100.0,0.0,100.0,0.0,42.0,117512.0,19,19,100,0,100,0,200,0,100.0,35580.0,100.0,26542572296.0,100.0,155754185340.0
2018-05-23,Z3015L2F,ST4000DM000,4000787030016,0,117,161623504,91,0,100,11,100,0,89,812343057,59,36149,100,0,100,11,99.0,1.0,100.0,0.0,100.0,0.0,100.0,0.0,100.0,0.0,82.0,18.0,100.0,0.0,100.0,0.0,42.0,117512.0,18,18,100,0,100,0,200,0,100.0,35605.0,100.0,26542860566.0,100.0,160310780148.0
2018-05-24,Z3015L2F,ST4000DM000,4000787030016,0,116,113605624,91,0,100,11,100,0,89,812434238,59,36173,100,0,100,11,99.0,1.0,100.0,0.0,100.0,0.0,100.0,0.0,100.0,0.0,82.0,18.0,100.0,0.0,100.0,0.0,41.0,118601.0,18,18,100,0,100,0,200,0,100.0,35625.0,100.0,26542991926.0,100.0,160744194438.0
2018-05-25,Z3015L2F,ST4000DM000,4000787030016,0,119,207205344,91,0,100,11,100,0,89,812576096,59,36197,100,0,100,11,99.0,1.0,100.0,0.0,100.0,0.0,100.0,0.0,100.0,0.0,82.0,18.0,100.0,0.0,100.0,0.0,41.0,119044.0,18,18,100,0,100,0,200,0,100.0,35647.0,100.0,26543211296.0,100.0,163506357721.0
2018-05-26,Z3015L2F,ST4000DM000,4000787030016,0,118,180368648,91,0,100,11,100,0,89,812688113,59,36214,100,0,100,11,99.0,1.0,100.0,0.0,100.0,0.0,100.0,0.0,100.0,0.0,81.0,19.0,100.0,0.0,100.0,0.0,41.0,119044.0,19,19,100,0,100,0,200,0,100.0,35664.0,100.0,26543409646.0,100.0,166637581625.0
2018-05-27,Z3015L2F,ST4000DM000,4000787030016,0,118,171771720,91,0,100,11,100,0,89,812812918,59,36241,100,0,100,11,99.0,1.0,100.0,0.0,100.0,0.0,100.0,0.0,100.0,0.0,82.0,18.0,100.0,0.0,100.0,0.0,41.0,119834.0,18,18,100,0,100,0,200,0,100.0,35687.0,100.0,26543608586.0,100.0,168569741347.0
2018-05-28,Z3015L2F,ST4000DM000,4000787030016,0,119,210510600,91,0,100,11,100,0,89,812899859,59,36265,100,0,100,11,99.0,1.0,100.0,0.0,100.0,0.0,100.0,0.0,100.0,0.0,82.0,18.0,100.0,0.0,100.0,0.0,40.0,121084.0,18,18,100,0,100,0,200,0,100.0,35707.0,100.0,26543728836.0,100.0,168604659731.0
2018-05-29,Z3015L2F,ST4000DM000,4000787030016,0,103,5560432,91,0,100,11,100,0,89,812985288,59,36289,100,0,100,11,99.0,1.0,100.0,0.0,100.0,0.0,100.0,0.0,100.0,0.0,82.0,18.0,100.0,0.0,100.0,0.0,39.0,122244.0,18,18,100,0,100,0,200,0,100.0,35727.0,100.0,26543845266.0,100.0,168637285902.0
2018-05-30,Z3015L2F,ST4000DM000,4000787030016,0,112,44468208,91,0,100,11,100,0,89,813069831,59,36313,100,0,100,11,99.0,1.0,100.0,0.0,100.0,0.0,100.0,0.0,100.0,0.0,82.0,18.0,100.0,0.0,100.0,0.0,39.0,123424.0,18,18,100,0,100,0,200,0,100.0,35747.0,100.0,26543961876.0,100.0,168672116151.0
2018-05-31,Z3015L2F,ST4000DM000,4000787030016,0,114,81592664,91,0,100,11,100,0,89,813151677,59,36336,100,0,100,11,99.0,1.0,100.0,0.0,100.0,0.0,100.0,0.0,100.0,0.0,82.0,18.0,100.0,0.0,100.0,0.0,38.0,124583.0,18,18,100,0,100,0,200,0,100.0,35766.0,100.0,26544074606.0,100.0,168704613815.0
2018-06-01,Z3015L2F,ST4000DM000,4000787030016,0,117,118871048,91,0,100,11,100,0,89,813236374,59,36360,100,0,100,11,99.0,1.0,100.0,0.0,100.0,0.0,100.0,0.0,100.0,0.0,82.0,18.0,100.0,0.0,100.0,0.0,38.0,125769.0,18,18,100,0,100,0,200,0,100.0,35785.0,100.0,26544191116.0,100.0,168736445169.0
2018-06-02,Z3015L2F,ST4000DM000,4000787030016,0,117,157295304,91,0,100,11,100,0,89,813323289,59,36384,100,0,100,11,99.0,1.0,100.0,0.0,100.0,0.0,100.0,0.0,100.0,0.0,82.0,18.0,100.0,0.0,100.0,0.0,37.0,127047.0,18,18,100,0,100,0,200,0,100.0,35804.0,100.0,26544311326.0,100.0,168770857730.0
2018-06-03,Z3015L2F,ST4000DM000,4000787030016,0,118,197899288,91,0,100,11,100,0,89,813408256,59,36408,100,0,100,11,99.0,1.0,100.0,0.0,100.0,0.0,100.0,0.0,100.0,0.0,82.0,18.0,100.0,0.0,100.0,0.0,36.0,128259.0,18,18,100,0,100,0,200,0,100.0,35824.0,100.0,26544427786.0,100.0,168804501139.0
2018-06-04,Z3015L2F,ST4000DM000,4000787030016,0,120,235660616,91,0,100,11,100,0,89,813492851,59,36432,100,0,100,11,99.0,1.0,100.0,0.0,100.0,0.0,100.0,0.0,100.0,0.0,82.0,18.0,100.0,0.0,100.0,0.0,36.0,129460.0,18,18,100,0,100,0,200,0,100.0,35843.0,100.0,26544544216.0,100.0,168836737517.0
2018-06-05,Z3015L2F,ST4000DM000,4000787030016,0,117,130162176,91,0,100,11,100,0,89,813607807,59,36456,100,0,100,11,99.0,1.0,100.0,0.0,100.0,0.0,100.0,0.0,100.0,0.0,82.0,18.0,100.0,0.0,100.0,0.0,35.0,130671.0,18,18,100,0,100,0,200,0,100.0,35863.0,100.0,26544664546.0,100.0,168871911201.0
2018-06-06,Z3015L2F,ST4000DM000,4000787030016,0,114,66347080,91,0,100,11,100,0,89,813843813,59,36480,100,0,100,11,99.0,1.0,100.0,0.0,100.0,0.0,100.0,0.0,100.0,0.0,81.0,19.0,100.0,0.0,100.0,0.0,35.0,131629.0,19,19,100,0,100,0,200,0,100.0,35883.0,100.0,26544781026.0,100.0,168933829231.0
2018-06-07,Z3015L2F,ST4000DM000,4000787030016,0,118,197051680,91,0,100,11,100,0,89,814100894,59,36504,100,0,100,11,99.0,1.0,100.0,0.0,100.0,0.0,100.0,0.0,100.0,0.0,82.0,18.0,100.0,0.0,100.0,0.0,35.0,131629.0,18,18,100,0,100,0,200,0,100.0,35907.0,100.0,26544897496.0,100.0,169048432423.0
2018-06-08,Z3015L2F,ST4000DM000,4000787030016,0,115,100234448,91,0,100,11,100,0,89,814377642,59,36532,100,0,100,11,99.0,1.0,100.0,0.0,100.0,0.0,100.0,0.0,100.0,0.0,82.0,18.0,100.0,0.0,100.0,0.0,35.0,131636.0,18,18,100,0,100,0,200,0,100.0,35934.0,100.0,26545032956.0,100.0,169170583813.0
2018-06-09,Z3015L2F,ST4000DM000,4000787030016,0,110,29046240,91,0,100,11,100,0,89,814610073,59,36555,100,0,100,11,99.0,1.0,100.0,0.0,100.0,0.0,100.0,0.0,100.0,0.0,82.0,18.0,100.0,0.0,100.0,0.0,35.0,131641.0,18,18,100,0,100,0,200,0,100.0,35958.0,100.0,26545149496.0,100.0,169263844368.0
2018-06-10,Z3015L2F,ST4000DM000,4000787030016,0,114,70277944,91,0,100,11,100,0,89,814868593,59,36580,100,0,100,11,99.0,1.0,100.0,0.0,100.0,0.0,100.0,0.0,100.0,0.0,82.0,18.0,100.0,0.0,100.0,0.0,35.0,131643.0,18,18,100,0,100,0,200,0,100.0,35983.0,100.0,26545269846.0,100.0,169369058870.0
2018-06-11,Z3015L2F,ST4000DM000,4000787030016,0,117,142755648,91,0,100,11,100,0,89,815113488,59,36604,100,0,100,11,99.0,1.0,100.0,0.0,100.0,0.0,100.0,0.0,100.0,0.0,82.0,18.0,100.0,0.0,100.0,0.0,35.0,131643.0,18,18,100,0,100,0,200,0,100.0,36006.0,100.0,26545386356.0,100.0,169473885519.0
2018-06-12,Z3015L2F,ST4000DM000,4000787030016,0,117,164815056,91,0,100,11,100,0,89,815358628,59,36627,100,0,100,11,99.0,1.0,100.0,0.0,100.0,0.0,100.0,0.0,100.0,0.0,82.0,18.0,100.0,0.0,100.0,0.0,35.0,131644.0,18,18,100,0,100,0,200,0,100.0,36030.0,100.0,26545502926.0,100.0,169572460522.0
2018-06-13,Z3015L2F,ST4000DM000,4000787030016,0,114,63866184,91,0,100,11,100,0,89,815639550,59,36652,100,0,100,11,99.0,1.0,100.0,0.0,100.0,0.0,100.0,0.0,100.0,0.0,82.0,18.0,100.0,0.0,100.0,0.0,35.0,131645.0,18,18,100,0,100,0,200,0,100.0,36055.0,100.0,26545623196.0,100.0,169681068426.0
2018-06-14,Z3015L2F,ST4000DM000,4000787030016,0,114,59399776,91,0,100,11,100,0,89,815886990,59,36676,100,0,100,11,99.0,1.0,100.0,0.0,100.0,0.0,100.0,0.0,100.0,0.0,83.0,17.0,100.0,0.0,100.0,0.0,35.0,131649.0,17,17,100,0,100,0,200,0,100.0,36079.0,100.0,26545739776.0,100.0,169778355190.0
2018-06-15,Z3015L2F,ST4000DM000,4000787030016,0,117.0,126367528.0,91.0,0.0,100.0,11.0,100.0,0.0,89.0,816078203.0,59.0,36695.0,100.0,0.0,100.0,11.0,99.0,1.0,100.0,0.0,100.0,0.0,100.0,0.0,100.0,0.0,82.0,18.0,100.0,0.0,100.0,0.0,35.0,131657.0,18.0,18.0,100.0,0.0,100.0,0.0,200.0,0.0,100.0,36098.0,100.0,26545833936.0,100.0,169856359332.0
2018-06-16,Z3015L2F,ST4000DM000,4000787030016,0,117.0,117968952.0,91.0,0.0,100.0,11.0,100.0,0.0,89.0,816307949.0,59.0,36719.0,100.0,0.0,100.0,11.0,99.0,1.0,100.0,0.0,100.0,0.0,100.0,0.0,100.0,0.0,82.0,18.0,100.0,0.0,100.0,0.0,35.0,131658.0,18.0,18.0,100.0,0.0,100.0,0.0,200.0,0.0,100.0,36122.0,100.0,26545950406.0,100.0,169955603606.0
2018-06-17,Z3015L2F,ST4000DM000,4000787030016,0,117.0,146721912.0,91.0,0.0,100.0,11.0,100.0,0.0,89.0,816537538.0,59.0,36743.0,100.0,0.0,100.0,11.0,99.0,1.0,100.0,0.0,100.0,0.0,100.0,0.0,100.0,0.0,83.0,17.0,100.0,0.0,100.0,0.0,35.0,131658.0,17.0,17.0,100.0,0.0,100.0,0.0,200.0,0.0,100.0,36145.0,100.0,26546066996.0,100.0,170058044647.0
2018-06-18,Z3015L2F,ST4000DM000,4000787030016,0,117.0,127615976.0,91.0,0.0,100.0,11.0,100.0,0.0,89.0,816766927.0,59.0,36767.0,100.0,0.0,100.0,11.0,99.0,1.0,100.0,0.0,100.0,0.0,100.0,0.0,100.0,0.0,83.0,17.0,100.0,0.0,100.0,0.0,35.0,131659.0,17.0,17.0,100.0,0.0,100.0,0.0,200.0,0.0,100.0,36170.0,100.0,26546187326.0,100.0,170159745994.0
2018-06-19,Z3015L2F,ST4000DM000,4000787030016,0,116,104220528,91,0,100,11,100,0,89,816981237,59,36791,100,0,100,11,99.0,1.0,100.0,0.0,100.0,0.0,100.0,0.0,100.0,0.0,82.0,18.0,100.0,0.0,100.0,0.0,35.0,131660.0,18,18,100,0,100,0,200,0,100.0,36194.0,100.0,26546303796.0,100.0,170259652280.0
2018-06-20,Z3015L2F,ST4000DM000,4000787030016,0,117,159412160,91,0,100,11,100,0,89,817218031,58,36815,100,0,100,11,99.0,1.0,100.0,0.0,100.0,0.0,100.0,0.0,100.0,0.0,82.0,18.0,100.0,0.0,100.0,0.0,35.0,131660.0,18,18,100,0,100,0,200,0,100.0,36217.0,100.0,26546420396.0,100.0,170368697934.0
2018-06-21,Z3015L2F,ST4000DM000,4000787030016,0,117,155217088,91,0,100,11,100,0,89,817451661,58,36839,100,0,100,11,99.0,1.0,100.0,0.0,100.0,0.0,100.0,0.0,100.0,0.0,82.0,18.0,100.0,0.0,100.0,0.0,35.0,131662.0,18,18,100,0,100,0,200,0,100.0,36242.0,100.0,26546540706.0,100.0,170470847703.0
2018-06-22,Z3015L2F,ST4000DM000,4000787030016,0,117,127924624,91,0,100,11,100,0,89,817661930,58,36863,100,0,100,11,99.0,1.0,100.0,0.0,100.0,0.0,100.0,0.0,100.0,0.0,82.0,18.0,100.0,0.0,100.0,0.0,35.0,131662.0,18,18,100,0,100,0,200,0,100.0,36266.0,100.0,26546657266.0,100.0,170572337651.0
2018-06-23,Z3015L2F,ST4000DM000,4000787030016,0,115,98714488,91,0,100,11,100,0,89,817876430,58,36887,100,0,100,11,99.0,1.0,100.0,0.0,100.0,0.0,100.0,0.0,100.0,0.0,81.0,19.0,100.0,0.0,100.0,0.0,35.0,131662.0,19,19,100,0,100,0,200,0,100.0,36289.0,100.0,26546773776.0,100.0,170670072102.0
2018-06-24,Z3015L2F,ST4000DM000,4000787030016,0,118,169434712,91,0,100,11,100,0,89,818050606,58,36911,100,0,100,11,99.0,1.0,100.0,0.0,100.0,0.0,100.0,0.0,100.0,0.0,82.0,18.0,100.0,0.0,100.0,0.0,35.0,131664.0,18,18,100,0,100,0,200,0,100.0,36314.0,100.0,26546894026.0,100.0,170755907309.0
2018-06-25,Z3015L2F,ST4000DM000,4000787030016,0,117,131996176,91,0,100,11,100,0,89,818175083,58,36935,100,0,100,11,99.0,1.0,100.0,0.0,100.0,0.0,100.0,0.0,100.0,0.0,83.0,17.0,100.0,0.0,100.0,0.0,35.0,131805.0,17,17,100,0,100,0,200,0,100.0,36337.0,100.0,26547010486.0,100.0,170802611204.0
2018-06-26,Z3015L2F,ST4000DM000,4000787030016,0,117,162103856,91,0,100,11,100,0,89,818375180,58,36959,100,0,100,11,99.0,1.0,100.0,0.0,100.0,0.0,100.0,0.0,100.0,0.0,82.0,18.0,100.0,0.0,100.0,0.0,34.0,132143.0,18,18,100,0,100,0,200,0,100.0,36360.0,100.0,26547126986.0,100.0,170861891712.0
2018-06-27,Z3015L2F,ST4000DM000,4000787030016,0,108,17400072,91,0,100,11,100,0,89,818653550,58,36983,100,0,100,11,99.0,1.0,100.0,0.0,100.0,0.0,100.0,0.0,100.0,0.0,82.0,18.0,100.0,0.0,100.0,0.0,34.0,132145.0,18,18,100,0,100,0,200,0,100.0,36385.0,100.0,26547247316.0,100.0,170977291688.0
2018-06-28,Z3015L2F,ST4000DM000,4000787030016,0,105,7978728,91,0,100,11,100,0,89,818967919,58,37007,100,0,100,11,99.0,1.0,100.0,0.0,100.0,0.0,100.0,0.0,100.0,0.0,82.0,18.0,100.0,0.0,100.0,0.0,34.0,132148.0,18,18,100,0,100,0,200,0,100.0,36409.0,100.0,26547363896.0,100.0,171108942730.0
2018-06-29,Z3015L2F,ST4000DM000,4000787030016,0,118,177221344,91,0,100,11,100,0,89,819260854,58,37031,100,0,100,11,99.0,1.0,100.0,0.0,100.0,0.0,100.0,0.0,100.0,0.0,82.0,18.0,100.0,0.0,100.0,0.0,34.0,132149.0,18,18,100,0,100,0,200,0,100.0,36432.0,100.0,26547480326.0,100.0,171237981470.0
2018-06-30,Z3015L2F,ST4000DM000,4000787030016,0,117,149892912,91,0,100,11,100,0,89,819589172,58,37059,100,0,100,11,99.0,1.0,100.0,0.0,100.0,0.0,100.0,0.0,100.0,0.0,82.0,18.0,100.0,0.0,100.0,0.0,34.0,132166.0,18,18,100,0,100,0,200,0,100.0,36460.0,100.0,26547615766.0,100.0,171376215429.0
2018-07-01,Z3015L2F,ST4000DM000,4000787030016,0,112,49407816,91,0,100,11,100,0,89,819876723,58,37082,100,0,100,11,99.0,1.0,100.0,0.0,100.0,0.0,100.0,0.0,100.0,0.0,82.0,18.0,100.0,0.0,100.0,0.0,34.0,132167.0,18,18,100,0,100,0,200,0,100.0,36484.0,100.0,26547732336.0,100.0,171498550471.0
2018-07-02,Z3015L2F,ST4000DM000,4000787030016,0,116,111775048,91,0,100,11,100,0,89,820164570,58,37107,100,0,100,11,99.0,1.0,100.0,0.0,100.0,0.0,100.0,0.0,100.0,0.0,82.0,18.0,100.0,0.0,100.0,0.0,34.0,132174.0,18,18,100,0,100,0,200,0,100.0,36508.0,100.0,26547852516.0,100.0,171612132645.0
2018-07-03,Z3015L2F,ST4000DM000,4000787030016,0,119,222571944,91,0,100,11,100,0,89,820448955,58,37131,100,0,100,11,99.0,1.0,100.0,0.0,100.0,0.0,100.0,0.0,100.0,0.0,82.0,18.0,100.0,0.0,100.0,0.0,34.0,132176.0,18,18,100,0,100,0,200,0,100.0,36532.0,100.0,26547969096.0,100.0,171733703193.0
2018-07-04,Z3015L2F,ST4000DM000,4000787030016,0,119,219730840,91,0,100,11,100,0,89,820709313,58,37154,100,0,100,11,99.0,1.0,100.0,0.0,100.0,0.0,100.0,0.0,100.0,0.0,82.0,18.0,100.0,0.0,100.0,0.0,34.0,132180.0,18,18,100,0,100,0,200,0,100.0,36556.0,100.0,26548085616.0,100.0,171841367736.0
2018-07-05,Z3015L2F,ST4000DM000,4000787030016,0,117,153264752,91,0,100,11,100,0,89,821017368,58,37179,100,0,100,11,99.0,1.0,100.0,0.0,100.0,0.0,100.0,0.0,100.0,0.0,82.0,18.0,100.0,0.0,100.0,0.0,34.0,132184.0,18,18,100,0,100,0,200,0,100.0,36580.0,100.0,26548205826.0,100.0,171971868102.0
2018-07-06,Z3015L2F,ST4000DM000,4000787030016,0,118,192714360,91,0,100,11,100,0,89,821287911,58,37203,100,0,100,11,99.0,1.0,100.0,0.0,100.0,0.0,100.0,0.0,100.0,0.0,82.0,18.0,100.0,0.0,100.0,0.0,34.0,132188.0,18,18,100,0,100,0,200,0,100.0,36604.0,100.0,26548322416.0,100.0,172084411366.0
2018-07-07,Z3015L2F,ST4000DM000,4000787030016,0,112,47882320,91,0,100,11,100,0,89,821585051,58,37226,100,0,100,11,99.0,1.0,100.0,0.0,100.0,0.0,100.0,0.0,100.0,0.0,82.0,18.0,100.0,0.0,100.0,0.0,34.0,132191.0,18,18,100,0,100,0,200,0,100.0,36628.0,100.0,26548438966.0,100.0,172202622943.0
2018-07-08,Z3015L2F,ST4000DM000,4000787030016,0,117,158812024,91,0,100,11,100,0,89,821869658,58,37251,100,0,100,11,99.0,1.0,100.0,0.0,100.0,0.0,100.0,0.0,100.0,0.0,83.0,17.0,100.0,0.0,100.0,0.0,34.0,132192.0,17,17,100,0,100,0,200,0,100.0,36652.0,100.0,26548559206.0,100.0,172323814719.0
2018-07-09,Z3015L2F,ST4000DM000,4000787030016,0,114,71713240,91,0,100,11,100,0,89,822180672,58,37275,100,0,100,11,99.0,1.0,100.0,0.0,100.0,0.0,100.0,0.0,100.0,0.0,82.0,18.0,100.0,0.0,100.0,0.0,34.0,132194.0,18,18,100,0,100,0,200,0,100.0,36676.0,100.0,26548675776.0,100.0,172448084601.0
2018-07-10,Z3015L2F,ST4000DM000,4000787030016,0,113.0,56690280.0,91.0,0.0,100.0,11.0,100.0,0.0,89.0,822455425.0,58.0,37299.0,100.0,0.0,100.0,11.0,99.0,1.0,100.0,0.0,100.0,0.0,100.0,0.0,100.0,0.0,82.0,18.0,100.0,0.0,100.0,0.0,34.0,132199.0,18.0,18.0,100.0,0.0,100.0,0.0,200.0,0.0,100.0,36700.0,100.0,26548792256.0,100.0,172555276612.0
2018-07-11,Z3015L2F,ST4000DM000,4000787030016,0,119,233738888,91,0,100,11,100,0,89,822756053,58,37322,100,0,100,11,99.0,1.0,100.0,0.0,100.0,0.0,100.0,0.0,100.0,0.0,82.0,18.0,100.0,0.0,100.0,0.0,34.0,132200.0,18,18,100,0,100,0,200,0,100.0,36724.0,100.0,26548908776.0,100.0,172654144641.0
2018-07-12,Z3015L2F,ST4000DM000,4000787030016,0,117,118450224,91,0,100,11,100,0,89,823092586,58,37347,100,0,100,11,99.0,1.0,100.0,0.0,100.0,0.0,100.0,0.0,100.0,0.0,82.0,18.0,100.0,0.0,100.0,0.0,34.0,132215.0,18,18,100,0,100,0,200,0,100.0,36748.0,100.0,26549029046.0,100.0,172791900044.0
2018-07-13,Z3015L2F,ST4000DM000,4000787030016,0,119,217701808,91,0,100,11,100,0,89,823342172,58,37369,100,0,100,11,99.0,1.0,100.0,0.0,100.0,0.0,100.0,0.0,100.0,0.0,82.0,18.0,100.0,0.0,100.0,0.0,34.0,132260.0,18,18,100,0,100,0,200,0,100.0,36770.0,100.0,26549134896.0,100.0,172885499609.0
2018-07-14,Z3015L2F,ST4000DM000,4000787030016,0,116,106786368,91,0,100,11,100,0,89,823599303,58,37393,100,0,100,11,99.0,1.0,100.0,0.0,100.0,0.0,100.0,0.0,100.0,0.0,82.0,18.0,100.0,0.0,100.0,0.0,34.0,132265.0,18,18,100,0,100,0,200,0,100.0,36794.0,100.0,26549251446.0,100.0,172985355155.0
2018-07-15,Z3015L2F,ST4000DM000,4000787030016,0,116,116543872,91,0,100,11,100,0,89,823914546,58,37417,100,0,100,11,99.0,1.0,100.0,0.0,100.0,0.0,100.0,0.0,100.0,0.0,82.0,18.0,100.0,0.0,100.0,0.0,34.0,132269.0,18,18,100,0,100,0,200,0,100.0,36818.0,100.0,26549371726.0,100.0,173099320823.0
2018-07-16,Z3015L2F,ST4000DM000,4000787030016,0,111,41123728,91,0,100,11,100,0,89,824173286,58,37441,100,0,100,11,99.0,1.0,100.0,0.0,100.0,0.0,100.0,0.0,100.0,0.0,82.0,18.0,100.0,0.0,100.0,0.0,34.0,132270.0,18,18,100,0,100,0,200,0,100.0,36842.0,100.0,26549488086.0,100.0,173202259523.0
2018-07-17,Z3015L2F,ST4000DM000,4000787030016,0,116,115516800,91,0,100,11,100,0,89,824475975,58,37465,100,0,100,11,99.0,1.0,100.0,0.0,100.0,0.0,100.0,0.0,100.0,0.0,82.0,18.0,100.0,0.0,100.0,0.0,34.0,132271.0,18,18,100,0,100,0,200,0,100.0,36866.0,100.0,26549604596.0,100.0,173330109987.0
2018-07-18,Z3015L2F,ST4000DM000,4000787030016,0,118,181558856,91,0,100,11,100,0,89,824781041,58,37489,100,0,100,11,99.0,1.0,100.0,0.0,100.0,0.0,100.0,0.0,100.0,0.0,82.0,18.0,100.0,0.0,100.0,0.0,34.0,132274.0,18,18,100,0,100,0,200,0,100.0,36890.0,100.0,26549724876.0,100.0,173454633143.0
2018-07-19,Z3015L2F,ST4000DM000,4000787030016,0,118,171006936,91,0,100,11,100,0,89,825071592,58,37513,100,0,100,11,99.0,1.0,100.0,0.0,100.0,0.0,100.0,0.0,100.0,0.0,82.0,18.0,100.0,0.0,100.0,0.0,34.0,132276.0,18,18,100,0,100,0,200,0,100.0,36914.0,100.0,26549841376.0,100.0,173568314193.0
2018-07-20,Z3015L2F,ST4000DM000,4000787030016,0,118,175202456,91,0,100,11,100,0,89,825380297,58,37537,100,0,100,11,99.0,1.0,100.0,0.0,100.0,0.0,100.0,0.0,100.0,0.0,82.0,18.0,100.0,0.0,100.0,0.0,34.0,132283.0,18,18,100,0,100,0,200,0,100.0,36938.0,100.0,26549957876.0,100.0,173681164889.0
2018-07-21,Z3015L2F,ST4000DM000,4000787030016,0,118,186216560,91,0,100,11,100,0,89,825678536,58,37561,100,0,100,11,99.0,1.0,100.0,0.0,100.0,0.0,100.0,0.0,100.0,0.0,82.0,18.0,100.0,0.0,100.0,0.0,34.0,132285.0,18,18,100,0,100,0,200,0,100.0,36962.0,100.0,26550074366.0,100.0,173796627129.0
2018-07-22,Z3015L2F,ST4000DM000,4000787030016,0,119,216185720,91,0,100,11,100,0,89,825987754,58,37585,100,0,100,11,99.0,1.0,100.0,0.0,100.0,0.0,100.0,0.0,100.0,0.0,82.0,18.0,100.0,0.0,100.0,0.0,34.0,132291.0,18,18,100,0,100,0,200,0,100.0,36986.0,100.0,26550194606.0,100.0,173916971914.0
2018-07-23,Z3015L2F,ST4000DM000,4000787030016,0,117,151320984,91,0,100,11,100,0,89,826258821,58,37609,100,0,100,11,99.0,1.0,100.0,0.0,100.0,0.0,100.0,0.0,100.0,0.0,82.0,18.0,100.0,0.0,100.0,0.0,34.0,132292.0,18,18,100,0,100,0,200,0,100.0,37010.0,100.0,26550311106.0,100.0,174025276882.0
2018-07-24,Z3015L2F,ST4000DM000,4000787030016,0,118,187913784,91,0,100,11,100,0,89,826574473,58,37633,100,0,100,11,99.0,1.0,100.0,0.0,100.0,0.0,100.0,0.0,100.0,0.0,82.0,18.0,100.0,0.0,100.0,0.0,34.0,132294.0,18,18,100,0,100,0,200,0,100.0,37034.0,100.0,26550427416.0,100.0,174148412852.0
2018-07-25,Z3015L2F,ST4000DM000,4000787030016,0,119.0,223806712.0,91.0,0.0,100.0,11.0,100.0,0.0,89.0,826862469.0,58.0,37657.0,100.0,0.0,100.0,11.0,99.0,1.0,100.0,0.0,100.0,0.0,100.0,0.0,100.0,0.0,82.0,18.0,100.0,0.0,100.0,0.0,34.0,132294.0,18.0,18.0,100.0,0.0,100.0,0.0,200.0,0.0,100.0,37058.0,100.0,26550547596.0,100.0,174274404183.0
2018-07-26,Z3015L2F,ST4000DM000,4000787030016,0,118,172679784,91,0,100,11,100,0,89,827048600,57,37681,100,0,100,11,99.0,1.0,100.0,0.0,100.0,0.0,100.0,0.0,100.0,0.0,82.0,18.0,100.0,0.0,100.0,0.0,34.0,132529.0,18,18,100,0,100,0,200,0,100.0,37081.0,100.0,26550663966.0,100.0,174348494591.0
2018-07-27,Z3015L2F,ST4000DM000,4000787030016,0,118,190789864,91,0,100,11,100,0,89,827105873,57,37697,100,0,100,11,99.0,1.0,100.0,0.0,100.0,0.0,100.0,0.0,100.0,0.0,83.0,17.0,100.0,0.0,100.0,0.0,34.0,133316.0,17,17,100,0,100,0,200,0,100.0,37094.0,100.0,26550742766.0,100.0,174364060431.0
