2019-07-01,ZJV0S6T3,ST12000NM0007,12000138625024,0,100.0,8966.0,99.0,0.0,100.0,1.0,100.0,0.0,100.0,604.0,100.0,0.0,100.0,0.0,100.0,1.0,,,,,100.0,0.0,100.0,0.0,,,83.0,17.0,,,100.0,0.0,100.0,4.0,17.0,17.0,100.0,0.0,100.0,0.0,200.0,0.0,100.0,0.0,100.0,0.0,100.0,8966.0
2019-07-02,ZJV0S6T3,ST12000NM0007,12000138625024,0,75.0,28754672.0,99.0,0.0,100.0,1.0,100.0,0.0,63.0,1872705.0,100.0,31.0,100.0,0.0,100.0,1.0,,,,,100.0,0.0,100.0,0.0,,,80.0,20.0,,,100.0,1.0,100.0,7.0,20.0,20.0,100.0,0.0,100.0,0.0,200.0,0.0,100.0,31.0,100.0,1103261680.0,100.0,390344424.0
2019-07-03,ZJV0S6T3,ST12000NM0007,12000138625024,0,83.0,182421640.0,99.0,0.0,100.0,1.0,100.0,0.0,65.0,2826309.0,100.0,47.0,100.0,0.0,100.0,1.0,,,,,100.0,0.0,100.0,0.0,,,81.0,19.0,,,100.0,1.0,100.0,7.0,19.0,19.0,100.0,0.0,100.0,0.0,200.0,0.0,100.0,47.0,100.0,1519967024.0,100.0,615588272.0
2019-07-04,ZJV0S6T3,ST12000NM0007,12000138625024,0,83.0,217387032.0,98.0,0.0,100.0,2.0,100.0,0.0,66.0,4335418.0,100.0,79.0,100.0,0.0,100.0,2.0,,,,,100.0,0.0,100.0,0.0,,,81.0,19.0,,,100.0,1.0,100.0,12.0,19.0,19.0,100.0,0.0,100.0,0.0,200.0,0.0,100.0,78.0,100.0,1996492344.0,100.0,906450802.0
2019-07-05,ZJV0S6T3,ST12000NM0007,12000138625024,0,82.0,152719608.0,98.0,0.0,100.0,2.0,100.0,0.0,68.0,5923940.0,100.0,95.0,100.0,0.0,100.0,2.0,,,,,100.0,0.0,100.0,0.0,,,81.0,19.0,,,100.0,1.0,100.0,13.0,19.0,19.0,100.0,0.0,100.0,0.0,200.0,0.0,100.0,94.0,100.0,2527616384.0,100.0,1287223978.0
2019-07-06,ZJV0S6T3,ST12000NM0007,12000138625024,0,68.0,6396528.0,98.0,0.0,100.0,2.0,100.0,0.0,69.0,8665122.0,100.0,127.0,100.0,0.0,100.0,2.0,,,,,100.0,0.0,100.0,0.0,,,82.0,18.0,,,100.0,1.0,100.0,14.0,18.0,18.0,100.0,0.0,100.0,0.0,200.0,0.0,100.0,125.0,100.0,3496401704.0,100.0,1881103674.0
2019-07-07,ZJV0S6T3,ST12000NM0007,12000138625024,0,82.0,160655560.0,98.0,0.0,100.0,2.0,100.0,0.0,70.0,10307142.0,100.0,143.0,100.0,0.0,100.0,2.0,,,,,100.0,0.0,100.0,0.0,,,82.0,18.0,,,100.0,2.0,100.0,15.0,18.0,18.0,100.0,0.0,100.0,0.0,200.0,0.0,100.0,141.0,100.0,4028029960.0,100.0,2236157994.0
2019-07-08,ZJV0S6T3,ST12000NM0007,12000138625024,0,79.0,76187544.0,98.0,0.0,100.0,2.0,100.0,0.0,71.0,13073875.0,100.0,174.0,100.0,0.0,100.0,2.0,,,,,100.0,0.0,100.0,0.0,,,82.0,18.0,,,100.0,2.0,100.0,16.0,18.0,18.0,100.0,0.0,100.0,0.0,200.0,0.0,100.0,173.0,100.0,5517665064.0,100.0,2371043786.0
2019-07-09,ZJV0S6T3,ST12000NM0007,12000138625024,0,82.0,174397336.0,98.0,0.0,100.0,2.0,100.0,0.0,72.0,14321570.0,100.0,190.0,100.0,0.0,100.0,2.0,,,,,100.0,0.0,100.0,0.0,,,82.0,18.0,,,100.0,2.0,100.0,17.0,18.0,18.0,100.0,0.0,100.0,0.0,200.0,0.0,100.0,188.0,100.0,6307257920.0,100.0,2412094266.0
2019-07-10,ZJV0S6T3,ST12000NM0007,12000138625024,0,77.0,54243496.0,98.0,0.0,100.0,2.0,100.0,0.0,72.0,16127974.0,100.0,222.0,100.0,0.0,100.0,2.0,,,,,100.0,0.0,100.0,0.0,,,82.0,18.0,,,100.0,2.0,100.0,18.0,18.0,18.0,100.0,0.0,100.0,0.0,200.0,0.0,100.0,220.0,100.0,7065392912.0,100.0,2510369730.0
2019-07-11,ZJV0S6T3,ST12000NM0007,12000138625024,0,80.0,93713360.0,98.0,0.0,100.0,2.0,100.0,0.0,73.0,18402873.0,100.0,254.0,100.0,0.0,100.0,2.0,,,,,100.0,0.0,100.0,0.0,,,81.0,19.0,,,100.0,3.0,100.0,20.0,19.0,19.0,100.0,0.0,100.0,0.0,200.0,0.0,100.0,251.0,100.0,7963890416.0,100.0,2627905938.0
2019-07-12,ZJV0S6T3,ST12000NM0007,12000138625024,0,80.0,91141176.0,98.0,0.0,100.0,2.0,100.0,0.0,73.0,19719719.0,100.0,269.0,100.0,0.0,100.0,2.0,,,,,100.0,0.0,100.0,0.0,,,82.0,18.0,,,100.0,3.0,100.0,20.0,18.0,18.0,100.0,0.0,100.0,0.0,200.0,0.0,100.0,267.0,100.0,8644193744.0,100.0,2677452962.0
2019-07-13,ZJV0S6T3,ST12000NM0007,12000138625024,0,82.0,159671896.0,98.0,0.0,100.0,2.0,100.0,0.0,73.0,22205854.0,100.0,301.0,100.0,0.0,100.0,2.0,,,,,100.0,0.0,100.0,0.0,,,82.0,18.0,,,100.0,3.0,100.0,22.0,18.0,18.0,100.0,0.0,100.0,0.0,200.0,0.0,100.0,299.0,100.0,9828675160.0,100.0,2782208130.0
2019-07-14,ZJV0S6T3,ST12000NM0007,12000138625024,0,83.0,217615120.0,98.0,0.0,100.0,2.0,100.0,0.0,74.0,23557971.0,100.0,317.0,100.0,0.0,100.0,2.0,,,,,100.0,0.0,100.0,0.0,,,82.0,18.0,,,100.0,3.0,100.0,22.0,18.0,18.0,100.0,0.0,100.0,0.0,200.0,0.0,100.0,315.0,100.0,10311219832.0,100.0,2845889010.0
2019-07-15,ZJV0S6T3,ST12000NM0007,12000138625024,0,80.0,111992728.0,98.0,0.0,100.0,2.0,100.0,0.0,74.0,26339673.0,100.0,348.0,100.0,0.0,100.0,2.0,,,,,100.0,0.0,100.0,0.0,,,80.0,20.0,,,100.0,4.0,100.0,24.0,20.0,20.0,100.0,0.0,100.0,0.0,200.0,0.0,100.0,346.0,100.0,11551023520.0,100.0,2965309898.0
2019-07-16,ZJV0S6T3,ST12000NM0007,12000138625024,0,77.0,52690896.0,98.0,0.0,100.0,2.0,100.0,0.0,74.0,27698698.0,100.0,364.0,100.0,0.0,100.0,2.0,,,,,100.0,0.0,100.0,0.0,,,82.0,18.0,,,100.0,4.0,100.0,24.0,18.0,18.0,100.0,0.0,100.0,0.0,200.0,0.0,100.0,362.0,100.0,12177476720.0,100.0,3011979034.0
2019-07-17,ZJV0S6T3,ST12000NM0007,12000138625024,0,83.0,185243448.0,98.0,0.0,100.0,2.0,100.0,0.0,75.0,29183743.0,100.0,380.0,100.0,0.0,100.0,2.0,,,,,100.0,0.0,100.0,0.0,,,82.0,18.0,,,100.0,5.0,100.0,25.0,18.0,18.0,100.0,0.0,100.0,0.0,200.0,0.0,100.0,378.0,100.0,12720287824.0,100.0,3090002346.0
2019-07-18,ZJV0S6T3,ST12000NM0007,12000138625024,0,84.0,223981392.0,98.0,0.0,100.0,2.0,100.0,0.0,75.0,32179906.0,100.0,412.0,100.0,0.0,100.0,2.0,,,,,100.0,0.0,100.0,0.0,,,82.0,18.0,,,100.0,5.0,100.0,26.0,18.0,18.0,100.0,0.0,100.0,0.0,200.0,0.0,100.0,409.0,100.0,14391856920.0,100.0,3166160858.0
2019-07-19,ZJV0S6T3,ST12000NM0007,12000138625024,0,83.0,191603368.0,98.0,0.0,100.0,2.0,100.0,0.0,75.0,33645215.0,100.0,428.0,100.0,0.0,100.0,2.0,,,,,100.0,0.0,100.0,0.0,,,82.0,18.0,,,100.0,5.0,100.0,27.0,18.0,18.0,100.0,0.0,100.0,0.0,200.0,0.0,100.0,425.0,100.0,15028455904.0,100.0,3229607274.0
2019-07-20,ZJV0S6T3,ST12000NM0007,12000138625024,0,74.0,25407328.0,98.0,0.0,100.0,2.0,100.0,0.0,76.0,36607787.0,100.0,460.0,100.0,0.0,100.0,2.0,,,,,100.0,0.0,100.0,0.0,,,82.0,18.0,,,100.0,6.0,100.0,28.0,18.0,18.0,100.0,0.0,100.0,0.0,200.0,0.0,100.0,457.0,100.0,16212796968.0,100.0,3343916106.0
2019-07-21,ZJV0S6T3,ST12000NM0007,12000138625024,0,83.0,205881800.0,98.0,0.0,100.0,2.0,100.0,0.0,76.0,37999591.0,100.0,476.0,100.0,0.0,100.0,2.0,,,,,100.0,0.0,100.0,0.0,,,83.0,17.0,,,100.0,7.0,100.0,29.0,17.0,17.0,100.0,0.0,100.0,0.0,200.0,0.0,100.0,473.0,100.0,16814457392.0,100.0,3411012042.0
2019-07-22,ZJV0S6T3,ST12000NM0007,12000138625024,0,83.0,203432456.0,98.0,0.0,100.0,2.0,100.0,0.0,76.0,40768174.0,100.0,507.0,100.0,0.0,100.0,2.0,,,,,100.0,0.0,100.0,0.0,,,82.0,18.0,,,100.0,8.0,100.0,30.0,18.0,18.0,100.0,0.0,100.0,0.0,200.0,0.0,100.0,504.0,100.0,17926560792.0,100.0,3517163698.0
2019-07-23,ZJV0S6T3,ST12000NM0007,12000138625024,0,73.0,22159200.0,98.0,0.0,100.0,2.0,100.0,0.0,76.0,42240037.0,100.0,523.0,100.0,0.0,100.0,2.0,,,,,100.0,0.0,100.0,0.0,,,82.0,18.0,,,100.0,9.0,100.0,31.0,18.0,18.0,100.0,0.0,100.0,0.0,200.0,0.0,100.0,520.0,100.0,18409952032.0,100.0,3584922738.0
2019-07-24,ZJV0S6T3,ST12000NM0007,12000138625024,0,82.0,142773440.0,98.0,0.0,100.0,2.0,100.0,0.0,77.0,46012426.0,100.0,555.0,100.0,0.0,100.0,2.0,,,,,100.0,0.0,100.0,0.0,,,82.0,18.0,,,100.0,10.0,100.0,32.0,18.0,18.0,100.0,0.0,100.0,0.0,200.0,0.0,100.0,552.0,100.0,19363398680.0,100.0,3728655186.0
2019-07-25,ZJV0S6T3,ST12000NM0007,12000138625024,0,82.0,170051544.0,98.0,0.0,100.0,2.0,100.0,0.0,77.0,47903118.0,100.0,571.0,100.0,0.0,100.0,2.0,,,,,100.0,0.0,100.0,0.0,,,81.0,19.0,,,100.0,10.0,100.0,33.0,19.0,19.0,100.0,0.0,100.0,0.0,200.0,0.0,100.0,567.0,100.0,19808276736.0,100.0,3799336570.0
2019-07-26,ZJV0S6T3,ST12000NM0007,12000138625024,0,82.0,158539456.0,98.0,0.0,100.0,2.0,100.0,0.0,77.0,51719208.0,100.0,602.0,100.0,0.0,100.0,2.0,,,,,100.0,0.0,100.0,0.0,,,81.0,19.0,,,100.0,11.0,100.0,34.0,19.0,19.0,100.0,0.0,100.0,0.0,200.0,0.0,100.0,599.0,100.0,20877362496.0,100.0,3939444562.0
2019-07-27,ZJV0S6T3,ST12000NM0007,12000138625024,0,81.0,116913920.0,98.0,0.0,100.0,2.0,100.0,0.0,78.0,57844426.0,100.0,634.0,100.0,0.0,100.0,2.0,,,,,100.0,0.0,100.0,0.0,,,81.0,19.0,,,100.0,12.0,100.0,36.0,19.0,19.0,100.0,0.0,100.0,0.0,200.0,0.0,100.0,630.0,100.0,21887132232.0,100.0,4108753490.0
2019-07-28,ZJV0S6T3,ST12000NM0007,12000138625024,0,84.0,235065392.0,98.0,0.0,100.0,2.0,100.0,0.0,78.0,59136475.0,100.0,650.0,100.0,0.0,100.0,2.0,,,,,100.0,0.0,100.0,0.0,,,82.0,18.0,,,100.0,12.0,100.0,36.0,18.0,18.0,100.0,0.0,100.0,0.0,200.0,0.0,100.0,646.0,100.0,21931721360.0,100.0,4426456882.0
2019-07-29,ZJV0S6T3,ST12000NM0007,12000138625024,0,84.0,234733712.0,98.0,0.0,100.0,2.0,100.0,0.0,78.0,62252401.0,100.0,682.0,100.0,0.0,100.0,2.0,,,,,100.0,0.0,100.0,0.0,,,81.0,19.0,,,100.0,12.0,100.0,38.0,19.0,19.0,100.0,0.0,100.0,0.0,200.0,0.0,100.0,677.0,100.0,22031698816.0,100.0,5546851554.0
2019-07-30,ZJV0S6T3,ST12000NM0007,12000138625024,0,80.0,100141696.0,98.0,0.0,100.0,2.0,100.0,0.0,78.0,63653789.0,100.0,698.0,100.0,0.0,100.0,2.0,,,,,100.0,0.0,100.0,0.0,,,82.0,18.0,,,100.0,12.0,100.0,38.0,18.0,18.0,100.0,0.0,100.0,0.0,200.0,0.0,100.0,693.0,100.0,22069964432.0,100.0,6106416138.0
2019-07-31,ZJV0S6T3,ST12000NM0007,12000138625024,0,74.0,26353840.0,98.0,0.0,100.0,2.0,100.0,0.0,78.0,66314125.0,100.0,729.0,100.0,0.0,100.0,2.0,,,,,100.0,0.0,100.0,0.0,,,81.0,19.0,,,100.0,12.0,100.0,40.0,19.0,19.0,100.0,0.0,100.0,0.0,200.0,0.0,100.0,725.0,100.0,22174626200.0,100.0,6904529778.0
2019-08-01,ZJV0S6T3,ST12000NM0007,12000138625024,0,66.0,4323608.0,98.0,0.0,100.0,2.0,100.0,0.0,78.0,68005937.0,100.0,745.0,100.0,0.0,100.0,2.0,,,,,100.0,0.0,100.0,0.0,,,81.0,19.0,,,100.0,12.0,100.0,40.0,19.0,19.0,100.0,0.0,100.0,0.0,200.0,0.0,100.0,741.0,100.0,22221763832.0,100.0,7323643602.0
2019-08-02,ZJV0S6T3,ST12000NM0007,12000138625024,0,80.0,92671248.0,98.0,0.0,100.0,2.0,100.0,0.0,78.0,70718109.0,100.0,777.0,100.0,0.0,100.0,2.0,,,,,100.0,0.0,100.0,0.0,,,81.0,19.0,,,100.0,13.0,100.0,42.0,19.0,19.0,100.0,0.0,100.0,0.0,200.0,0.0,100.0,772.0,100.0,22324457312.0,100.0,8041720666.0
2019-08-03,ZJV0S6T3,ST12000NM0007,12000138625024,0,67.0,5165248.0,98.0,0.0,100.0,2.0,100.0,0.0,79.0,72009869.0,100.0,793.0,100.0,0.0,100.0,2.0,,,,,100.0,0.0,100.0,0.0,,,81.0,19.0,,,100.0,13.0,100.0,42.0,19.0,19.0,100.0,0.0,100.0,0.0,200.0,0.0,100.0,788.0,100.0,22361914008.0,100.0,8405039810.0
2019-08-04,ZJV0S6T3,ST12000NM0007,12000138625024,0,81.0,125495432.0,98.0,0.0,100.0,2.0,100.0,0.0,79.0,74897547.0,100.0,824.0,100.0,0.0,100.0,2.0,,,,,100.0,0.0,100.0,0.0,,,81.0,19.0,,,100.0,13.0,100.0,44.0,19.0,19.0,100.0,0.0,100.0,0.0,200.0,0.0,100.0,819.0,100.0,22475841624.0,100.0,9143864474.0
2019-08-05,ZJV0S6T3,ST12000NM0007,12000138625024,0,81.0,133157904.0,98.0,0.0,100.0,2.0,100.0,0.0,79.0,76600708.0,100.0,840.0,100.0,0.0,100.0,2.0,,,,,100.0,0.0,100.0,0.0,,,81.0,19.0,,,100.0,13.0,100.0,44.0,19.0,19.0,100.0,0.0,100.0,0.0,200.0,0.0,100.0,835.0,100.0,22545292168.0,100.0,9570357994.0
2019-08-06,ZJV0S6T3,ST12000NM0007,12000138625024,0,76.0,38205384.0,98.0,0.0,100.0,2.0,100.0,0.0,79.0,79726365.0,100.0,872.0,100.0,0.0,100.0,2.0,,,,,100.0,0.0,100.0,0.0,,,81.0,19.0,,,100.0,13.0,100.0,46.0,19.0,19.0,100.0,0.0,100.0,0.0,200.0,0.0,100.0,867.0,100.0,22650607304.0,100.0,10346653786.0
2019-08-07,ZJV0S6T3,ST12000NM0007,12000138625024,0,78.0,66903184.0,98.0,0.0,100.0,2.0,100.0,0.0,79.0,81356302.0,99.0,888.0,100.0,0.0,100.0,2.0,,,,,100.0,0.0,100.0,0.0,,,81.0,19.0,,,100.0,13.0,100.0,46.0,19.0,19.0,100.0,0.0,100.0,0.0,200.0,0.0,100.0,883.0,100.0,22699407320.0,100.0,10814833242.0
2019-08-08,ZJV0S6T3,ST12000NM0007,12000138625024,0,69.0,8195552.0,98.0,0.0,100.0,2.0,100.0,0.0,79.0,84318279.0,99.0,920.0,100.0,0.0,100.0,2.0,,,,,100.0,0.0,100.0,0.0,,,82.0,18.0,,,100.0,14.0,100.0,49.0,18.0,18.0,100.0,0.0,100.0,0.0,200.0,0.0,100.0,914.0,100.0,22790715736.0,100.0,11641380074.0
2019-08-09,ZJV0S6T3,ST12000NM0007,12000138625024,0,84.0,227777320.0,98.0,0.0,100.0,2.0,100.0,0.0,79.0,85779401.0,99.0,936.0,100.0,0.0,100.0,2.0,,,,,100.0,0.0,100.0,0.0,,,81.0,19.0,,,100.0,14.0,100.0,49.0,19.0,19.0,100.0,0.0,100.0,0.0,200.0,0.0,100.0,930.0,100.0,22826430784.0,100.0,12069387914.0
2019-08-10,ZJV0S6T3,ST12000NM0007,12000138625024,0,83.0,220282320.0,98.0,0.0,100.0,2.0,100.0,0.0,79.0,88599261.0,99.0,967.0,100.0,0.0,100.0,2.0,,,,,100.0,0.0,100.0,0.0,,,82.0,18.0,,,100.0,15.0,100.0,51.0,18.0,18.0,100.0,0.0,100.0,0.0,200.0,0.0,100.0,962.0,100.0,22909479152.0,100.0,12467126066.0
2019-08-11,ZJV0S6T3,ST12000NM0007,12000138625024,0,82.0,158268096.0,98.0,0.0,100.0,2.0,100.0,0.0,80.0,89856098.0,99.0,983.0,100.0,0.0,100.0,2.0,,,,,100.0,0.0,100.0,0.0,,,82.0,18.0,,,100.0,15.0,100.0,51.0,18.0,18.0,100.0,0.0,100.0,0.0,200.0,0.0,100.0,977.0,100.0,22952871136.0,100.0,12605860562.0
2019-08-12,ZJV0S6T3,ST12000NM0007,12000138625024,0,82.0,167224464.0,98.0,0.0,100.0,2.0,100.0,0.0,80.0,93135535.0,99.0,1015.0,100.0,0.0,100.0,2.0,,,,,100.0,0.0,100.0,0.0,,,82.0,18.0,,,100.0,15.0,100.0,53.0,18.0,18.0,100.0,0.0,100.0,0.0,200.0,0.0,100.0,1009.0,100.0,23055491256.0,100.0,13000478338.0
2019-08-13,ZJV0S6T3,ST12000NM0007,12000138625024,0,79.0,76462696.0,98.0,0.0,100.0,2.0,100.0,0.0,80.0,94046119.0,99.0,1030.0,100.0,0.0,100.0,2.0,,,,,100.0,0.0,100.0,0.0,,,82.0,18.0,,,100.0,15.0,100.0,53.0,18.0,18.0,100.0,0.0,100.0,0.0,200.0,0.0,100.0,1025.0,100.0,23062598944.0,100.0,13146749666.0
2019-08-14,ZJV0S6T3,ST12000NM0007,12000138625024,0,73.0,18265880.0,98.0,0.0,100.0,2.0,100.0,0.0,80.0,96781806.0,99.0,1062.0,100.0,0.0,100.0,2.0,,,,,100.0,0.0,100.0,0.0,,,82.0,18.0,,,100.0,17.0,100.0,55.0,18.0,18.0,100.0,0.0,100.0,0.0,200.0,0.0,100.0,1056.0,100.0,23159387944.0,100.0,13480045570.0
2019-08-15,ZJV0S6T3,ST12000NM0007,12000138625024,0,84.0,227978360.0,98.0,0.0,100.0,2.0,100.0,0.0,80.0,98184517.0,99.0,1078.0,100.0,0.0,100.0,2.0,,,,,100.0,0.0,100.0,0.0,,,81.0,19.0,,,100.0,17.0,100.0,56.0,19.0,19.0,100.0,0.0,100.0,0.0,200.0,0.0,100.0,1072.0,100.0,23215215456.0,100.0,13633930538.0
2019-08-16,ZJV0S6T3,ST12000NM0007,12000138625024,0,82.0,150730736.0,98.0,0.0,100.0,2.0,100.0,0.0,80.0,100811527.0,99.0,1110.0,100.0,0.0,100.0,2.0,,,,,100.0,0.0,100.0,0.0,,,81.0,19.0,,,100.0,17.0,100.0,57.0,19.0,19.0,100.0,0.0,100.0,0.0,200.0,0.0,100.0,1104.0,100.0,23319280968.0,100.0,13940898922.0
2019-08-17,ZJV0S6T3,ST12000NM0007,12000138625024,0,81.0,114986496.0,98.0,0.0,100.0,2.0,100.0,0.0,80.0,103836852.0,99.0,1142.0,100.0,0.0,100.0,2.0,,,,,100.0,0.0,100.0,0.0,,,82.0,18.0,,,100.0,17.0,100.0,59.0,18.0,18.0,100.0,0.0,100.0,0.0,200.0,0.0,100.0,1135.0,100.0,23452460504.0,100.0,14260257314.0
2019-08-18,ZJV0S6T3,ST12000NM0007,12000138625024,0,82.0,143443360.0,98.0,0.0,100.0,2.0,100.0,0.0,80.0,105416730.0,99.0,1157.0,100.0,0.0,100.0,2.0,,,,,100.0,0.0,100.0,0.0,,,82.0,18.0,,,100.0,17.0,100.0,59.0,18.0,18.0,100.0,0.0,100.0,0.0,200.0,0.0,100.0,1151.0,100.0,23516370800.0,100.0,14468944602.0
2019-08-19,ZJV0S6T3,ST12000NM0007,12000138625024,0,82.0,143846336.0,98.0,0.0,100.0,2.0,100.0,0.0,80.0,108804647.0,99.0,1189.0,100.0,0.0,100.0,2.0,,,,,100.0,0.0,100.0,0.0,,,82.0,18.0,,,100.0,17.0,100.0,60.0,18.0,18.0,100.0,0.0,100.0,0.0,200.0,0.0,100.0,1183.0,100.0,23628813224.0,100.0,14845186666.0
2019-08-20,ZJV0S6T3,ST12000NM0007,12000138625024,0,82.0,152698776.0,98.0,0.0,100.0,2.0,100.0,0.0,80.0,110416894.0,99.0,1205.0,100.0,0.0,100.0,2.0,,,,,100.0,0.0,100.0,0.0,,,82.0,18.0,,,100.0,17.0,100.0,61.0,18.0,18.0,100.0,0.0,100.0,0.0,200.0,0.0,100.0,1198.0,100.0,23685777352.0,100.0,15041216098.0
2019-08-21,ZJV0S6T3,ST12000NM0007,12000138625024,0,80.0,97768768.0,98.0,0.0,100.0,2.0,100.0,0.0,81.0,113368246.0,99.0,1237.0,100.0,0.0,100.0,2.0,,,,,100.0,0.0,100.0,0.0,,,81.0,19.0,,,100.0,17.0,100.0,62.0,19.0,19.0,100.0,0.0,100.0,0.0,200.0,0.0,100.0,1230.0,100.0,23795719272.0,100.0,15364625738.0
2019-08-22,ZJV0S6T3,ST12000NM0007,12000138625024,0,78.0,63284984.0,98.0,0.0,100.0,2.0,100.0,0.0,81.0,114841387.0,99.0,1252.0,100.0,0.0,100.0,2.0,,,,,100.0,0.0,100.0,0.0,,,82.0,18.0,,,100.0,17.0,100.0,63.0,18.0,18.0,100.0,0.0,100.0,0.0,200.0,0.0,100.0,1246.0,100.0,23859246816.0,100.0,15510755162.0
2019-08-23,ZJV0S6T3,ST12000NM0007,12000138625024,0,84.0,234464504.0,98.0,0.0,100.0,2.0,100.0,0.0,81.0,117599085.0,99.0,1284.0,100.0,0.0,100.0,2.0,,,,,100.0,0.0,100.0,0.0,,,82.0,18.0,,,100.0,18.0,100.0,64.0,18.0,18.0,100.0,0.0,100.0,0.0,200.0,0.0,100.0,1277.0,100.0,23968635728.0,100.0,15816686610.0
2019-08-24,ZJV0S6T3,ST12000NM0007,12000138625024,0,84.0,238417936.0,98.0,0.0,100.0,2.0,100.0,0.0,81.0,119202089.0,99.0,1300.0,100.0,0.0,100.0,2.0,,,,,100.0,0.0,100.0,0.0,,,82.0,18.0,,,100.0,18.0,100.0,65.0,18.0,18.0,100.0,0.0,100.0,0.0,200.0,0.0,100.0,1293.0,100.0,24029945080.0,100.0,16003471490.0
2019-08-25,ZJV0S6T3,ST12000NM0007,12000138625024,0,83.0,204927128.0,98.0,0.0,100.0,2.0,100.0,0.0,81.0,122136297.0,99.0,1332.0,100.0,0.0,100.0,2.0,,,,,100.0,0.0,100.0,0.0,,,81.0,19.0,,,100.0,18.0,100.0,66.0,19.0,19.0,100.0,0.0,100.0,0.0,200.0,0.0,100.0,1324.0,100.0,24125297976.0,100.0,16362909658.0
2019-08-26,ZJV0S6T3,ST12000NM0007,12000138625024,0,83.0,201158088.0,98.0,0.0,100.0,2.0,100.0,0.0,81.0,126676480.0,99.0,1379.0,100.0,0.0,100.0,2.0,,,,,100.0,0.0,100.0,0.0,,,81.0,19.0,,,100.0,18.0,100.0,68.0,19.0,19.0,100.0,0.0,100.0,0.0,200.0,0.0,100.0,1372.0,100.0,24287384912.0,100.0,16929476130.0
2019-08-27,ZJV0S6T3,ST12000NM0007,12000138625024,0,83.0,201158088.0,98.0,0.0,100.0,2.0,100.0,0.0,81.0,126676480.0,99.0,1379.0,100.0,0.0,100.0,2.0,,,,,100.0,0.0,100.0,0.0,,,81.0,19.0,,,100.0,18.0,100.0,68.0,19.0,19.0,100.0,0.0,100.0,0.0,200.0,0.0,100.0,1372.0,100.0,24287384912.0,100.0,16929476130.0
2019-08-28,ZJV0S6T3,ST12000NM0007,12000138625024,0,83.0,213585400.0,98.0,0.0,100.0,2.0,100.0,0.0,81.0,128205884.0,99.0,1395.0,100.0,0.0,100.0,2.0,,,,,100.0,0.0,100.0,0.0,,,81.0,19.0,,,100.0,19.0,100.0,69.0,19.0,19.0,100.0,0.0,100.0,0.0,200.0,0.0,100.0,1387.0,100.0,24335006136.0,100.0,17138422930.0
2019-08-29,ZJV0S6T3,ST12000NM0007,12000138625024,0,82.0,165273496.0,98.0,0.0,100.0,2.0,100.0,0.0,81.0,131654410.0,99.0,1427.0,100.0,0.0,100.0,2.0,,,,,100.0,0.0,100.0,0.0,,,81.0,19.0,,,100.0,20.0,100.0,70.0,19.0,19.0,100.0,0.0,100.0,0.0,200.0,0.0,100.0,1419.0,100.0,24478281384.0,100.0,17435117810.0
2019-08-30,ZJV0S6T3,ST12000NM0007,12000138625024,0,82.0,163425680.0,98.0,0.0,100.0,2.0,100.0,0.0,81.0,133715003.0,99.0,1443.0,100.0,0.0,100.0,2.0,,,,,100.0,0.0,100.0,0.0,,,81.0,19.0,,,100.0,20.0,100.0,71.0,19.0,19.0,100.0,0.0,100.0,0.0,200.0,0.0,100.0,1435.0,100.0,24534572304.0,100.0,17621119834.0
2019-08-31,ZJV0S6T3,ST12000NM0007,12000138625024,0,79.0,78607976.0,98.0,0.0,100.0,2.0,100.0,0.0,81.0,136601905.0,99.0,1474.0,100.0,0.0,100.0,2.0,,,,,100.0,0.0,100.0,0.0,,,81.0,19.0,,,100.0,20.0,100.0,72.0,19.0,19.0,100.0,0.0,100.0,0.0,200.0,0.0,100.0,1467.0,100.0,24634023240.0,100.0,17925132706.0
2019-09-01,ZJV0S6T3,ST12000NM0007,12000138625024,0,78.0,69691680.0,98.0,0.0,100.0,2.0,100.0,0.0,81.0,138004176.0,99.0,1490.0,100.0,0.0,100.0,2.0,,,,,100.0,0.0,100.0,0.0,,,81.0,19.0,,,100.0,21.0,100.0,73.0,19.0,19.0,100.0,0.0,100.0,0.0,200.0,0.0,100.0,1482.0,100.0,24666229928.0,100.0,18128150410.0
2019-09-02,ZJV0S6T3,ST12000NM0007,12000138625024,0,73.0,22208960.0,98.0,0.0,100.0,2.0,100.0,0.0,81.0,140895714.0,99.0,1522.0,100.0,0.0,100.0,2.0,,,,,100.0,0.0,100.0,0.0,,,81.0,19.0,,,100.0,21.0,100.0,74.0,19.0,19.0,100.0,0.0,100.0,0.0,200.0,0.0,100.0,1514.0,100.0,24757424896.0,100.0,18477754258.0
2019-09-03,ZJV0S6T3,ST12000NM0007,12000138625024,0,73.0,21183360.0,98.0,0.0,100.0,2.0,100.0,0.0,82.0,142435413.0,99.0,1537.0,100.0,0.0,100.0,2.0,,,,,100.0,0.0,100.0,0.0,,,81.0,19.0,,,100.0,22.0,100.0,75.0,19.0,19.0,100.0,0.0,100.0,0.0,200.0,0.0,100.0,1529.0,100.0,24806951896.0,100.0,18671342442.0
2019-09-04,ZJV0S6T3,ST12000NM0007,12000138625024,0,77.0,49069800.0,98.0,0.0,100.0,2.0,100.0,0.0,82.0,145740013.0,99.0,1569.0,100.0,0.0,100.0,2.0,,,,,100.0,0.0,100.0,0.0,,,81.0,19.0,,,100.0,22.0,100.0,76.0,19.0,19.0,100.0,0.0,100.0,0.0,200.0,0.0,100.0,1561.0,100.0,24907669776.0,100.0,19086792394.0
2019-09-05,ZJV0S6T3,ST12000NM0007,12000138625024,0,79.0,73225544.0,98.0,0.0,100.0,2.0,100.0,0.0,82.0,147813867.0,99.0,1585.0,100.0,0.0,100.0,2.0,,,,,100.0,0.0,100.0,0.0,,,81.0,19.0,,,100.0,23.0,100.0,77.0,19.0,19.0,100.0,0.0,100.0,0.0,200.0,0.0,100.0,1577.0,100.0,24986152024.0,100.0,19276606810.0
2019-09-06,ZJV0S6T3,ST12000NM0007,12000138625024,0,80.0,103666520.0,98.0,0.0,100.0,2.0,100.0,0.0,82.0,151472532.0,99.0,1617.0,100.0,0.0,100.0,2.0,,,,,100.0,0.0,100.0,0.0,,,81.0,19.0,,,100.0,23.0,100.0,78.0,19.0,19.0,100.0,0.0,100.0,0.0,200.0,0.0,100.0,1608.0,100.0,25100458048.0,100.0,19681023114.0
2019-09-07,ZJV0S6T3,ST12000NM0007,12000138625024,0,81.0,116535688.0,98.0,0.0,100.0,2.0,100.0,0.0,82.0,153135038.0,99.0,1633.0,100.0,0.0,100.0,2.0,,,,,100.0,0.0,100.0,0.0,,,81.0,19.0,,,100.0,23.0,100.0,79.0,19.0,19.0,100.0,0.0,100.0,0.0,200.0,0.0,100.0,1624.0,100.0,25135835624.0,100.0,19902655370.0
2019-09-08,ZJV0S6T3,ST12000NM0007,12000138625024,0,79.0,74111208.0,98.0,0.0,100.0,2.0,100.0,0.0,82.0,156463487.0,99.0,1664.0,100.0,0.0,100.0,2.0,,,,,100.0,0.0,100.0,0.0,,,81.0,19.0,,,100.0,23.0,100.0,80.0,19.0,19.0,100.0,0.0,100.0,0.0,200.0,0.0,100.0,1656.0,100.0,25222009344.0,100.0,20262338554.0
2019-09-09,ZJV0S6T3,ST12000NM0007,12000138625024,0,79.0,81507584.0,98.0,0.0,100.0,2.0,100.0,0.0,82.0,158512773.0,99.0,1680.0,100.0,0.0,100.0,2.0,,,,,100.0,0.0,100.0,0.0,,,82.0,18.0,,,100.0,23.0,100.0,81.0,18.0,18.0,100.0,0.0,100.0,0.0,200.0,0.0,100.0,1672.0,100.0,25289664424.0,100.0,20446220690.0
2019-09-10,ZJV0S6T3,ST12000NM0007,12000138625024,0,78.0,70275744.0,98.0,0.0,100.0,2.0,100.0,0.0,82.0,162007466.0,99.0,1712.0,100.0,0.0,100.0,2.0,,,,,100.0,0.0,100.0,0.0,,,82.0,18.0,,,100.0,23.0,100.0,82.0,18.0,18.0,100.0,0.0,100.0,0.0,200.0,0.0,100.0,1703.0,100.0,25363404296.0,100.0,20849530458.0
2019-09-11,ZJV0S6T3,ST12000NM0007,12000138625024,0,81.0,115850440.0,98.0,0.0,100.0,2.0,100.0,0.0,82.0,163951382.0,99.0,1728.0,100.0,0.0,100.0,2.0,,,,,100.0,0.0,100.0,0.0,,,81.0,19.0,,,100.0,23.0,100.0,83.0,19.0,19.0,100.0,0.0,100.0,0.0,200.0,0.0,100.0,1719.0,100.0,25398325480.0,100.0,21104324682.0
2019-09-12,ZJV0S6T3,ST12000NM0007,12000138625024,0,80.0,91289264.0,98.0,0.0,100.0,2.0,100.0,0.0,82.0,168215825.0,98.0,1760.0,100.0,0.0,100.0,2.0,,,,,100.0,0.0,100.0,0.0,,,81.0,19.0,,,100.0,23.0,100.0,85.0,19.0,19.0,100.0,0.0,100.0,0.0,200.0,0.0,100.0,1751.0,100.0,25481266744.0,100.0,21485103954.0
2019-09-13,ZJV0S6T3,ST12000NM0007,12000138625024,0,75.0,30177544.0,98.0,0.0,100.0,2.0,100.0,0.0,82.0,169800829.0,98.0,1775.0,100.0,0.0,100.0,2.0,,,,,100.0,0.0,100.0,0.0,,,81.0,19.0,,,100.0,23.0,100.0,85.0,19.0,19.0,100.0,0.0,100.0,0.0,200.0,0.0,100.0,1766.0,100.0,25516680240.0,100.0,21632719634.0
2019-09-14,ZJV0S6T3,ST12000NM0007,12000138625024,0,76.0,39366800.0,98.0,0.0,100.0,2.0,100.0,0.0,82.0,172013688.0,98.0,1807.0,100.0,0.0,100.0,2.0,,,,,100.0,0.0,100.0,0.0,,,81.0,19.0,,,100.0,24.0,100.0,87.0,19.0,19.0,100.0,0.0,100.0,0.0,200.0,0.0,100.0,1798.0,100.0,25583883240.0,100.0,21818846570.0
2019-09-15,ZJV0S6T3,ST12000NM0007,12000138625024,0,83.0,184091912.0,98.0,0.0,100.0,2.0,100.0,0.0,82.0,173190734.0,98.0,1823.0,100.0,0.0,100.0,2.0,,,,,100.0,0.0,100.0,0.0,,,81.0,19.0,,,100.0,24.0,100.0,87.0,19.0,19.0,100.0,0.0,100.0,0.0,200.0,0.0,100.0,1814.0,100.0,25615468912.0,100.0,21931986010.0
2019-09-16,ZJV0S6T3,ST12000NM0007,12000138625024,0,83.0,223709960.0,98.0,0.0,100.0,2.0,100.0,0.0,82.0,175420800.0,98.0,1855.0,100.0,0.0,100.0,2.0,,,,,100.0,0.0,100.0,0.0,,,81.0,19.0,,,100.0,25.0,100.0,89.0,19.0,19.0,100.0,0.0,100.0,0.0,200.0,0.0,100.0,1845.0,100.0,25667487784.0,100.0,22163726066.0
2019-09-17,ZJV0S6T3,ST12000NM0007,12000138625024,0,79.0,71312560.0,98.0,0.0,100.0,2.0,100.0,0.0,82.0,175977642.0,98.0,1870.0,100.0,0.0,100.0,2.0,,,,,100.0,0.0,100.0,0.0,,,81.0,19.0,,,100.0,25.0,100.0,89.0,19.0,19.0,100.0,0.0,100.0,0.0,200.0,0.0,100.0,1861.0,100.0,25671317344.0,100.0,22251639802.0
2019-09-18,ZJV0S6T3,ST12000NM0007,12000138625024,0,79.0,86187896.0,98.0,0.0,100.0,2.0,100.0,0.0,83.0,180076110.0,98.0,1902.0,100.0,0.0,100.0,2.0,,,,,100.0,0.0,100.0,0.0,,,81.0,19.0,,,100.0,26.0,100.0,92.0,19.0,19.0,100.0,0.0,100.0,0.0,200.0,0.0,100.0,1892.0,100.0,25708392896.0,100.0,23450143154.0
2019-09-19,ZJV0S6T3,ST12000NM0007,12000138625024,0,77.0,45127448.0,98.0,0.0,100.0,2.0,100.0,0.0,83.0,184025079.0,98.0,1934.0,100.0,0.0,100.0,2.0,,,,,100.0,0.0,100.0,0.0,,,81.0,19.0,,,100.0,26.0,100.0,93.0,19.0,19.0,100.0,0.0,100.0,0.0,200.0,0.0,100.0,1924.0,100.0,25758204472.0,100.0,24335834122.0
2019-09-20,ZJV0S6T3,ST12000NM0007,12000138625024,0,81.0,139277592.0,98.0,0.0,100.0,2.0,100.0,0.0,83.0,185598387.0,98.0,1949.0,100.0,0.0,100.0,2.0,,,,,100.0,0.0,100.0,0.0,,,82.0,18.0,,,100.0,26.0,100.0,93.0,18.0,18.0,100.0,0.0,100.0,0.0,200.0,0.0,100.0,1940.0,100.0,25779481768.0,100.0,24652848050.0
2019-09-21,ZJV0S6T3,ST12000NM0007,12000138625024,0,82.0,174801944.0,98.0,0.0,100.0,2.0,100.0,0.0,83.0,188478780.0,98.0,1981.0,100.0,0.0,100.0,2.0,,,,,100.0,0.0,100.0,0.0,,,81.0,19.0,,,100.0,26.0,100.0,95.0,19.0,19.0,100.0,0.0,100.0,0.0,200.0,0.0,100.0,1971.0,100.0,25822507144.0,100.0,25133628426.0
2019-09-22,ZJV0S6T3,ST12000NM0007,12000138625024,0,83.0,218362024.0,98.0,0.0,100.0,2.0,100.0,0.0,83.0,190400221.0,98.0,1997.0,100.0,0.0,100.0,2.0,,,,,100.0,0.0,100.0,0.0,,,81.0,19.0,,,100.0,26.0,100.0,95.0,19.0,19.0,100.0,0.0,100.0,0.0,200.0,0.0,100.0,1987.0,100.0,25827047368.0,100.0,25660929642.0
2019-09-23,ZJV0S6T3,ST12000NM0007,12000138625024,0,82.0,165112888.0,98.0,0.0,100.0,2.0,100.0,0.0,83.0,194978802.0,98.0,2029.0,100.0,0.0,100.0,2.0,,,,,100.0,0.0,100.0,0.0,,,80.0,20.0,,,100.0,27.0,100.0,97.0,20.0,20.0,100.0,0.0,100.0,0.0,200.0,0.0,100.0,2019.0,100.0,25843203896.0,100.0,26812228090.0
2019-09-24,ZJV0S6T3,ST12000NM0007,12000138625024,0,78.0,64545920.0,98.0,0.0,100.0,2.0,100.0,0.0,83.0,198766332.0,98.0,2044.0,100.0,0.0,100.0,2.0,,,,,100.0,0.0,100.0,0.0,,,80.0,20.0,,,100.0,27.0,100.0,97.0,20.0,20.0,100.0,0.0,100.0,0.0,200.0,0.0,100.0,2034.0,100.0,25852541248.0,100.0,27434745794.0
2019-09-25,ZJV0S6T3,ST12000NM0007,12000138625024,0,83.0,204311640.0,98.0,0.0,100.0,2.0,100.0,0.0,83.0,201495114.0,98.0,2060.0,100.0,0.0,100.0,2.0,,,,,100.0,0.0,100.0,0.0,,,81.0,19.0,,,100.0,27.0,100.0,98.0,19.0,19.0,100.0,0.0,100.0,0.0,200.0,0.0,100.0,2050.0,100.0,25877099184.0,100.0,27794094290.0
2019-09-26,ZJV0S6T3,ST12000NM0007,12000138625024,0,71.0,11741608.0,98.0,0.0,100.0,2.0,100.0,0.0,83.0,206182607.0,98.0,2092.0,100.0,0.0,100.0,2.0,,,,,100.0,0.0,100.0,0.0,,,81.0,19.0,,,100.0,27.0,100.0,99.0,19.0,19.0,100.0,0.0,100.0,0.0,200.0,0.0,100.0,2082.0,100.0,25903762576.0,100.0,29283846402.0
2019-09-27,ZJV0S6T3,ST12000NM0007,12000138625024,0,81.0,122838160.0,98.0,0.0,100.0,2.0,100.0,0.0,83.0,208712669.0,98.0,2108.0,100.0,0.0,100.0,2.0,,,,,100.0,0.0,100.0,0.0,,,81.0,19.0,,,100.0,27.0,100.0,100.0,19.0,19.0,100.0,0.0,100.0,0.0,200.0,0.0,100.0,2097.0,100.0,25908026936.0,100.0,30123100874.0
2019-09-28,ZJV0S6T3,ST12000NM0007,12000138625024,0,83.0,203820221.0,98.0,0.0,100.0,2.0,100.0,0.0,83.0,210857625.0,98.0,2140.0,100.0,0.0,100.0,2.0,,,,,100.0,0.0,100.0,0.0,,,81.0,19.0,,,100.0,28.0,100.0,102.0,19.0,19.0,100.0,0.0,100.0,0.0,200.0,0.0,100.0,2129.0,100.0,25913266688.0,100.0,30687124775.0
2019-09-29,ZJV0S6T3,ST12000NM0007,12000138625024,0,67.0,4592560.0,98.0,0.0,100.0,2.0,100.0,0.0,83.0,213561103.0,98.0,2171.0,100.0,0.0,100.0,2.0,,,,,100.0,0.0,100.0,0.0,,,81.0,19.0,,,100.0,29.0,100.0,103.0,19.0,19.0,100.0,0.0,100.0,0.0,200.0,0.0,100.0,2161.0,100.0,25920017352.0,100.0,31457709583.0
2019-09-30,ZJV0S6T3,ST12000NM0007,12000138625024,0,79.0,84296456.0,98.0,0.0,100.0,2.0,100.0,0.0,83.0,215934077.0,98.0,2187.0,100.0,0.0,100.0,2.0,,,,,100.0,0.0,100.0,0.0,,,80.0,20.0,,,100.0,29.0,100.0,104.0,20.0,20.0,100.0,0.0,100.0,0.0,200.0,0.0,100.0,2177.0,100.0,25928154056.0,100.0,32017558159.0
2019-10-01,ZJV0S6T3,ST12000NM0007,12000138625024,0,81.0,138132016.0,98.0,0.0,100.0,2.0,100.0,0.0,83.0,221167355.0,98.0,2219.0,100.0,0.0,100.0,2.0,,,,,100.0,0.0,100.0,0.0,,,81.0,19.0,,,100.0,29.0,100.0,105.0,19.0,19.0,100.0,0.0,100.0,0.0,200.0,0.0,100.0,2208.0,100.0,25948623688.0,100.0,33515768575.0
2019-10-02,ZJV0S6T3,ST12000NM0007,12000138625024,0,82.0,173783144.0,98.0,0.0,100.0,2.0,100.0,0.0,83.0,223160536.0,98.0,2235.0,100.0,0.0,100.0,2.0,,,,,100.0,0.0,100.0,0.0,,,81.0,19.0,,,100.0,29.0,100.0,106.0,19.0,19.0,100.0,0.0,100.0,0.0,200.0,0.0,100.0,2224.0,100.0,25953829520.0,100.0,34034495495.0
2019-10-03,ZJV0S6T3,ST12000NM0007,12000138625024,0,84.0,234048160.0,98.0,0.0,100.0,2.0,100.0,0.0,84.0,227381542.0,98.0,2267.0,100.0,0.0,100.0,2.0,,,,,100.0,0.0,100.0,0.0,,,81.0,19.0,,,100.0,30.0,100.0,108.0,19.0,19.0,100.0,0.0,100.0,0.0,200.0,0.0,100.0,2256.0,100.0,25971924712.0,100.0,35297368983.0
2019-10-04,ZJV0S6T3,ST12000NM0007,12000138625024,0,79.0,76397832.0,98.0,0.0,100.0,2.0,100.0,0.0,84.0,229864345.0,98.0,2282.0,100.0,0.0,100.0,2.0,,,,,100.0,0.0,100.0,0.0,,,81.0,19.0,,,100.0,30.0,100.0,108.0,19.0,19.0,100.0,0.0,100.0,0.0,200.0,0.0,100.0,2272.0,100.0,25984046856.0,100.0,36104159311.0
2019-10-05,ZJV0S6T3,ST12000NM0007,12000138625024,0,81.0,120451840.0,98.0,0.0,100.0,2.0,100.0,0.0,84.0,234553731.0,98.0,2314.0,100.0,0.0,100.0,2.0,,,,,100.0,0.0,100.0,0.0,,,80.0,20.0,,,100.0,30.0,100.0,110.0,20.0,20.0,100.0,0.0,100.0,0.0,200.0,0.0,100.0,2303.0,100.0,25992796544.0,100.0,37604308007.0
2019-10-06,ZJV0S6T3,ST12000NM0007,12000138625024,0,76.0,38902440.0,98.0,0.0,100.0,2.0,100.0,0.0,84.0,236581138.0,98.0,2330.0,100.0,0.0,100.0,2.0,,,,,100.0,0.0,100.0,0.0,,,81.0,19.0,,,100.0,31.0,100.0,111.0,19.0,19.0,100.0,0.0,100.0,0.0,200.0,0.0,100.0,2319.0,100.0,26014712856.0,100.0,38233264391.0
2019-10-07,ZJV0S6T3,ST12000NM0007,12000138625024,0,82.0,175049992.0,98.0,0.0,100.0,2.0,100.0,0.0,84.0,240309465.0,98.0,2361.0,100.0,0.0,100.0,2.0,,,,,100.0,0.0,100.0,0.0,,,81.0,19.0,,,100.0,31.0,100.0,112.0,19.0,19.0,100.0,0.0,100.0,0.0,200.0,0.0,100.0,2350.0,100.0,26112239840.0,100.0,39004307127.0
2019-10-08,ZJV0S6T3,ST12000NM0007,12000138625024,0,73.0,20422840.0,98.0,0.0,100.0,2.0,100.0,0.0,84.0,242398459.0,98.0,2377.0,100.0,0.0,100.0,2.0,,,,,100.0,0.0,100.0,0.0,,,81.0,19.0,,,100.0,32.0,100.0,113.0,19.0,19.0,100.0,0.0,100.0,0.0,200.0,0.0,100.0,2366.0,100.0,26127685656.0,100.0,39566656239.0
2019-10-09,ZJV0S6T3,ST12000NM0007,12000138625024,0,80.0,96976104.0,98.0,0.0,100.0,2.0,100.0,0.0,84.0,246891631.0,98.0,2409.0,100.0,0.0,100.0,2.0,,,,,100.0,0.0,100.0,0.0,,,80.0,20.0,,,100.0,33.0,100.0,114.0,20.0,20.0,100.0,0.0,100.0,0.0,200.0,0.0,100.0,2397.0,100.0,26141611904.0,100.0,40849986879.0
2019-10-10,ZJV0S6T3,ST12000NM0007,12000138625024,0,83.0,200571712.0,98.0,0.0,100.0,2.0,100.0,0.0,84.0,248696090.0,98.0,2425.0,100.0,0.0,100.0,2.0,,,,,100.0,0.0,100.0,0.0,,,81.0,19.0,,,100.0,34.0,100.0,115.0,19.0,19.0,100.0,0.0,100.0,0.0,200.0,0.0,100.0,2413.0,100.0,26149973280.0,100.0,41433502575.0
2019-10-11,ZJV0S6T3,ST12000NM0007,12000138625024,0,81.0,120048176.0,98.0,0.0,100.0,2.0,100.0,0.0,84.0,252413790.0,98.0,2456.0,100.0,0.0,100.0,2.0,,,,,100.0,0.0,100.0,0.0,,,81.0,19.0,,,100.0,34.0,100.0,116.0,19.0,19.0,100.0,0.0,100.0,0.0,200.0,0.0,100.0,2444.0,100.0,26177950992.0,100.0,42545704903.0
2019-10-12,ZJV0S6T3,ST12000NM0007,12000138625024,0,74.0,25774040.0,98.0,0.0,100.0,2.0,100.0,0.0,84.0,254905601.0,98.0,2472.0,100.0,0.0,100.0,2.0,,,,,100.0,0.0,100.0,0.0,,,81.0,19.0,,,100.0,35.0,100.0,117.0,19.0,19.0,100.0,0.0,100.0,0.0,200.0,0.0,100.0,2460.0,100.0,26179851344.0,100.0,43181952519.0
2019-10-13,ZJV0S6T3,ST12000NM0007,12000138625024,0,72.0,17623640.0,98.0,0.0,100.0,2.0,100.0,0.0,84.0,259526474.0,98.0,2504.0,100.0,0.0,100.0,2.0,,,,,100.0,0.0,100.0,0.0,,,81.0,19.0,,,100.0,35.0,100.0,118.0,19.0,19.0,100.0,0.0,100.0,0.0,200.0,0.0,100.0,2491.0,100.0,26183997480.0,100.0,44390359783.0
2019-10-14,ZJV0S6T3,ST12000NM0007,12000138625024,0,82.0,149722224.0,98.0,0.0,100.0,2.0,100.0,0.0,84.0,262382531.0,98.0,2519.0,100.0,0.0,100.0,2.0,,,,,100.0,0.0,100.0,0.0,,,81.0,19.0,,,100.0,36.0,100.0,119.0,19.0,19.0,100.0,0.0,100.0,0.0,200.0,0.0,100.0,2507.0,100.0,26187628880.0,100.0,45007108615.0
2019-10-15,ZJV0S6T3,ST12000NM0007,12000138625024,0,79.0,80364080.0,98.0,0.0,100.0,2.0,100.0,0.0,84.0,271421851.0,98.0,2567.0,100.0,0.0,100.0,2.0,,,,,100.0,0.0,100.0,0.0,,,81.0,19.0,,,100.0,37.0,100.0,121.0,19.0,19.0,100.0,0.0,100.0,0.0,200.0,0.0,100.0,2554.0,100.0,26204612656.0,100.0,46629751703.0
2019-10-16,ZJV0S6T3,ST12000NM0007,12000138625024,0,79.0,80364080.0,98.0,0.0,100.0,2.0,100.0,0.0,84.0,271421851.0,98.0,2567.0,100.0,0.0,100.0,2.0,,,,,100.0,0.0,100.0,0.0,,,81.0,19.0,,,100.0,37.0,100.0,121.0,19.0,19.0,100.0,0.0,100.0,0.0,200.0,0.0,100.0,2554.0,100.0,26204612656.0,100.0,46629751703.0
2019-10-17,ZJV0S6T3,ST12000NM0007,12000138625024,0,84.0,225142680.0,98.0,0.0,100.0,2.0,100.0,0.0,84.0,277093556.0,98.0,2598.0,100.0,0.0,100.0,2.0,,,,,100.0,0.0,100.0,0.0,,,81.0,19.0,,,100.0,37.0,100.0,122.0,19.0,19.0,100.0,0.0,100.0,0.0,200.0,0.0,100.0,2585.0,100.0,26258279720.0,100.0,47453285511.0
2019-10-18,ZJV0S6T3,ST12000NM0007,12000138625024,0,72.0,15067768.0,98.0,0.0,100.0,2.0,100.0,0.0,84.0,279132585.0,98.0,2614.0,100.0,0.0,100.0,2.0,,,,,100.0,0.0,100.0,0.0,,,81.0,19.0,,,100.0,37.0,100.0,123.0,19.0,19.0,100.0,0.0,100.0,0.0,200.0,0.0,100.0,2601.0,100.0,26306332328.0,100.0,47683439847.0
2019-10-19,ZJV0S6T3,ST12000NM0007,12000138625024,0,83.0,219924896.0,98.0,0.0,100.0,2.0,100.0,0.0,84.0,281674927.0,97.0,2646.0,100.0,0.0,100.0,2.0,,,,,100.0,0.0,100.0,0.0,,,82.0,18.0,,,100.0,38.0,100.0,124.0,18.0,18.0,100.0,0.0,100.0,0.0,200.0,0.0,100.0,2632.0,100.0,26424116208.0,100.0,47770513095.0
2019-10-20,ZJV0S6T3,ST12000NM0007,12000138625024,0,80.0,111639512.0,98.0,0.0,100.0,2.0,100.0,0.0,85.0,283854838.0,97.0,2662.0,100.0,0.0,100.0,2.0,,,,,100.0,0.0,100.0,0.0,,,81.0,19.0,,,100.0,38.0,100.0,125.0,19.0,19.0,100.0,0.0,100.0,0.0,200.0,0.0,100.0,2648.0,100.0,26483293712.0,100.0,47847190991.0
2019-10-21,ZJV0S6T3,ST12000NM0007,12000138625024,0,80.0,106298584.0,98.0,0.0,100.0,2.0,100.0,0.0,85.0,286948185.0,97.0,2693.0,100.0,0.0,100.0,2.0,,,,,100.0,0.0,100.0,0.0,,,82.0,18.0,,,100.0,39.0,100.0,126.0,18.0,18.0,100.0,0.0,100.0,0.0,200.0,0.0,100.0,2680.0,100.0,26599452912.0,100.0,47969831551.0
2019-10-22,ZJV0S6T3,ST12000NM0007,12000138625024,0,78.0,67828216.0,98.0,0.0,100.0,2.0,100.0,0.0,85.0,289884210.0,97.0,2725.0,100.0,0.0,100.0,2.0,,,,,100.0,0.0,100.0,0.0,,,82.0,18.0,,,100.0,40.0,100.0,128.0,18.0,18.0,100.0,0.0,100.0,0.0,200.0,0.0,100.0,2711.0,100.0,26696539096.0,100.0,48078415807.0
2019-10-23,ZJV0S6T3,ST12000NM0007,12000138625024,0,82.0,142301008.0,98.0,0.0,100.0,2.0,100.0,0.0,85.0,290821796.0,97.0,2740.0,100.0,0.0,100.0,2.0,,,,,100.0,0.0,100.0,0.0,,,82.0,18.0,,,100.0,40.0,100.0,128.0,18.0,18.0,100.0,0.0,100.0,0.0,200.0,0.0,100.0,2727.0,100.0,26727015096.0,100.0,48122412599.0
2019-10-24,ZJV0S6T3,ST12000NM0007,12000138625024,0,76.0,35671152.0,98.0,0.0,100.0,2.0,100.0,0.0,85.0,292518717.0,97.0,2772.0,100.0,0.0,100.0,2.0,,,,,100.0,0.0,100.0,0.0,,,81.0,19.0,,,100.0,40.0,100.0,130.0,19.0,19.0,100.0,0.0,100.0,0.0,200.0,0.0,100.0,2758.0,100.0,26766795096.0,100.0,48220143655.0
2019-10-25,ZJV0S6T3,ST12000NM0007,12000138625024,0,78.0,58401296.0,98.0,0.0,100.0,2.0,100.0,0.0,85.0,293798266.0,97.0,2788.0,100.0,0.0,100.0,2.0,,,,,100.0,0.0,100.0,0.0,,,81.0,19.0,,,100.0,40.0,100.0,130.0,19.0,19.0,100.0,0.0,100.0,0.0,200.0,0.0,100.0,2774.0,100.0,26793582712.0,100.0,48460226823.0
2019-10-26,ZJV0S6T3,ST12000NM0007,12000138625024,0,81.0,124379416.0,98.0,0.0,100.0,2.0,100.0,0.0,85.0,295709021.0,97.0,2820.0,100.0,0.0,100.0,2.0,,,,,100.0,0.0,100.0,0.0,,,81.0,19.0,,,100.0,40.0,100.0,132.0,19.0,19.0,100.0,0.0,100.0,0.0,200.0,0.0,100.0,2805.0,100.0,26823617680.0,100.0,48740310615.0
2019-10-27,ZJV0S6T3,ST12000NM0007,12000138625024,0,77.0,48243848.0,98.0,0.0,100.0,2.0,100.0,0.0,85.0,297405610.0,97.0,2835.0,100.0,0.0,100.0,2.0,,,,,100.0,0.0,100.0,0.0,,,81.0,19.0,,,100.0,40.0,100.0,132.0,19.0,19.0,100.0,0.0,100.0,0.0,200.0,0.0,100.0,2821.0,100.0,26824638600.0,100.0,49395576551.0
2019-10-28,ZJV0S6T3,ST12000NM0007,12000138625024,0,83.0,206144880.0,98.0,0.0,100.0,2.0,100.0,0.0,85.0,300854127.0,97.0,2867.0,100.0,0.0,100.0,2.0,,,,,100.0,0.0,100.0,0.0,,,82.0,18.0,,,100.0,41.0,100.0,134.0,18.0,18.0,100.0,0.0,100.0,0.0,200.0,0.0,100.0,2853.0,100.0,26831361920.0,100.0,50279176327.0
2019-10-29,ZJV0S6T3,ST12000NM0007,12000138625024,0,66.0,4379560.0,98.0,0.0,100.0,2.0,100.0,0.0,85.0,302906727.0,97.0,2883.0,100.0,0.0,100.0,2.0,,,,,100.0,0.0,100.0,0.0,,,81.0,19.0,,,100.0,41.0,100.0,134.0,19.0,19.0,100.0,0.0,100.0,0.0,200.0,0.0,100.0,2868.0,100.0,26835031752.0,100.0,50806163367.0
2019-10-30,ZJV0S6T3,ST12000NM0007,12000138625024,0,82.0,149812240.0,98.0,0.0,100.0,2.0,100.0,0.0,85.0,307039315.0,97.0,2914.0,100.0,0.0,100.0,2.0,,,,,100.0,0.0,100.0,0.0,,,81.0,19.0,,,100.0,41.0,100.0,136.0,19.0,19.0,100.0,0.0,100.0,0.0,200.0,0.0,100.0,2900.0,100.0,26836642008.0,100.0,51926548679.0
2019-10-31,ZJV0S6T3,ST12000NM0007,12000138625024,0,82.0,156980848.0,98.0,0.0,100.0,2.0,100.0,0.0,85.0,309893390.0,97.0,2930.0,100.0,0.0,100.0,2.0,,,,,100.0,0.0,100.0,0.0,,,82.0,18.0,,,100.0,41.0,100.0,136.0,18.0,18.0,100.0,0.0,100.0,0.0,200.0,0.0,100.0,2915.0,100.0,26840695360.0,100.0,52417945319.0
2019-11-01,ZJV0S6T3,ST12000NM0007,12000138625024,0,77.0,51086848.0,98.0,0.0,100.0,2.0,100.0,0.0,85.0,310914106.0,97.0,2946.0,100.0,0.0,100.0,2.0,,,,,100.0,0.0,100.0,0.0,,,81.0,19.0,,,100.0,41.0,100.0,137.0,19.0,19.0,100.0,0.0,100.0,0.0,200.0,0.0,100.0,2931.0,100.0,26850973416.0,100.0,52545913903.0
2019-11-02,ZJV0S6T3,ST12000NM0007,12000138625024,0,84.0,241823448.0,98.0,0.0,100.0,2.0,100.0,0.0,85.0,312438269.0,97.0,2977.0,100.0,0.0,100.0,2.0,,,,,100.0,0.0,100.0,0.0,,,81.0,19.0,,,100.0,42.0,100.0,138.0,19.0,19.0,100.0,0.0,100.0,0.0,200.0,0.0,100.0,2962.0,100.0,26876326344.0,100.0,52711297575.0
2019-11-03,ZJV0S6T3,ST12000NM0007,12000138625024,0,79.0,85378328.0,98.0,0.0,100.0,2.0,100.0,0.0,85.0,313138589.0,97.0,2993.0,100.0,0.0,100.0,2.0,,,,,100.0,0.0,100.0,0.0,,,81.0,19.0,,,100.0,43.0,100.0,139.0,19.0,19.0,100.0,0.0,100.0,0.0,200.0,0.0,100.0,2978.0,100.0,26890740920.0,100.0,52784578591.0
2019-11-04,ZJV0S6T3,ST12000NM0007,12000138625024,0,83.0,188179720.0,98.0,0.0,100.0,2.0,100.0,0.0,85.0,316870417.0,97.0,3025.0,100.0,0.0,100.0,2.0,,,,,100.0,0.0,100.0,0.0,,,80.0,20.0,,,100.0,44.0,100.0,140.0,20.0,20.0,100.0,0.0,100.0,0.0,200.0,0.0,100.0,3009.0,100.0,26900978512.0,100.0,53853705487.0
2019-11-06,ZJV0S6T3,ST12000NM0007,12000138625024,0,72.0,16761637.0,98.0,0.0,100.0,2.0,100.0,0.0,85.0,324669824.0,97.0,3072.0,100.0,0.0,100.0,2.0,,,,,100.0,0.0,100.0,0.0,,,82.0,18.0,,,100.0,45.0,100.0,143.0,18.0,18.0,100.0,0.0,100.0,0.0,200.0,0.0,100.0,3056.0,100.0,26903938008.0,100.0,55632454132.0
2019-11-07,ZJV0S6T3,ST12000NM0007,12000138625024,0,80.0,109829440.0,98.0,0.0,100.0,2.0,100.0,0.0,85.0,326649770.0,97.0,3104.0,100.0,0.0,100.0,2.0,,,,,100.0,0.0,100.0,0.0,,,82.0,18.0,,,100.0,45.0,100.0,144.0,18.0,18.0,100.0,0.0,100.0,0.0,200.0,0.0,100.0,3087.0,100.0,26929030496.0,100.0,55944570308.0
2019-11-08,ZJV0S6T3,ST12000NM0007,12000138625024,0,83.0,177985840.0,98.0,0.0,100.0,2.0,100.0,0.0,85.0,327351023.0,97.0,3119.0,100.0,0.0,100.0,2.0,,,,,100.0,0.0,100.0,0.0,,,81.0,19.0,,,100.0,46.0,100.0,145.0,19.0,19.0,100.0,0.0,100.0,0.0,200.0,0.0,100.0,3103.0,100.0,26940971296.0,100.0,56000785908.0
2019-11-09,ZJV0S6T3,ST12000NM0007,12000138625024,0,83.0,178556984.0,98.0,0.0,100.0,2.0,100.0,0.0,85.0,328864748.0,97.0,3151.0,100.0,0.0,100.0,2.0,,,,,100.0,0.0,100.0,0.0,,,82.0,18.0,,,100.0,47.0,100.0,146.0,18.0,18.0,100.0,0.0,100.0,0.0,200.0,0.0,100.0,3135.0,100.0,26970057000.0,100.0,56216419252.0
2019-11-10,ZJV0S6T3,ST12000NM0007,12000138625024,0,78.0,65368832.0,98.0,0.0,100.0,2.0,100.0,0.0,85.0,329647617.0,97.0,3167.0,100.0,0.0,100.0,2.0,,,,,100.0,0.0,100.0,0.0,,,82.0,18.0,,,100.0,47.0,100.0,146.0,18.0,18.0,100.0,0.0,100.0,0.0,200.0,0.0,100.0,3150.0,100.0,26984949960.0,100.0,56332478780.0
2019-11-11,ZJV0S6T3,ST12000NM0007,12000138625024,0,81.0,115956024.0,96.0,0.0,100.0,3.0,100.0,0.0,85.0,331753905.0,97.0,3199.0,100.0,0.0,100.0,3.0,,,,,100.0,0.0,100.0,0.0,,,82.0,18.0,,,100.0,48.0,100.0,151.0,18.0,18.0,100.0,0.0,100.0,0.0,200.0,0.0,100.0,3182.0,100.0,27008632016.0,100.0,56603524660.0
2019-11-12,ZJV0S6T3,ST12000NM0007,12000138625024,0,72.0,16925904.0,96.0,0.0,100.0,3.0,100.0,0.0,85.0,332579407.0,97.0,3215.0,100.0,0.0,100.0,3.0,,,,,100.0,0.0,100.0,0.0,,,82.0,18.0,,,100.0,48.0,100.0,151.0,18.0,18.0,100.0,0.0,100.0,0.0,200.0,0.0,100.0,3198.0,100.0,27024356632.0,100.0,56732911252.0
2019-11-13,ZJV0S6T3,ST12000NM0007,12000138625024,0,79.0,83450120.0,96.0,0.0,100.0,3.0,100.0,0.0,85.0,334315943.0,97.0,3246.0,100.0,0.0,100.0,3.0,,,,,100.0,0.0,100.0,0.0,,,81.0,19.0,,,100.0,49.0,100.0,154.0,19.0,19.0,100.0,0.0,100.0,0.0,200.0,0.0,100.0,3228.0,100.0,27063750800.0,100.0,57004186940.0
2019-11-14,ZJV0S6T3,ST12000NM0007,12000138625024,0,73.0,18322384.0,96.0,0.0,100.0,3.0,100.0,0.0,85.0,335230466.0,97.0,3262.0,100.0,0.0,100.0,3.0,,,,,100.0,0.0,100.0,0.0,,,81.0,19.0,,,100.0,49.0,100.0,154.0,19.0,19.0,100.0,0.0,100.0,0.0,200.0,0.0,100.0,3244.0,100.0,27076800592.0,100.0,57170150132.0
2019-11-15,ZJV0S6T3,ST12000NM0007,12000138625024,0,78.0,70410664.0,95.0,0.0,100.0,4.0,100.0,0.0,85.0,336941326.0,97.0,3293.0,100.0,0.0,100.0,4.0,,,,,100.0,0.0,100.0,0.0,,,82.0,18.0,,,100.0,50.0,100.0,158.0,18.0,18.0,100.0,0.0,100.0,0.0,200.0,0.0,100.0,3275.0,100.0,27098907048.0,100.0,57444272708.0
2019-11-16,ZJV0S6T3,ST12000NM0007,12000138625024,0,83.0,186108600.0,95.0,0.0,100.0,4.0,100.0,0.0,85.0,337740904.0,97.0,3309.0,100.0,0.0,100.0,4.0,,,,,100.0,0.0,100.0,0.0,,,81.0,19.0,,,100.0,50.0,100.0,158.0,19.0,19.0,100.0,0.0,100.0,0.0,200.0,0.0,100.0,3291.0,100.0,27112470448.0,100.0,57546407244.0
2019-11-17,ZJV0S6T3,ST12000NM0007,12000138625024,0,84.0,241551136.0,95.0,0.0,100.0,4.0,100.0,0.0,85.0,339459101.0,97.0,3341.0,100.0,0.0,100.0,4.0,,,,,100.0,0.0,100.0,0.0,,,79.0,21.0,,,100.0,51.0,100.0,160.0,21.0,21.0,100.0,0.0,100.0,0.0,200.0,0.0,100.0,3323.0,100.0,27138243992.0,100.0,57820217084.0
2019-11-18,ZJV0S6T3,ST12000NM0007,12000138625024,0,81.0,123355624.0,95.0,0.0,100.0,4.0,100.0,0.0,85.0,340318990.0,97.0,3356.0,100.0,0.0,100.0,4.0,,,,,100.0,0.0,100.0,0.0,,,81.0,19.0,,,100.0,51.0,100.0,160.0,19.0,19.0,100.0,0.0,100.0,0.0,200.0,0.0,100.0,3338.0,100.0,27153529600.0,100.0,57930876692.0
2019-11-19,ZJV0S6T3,ST12000NM0007,12000138625024,0,83.0,217511680.0,95.0,0.0,100.0,4.0,100.0,0.0,85.0,342676951.0,97.0,3388.0,100.0,0.0,100.0,4.0,,,,,100.0,0.0,100.0,0.0,,,81.0,19.0,,,100.0,52.0,100.0,162.0,19.0,19.0,100.0,0.0,100.0,0.0,200.0,0.0,100.0,3370.0,100.0,27201096440.0,100.0,58221606556.0
2019-11-20,ZJV0S6T3,ST12000NM0007,12000138625024,0,79.0,86558056.0,95.0,0.0,100.0,4.0,100.0,0.0,85.0,343452575.0,97.0,3404.0,100.0,0.0,100.0,4.0,,,,,100.0,0.0,100.0,0.0,,,81.0,19.0,,,100.0,52.0,100.0,162.0,19.0,19.0,100.0,0.0,100.0,0.0,200.0,0.0,100.0,3386.0,100.0,27213161056.0,100.0,58322729068.0
2019-11-21,ZJV0S6T3,ST12000NM0007,12000138625024,0,80.0,111931064.0,95.0,0.0,100.0,4.0,100.0,0.0,85.0,344992536.0,97.0,3436.0,100.0,0.0,100.0,4.0,,,,,100.0,0.0,100.0,0.0,,,81.0,19.0,,,100.0,54.0,100.0,164.0,19.0,19.0,100.0,0.0,100.0,0.0,200.0,0.0,100.0,3417.0,100.0,27235910080.0,100.0,58569493684.0
2019-11-22,ZJV0S6T3,ST12000NM0007,12000138625024,0,84.0,229995632.0,95.0,0.0,100.0,4.0,100.0,0.0,85.0,345620885.0,97.0,3451.0,100.0,0.0,100.0,4.0,,,,,100.0,0.0,100.0,0.0,,,82.0,18.0,,,100.0,54.0,100.0,164.0,18.0,18.0,100.0,0.0,100.0,0.0,200.0,0.0,100.0,3433.0,100.0,27252960968.0,100.0,58670507364.0
2019-11-23,ZJV0S6T3,ST12000NM0007,12000138625024,0,83.0,211776352.0,95.0,0.0,100.0,4.0,100.0,0.0,85.0,346672637.0,97.0,3483.0,100.0,0.0,100.0,4.0,,,,,100.0,0.0,100.0,0.0,,,81.0,19.0,,,100.0,54.0,100.0,165.0,19.0,19.0,100.0,0.0,100.0,0.0,200.0,0.0,100.0,3465.0,100.0,27269323392.0,100.0,58880067460.0
2019-11-24,ZJV0S6T3,ST12000NM0007,12000138625024,0,77.0,54643208.0,95.0,0.0,100.0,4.0,100.0,0.0,85.0,347137275.0,97.0,3499.0,100.0,0.0,100.0,4.0,,,,,100.0,0.0,100.0,0.0,,,81.0,19.0,,,100.0,55.0,100.0,166.0,19.0,19.0,100.0,0.0,100.0,0.0,200.0,0.0,100.0,3480.0,100.0,27269744832.0,100.0,58966653524.0
2019-11-25,ZJV0S6T3,ST12000NM0007,12000138625024,0,78.0,64276800.0,95.0,0.0,100.0,4.0,100.0,0.0,85.0,348411612.0,96.0,3531.0,100.0,0.0,100.0,4.0,,,,,100.0,0.0,100.0,0.0,,,81.0,19.0,,,100.0,56.0,100.0,167.0,19.0,19.0,100.0,0.0,100.0,0.0,200.0,0.0,100.0,3512.0,100.0,27270337024.0,100.0,59219835716.0
2019-11-26,ZJV0S6T3,ST12000NM0007,12000138625024,0,82.0,175997088.0,95.0,0.0,100.0,4.0,100.0,0.0,85.0,349282613.0,96.0,3546.0,100.0,0.0,100.0,4.0,,,,,100.0,0.0,100.0,0.0,,,80.0,20.0,,,100.0,57.0,100.0,168.0,20.0,20.0,100.0,0.0,100.0,0.0,200.0,0.0,100.0,3528.0,100.0,27270663320.0,100.0,59331229708.0
2019-11-27,ZJV0S6T3,ST12000NM0007,12000138625024,0,83.0,180466848.0,95.0,0.0,100.0,4.0,100.0,0.0,85.0,350324457.0,96.0,3578.0,100.0,0.0,100.0,4.0,,,,,100.0,0.0,100.0,0.0,,,81.0,19.0,,,100.0,59.0,100.0,170.0,19.0,19.0,100.0,0.0,100.0,0.0,200.0,0.0,100.0,3559.0,100.0,27274822392.0,100.0,59575681196.0
2019-11-28,ZJV0S6T3,ST12000NM0007,12000138625024,0,82.0,171855088.0,95.0,0.0,100.0,4.0,100.0,0.0,85.0,351308210.0,96.0,3610.0,100.0,0.0,100.0,4.0,,,,,100.0,0.0,100.0,0.0,,,81.0,19.0,,,100.0,60.0,100.0,172.0,19.0,19.0,100.0,0.0,100.0,0.0,200.0,0.0,100.0,3591.0,100.0,27275344664.0,100.0,59810687940.0
2019-11-29,ZJV0S6T3,ST12000NM0007,12000138625024,0,79.0,83591288.0,95.0,0.0,100.0,4.0,100.0,0.0,85.0,351912295.0,96.0,3626.0,100.0,0.0,100.0,4.0,,,,,100.0,0.0,100.0,0.0,,,81.0,19.0,,,100.0,60.0,100.0,172.0,19.0,19.0,100.0,0.0,100.0,0.0,200.0,0.0,100.0,3607.0,100.0,27275620360.0,100.0,59966289276.0
2019-11-30,ZJV0S6T3,ST12000NM0007,12000138625024,0,80.0,106387208.0,95.0,0.0,100.0,4.0,100.0,0.0,85.0,352917233.0,96.0,3658.0,100.0,0.0,100.0,4.0,,,,,100.0,0.0,100.0,0.0,,,81.0,19.0,,,100.0,62.0,100.0,174.0,19.0,19.0,100.0,0.0,100.0,0.0,200.0,0.0,100.0,3638.0,100.0,27276165160.0,100.0,60232681204.0
2019-12-01,ZJV0S6T3,ST12000NM0007,12000138625024,0,76.0,42281248.0,95.0,0.0,100.0,4.0,100.0,0.0,85.0,353537069.0,96.0,3673.0,100.0,0.0,100.0,4.0,,,,,100.0,0.0,100.0,0.0,,,81.0,19.0,,,100.0,62.0,100.0,174.0,19.0,19.0,100.0,0.0,100.0,0.0,200.0,0.0,100.0,3654.0,100.0,27276440328.0,100.0,60412440884.0
2019-12-02,ZJV0S6T3,ST12000NM0007,12000138625024,0,77.0,52968032.0,95.0,0.0,100.0,4.0,100.0,0.0,86.0,355055443.0,96.0,3705.0,100.0,0.0,100.0,4.0,,,,,100.0,0.0,100.0,0.0,,,81.0,19.0,,,100.0,62.0,100.0,176.0,19.0,19.0,100.0,0.0,100.0,0.0,200.0,0.0,100.0,3686.0,100.0,27276983784.0,100.0,60666724844.0
2019-12-03,ZJV0S6T3,ST12000NM0007,12000138625024,0,80.0,110623456.0,95.0,0.0,100.0,4.0,100.0,0.0,86.0,355426993.0,96.0,3721.0,100.0,0.0,100.0,4.0,,,,,100.0,0.0,100.0,0.0,,,81.0,19.0,,,100.0,62.0,100.0,176.0,19.0,19.0,100.0,0.0,100.0,0.0,200.0,0.0,100.0,3702.0,100.0,27277254048.0,100.0,60724110004.0
2019-12-04,ZJV0S6T3,ST12000NM0007,12000138625024,0,76.0,40406944.0,95.0,0.0,100.0,4.0,100.0,0.0,86.0,356306011.0,96.0,3753.0,100.0,0.0,100.0,4.0,,,,,100.0,0.0,100.0,0.0,,,81.0,19.0,,,100.0,64.0,100.0,179.0,19.0,19.0,100.0,0.0,100.0,0.0,200.0,0.0,100.0,3733.0,100.0,27277756280.0,100.0,60897532124.0
2019-12-05,ZJV0S6T3,ST12000NM0007,12000138625024,0,82.0,149425648.0,95.0,0.0,100.0,4.0,100.0,0.0,86.0,356810494.0,96.0,3768.0,100.0,0.0,100.0,4.0,,,,,100.0,0.0,100.0,0.0,,,81.0,19.0,,,100.0,64.0,100.0,179.0,19.0,19.0,100.0,0.0,100.0,0.0,200.0,0.0,100.0,3749.0,100.0,27278023968.0,100.0,61006283140.0
2019-12-06,ZJV0S6T3,ST12000NM0007,12000138625024,0,83.0,211476688.0,95.0,0.0,100.0,4.0,100.0,0.0,86.0,358179977.0,96.0,3800.0,100.0,0.0,100.0,4.0,,,,,100.0,0.0,100.0,0.0,,,81.0,19.0,,,100.0,66.0,100.0,181.0,19.0,19.0,100.0,0.0,100.0,0.0,200.0,0.0,100.0,3780.0,100.0,27278566264.0,100.0,61311932700.0
2019-12-07,ZJV0S6T3,ST12000NM0007,12000138625024,0,77.0,55727848.0,95.0,0.0,100.0,4.0,100.0,0.0,86.0,358641111.0,96.0,3816.0,100.0,0.0,100.0,4.0,,,,,100.0,0.0,100.0,0.0,,,81.0,19.0,,,100.0,66.0,100.0,181.0,19.0,19.0,100.0,0.0,100.0,0.0,200.0,0.0,100.0,3796.0,100.0,27278833488.0,100.0,61400057652.0
2019-12-08,ZJV0S6T3,ST12000NM0007,12000138625024,0,78.0,70626256.0,95.0,0.0,100.0,4.0,100.0,0.0,86.0,359983076.0,96.0,3847.0,100.0,0.0,100.0,4.0,,,,,100.0,0.0,100.0,0.0,,,81.0,19.0,,,100.0,68.0,100.0,183.0,19.0,19.0,100.0,0.0,100.0,0.0,200.0,0.0,100.0,3827.0,100.0,27279385152.0,100.0,61658545028.0
2019-12-09,ZJV0S6T3,ST12000NM0007,12000138625024,0,83.0,180833528.0,95.0,0.0,100.0,4.0,100.0,0.0,86.0,360543235.0,96.0,3863.0,100.0,0.0,100.0,4.0,,,,,100.0,0.0,100.0,0.0,,,81.0,19.0,,,100.0,68.0,100.0,183.0,19.0,19.0,100.0,0.0,100.0,0.0,200.0,0.0,100.0,3843.0,100.0,27279657496.0,100.0,61768479956.0
2019-12-10,ZJV0S6T3,ST12000NM0007,12000138625024,0,83.0,188103328.0,95.0,0.0,100.0,4.0,100.0,0.0,86.0,362135696.0,96.0,3895.0,100.0,0.0,100.0,4.0,,,,,100.0,0.0,100.0,0.0,,,81.0,19.0,,,100.0,69.0,100.0,185.0,19.0,19.0,100.0,0.0,100.0,0.0,200.0,0.0,100.0,3875.0,100.0,27280199832.0,100.0,62019348052.0
2019-12-11,ZJV0S6T3,ST12000NM0007,12000138625024,0,83.0,191267056.0,95.0,0.0,100.0,4.0,100.0,0.0,86.0,363223350.0,96.0,3926.0,100.0,0.0,100.0,4.0,,,,,100.0,0.0,100.0,0.0,,,81.0,19.0,,,100.0,70.0,100.0,187.0,19.0,19.0,100.0,0.0,100.0,0.0,200.0,0.0,100.0,3906.0,100.0,27280695776.0,100.0,62266156684.0
2019-12-12,ZJV0S6T3,ST12000NM0007,12000138625024,0,76.0,36921488.0,95.0,0.0,100.0,4.0,100.0,0.0,86.0,363658582.0,96.0,3942.0,100.0,0.0,100.0,4.0,,,,,100.0,0.0,100.0,0.0,,,80.0,20.0,,,100.0,71.0,100.0,188.0,20.0,20.0,100.0,0.0,100.0,0.0,200.0,0.0,100.0,3922.0,100.0,27280964208.0,100.0,62355683372.0
2019-12-13,ZJV0S6T3,ST12000NM0007,12000138625024,0,73.0,22281704.0,95.0,0.0,100.0,4.0,100.0,0.0,86.0,364692553.0,96.0,3974.0,100.0,0.0,100.0,4.0,,,,,100.0,0.0,100.0,0.0,,,81.0,19.0,,,100.0,72.0,100.0,189.0,19.0,19.0,100.0,0.0,100.0,0.0,200.0,0.0,100.0,3953.0,100.0,27281584024.0,100.0,62584564668.0
2019-12-14,ZJV0S6T3,ST12000NM0007,12000138625024,0,82.0,171030504.0,95.0,0.0,100.0,4.0,100.0,0.0,86.0,365396550.0,96.0,3990.0,100.0,0.0,100.0,4.0,,,,,100.0,0.0,100.0,0.0,,,81.0,19.0,,,100.0,73.0,100.0,190.0,19.0,19.0,100.0,0.0,100.0,0.0,200.0,0.0,100.0,3969.0,100.0,27284466208.0,100.0,62730431284.0
2019-12-15,ZJV0S6T3,ST12000NM0007,12000138625024,0,82.0,154132672.0,95.0,0.0,100.0,4.0,100.0,0.0,86.0,366404848.0,96.0,4021.0,100.0,0.0,100.0,4.0,,,,,100.0,0.0,100.0,0.0,,,82.0,18.0,,,100.0,74.0,100.0,191.0,18.0,18.0,100.0,0.0,100.0,0.0,200.0,0.0,100.0,4001.0,100.0,27285007768.0,100.0,62957132956.0
2019-12-16,ZJV0S6T3,ST12000NM0007,12000138625024,0,77.0,51689152.0,95.0,0.0,100.0,4.0,100.0,0.0,86.0,367433343.0,96.0,4037.0,100.0,0.0,100.0,4.0,,,,,100.0,0.0,100.0,0.0,,,81.0,19.0,,,100.0,75.0,100.0,192.0,19.0,19.0,100.0,0.0,100.0,0.0,200.0,0.0,100.0,4016.0,100.0,27285270560.0,100.0,63098567468.0
2019-12-17,ZJV0S6T3,ST12000NM0007,12000138625024,0,75.0,30118560.0,95.0,0.0,100.0,4.0,100.0,0.0,86.0,368370229.0,96.0,4069.0,100.0,0.0,100.0,4.0,,,,,100.0,0.0,100.0,0.0,,,81.0,19.0,,,100.0,75.0,100.0,193.0,19.0,19.0,100.0,0.0,100.0,0.0,200.0,0.0,100.0,4048.0,100.0,27285816016.0,100.0,63320592236.0
2019-12-18,ZJV0S6T3,ST12000NM0007,12000138625024,0,82.0,171107392.0,95.0,0.0,100.0,4.0,100.0,0.0,86.0,369005779.0,96.0,4085.0,100.0,0.0,100.0,4.0,,,,,100.0,0.0,100.0,0.0,,,80.0,20.0,,,100.0,76.0,100.0,194.0,20.0,20.0,100.0,0.0,100.0,0.0,200.0,0.0,100.0,4064.0,100.0,27286072120.0,100.0,63461324964.0
2019-12-19,ZJV0S6T3,ST12000NM0007,12000138625024,0,74.0,26682800.0,95.0,0.0,100.0,4.0,100.0,0.0,86.0,369549113.0,96.0,4101.0,100.0,0.0,100.0,4.0,,,,,100.0,0.0,100.0,0.0,,,80.0,20.0,,,100.0,76.0,100.0,195.0,20.0,20.0,100.0,0.0,100.0,0.0,200.0,0.0,100.0,4079.0,100.0,27286292096.0,100.0,63560821060.0
2019-12-20,ZJV0S6T3,ST12000NM0007,12000138625024,0,81.0,135987285.0,95.0,0.0,100.0,4.0,100.0,0.0,86.0,370168155.0,96.0,4132.0,100.0,0.0,100.0,4.0,,,,,100.0,0.0,100.0,0.0,,,81.0,19.0,,,100.0,77.0,100.0,197.0,19.0,19.0,100.0,0.0,100.0,0.0,200.0,0.0,100.0,4111.0,100.0,27287255784.0,100.0,63669161857.0
2019-12-21,ZJV0S6T3,ST12000NM0007,12000138625024,0,75.0,29838592.0,95.0,0.0,100.0,4.0,100.0,0.0,86.0,370700817.0,96.0,4148.0,100.0,0.0,100.0,4.0,,,,,100.0,0.0,100.0,0.0,,,81.0,19.0,,,100.0,77.0,100.0,197.0,19.0,19.0,100.0,0.0,100.0,0.0,200.0,0.0,100.0,4127.0,100.0,27287508792.0,100.0,63806900889.0
2019-12-22,ZJV0S6T3,ST12000NM0007,12000138625024,0,68.0,6385344.0,95.0,0.0,100.0,4.0,100.0,0.0,86.0,371673842.0,96.0,4180.0,100.0,0.0,100.0,4.0,,,,,100.0,0.0,100.0,0.0,,,81.0,19.0,,,100.0,79.0,100.0,199.0,19.0,19.0,100.0,0.0,100.0,0.0,200.0,0.0,100.0,4158.0,100.0,27288711384.0,100.0,64026385697.0
2019-12-23,ZJV0S6T3,ST12000NM0007,12000138625024,0,79.0,84234232.0,95.0,0.0,100.0,4.0,100.0,0.0,86.0,372035175.0,96.0,4195.0,100.0,0.0,100.0,4.0,,,,,100.0,0.0,100.0,0.0,,,81.0,19.0,,,100.0,79.0,100.0,199.0,19.0,19.0,100.0,0.0,100.0,0.0,200.0,0.0,100.0,4174.0,100.0,27289116752.0,100.0,64103829217.0
2019-12-24,ZJV0S6T3,ST12000NM0007,12000138625024,0,80.0,89968576.0,95.0,0.0,100.0,4.0,100.0,0.0,86.0,373021801.0,96.0,4227.0,100.0,0.0,100.0,4.0,,,,,100.0,0.0,100.0,0.0,,,81.0,19.0,,,100.0,81.0,100.0,201.0,19.0,19.0,100.0,0.0,100.0,0.0,200.0,0.0,100.0,4205.0,100.0,27290114872.0,100.0,64352706169.0
2019-12-25,ZJV0S6T3,ST12000NM0007,12000138625024,0,83.0,214114552.0,95.0,0.0,100.0,4.0,100.0,0.0,86.0,373502343.0,96.0,4243.0,100.0,0.0,100.0,4.0,,,,,100.0,0.0,100.0,0.0,,,81.0,19.0,,,100.0,81.0,100.0,201.0,19.0,19.0,100.0,0.0,100.0,0.0,200.0,0.0,100.0,4221.0,100.0,27290354776.0,100.0,64476612241.0
2019-12-26,ZJV0S6T3,ST12000NM0007,12000138625024,0,82.0,166500496.0,95.0,0.0,100.0,4.0,100.0,0.0,86.0,374244853.0,96.0,4275.0,100.0,0.0,100.0,4.0,,,,,100.0,0.0,100.0,0.0,,,80.0,20.0,,,100.0,83.0,100.0,203.0,20.0,20.0,100.0,0.0,100.0,0.0,200.0,0.0,100.0,4252.0,100.0,27290838632.0,100.0,64672655433.0
2019-12-27,ZJV0S6T3,ST12000NM0007,12000138625024,0,82.0,158894117.0,95.0,0.0,100.0,4.0,100.0,0.0,86.0,375205240.0,96.0,4306.0,100.0,0.0,100.0,4.0,,,,,100.0,0.0,100.0,0.0,,,80.0,20.0,,,100.0,84.0,100.0,205.0,20.0,20.0,100.0,0.0,100.0,0.0,200.0,0.0,100.0,4283.0,100.0,27291395544.0,100.0,64908632886.0
2019-12-28,ZJV0S6T3,ST12000NM0007,12000138625024,0,84.0,230659165.0,95.0,0.0,100.0,4.0,100.0,0.0,86.0,375521687.0,96.0,4322.0,100.0,0.0,100.0,4.0,,,,,100.0,0.0,100.0,0.0,,,80.0,20.0,,,100.0,84.0,100.0,206.0,20.0,20.0,100.0,0.0,100.0,0.0,200.0,0.0,100.0,4299.0,100.0,27291642600.0,100.0,64980150878.0
2019-12-29,ZJV0S6T3,ST12000NM0007,12000138625024,0,74.0,22871048.0,95.0,0.0,100.0,4.0,100.0,0.0,86.0,376945385.0,96.0,4354.0,100.0,0.0,100.0,4.0,,,,,100.0,0.0,100.0,0.0,,,80.0,20.0,,,100.0,84.0,100.0,207.0,20.0,20.0,100.0,0.0,100.0,0.0,200.0,0.0,100.0,4330.0,100.0,27292123456.0,100.0,65260163502.0
2019-12-30,ZJV0S6T3,ST12000NM0007,12000138625024,0,81.0,140959064.0,95.0,0.0,100.0,4.0,100.0,0.0,86.0,377544856.0,96.0,4369.0,100.0,0.0,100.0,4.0,,,,,100.0,0.0,100.0,0.0,,,80.0,20.0,,,100.0,85.0,100.0,208.0,20.0,20.0,100.0,0.0,100.0,0.0,200.0,0.0,100.0,4346.0,100.0,27292354640.0,100.0,65378020334.0
2019-12-31,ZJV0S6T3,ST12000NM0007,12000138625024,0,80.0,97860728.0,95.0,0.0,100.0,4.0,100.0,0.0,86.0,378587507.0,95.0,4401.0,100.0,0.0,100.0,4.0,,,,,100.0,0.0,100.0,0.0,,,80.0,20.0,,,100.0,86.0,100.0,209.0,20.0,20.0,100.0,0.0,100.0,0.0,200.0,0.0,100.0,4377.0,100.0,27292834064.0,100.0,65578583206.0
